Seaweed,Sample_code,Site,Location,Station_no,Date,Day,Month,Year,sample_type,Total_reads,Species,Kingdom,Phylum,Class,Order,Family,Genus,Species_full,Abundance,group_precise
Alaria,Pabay_10_4_22_3,Pabay,Mid,3,10_4_2022,10,4,2022,reads,93132,Balanus crenatus,Animalia,Arthropoda,Hexanauplia,Balanomorpha,Balanidae,Balanus,Balanus crenatus,0.132070609,Balanidae
Alaria,Pabay_10_4_22_3,Pabay,Mid,3,10_4_2022,10,4,2022,reads,93132,Balanus balanus,Animalia,Arthropoda,Hexanauplia,Balanomorpha,Balanidae,Balanus,Balanus balanus,0.12777563,Balanidae
Alaria,Pabay_10_4_22_3,Pabay,Mid,3,10_4_2022,10,4,2022,reads,93132,Balanus crenatus.1,Animalia,Arthropoda,Hexanauplia,Balanomorpha,Balanidae,Balanus,Balanus crenatus,0.111669458,Balanidae
Saccharina,Pabay_10_4_22_3,Pabay,Mid,3,10_4_2022,10,4,2022,reads,93132,Balanus crenatus,Animalia,Arthropoda,Hexanauplia,Balanomorpha,Balanidae,Balanus,Balanus crenatus,0.132070609,Balanidae
Saccharina,Pabay_10_4_22_3,Pabay,Mid,3,10_4_2022,10,4,2022,reads,93132,Balanus balanus,Animalia,Arthropoda,Hexanauplia,Balanomorpha,Balanidae,Balanus,Balanus balanus,0.12777563,Balanidae
Saccharina,Pabay_10_4_22_3,Pabay,Mid,3,10_4_2022,10,4,2022,reads,93132,Balanus crenatus.1,Animalia,Arthropoda,Hexanauplia,Balanomorpha,Balanidae,Balanus,Balanus crenatus,0.111669458,Balanidae
Alaria,Pabay_8_3_22_1,Pabay,NE,1,8_3_2022,8,3,2022,reads,18127.5,Semibalanus balanoides,Animalia,Arthropoda,Hexanauplia,Balanomorpha,Balanidae,Semibalanus,Semibalanus balanoides,1.677010068,Balanidae
Saccharina,Pabay_8_3_22_1,Pabay,NE,1,8_3_2022,8,3,2022,reads,18127.5,Semibalanus balanoides,Animalia,Arthropoda,Hexanauplia,Balanomorpha,Balanidae,Semibalanus,Semibalanus balanoides,1.677010068,Balanidae
Alaria,Pabay_8_3_22_2,Pabay,NW,2,8_3_2022,8,3,2022,reads,12718,Semibalanus balanoides.5,Animalia,Arthropoda,Hexanauplia,Balanomorpha,Balanidae,Semibalanus,Semibalanus balanoides,0.086491587,Balanidae
Saccharina,Pabay_8_3_22_2,Pabay,NW,2,8_3_2022,8,3,2022,reads,12718,Semibalanus balanoides.5,Animalia,Arthropoda,Hexanauplia,Balanomorpha,Balanidae,Semibalanus,Semibalanus balanoides,0.086491587,Balanidae
Alaria,Pabay_8_3_22_3,Pabay,Mid,3,8_3_2022,8,3,2022,reads,27323,Semibalanus balanoides,Animalia,Arthropoda,Hexanauplia,Balanomorpha,Balanidae,Semibalanus,Semibalanus balanoides,11.3622223,Balanidae
Alaria,Pabay_8_3_22_3,Pabay,Mid,3,8_3_2022,8,3,2022,reads,27323,Semibalanus balanoides.1,Animalia,Arthropoda,Hexanauplia,Balanomorpha,Balanidae,Semibalanus,Semibalanus balanoides,0.064048604,Balanidae
Alaria,Pabay_8_3_22_3,Pabay,Mid,3,8_3_2022,8,3,2022,reads,27323,Semibalanus balanoides.2,Animalia,Arthropoda,Hexanauplia,Balanomorpha,Balanidae,Semibalanus,Semibalanus balanoides,0.058558723,Balanidae
Alaria,Pabay_8_3_22_3,Pabay,Mid,3,8_3_2022,8,3,2022,reads,27323,Semibalanus balanoides.3,Animalia,Arthropoda,Hexanauplia,Balanomorpha,Balanidae,Semibalanus,Semibalanus balanoides,0.053068843,Balanidae
Alaria,Pabay_8_3_22_3,Pabay,Mid,3,8_3_2022,8,3,2022,reads,27323,Semibalanus balanoides.4,Animalia,Arthropoda,Hexanauplia,Balanomorpha,Balanidae,Semibalanus,Semibalanus balanoides,0.053068843,Balanidae
Alaria,Pabay_8_3_22_3,Pabay,Mid,3,8_3_2022,8,3,2022,reads,27323,Semibalanus balanoides.6,Animalia,Arthropoda,Hexanauplia,Balanomorpha,Balanidae,Semibalanus,Semibalanus balanoides,0.036599202,Balanidae
Alaria,Pabay_8_3_22_3,Pabay,Mid,3,8_3_2022,8,3,2022,reads,27323,Semibalanus balanoides.7,Animalia,Arthropoda,Hexanauplia,Balanomorpha,Balanidae,Semibalanus,Semibalanus balanoides,0.034769242,Balanidae
Alaria,Pabay_8_3_22_3,Pabay,Mid,3,8_3_2022,8,3,2022,reads,27323,Semibalanus balanoides.8,Animalia,Arthropoda,Hexanauplia,Balanomorpha,Balanidae,Semibalanus,Semibalanus balanoides,0.032939282,Balanidae
Alaria,Pabay_8_3_22_3,Pabay,Mid,3,8_3_2022,8,3,2022,reads,27323,Semibalanus balanoides.9,Animalia,Arthropoda,Hexanauplia,Balanomorpha,Balanidae,Semibalanus,Semibalanus balanoides,0.032939282,Balanidae
Alaria,Pabay_8_3_22_3,Pabay,Mid,3,8_3_2022,8,3,2022,reads,27323,Semibalanus balanoides.10,Animalia,Arthropoda,Hexanauplia,Balanomorpha,Balanidae,Semibalanus,Semibalanus balanoides,0.032939282,Balanidae
Alaria,Pabay_8_3_22_3,Pabay,Mid,3,8_3_2022,8,3,2022,reads,27323,Semibalanus balanoides.11,Animalia,Arthropoda,Hexanauplia,Balanomorpha,Balanidae,Semibalanus,Semibalanus balanoides,0.025619441,Balanidae
Alaria,Pabay_8_3_22_3,Pabay,Mid,3,8_3_2022,8,3,2022,reads,27323,Semibalanus balanoides.12,Animalia,Arthropoda,Hexanauplia,Balanomorpha,Balanidae,Semibalanus,Semibalanus balanoides,0.023789481,Balanidae
Alaria,Pabay_8_3_22_3,Pabay,Mid,3,8_3_2022,8,3,2022,reads,27323,Semibalanus balanoides.13,Animalia,Arthropoda,Hexanauplia,Balanomorpha,Balanidae,Semibalanus,Semibalanus balanoides,0.021959521,Balanidae
Alaria,Pabay_8_3_22_3,Pabay,Mid,3,8_3_2022,8,3,2022,reads,27323,Semibalanus balanoides.14,Animalia,Arthropoda,Hexanauplia,Balanomorpha,Balanidae,Semibalanus,Semibalanus balanoides,0.018299601,Balanidae
Alaria,Pabay_8_3_22_3,Pabay,Mid,3,8_3_2022,8,3,2022,reads,27323,Balanus crenatus.2,Animalia,Arthropoda,Hexanauplia,Balanomorpha,Balanidae,Balanus,Balanus crenatus,0.016469641,Balanidae
Alaria,Pabay_8_3_22_3,Pabay,Mid,3,8_3_2022,8,3,2022,reads,27323,Semibalanus balanoides.15,Animalia,Arthropoda,Hexanauplia,Balanomorpha,Balanidae,Semibalanus,Semibalanus balanoides,0.00731984,Balanidae
Alaria,Pabay_8_3_22_3,Pabay,Mid,3,8_3_2022,8,3,2022,reads,27323,Semibalanus balanoides.16,Animalia,Arthropoda,Hexanauplia,Balanomorpha,Balanidae,Semibalanus,Semibalanus balanoides,0.00365992,Balanidae
Alaria,Pabay_8_3_22_3,Pabay,Mid,3,8_3_2022,8,3,2022,reads,27323,Semibalanus balanoides.17,Animalia,Arthropoda,Hexanauplia,Balanomorpha,Balanidae,Semibalanus,Semibalanus balanoides,0.00182996,Balanidae
Alaria,Pabay_8_3_22_3,Pabay,Mid,3,8_3_2022,8,3,2022,reads,27323,Semibalanus balanoides.18,Animalia,Arthropoda,Hexanauplia,Balanomorpha,Balanidae,Semibalanus,Semibalanus balanoides,0.00182996,Balanidae
Alaria,Pabay_8_3_22_3,Pabay,Mid,3,8_3_2022,8,3,2022,reads,27323,Semibalanus balanoides.19,Animalia,Arthropoda,Hexanauplia,Balanomorpha,Balanidae,Semibalanus,Semibalanus balanoides,0.00182996,Balanidae
Alaria,Pabay_8_3_22_3,Pabay,Mid,3,8_3_2022,8,3,2022,reads,27323,Semibalanus balanoides.20,Animalia,Arthropoda,Hexanauplia,Balanomorpha,Balanidae,Semibalanus,Semibalanus balanoides,0.00182996,Balanidae
Alaria,Pabay_8_3_22_3,Pabay,Mid,3,8_3_2022,8,3,2022,reads,27323,Semibalanus balanoides.21,Animalia,Arthropoda,Hexanauplia,Balanomorpha,Balanidae,Semibalanus,Semibalanus balanoides,0.00182996,Balanidae
Saccharina,Pabay_8_3_22_3,Pabay,Mid,3,8_3_2022,8,3,2022,reads,27323,Semibalanus balanoides,Animalia,Arthropoda,Hexanauplia,Balanomorpha,Balanidae,Semibalanus,Semibalanus balanoides,11.3622223,Balanidae
Saccharina,Pabay_8_3_22_3,Pabay,Mid,3,8_3_2022,8,3,2022,reads,27323,Semibalanus balanoides.1,Animalia,Arthropoda,Hexanauplia,Balanomorpha,Balanidae,Semibalanus,Semibalanus balanoides,0.064048604,Balanidae
Saccharina,Pabay_8_3_22_3,Pabay,Mid,3,8_3_2022,8,3,2022,reads,27323,Semibalanus balanoides.2,Animalia,Arthropoda,Hexanauplia,Balanomorpha,Balanidae,Semibalanus,Semibalanus balanoides,0.058558723,Balanidae
Saccharina,Pabay_8_3_22_3,Pabay,Mid,3,8_3_2022,8,3,2022,reads,27323,Semibalanus balanoides.3,Animalia,Arthropoda,Hexanauplia,Balanomorpha,Balanidae,Semibalanus,Semibalanus balanoides,0.053068843,Balanidae
Saccharina,Pabay_8_3_22_3,Pabay,Mid,3,8_3_2022,8,3,2022,reads,27323,Semibalanus balanoides.4,Animalia,Arthropoda,Hexanauplia,Balanomorpha,Balanidae,Semibalanus,Semibalanus balanoides,0.053068843,Balanidae
Saccharina,Pabay_8_3_22_3,Pabay,Mid,3,8_3_2022,8,3,2022,reads,27323,Semibalanus balanoides.6,Animalia,Arthropoda,Hexanauplia,Balanomorpha,Balanidae,Semibalanus,Semibalanus balanoides,0.036599202,Balanidae
Saccharina,Pabay_8_3_22_3,Pabay,Mid,3,8_3_2022,8,3,2022,reads,27323,Semibalanus balanoides.7,Animalia,Arthropoda,Hexanauplia,Balanomorpha,Balanidae,Semibalanus,Semibalanus balanoides,0.034769242,Balanidae
Saccharina,Pabay_8_3_22_3,Pabay,Mid,3,8_3_2022,8,3,2022,reads,27323,Semibalanus balanoides.8,Animalia,Arthropoda,Hexanauplia,Balanomorpha,Balanidae,Semibalanus,Semibalanus balanoides,0.032939282,Balanidae
Saccharina,Pabay_8_3_22_3,Pabay,Mid,3,8_3_2022,8,3,2022,reads,27323,Semibalanus balanoides.9,Animalia,Arthropoda,Hexanauplia,Balanomorpha,Balanidae,Semibalanus,Semibalanus balanoides,0.032939282,Balanidae
Saccharina,Pabay_8_3_22_3,Pabay,Mid,3,8_3_2022,8,3,2022,reads,27323,Semibalanus balanoides.10,Animalia,Arthropoda,Hexanauplia,Balanomorpha,Balanidae,Semibalanus,Semibalanus balanoides,0.032939282,Balanidae
Saccharina,Pabay_8_3_22_3,Pabay,Mid,3,8_3_2022,8,3,2022,reads,27323,Semibalanus balanoides.11,Animalia,Arthropoda,Hexanauplia,Balanomorpha,Balanidae,Semibalanus,Semibalanus balanoides,0.025619441,Balanidae
Saccharina,Pabay_8_3_22_3,Pabay,Mid,3,8_3_2022,8,3,2022,reads,27323,Semibalanus balanoides.12,Animalia,Arthropoda,Hexanauplia,Balanomorpha,Balanidae,Semibalanus,Semibalanus balanoides,0.023789481,Balanidae
Saccharina,Pabay_8_3_22_3,Pabay,Mid,3,8_3_2022,8,3,2022,reads,27323,Semibalanus balanoides.13,Animalia,Arthropoda,Hexanauplia,Balanomorpha,Balanidae,Semibalanus,Semibalanus balanoides,0.021959521,Balanidae
Saccharina,Pabay_8_3_22_3,Pabay,Mid,3,8_3_2022,8,3,2022,reads,27323,Semibalanus balanoides.14,Animalia,Arthropoda,Hexanauplia,Balanomorpha,Balanidae,Semibalanus,Semibalanus balanoides,0.018299601,Balanidae
Saccharina,Pabay_8_3_22_3,Pabay,Mid,3,8_3_2022,8,3,2022,reads,27323,Balanus crenatus.2,Animalia,Arthropoda,Hexanauplia,Balanomorpha,Balanidae,Balanus,Balanus crenatus,0.016469641,Balanidae
Saccharina,Pabay_8_3_22_3,Pabay,Mid,3,8_3_2022,8,3,2022,reads,27323,Semibalanus balanoides.15,Animalia,Arthropoda,Hexanauplia,Balanomorpha,Balanidae,Semibalanus,Semibalanus balanoides,0.00731984,Balanidae
Saccharina,Pabay_8_3_22_3,Pabay,Mid,3,8_3_2022,8,3,2022,reads,27323,Semibalanus balanoides.16,Animalia,Arthropoda,Hexanauplia,Balanomorpha,Balanidae,Semibalanus,Semibalanus balanoides,0.00365992,Balanidae
Saccharina,Pabay_8_3_22_3,Pabay,Mid,3,8_3_2022,8,3,2022,reads,27323,Semibalanus balanoides.17,Animalia,Arthropoda,Hexanauplia,Balanomorpha,Balanidae,Semibalanus,Semibalanus balanoides,0.00182996,Balanidae
Saccharina,Pabay_8_3_22_3,Pabay,Mid,3,8_3_2022,8,3,2022,reads,27323,Semibalanus balanoides.18,Animalia,Arthropoda,Hexanauplia,Balanomorpha,Balanidae,Semibalanus,Semibalanus balanoides,0.00182996,Balanidae
Saccharina,Pabay_8_3_22_3,Pabay,Mid,3,8_3_2022,8,3,2022,reads,27323,Semibalanus balanoides.19,Animalia,Arthropoda,Hexanauplia,Balanomorpha,Balanidae,Semibalanus,Semibalanus balanoides,0.00182996,Balanidae
Saccharina,Pabay_8_3_22_3,Pabay,Mid,3,8_3_2022,8,3,2022,reads,27323,Semibalanus balanoides.20,Animalia,Arthropoda,Hexanauplia,Balanomorpha,Balanidae,Semibalanus,Semibalanus balanoides,0.00182996,Balanidae
Saccharina,Pabay_8_3_22_3,Pabay,Mid,3,8_3_2022,8,3,2022,reads,27323,Semibalanus balanoides.21,Animalia,Arthropoda,Hexanauplia,Balanomorpha,Balanidae,Semibalanus,Semibalanus balanoides,0.00182996,Balanidae
Alaria,Pabay_13_11_21_3,Pabay,Mid,3,13_11_2021,13,11,2021,reads,48155.5,Mytilus edulis,Animalia,Mollusca,Bivalvia,Mytiloida,Mytilidae,Mytilus,Mytilus edulis,0.133941087,Bivalvia
Saccharina,Pabay_13_11_21_3,Pabay,Mid,3,13_11_2021,13,11,2021,reads,48155.5,Mytilus edulis,Animalia,Mollusca,Bivalvia,Mytiloida,Mytilidae,Mytilus,Mytilus edulis,0.133941087,Bivalvia
Alaria,Pabay_22_5_22_2,Pabay,NW,2,22_5_2022,22,5,2022,reads,46114.5,Kurtiella bidentata,Animalia,Mollusca,Bivalvia,Galeommatida,Lasaeidae,Kurtiella,Kurtiella bidentata,0.043370307,Bivalvia
Saccharina,Pabay_22_5_22_2,Pabay,NW,2,22_5_2022,22,5,2022,reads,46114.5,Kurtiella bidentata,Animalia,Mollusca,Bivalvia,Galeommatida,Lasaeidae,Kurtiella,Kurtiella bidentata,0.043370307,Bivalvia
Alaria,Pabay_29_11_21_1,Pabay,NE,1,29_11_2021,29,11,2021,reads,10058.75,Montacutona sigalionidcola,Animalia,Mollusca,Bivalvia,Galeommatida,Montacutidae,Montacutona,Montacutona sigalionidcola,0.042251771,Bivalvia
Saccharina,Pabay_29_11_21_1,Pabay,NE,1,29_11_2021,29,11,2021,reads,10058.75,Montacutona sigalionidcola,Animalia,Mollusca,Bivalvia,Galeommatida,Montacutidae,Montacutona,Montacutona sigalionidcola,0.042251771,Bivalvia
Alaria,Pabay_29_11_21_2,Pabay,NW,2,29_11_2021,29,11,2021,reads,4580,Montacutona sigalionidcola,Animalia,Mollusca,Bivalvia,Galeommatida,Montacutidae,Montacutona,Montacutona sigalionidcola,0.18558952,Bivalvia
Saccharina,Pabay_29_11_21_2,Pabay,NW,2,29_11_2021,29,11,2021,reads,4580,Montacutona sigalionidcola,Animalia,Mollusca,Bivalvia,Galeommatida,Montacutidae,Montacutona,Montacutona sigalionidcola,0.18558952,Bivalvia
Alaria,Pabay_30_10_21_3,Pabay,Mid,3,30_10_2021,30,10,2021,reads,11803.5,Montacutona sigalionidcola.1,Animalia,Mollusca,Bivalvia,Galeommatida,Montacutidae,Montacutona,Montacutona sigalionidcola,0.033888253,Bivalvia
Saccharina,Pabay_30_10_21_3,Pabay,Mid,3,30_10_2021,30,10,2021,reads,11803.5,Montacutona sigalionidcola.1,Animalia,Mollusca,Bivalvia,Galeommatida,Montacutidae,Montacutona,Montacutona sigalionidcola,0.033888253,Bivalvia
Alaria,Pabay_30_6_22_1,Pabay,NE,1,30_6_2022,30,6,2022,reads,60441.5,Dosinia exoleta,Animalia,Mollusca,Bivalvia,Venerida,Veneridae,Dosinia,Dosinia exoleta,0.248173854,Bivalvia
Alaria,Pabay_30_6_22_1,Pabay,NE,1,30_6_2022,30,6,2022,reads,60441.5,Musculus sp. CROBB104.1,Animalia,Mollusca,Bivalvia,Mytiloida,Mytilidae,Musculus,Musculus sp. CROBB104,0.003308985,Bivalvia
Saccharina,Pabay_30_6_22_1,Pabay,NE,1,30_6_2022,30,6,2022,reads,60441.5,Dosinia exoleta,Animalia,Mollusca,Bivalvia,Venerida,Veneridae,Dosinia,Dosinia exoleta,0.248173854,Bivalvia
Saccharina,Pabay_30_6_22_1,Pabay,NE,1,30_6_2022,30,6,2022,reads,60441.5,Musculus sp. CROBB104.1,Animalia,Mollusca,Bivalvia,Mytiloida,Mytilidae,Musculus,Musculus sp. CROBB104,0.003308985,Bivalvia
Alaria,Pabay_7_5_22_2,Pabay,NW,2,7_5_2022,7,5,2022,reads,9577.5,Kurtiella bidentata,Animalia,Mollusca,Bivalvia,Galeommatida,Lasaeidae,Kurtiella,Kurtiella bidentata,0.292351866,Bivalvia
Saccharina,Pabay_7_5_22_2,Pabay,NW,2,7_5_2022,7,5,2022,reads,9577.5,Kurtiella bidentata,Animalia,Mollusca,Bivalvia,Galeommatida,Lasaeidae,Kurtiella,Kurtiella bidentata,0.292351866,Bivalvia
Alaria,Scalpay_15_6_21_3,Scalpay,NW,3,15_6_2021,15,6,2021,reads,30199,Dosinia lupinus,Animalia,Mollusca,Bivalvia,Venerida,Veneridae,Dosinia,Dosinia lupinus,0.013245472,Bivalvia
Saccharina,Scalpay_15_6_21_3,Scalpay,NW,3,15_6_2021,15,6,2021,reads,30199,Dosinia lupinus,Animalia,Mollusca,Bivalvia,Venerida,Veneridae,Dosinia,Dosinia lupinus,0.013245472,Bivalvia
Alaria,Scalpay_15_6_21_4,Scalpay,4,4,15_6_2021,15,6,2021,reads,11373.5,Musculus sp. CROBB104,Animalia,Mollusca,Bivalvia,Mytiloida,Mytilidae,Musculus,Musculus sp. CROBB104,0.225064864,Bivalvia
Saccharina,Scalpay_15_6_21_4,Scalpay,4,4,15_6_2021,15,6,2021,reads,11373.5,Musculus sp. CROBB104,Animalia,Mollusca,Bivalvia,Mytiloida,Mytilidae,Musculus,Musculus sp. CROBB104,0.225064864,Bivalvia
Alaria,Pabay_10_4_22_1,Pabay,NE,1,10_4_2022,10,4,2022,reads,4566,Evadne sp.,Animalia,Arthropoda,Branchiopoda,Onychopoda,Podonidae,Evadne,Evadne sp.,0.514673675,Branchiopoda
Saccharina,Pabay_10_4_22_1,Pabay,NE,1,10_4_2022,10,4,2022,reads,4566,Evadne sp.,Animalia,Arthropoda,Branchiopoda,Onychopoda,Podonidae,Evadne,Evadne sp.,0.514673675,Branchiopoda
Alaria,Pabay_10_4_22_3,Pabay,Mid,3,10_4_2022,10,4,2022,reads,93132,Evadne sp.,Animalia,Arthropoda,Branchiopoda,Onychopoda,Podonidae,Evadne,Evadne sp.,26.98535412,Branchiopoda
Saccharina,Pabay_10_4_22_3,Pabay,Mid,3,10_4_2022,10,4,2022,reads,93132,Evadne sp.,Animalia,Arthropoda,Branchiopoda,Onychopoda,Podonidae,Evadne,Evadne sp.,26.98535412,Branchiopoda
Alaria,Pabay_15_7_22_2,Pabay,NW,2,15_7_2022,15,7,2022,reads,15381.5,Evadne sp..1,Animalia,Arthropoda,Branchiopoda,Onychopoda,Podonidae,Evadne,Evadne sp.,20.09882001,Branchiopoda
Saccharina,Pabay_15_7_22_2,Pabay,NW,2,15_7_2022,15,7,2022,reads,15381.5,Evadne sp..1,Animalia,Arthropoda,Branchiopoda,Onychopoda,Podonidae,Evadne,Evadne sp.,20.09882001,Branchiopoda
Alaria,Pabay_30_6_22_1,Pabay,NE,1,30_6_2022,30,6,2022,reads,60441.5,Evadne sp.,Animalia,Arthropoda,Branchiopoda,Onychopoda,Podonidae,Evadne,Evadne sp.,0.057907233,Branchiopoda
Saccharina,Pabay_30_6_22_1,Pabay,NE,1,30_6_2022,30,6,2022,reads,60441.5,Evadne sp.,Animalia,Arthropoda,Branchiopoda,Onychopoda,Podonidae,Evadne,Evadne sp.,0.057907233,Branchiopoda
Alaria,Pabay_30_7_22_3,Pabay,Mid,3,30_7_2022,30,7,2022,reads,39995,Evadne sp..1,Animalia,Arthropoda,Branchiopoda,Onychopoda,Podonidae,Evadne,Evadne sp.,0.162520315,Branchiopoda
Alaria,Pabay_30_7_22_3,Pabay,Mid,3,30_7_2022,30,7,2022,reads,39995,Evadne sp..2,Animalia,Arthropoda,Branchiopoda,Onychopoda,Podonidae,Evadne,Evadne sp.,0.08376047,Branchiopoda
Saccharina,Pabay_30_7_22_3,Pabay,Mid,3,30_7_2022,30,7,2022,reads,39995,Evadne sp..1,Animalia,Arthropoda,Branchiopoda,Onychopoda,Podonidae,Evadne,Evadne sp.,0.162520315,Branchiopoda
Saccharina,Pabay_30_7_22_3,Pabay,Mid,3,30_7_2022,30,7,2022,reads,39995,Evadne sp..2,Animalia,Arthropoda,Branchiopoda,Onychopoda,Podonidae,Evadne,Evadne sp.,0.08376047,Branchiopoda
Alaria,Pabay_10_4_22_3,Pabay,Mid,3,10_4_2022,10,4,2022,reads,93132,Celleporella hyalina,Animalia,Bryozoa,Gymnolaemata,Cheilostomatida,Hippothoidae,Celleporella,Celleporella hyalina,0.126701885,Bryozoa
Saccharina,Pabay_10_4_22_3,Pabay,Mid,3,10_4_2022,10,4,2022,reads,93132,Celleporella hyalina,Animalia,Bryozoa,Gymnolaemata,Cheilostomatida,Hippothoidae,Celleporella,Celleporella hyalina,0.126701885,Bryozoa
Alaria,Pabay_13_11_21_3,Pabay,Mid,3,13_11_2021,13,11,2021,reads,48155.5,Electra pilosa,Animalia,Bryozoa,Gymnolaemata,Cheilostomatida,Electridae,Electra,Electra pilosa,0.065413089,Bryozoa
Saccharina,Pabay_13_11_21_3,Pabay,Mid,3,13_11_2021,13,11,2021,reads,48155.5,Electra pilosa,Animalia,Bryozoa,Gymnolaemata,Cheilostomatida,Electridae,Electra,Electra pilosa,0.065413089,Bryozoa
Alaria,Pabay_29_11_21_1,Pabay,NE,1,29_11_2021,29,11,2021,reads,10058.75,Electra pilosa,Animalia,Bryozoa,Gymnolaemata,Cheilostomatida,Electridae,Electra,Electra pilosa,0.201317261,Bryozoa
Alaria,Pabay_29_11_21_1,Pabay,NE,1,29_11_2021,29,11,2021,reads,10058.75,Electra pilosa.1,Animalia,Bryozoa,Gymnolaemata,Cheilostomatida,Electridae,Electra,Electra pilosa,0.268423015,Bryozoa
Alaria,Pabay_29_11_21_1,Pabay,NE,1,29_11_2021,29,11,2021,reads,10058.75,Electra pilosa.2,Animalia,Bryozoa,Gymnolaemata,Cheilostomatida,Electridae,Electra,Electra pilosa,0.052193364,Bryozoa
Alaria,Pabay_29_11_21_1,Pabay,NE,1,29_11_2021,29,11,2021,reads,10058.75,Electra pilosa.3,Animalia,Bryozoa,Gymnolaemata,Cheilostomatida,Electridae,Electra,Electra pilosa,0.022368585,Bryozoa
Saccharina,Pabay_29_11_21_1,Pabay,NE,1,29_11_2021,29,11,2021,reads,10058.75,Electra pilosa,Animalia,Bryozoa,Gymnolaemata,Cheilostomatida,Electridae,Electra,Electra pilosa,0.201317261,Bryozoa
Saccharina,Pabay_29_11_21_1,Pabay,NE,1,29_11_2021,29,11,2021,reads,10058.75,Electra pilosa.1,Animalia,Bryozoa,Gymnolaemata,Cheilostomatida,Electridae,Electra,Electra pilosa,0.268423015,Bryozoa
Saccharina,Pabay_29_11_21_1,Pabay,NE,1,29_11_2021,29,11,2021,reads,10058.75,Electra pilosa.2,Animalia,Bryozoa,Gymnolaemata,Cheilostomatida,Electridae,Electra,Electra pilosa,0.052193364,Bryozoa
Saccharina,Pabay_29_11_21_1,Pabay,NE,1,29_11_2021,29,11,2021,reads,10058.75,Electra pilosa.3,Animalia,Bryozoa,Gymnolaemata,Cheilostomatida,Electridae,Electra,Electra pilosa,0.022368585,Bryozoa
Alaria,Pabay_29_11_21_2,Pabay,NW,2,29_11_2021,29,11,2021,reads,4580,Electra pilosa,Animalia,Bryozoa,Gymnolaemata,Cheilostomatida,Electridae,Electra,Electra pilosa,0.884279476,Bryozoa
Alaria,Pabay_29_11_21_2,Pabay,NW,2,29_11_2021,29,11,2021,reads,4580,Electra pilosa.3,Animalia,Bryozoa,Gymnolaemata,Cheilostomatida,Electridae,Electra,Electra pilosa,0.098253275,Bryozoa
Saccharina,Pabay_29_11_21_2,Pabay,NW,2,29_11_2021,29,11,2021,reads,4580,Electra pilosa,Animalia,Bryozoa,Gymnolaemata,Cheilostomatida,Electridae,Electra,Electra pilosa,0.884279476,Bryozoa
Saccharina,Pabay_29_11_21_2,Pabay,NW,2,29_11_2021,29,11,2021,reads,4580,Electra pilosa.3,Animalia,Bryozoa,Gymnolaemata,Cheilostomatida,Electridae,Electra,Electra pilosa,0.098253275,Bryozoa
Alaria,Pabay_29_11_21_3,Pabay,Mid,3,29_11_2021,29,11,2021,reads,15537.5,Electra pilosa.1,Animalia,Bryozoa,Gymnolaemata,Cheilostomatida,Electridae,Electra,Electra pilosa,0.347546259,Bryozoa
Alaria,Pabay_29_11_21_3,Pabay,Mid,3,29_11_2021,29,11,2021,reads,15537.5,Electra pilosa.2,Animalia,Bryozoa,Gymnolaemata,Cheilostomatida,Electridae,Electra,Electra pilosa,0.067578439,Bryozoa
Saccharina,Pabay_29_11_21_3,Pabay,Mid,3,29_11_2021,29,11,2021,reads,15537.5,Electra pilosa.1,Animalia,Bryozoa,Gymnolaemata,Cheilostomatida,Electridae,Electra,Electra pilosa,0.347546259,Bryozoa
Saccharina,Pabay_29_11_21_3,Pabay,Mid,3,29_11_2021,29,11,2021,reads,15537.5,Electra pilosa.2,Animalia,Bryozoa,Gymnolaemata,Cheilostomatida,Electridae,Electra,Electra pilosa,0.067578439,Bryozoa
Alaria,Pabay_30_10_21_1,Pabay,NE,1,30_10_2021,30,10,2021,reads,491,Electra pilosa,Animalia,Bryozoa,Gymnolaemata,Cheilostomatida,Electridae,Electra,Electra pilosa,2.138492872,Bryozoa
Saccharina,Pabay_30_10_21_1,Pabay,NE,1,30_10_2021,30,10,2021,reads,491,Electra pilosa,Animalia,Bryozoa,Gymnolaemata,Cheilostomatida,Electridae,Electra,Electra pilosa,2.138492872,Bryozoa
Alaria,Pabay_8_3_22_1,Pabay,NE,1,8_3_2022,8,3,2022,reads,18127.5,Celleporella hyalina,Animalia,Bryozoa,Gymnolaemata,Cheilostomatida,Hippothoidae,Celleporella,Celleporella hyalina,0.612329334,Bryozoa
Alaria,Pabay_8_3_22_1,Pabay,NE,1,8_3_2022,8,3,2022,reads,18127.5,Celleporella hyalina.1,Animalia,Bryozoa,Gymnolaemata,Cheilostomatida,Hippothoidae,Celleporella,Celleporella hyalina,0.264791063,Bryozoa
Saccharina,Pabay_8_3_22_1,Pabay,NE,1,8_3_2022,8,3,2022,reads,18127.5,Celleporella hyalina,Animalia,Bryozoa,Gymnolaemata,Cheilostomatida,Hippothoidae,Celleporella,Celleporella hyalina,0.612329334,Bryozoa
Saccharina,Pabay_8_3_22_1,Pabay,NE,1,8_3_2022,8,3,2022,reads,18127.5,Celleporella hyalina.1,Animalia,Bryozoa,Gymnolaemata,Cheilostomatida,Hippothoidae,Celleporella,Celleporella hyalina,0.264791063,Bryozoa
Alaria,Pabay_8_3_22_3,Pabay,Mid,3,8_3_2022,8,3,2022,reads,27323,Celleporella hyalina,Animalia,Bryozoa,Gymnolaemata,Cheilostomatida,Hippothoidae,Celleporella,Celleporella hyalina,0.018299601,Bryozoa
Saccharina,Pabay_8_3_22_3,Pabay,Mid,3,8_3_2022,8,3,2022,reads,27323,Celleporella hyalina,Animalia,Bryozoa,Gymnolaemata,Cheilostomatida,Hippothoidae,Celleporella,Celleporella hyalina,0.018299601,Bryozoa
Alaria,Pabay_10_4_22_3,Pabay,Mid,3,10_4_2022,10,4,2022,reads,93132,Temora sp.,Animalia,Arthropoda,Hexanauplia,Calanoida,Temoridae,Temora,Temora sp.,0.094489542,Copepoda
Alaria,Pabay_10_4_22_3,Pabay,Mid,3,10_4_2022,10,4,2022,reads,93132,Peltidiidae sp. 10PROBE-19037,Animalia,Arthropoda,Hexanauplia,Harpacticoida,Peltidiidae,Peltidiidae,Peltidiidae sp. 10PROBE-19037,0.150324271,Copepoda
Alaria,Pabay_10_4_22_3,Pabay,Mid,3,10_4_2022,10,4,2022,reads,93132,Temora sp..2,Animalia,Arthropoda,Hexanauplia,Calanoida,Temoridae,Temora,Temora sp.,0.035433578,Copepoda
Alaria,Pabay_10_4_22_3,Pabay,Mid,3,10_4_2022,10,4,2022,reads,93132,Temora sp..4,Animalia,Arthropoda,Hexanauplia,Calanoida,Temoridae,Temora,Temora sp.,0.04939226,Copepoda
Saccharina,Pabay_10_4_22_3,Pabay,Mid,3,10_4_2022,10,4,2022,reads,93132,Temora sp.,Animalia,Arthropoda,Hexanauplia,Calanoida,Temoridae,Temora,Temora sp.,0.094489542,Copepoda
Saccharina,Pabay_10_4_22_3,Pabay,Mid,3,10_4_2022,10,4,2022,reads,93132,Peltidiidae sp. 10PROBE-19037,Animalia,Arthropoda,Hexanauplia,Harpacticoida,Peltidiidae,Peltidiidae,Peltidiidae sp. 10PROBE-19037,0.150324271,Copepoda
Saccharina,Pabay_10_4_22_3,Pabay,Mid,3,10_4_2022,10,4,2022,reads,93132,Temora sp..2,Animalia,Arthropoda,Hexanauplia,Calanoida,Temoridae,Temora,Temora sp.,0.035433578,Copepoda
Saccharina,Pabay_10_4_22_3,Pabay,Mid,3,10_4_2022,10,4,2022,reads,93132,Temora sp..4,Animalia,Arthropoda,Hexanauplia,Calanoida,Temoridae,Temora,Temora sp.,0.04939226,Copepoda
Alaria,Pabay_13_11_21_3,Pabay,Mid,3,13_11_2021,13,11,2021,reads,48155.5,Temora sp.,Animalia,Arthropoda,Hexanauplia,Calanoida,Temoridae,Temora,Temora sp.,0.065413089,Copepoda
Alaria,Pabay_13_11_21_3,Pabay,Mid,3,13_11_2021,13,11,2021,reads,48155.5,Temora sp..3,Animalia,Arthropoda,Hexanauplia,Calanoida,Temoridae,Temora,Temora sp.,0.053991756,Copepoda
Alaria,Pabay_13_11_21_3,Pabay,Mid,3,13_11_2021,13,11,2021,reads,48155.5,Harpacticus flexus,Animalia,Arthropoda,Hexanauplia,Harpacticoida,Harpacticidae,Harpacticus,Harpacticus flexus,0.026995878,Copepoda
Saccharina,Pabay_13_11_21_3,Pabay,Mid,3,13_11_2021,13,11,2021,reads,48155.5,Temora sp.,Animalia,Arthropoda,Hexanauplia,Calanoida,Temoridae,Temora,Temora sp.,0.065413089,Copepoda
Saccharina,Pabay_13_11_21_3,Pabay,Mid,3,13_11_2021,13,11,2021,reads,48155.5,Temora sp..3,Animalia,Arthropoda,Hexanauplia,Calanoida,Temoridae,Temora,Temora sp.,0.053991756,Copepoda
Saccharina,Pabay_13_11_21_3,Pabay,Mid,3,13_11_2021,13,11,2021,reads,48155.5,Harpacticus flexus,Animalia,Arthropoda,Hexanauplia,Harpacticoida,Harpacticidae,Harpacticus,Harpacticus flexus,0.026995878,Copepoda
Alaria,Pabay_14_1_22_1,Pabay,NE,1,14_1_2022,14,1,2022,reads,9660.5,Temora sp.,Animalia,Arthropoda,Hexanauplia,Calanoida,Temoridae,Temora,Temora sp.,0.031054293,Copepoda
Saccharina,Pabay_14_1_22_1,Pabay,NE,1,14_1_2022,14,1,2022,reads,9660.5,Temora sp.,Animalia,Arthropoda,Hexanauplia,Calanoida,Temoridae,Temora,Temora sp.,0.031054293,Copepoda
Alaria,Pabay_14_1_22_2,Pabay ,NW,2,14_1_2022,14,1,2022,reads,9564.5,Temora sp.,Animalia,Arthropoda,Hexanauplia,Calanoida,Temoridae,Temora,Temora sp.,0.381619531,Copepoda
Saccharina,Pabay_14_1_22_2,Pabay ,NW,2,14_1_2022,14,1,2022,reads,9564.5,Temora sp.,Animalia,Arthropoda,Hexanauplia,Calanoida,Temoridae,Temora,Temora sp.,0.381619531,Copepoda
Alaria,Pabay_14_1_22_3,Pabay,Mid,3,14_1_2022,14,1,2022,reads,9612.5,Temora sp.,Animalia,Arthropoda,Hexanauplia,Calanoida,Temoridae,Temora,Temora sp.,0.205461638,Copepoda
Saccharina,Pabay_14_1_22_3,Pabay,Mid,3,14_1_2022,14,1,2022,reads,9612.5,Temora sp.,Animalia,Arthropoda,Hexanauplia,Calanoida,Temoridae,Temora,Temora sp.,0.205461638,Copepoda
Alaria,Pabay_15_7_22_2,Pabay,NW,2,15_7_2022,15,7,2022,reads,15381.5,Paracalanus parvus,Animalia,Arthropoda,Hexanauplia,Calanoida,Paracalanidae,Paracalanus,Paracalanus parvus,21.91268732,Copepoda
Alaria,Pabay_15_7_22_2,Pabay,NW,2,15_7_2022,15,7,2022,reads,15381.5,Paracalanus parvus.1,Animalia,Arthropoda,Hexanauplia,Calanoida,Paracalanidae,Paracalanus,Paracalanus parvus,0.162532913,Copepoda
Alaria,Pabay_15_7_22_2,Pabay,NW,2,15_7_2022,15,7,2022,reads,15381.5,Paracalanus parvus.2,Animalia,Arthropoda,Hexanauplia,Calanoida,Paracalanidae,Paracalanus,Paracalanus parvus,0.065013165,Copepoda
Alaria,Pabay_15_7_22_2,Pabay,NW,2,15_7_2022,15,7,2022,reads,15381.5,Paracalanus parvus.3,Animalia,Arthropoda,Hexanauplia,Calanoida,Paracalanidae,Paracalanus,Paracalanus parvus,0.061762507,Copepoda
Alaria,Pabay_15_7_22_2,Pabay,NW,2,15_7_2022,15,7,2022,reads,15381.5,Paracalanus parvus.4,Animalia,Arthropoda,Hexanauplia,Calanoida,Paracalanidae,Paracalanus,Paracalanus parvus,0.052010532,Copepoda
Alaria,Pabay_15_7_22_2,Pabay,NW,2,15_7_2022,15,7,2022,reads,15381.5,Paracalanus parvus.5,Animalia,Arthropoda,Hexanauplia,Calanoida,Paracalanidae,Paracalanus,Paracalanus parvus,0.048759874,Copepoda
Alaria,Pabay_15_7_22_2,Pabay,NW,2,15_7_2022,15,7,2022,reads,15381.5,Paracalanus parvus.6,Animalia,Arthropoda,Hexanauplia,Calanoida,Paracalanidae,Paracalanus,Paracalanus parvus,0.039007899,Copepoda
Alaria,Pabay_15_7_22_2,Pabay,NW,2,15_7_2022,15,7,2022,reads,15381.5,Paracalanus parvus.7,Animalia,Arthropoda,Hexanauplia,Calanoida,Paracalanidae,Paracalanus,Paracalanus parvus,0.032506583,Copepoda
Saccharina,Pabay_15_7_22_2,Pabay,NW,2,15_7_2022,15,7,2022,reads,15381.5,Paracalanus parvus,Animalia,Arthropoda,Hexanauplia,Calanoida,Paracalanidae,Paracalanus,Paracalanus parvus,21.91268732,Copepoda
Saccharina,Pabay_15_7_22_2,Pabay,NW,2,15_7_2022,15,7,2022,reads,15381.5,Paracalanus parvus.1,Animalia,Arthropoda,Hexanauplia,Calanoida,Paracalanidae,Paracalanus,Paracalanus parvus,0.162532913,Copepoda
Saccharina,Pabay_15_7_22_2,Pabay,NW,2,15_7_2022,15,7,2022,reads,15381.5,Paracalanus parvus.2,Animalia,Arthropoda,Hexanauplia,Calanoida,Paracalanidae,Paracalanus,Paracalanus parvus,0.065013165,Copepoda
Saccharina,Pabay_15_7_22_2,Pabay,NW,2,15_7_2022,15,7,2022,reads,15381.5,Paracalanus parvus.3,Animalia,Arthropoda,Hexanauplia,Calanoida,Paracalanidae,Paracalanus,Paracalanus parvus,0.061762507,Copepoda
Saccharina,Pabay_15_7_22_2,Pabay,NW,2,15_7_2022,15,7,2022,reads,15381.5,Paracalanus parvus.4,Animalia,Arthropoda,Hexanauplia,Calanoida,Paracalanidae,Paracalanus,Paracalanus parvus,0.052010532,Copepoda
Saccharina,Pabay_15_7_22_2,Pabay,NW,2,15_7_2022,15,7,2022,reads,15381.5,Paracalanus parvus.5,Animalia,Arthropoda,Hexanauplia,Calanoida,Paracalanidae,Paracalanus,Paracalanus parvus,0.048759874,Copepoda
Saccharina,Pabay_15_7_22_2,Pabay,NW,2,15_7_2022,15,7,2022,reads,15381.5,Paracalanus parvus.6,Animalia,Arthropoda,Hexanauplia,Calanoida,Paracalanidae,Paracalanus,Paracalanus parvus,0.039007899,Copepoda
Saccharina,Pabay_15_7_22_2,Pabay,NW,2,15_7_2022,15,7,2022,reads,15381.5,Paracalanus parvus.7,Animalia,Arthropoda,Hexanauplia,Calanoida,Paracalanidae,Paracalanus,Paracalanus parvus,0.032506583,Copepoda
Alaria,Pabay_16_9_21_2,Pabay,NW,2,16_9_2021,16,9,2021,reads,12941.5,Paracalanus parvus,Animalia,Arthropoda,Hexanauplia,Calanoida,Paracalanidae,Paracalanus,Paracalanus parvus,0.115906193,Copepoda
Saccharina,Pabay_16_9_21_2,Pabay,NW,2,16_9_2021,16,9,2021,reads,12941.5,Paracalanus parvus,Animalia,Arthropoda,Hexanauplia,Calanoida,Paracalanidae,Paracalanus,Paracalanus parvus,0.115906193,Copepoda
Alaria,Pabay_21_3_22_2,Pabay,NW,2,21_3_2022,21,3,2022,reads,2658,Temora sp.,Animalia,Arthropoda,Hexanauplia,Calanoida,Temoridae,Temora,Temora sp.,2.445447705,Copepoda
Saccharina,Pabay_21_3_22_2,Pabay,NW,2,21_3_2022,21,3,2022,reads,2658,Temora sp.,Animalia,Arthropoda,Hexanauplia,Calanoida,Temoridae,Temora,Temora sp.,2.445447705,Copepoda
Alaria,Pabay_22_5_22_2,Pabay,NW,2,22_5_2022,22,5,2022,reads,46114.5,Pseudocalanus elongatus,Animalia,Arthropoda,Hexanauplia,Calanoida,Pseudocalanidae,Pseudocalanus,Pseudocalanus elongatus,0.206008956,Copepoda
Alaria,Pabay_22_5_22_2,Pabay,NW,2,22_5_2022,22,5,2022,reads,46114.5,Temora sp..1,Animalia,Arthropoda,Hexanauplia,Calanoida,Temoridae,Temora,Temora sp.,0.103004478,Copepoda
Saccharina,Pabay_22_5_22_2,Pabay,NW,2,22_5_2022,22,5,2022,reads,46114.5,Pseudocalanus elongatus,Animalia,Arthropoda,Hexanauplia,Calanoida,Pseudocalanidae,Pseudocalanus,Pseudocalanus elongatus,0.206008956,Copepoda
Saccharina,Pabay_22_5_22_2,Pabay,NW,2,22_5_2022,22,5,2022,reads,46114.5,Temora sp..1,Animalia,Arthropoda,Hexanauplia,Calanoida,Temoridae,Temora,Temora sp.,0.103004478,Copepoda
Alaria,Pabay_25_2_22_2,Pabay,NW,2,25_2_2022,25,2,2022,reads,12847.5,Temora sp.,Animalia,Arthropoda,Hexanauplia,Calanoida,Temoridae,Temora,Temora sp.,0.416423429,Copepoda
Saccharina,Pabay_25_2_22_2,Pabay,NW,2,25_2_2022,25,2,2022,reads,12847.5,Temora sp.,Animalia,Arthropoda,Hexanauplia,Calanoida,Temoridae,Temora,Temora sp.,0.416423429,Copepoda
Alaria,Pabay_29_11_21_1,Pabay,NE,1,29_11_2021,29,11,2021,reads,10058.75,Temora sp.,Animalia,Arthropoda,Hexanauplia,Calanoida,Temoridae,Temora,Temora sp.,0.541816826,Copepoda
Alaria,Pabay_29_11_21_1,Pabay,NE,1,29_11_2021,29,11,2021,reads,10058.75,Centropages hamatus,Animalia,Arthropoda,Hexanauplia,Calanoida,Centropagidae,Centropages,Centropages hamatus,0.037280974,Copepoda
Saccharina,Pabay_29_11_21_1,Pabay,NE,1,29_11_2021,29,11,2021,reads,10058.75,Temora sp.,Animalia,Arthropoda,Hexanauplia,Calanoida,Temoridae,Temora,Temora sp.,0.541816826,Copepoda
Saccharina,Pabay_29_11_21_1,Pabay,NE,1,29_11_2021,29,11,2021,reads,10058.75,Centropages hamatus,Animalia,Arthropoda,Hexanauplia,Calanoida,Centropagidae,Centropages,Centropages hamatus,0.037280974,Copepoda
Alaria,Pabay_29_11_21_2,Pabay,NW,2,29_11_2021,29,11,2021,reads,4580,Temora sp.,Animalia,Arthropoda,Hexanauplia,Calanoida,Temoridae,Temora,Temora sp.,0.895196507,Copepoda
Saccharina,Pabay_29_11_21_2,Pabay,NW,2,29_11_2021,29,11,2021,reads,4580,Temora sp.,Animalia,Arthropoda,Hexanauplia,Calanoida,Temoridae,Temora,Temora sp.,0.895196507,Copepoda
Alaria,Pabay_29_11_21_3,Pabay,Mid,3,29_11_2021,29,11,2021,reads,15537.5,Temora sp.,Animalia,Arthropoda,Hexanauplia,Calanoida,Temoridae,Temora,Temora sp.,0.437650845,Copepoda
Alaria,Pabay_29_11_21_3,Pabay,Mid,3,29_11_2021,29,11,2021,reads,15537.5,Centropages hamatus,Animalia,Arthropoda,Hexanauplia,Calanoida,Centropagidae,Centropages,Centropages hamatus,0.048270314,Copepoda
Saccharina,Pabay_29_11_21_3,Pabay,Mid,3,29_11_2021,29,11,2021,reads,15537.5,Temora sp.,Animalia,Arthropoda,Hexanauplia,Calanoida,Temoridae,Temora,Temora sp.,0.437650845,Copepoda
Saccharina,Pabay_29_11_21_3,Pabay,Mid,3,29_11_2021,29,11,2021,reads,15537.5,Centropages hamatus,Animalia,Arthropoda,Hexanauplia,Calanoida,Centropagidae,Centropages,Centropages hamatus,0.048270314,Copepoda
Alaria,Pabay_30_10_21_3,Pabay,Mid,3,30_10_2021,30,10,2021,reads,11803.5,Oithona nana,Animalia,Arthropoda,Hexanauplia,Cyclopoida,Oithonidae,Oithona,Oithona nana,0.097428729,Copepoda
Saccharina,Pabay_30_10_21_3,Pabay,Mid,3,30_10_2021,30,10,2021,reads,11803.5,Oithona nana,Animalia,Arthropoda,Hexanauplia,Cyclopoida,Oithonidae,Oithona,Oithona nana,0.097428729,Copepoda
Alaria,Pabay_30_6_22_1,Pabay,NE,1,30_6_2022,30,6,2022,reads,60441.5,Temora sp.,Animalia,Arthropoda,Hexanauplia,Calanoida,Temoridae,Temora,Temora sp.,0.023990139,Copepoda
Alaria,Pabay_30_6_22_1,Pabay,NE,1,30_6_2022,30,6,2022,reads,60441.5,Temora sp..2,Animalia,Arthropoda,Hexanauplia,Calanoida,Temoridae,Temora,Temora sp.,0.032262601,Copepoda
Saccharina,Pabay_30_6_22_1,Pabay,NE,1,30_6_2022,30,6,2022,reads,60441.5,Temora sp.,Animalia,Arthropoda,Hexanauplia,Calanoida,Temoridae,Temora,Temora sp.,0.023990139,Copepoda
Saccharina,Pabay_30_6_22_1,Pabay,NE,1,30_6_2022,30,6,2022,reads,60441.5,Temora sp..2,Animalia,Arthropoda,Hexanauplia,Calanoida,Temoridae,Temora,Temora sp.,0.032262601,Copepoda
Alaria,Pabay_7_5_22_1,Pabay,NE,1,7_5_2022,7,5,2022,reads,16931.5,Ectinosomatidae sp. SR-2019,Animalia,Arthropoda,Hexanauplia,Harpacticoida,Ectinosomatidae,Ectinosomatidae,Ectinosomatidae sp. SR-2019,0.076779966,Copepoda
Saccharina,Pabay_7_5_22_1,Pabay,NE,1,7_5_2022,7,5,2022,reads,16931.5,Ectinosomatidae sp. SR-2019,Animalia,Arthropoda,Hexanauplia,Harpacticoida,Ectinosomatidae,Ectinosomatidae,Ectinosomatidae sp. SR-2019,0.076779966,Copepoda
Alaria,Pabay_8_2_22_1,Pabay,NE,1,8_2_2022,8,2,2022,reads,8453,Temora sp.,Animalia,Arthropoda,Hexanauplia,Calanoida,Temoridae,Temora,Temora sp.,0.023660239,Copepoda
Alaria,Pabay_8_2_22_1,Pabay,NE,1,8_2_2022,8,2,2022,reads,8453,Harpacticus flexus.1,Animalia,Arthropoda,Hexanauplia,Harpacticoida,Harpacticidae,Harpacticus,Harpacticus flexus,0.112386135,Copepoda
Saccharina,Pabay_8_2_22_1,Pabay,NE,1,8_2_2022,8,2,2022,reads,8453,Temora sp.,Animalia,Arthropoda,Hexanauplia,Calanoida,Temoridae,Temora,Temora sp.,0.023660239,Copepoda
Saccharina,Pabay_8_2_22_1,Pabay,NE,1,8_2_2022,8,2,2022,reads,8453,Harpacticus flexus.1,Animalia,Arthropoda,Hexanauplia,Harpacticoida,Harpacticidae,Harpacticus,Harpacticus flexus,0.112386135,Copepoda
Alaria,Pabay_8_2_22_2,Pabay,NW,2,8_2_2022,8,2,2022,reads,3594.5,Temora sp.,Animalia,Arthropoda,Hexanauplia,Calanoida,Temoridae,Temora,Temora sp.,0.111281124,Copepoda
Saccharina,Pabay_8_2_22_2,Pabay,NW,2,8_2_2022,8,2,2022,reads,3594.5,Temora sp.,Animalia,Arthropoda,Hexanauplia,Calanoida,Temoridae,Temora,Temora sp.,0.111281124,Copepoda
Alaria,Pabay_8_2_22_3,Pabay,Mid,3,8_2_2022,8,2,2022,reads,5686,Temora sp..5,Animalia,Arthropoda,Hexanauplia,Calanoida,Temoridae,Temora,Temora sp.,0.061554696,Copepoda
Alaria,Pabay_8_2_22_3,Pabay,Mid,3,8_2_2022,8,2,2022,reads,5686,Temora sp..7,Animalia,Arthropoda,Hexanauplia,Calanoida,Temoridae,Temora,Temora sp.,0.035174112,Copepoda
Alaria,Pabay_8_2_22_3,Pabay,Mid,3,8_2_2022,8,2,2022,reads,5686,Paraeuchaeta sp. KJ753,Animalia,Arthropoda,Hexanauplia,Calanoida,Euchaetidae,Paraeuchaeta,Paraeuchaeta sp. KJ753,0.017587056,Copepoda
Saccharina,Pabay_8_2_22_3,Pabay,Mid,3,8_2_2022,8,2,2022,reads,5686,Temora sp..5,Animalia,Arthropoda,Hexanauplia,Calanoida,Temoridae,Temora,Temora sp.,0.061554696,Copepoda
Saccharina,Pabay_8_2_22_3,Pabay,Mid,3,8_2_2022,8,2,2022,reads,5686,Temora sp..7,Animalia,Arthropoda,Hexanauplia,Calanoida,Temoridae,Temora,Temora sp.,0.035174112,Copepoda
Saccharina,Pabay_8_2_22_3,Pabay,Mid,3,8_2_2022,8,2,2022,reads,5686,Paraeuchaeta sp. KJ753,Animalia,Arthropoda,Hexanauplia,Calanoida,Euchaetidae,Paraeuchaeta,Paraeuchaeta sp. KJ753,0.017587056,Copepoda
Alaria,Pabay_8_3_22_1,Pabay,NE,1,8_3_2022,8,3,2022,reads,18127.5,Temora sp.,Animalia,Arthropoda,Hexanauplia,Calanoida,Temoridae,Temora,Temora sp.,1.177768584,Copepoda
Saccharina,Pabay_8_3_22_1,Pabay,NE,1,8_3_2022,8,3,2022,reads,18127.5,Temora sp.,Animalia,Arthropoda,Hexanauplia,Calanoida,Temoridae,Temora,Temora sp.,1.177768584,Copepoda
Alaria,Scalpay_21_12_21_1,Scalpay,SW,1,21_12_2021,21,12,2021,reads,1740,Temora sp..6,Animalia,Arthropoda,Hexanauplia,Calanoida,Temoridae,Temora,Temora sp.,0.229885057,Copepoda
Saccharina,Scalpay_21_12_21_1,Scalpay,SW,1,21_12_2021,21,12,2021,reads,1740,Temora sp..6,Animalia,Arthropoda,Hexanauplia,Calanoida,Temoridae,Temora,Temora sp.,0.229885057,Copepoda
Alaria,Pabay_10_4_22_1,Pabay,NE,1,10_4_2022,10,4,2022,reads,4566,Placida dendritica.1,Animalia,Mollusca,Gastropoda,Sacoglossa,Limapontiidae,Placida,Placida dendritica,0.17520806,Gastropoda
Saccharina,Pabay_10_4_22_1,Pabay,NE,1,10_4_2022,10,4,2022,reads,4566,Placida dendritica.1,Animalia,Mollusca,Gastropoda,Sacoglossa,Limapontiidae,Placida,Placida dendritica,0.17520806,Gastropoda
Alaria,Pabay_10_4_22_3,Pabay,Mid,3,10_4_2022,10,4,2022,reads,93132,Doto coronata,Animalia,Mollusca,Gastropoda,Nudibranchia,Dotidae,Doto,Doto coronata,0.279173646,Gastropoda
Saccharina,Pabay_10_4_22_3,Pabay,Mid,3,10_4_2022,10,4,2022,reads,93132,Doto coronata,Animalia,Mollusca,Gastropoda,Nudibranchia,Dotidae,Doto,Doto coronata,0.279173646,Gastropoda
Alaria,Pabay_13_11_21_3,Pabay,Mid,3,13_11_2021,13,11,2021,reads,48155.5,Rissoa guernei,Animalia,Mollusca,Gastropoda,Littorinimorpha,Rissoidae,Rissoa,Rissoa guernei,0.106945209,Gastropoda
Alaria,Pabay_13_11_21_3,Pabay,Mid,3,13_11_2021,13,11,2021,reads,48155.5,Rissoa guernei.1,Animalia,Mollusca,Gastropoda,Littorinimorpha,Rissoidae,Rissoa,Rissoa guernei,0.079949331,Gastropoda
Alaria,Pabay_13_11_21_3,Pabay,Mid,3,13_11_2021,13,11,2021,reads,48155.5,Limapontia capitata,Animalia,Mollusca,Gastropoda,Sacoglossa,Limapontiidae,Limapontia,Limapontia capitata,0.068527998,Gastropoda
Alaria,Pabay_13_11_21_3,Pabay,Mid,3,13_11_2021,13,11,2021,reads,48155.5,Peringia ulvae,Animalia,Mollusca,Gastropoda,Littorinimorpha,Hydrobiidae,Peringia,Peringia ulvae,0.029072484,Gastropoda
Alaria,Pabay_13_11_21_3,Pabay,Mid,3,13_11_2021,13,11,2021,reads,48155.5,Stenophysa marmorata,Animalia,Mollusca,Gastropoda,Hygrophila,Physidae,Stenophysa,Stenophysa marmorata,0.026995878,Gastropoda
Saccharina,Pabay_13_11_21_3,Pabay,Mid,3,13_11_2021,13,11,2021,reads,48155.5,Rissoa guernei,Animalia,Mollusca,Gastropoda,Littorinimorpha,Rissoidae,Rissoa,Rissoa guernei,0.106945209,Gastropoda
Saccharina,Pabay_13_11_21_3,Pabay,Mid,3,13_11_2021,13,11,2021,reads,48155.5,Rissoa guernei.1,Animalia,Mollusca,Gastropoda,Littorinimorpha,Rissoidae,Rissoa,Rissoa guernei,0.079949331,Gastropoda
Saccharina,Pabay_13_11_21_3,Pabay,Mid,3,13_11_2021,13,11,2021,reads,48155.5,Limapontia capitata,Animalia,Mollusca,Gastropoda,Sacoglossa,Limapontiidae,Limapontia,Limapontia capitata,0.068527998,Gastropoda
Saccharina,Pabay_13_11_21_3,Pabay,Mid,3,13_11_2021,13,11,2021,reads,48155.5,Peringia ulvae,Animalia,Mollusca,Gastropoda,Littorinimorpha,Hydrobiidae,Peringia,Peringia ulvae,0.029072484,Gastropoda
Saccharina,Pabay_13_11_21_3,Pabay,Mid,3,13_11_2021,13,11,2021,reads,48155.5,Stenophysa marmorata,Animalia,Mollusca,Gastropoda,Hygrophila,Physidae,Stenophysa,Stenophysa marmorata,0.026995878,Gastropoda
Alaria,Pabay_14_1_22_1,Pabay,NE,1,14_1_2022,14,1,2022,reads,9660.5,Sconsia sp. MNHN-IM-2013-61442,Animalia,Mollusca,Gastropoda,Littorinimorpha,Cassidae,Sconsia,Sconsia sp. MNHN-IM-2013-61442,0.025878578,Gastropoda
Alaria,Pabay_14_1_22_1,Pabay,NE,1,14_1_2022,14,1,2022,reads,9660.5,Megalovalvata piligera,Animalia,Mollusca,Gastropoda,Littorinimorpha,Valvatidae,Megalovalvata,Megalovalvata piligera,0.015527147,Gastropoda
Saccharina,Pabay_14_1_22_1,Pabay,NE,1,14_1_2022,14,1,2022,reads,9660.5,Sconsia sp. MNHN-IM-2013-61442,Animalia,Mollusca,Gastropoda,Littorinimorpha,Cassidae,Sconsia,Sconsia sp. MNHN-IM-2013-61442,0.025878578,Gastropoda
Saccharina,Pabay_14_1_22_1,Pabay,NE,1,14_1_2022,14,1,2022,reads,9660.5,Megalovalvata piligera,Animalia,Mollusca,Gastropoda,Littorinimorpha,Valvatidae,Megalovalvata,Megalovalvata piligera,0.015527147,Gastropoda
Alaria,Pabay_14_1_22_3,Pabay,Mid,3,14_1_2022,14,1,2022,reads,9612.5,Sconsia sp. MNHN-IM-2013-61442,Animalia,Mollusca,Gastropoda,Littorinimorpha,Cassidae,Sconsia,Sconsia sp. MNHN-IM-2013-61442,0.013003901,Gastropoda
Alaria,Pabay_14_1_22_3,Pabay,Mid,3,14_1_2022,14,1,2022,reads,9612.5,Megalovalvata piligera,Animalia,Mollusca,Gastropoda,Littorinimorpha,Valvatidae,Megalovalvata,Megalovalvata piligera,0.015604681,Gastropoda
Saccharina,Pabay_14_1_22_3,Pabay,Mid,3,14_1_2022,14,1,2022,reads,9612.5,Sconsia sp. MNHN-IM-2013-61442,Animalia,Mollusca,Gastropoda,Littorinimorpha,Cassidae,Sconsia,Sconsia sp. MNHN-IM-2013-61442,0.013003901,Gastropoda
Saccharina,Pabay_14_1_22_3,Pabay,Mid,3,14_1_2022,14,1,2022,reads,9612.5,Megalovalvata piligera,Animalia,Mollusca,Gastropoda,Littorinimorpha,Valvatidae,Megalovalvata,Megalovalvata piligera,0.015604681,Gastropoda
Alaria,Pabay_15_7_22_2,Pabay,NW,2,15_7_2022,15,7,2022,reads,15381.5,Antarctoneptunea aurora,Animalia,Mollusca,Gastropoda,Neogastropoda,Buccinidae,Antarctoneptunea,Antarctoneptunea aurora,0.068263823,Gastropoda
Saccharina,Pabay_15_7_22_2,Pabay,NW,2,15_7_2022,15,7,2022,reads,15381.5,Antarctoneptunea aurora,Animalia,Mollusca,Gastropoda,Neogastropoda,Buccinidae,Antarctoneptunea,Antarctoneptunea aurora,0.068263823,Gastropoda
Alaria,Pabay_15_7_22_3,Pabay,Mid,3,15_7_2022,15,7,2022,reads,31703.5,Siphonaria pectinata,Animalia,Mollusca,Gastropoda,Siphonariida,Siphonariidae,Siphonaria,Siphonaria pectinata,0.097781002,Gastropoda
Alaria,Pabay_15_7_22_3,Pabay,Mid,3,15_7_2022,15,7,2022,reads,31703.5,Bulinus nasutus,Animalia,Mollusca,Gastropoda,Hygrophila,Planorbidae,Bulinus,Bulinus nasutus,0.006308452,Gastropoda
Saccharina,Pabay_15_7_22_3,Pabay,Mid,3,15_7_2022,15,7,2022,reads,31703.5,Siphonaria pectinata,Animalia,Mollusca,Gastropoda,Siphonariida,Siphonariidae,Siphonaria,Siphonaria pectinata,0.097781002,Gastropoda
Saccharina,Pabay_15_7_22_3,Pabay,Mid,3,15_7_2022,15,7,2022,reads,31703.5,Bulinus nasutus,Animalia,Mollusca,Gastropoda,Hygrophila,Planorbidae,Bulinus,Bulinus nasutus,0.006308452,Gastropoda
Alaria,Pabay_16_9_21_2,Pabay,NW,2,16_9_2021,16,9,2021,reads,12941.5,Steromphala cineraria,Animalia,Mollusca,Gastropoda,Trochida,Trochidae,Steromphala,Steromphala cineraria,0.583394506,Gastropoda
Saccharina,Pabay_16_9_21_2,Pabay,NW,2,16_9_2021,16,9,2021,reads,12941.5,Steromphala cineraria,Animalia,Mollusca,Gastropoda,Trochida,Trochidae,Steromphala,Steromphala cineraria,0.583394506,Gastropoda
Alaria,Pabay_21_12_21_3,Pabay,Mid,3,21_12_2021,21,12,2021,reads,7662.5,Ercolania sp. KH-2011.1,Animalia,Mollusca,Gastropoda,Sacoglossa,Limapontiidae,Ercolania,Ercolania sp. KH-2011,0.019575856,Gastropoda
Saccharina,Pabay_21_12_21_3,Pabay,Mid,3,21_12_2021,21,12,2021,reads,7662.5,Ercolania sp. KH-2011.1,Animalia,Mollusca,Gastropoda,Sacoglossa,Limapontiidae,Ercolania,Ercolania sp. KH-2011,0.019575856,Gastropoda
Alaria,Pabay_22_5_22_2,Pabay,NW,2,22_5_2022,22,5,2022,reads,46114.5,Assiminea grayana,Animalia,Mollusca,Gastropoda,Littorinimorpha,Assimineidae,Assiminea,Assiminea grayana,0.053128625,Gastropoda
Saccharina,Pabay_22_5_22_2,Pabay,NW,2,22_5_2022,22,5,2022,reads,46114.5,Assiminea grayana,Animalia,Mollusca,Gastropoda,Littorinimorpha,Assimineidae,Assiminea,Assiminea grayana,0.053128625,Gastropoda
Alaria,Pabay_25_2_22_1,Pabay,NE,1,25_2_2022,25,2,2022,reads,7907,Ercolania sp. KH-2011,Animalia,Mollusca,Gastropoda,Sacoglossa,Limapontiidae,Ercolania,Ercolania sp. KH-2011,0.145440749,Gastropoda
Saccharina,Pabay_25_2_22_1,Pabay,NE,1,25_2_2022,25,2,2022,reads,7907,Ercolania sp. KH-2011,Animalia,Mollusca,Gastropoda,Sacoglossa,Limapontiidae,Ercolania,Ercolania sp. KH-2011,0.145440749,Gastropoda
Alaria,Pabay_29_11_21_1,Pabay,NE,1,29_11_2021,29,11,2021,reads,10058.75,Segmentina nitida,Animalia,Mollusca,Gastropoda,Hygrophila,Planorbidae,Segmentina,Segmentina nitida,0.037280974,Gastropoda
Saccharina,Pabay_29_11_21_1,Pabay,NE,1,29_11_2021,29,11,2021,reads,10058.75,Segmentina nitida,Animalia,Mollusca,Gastropoda,Hygrophila,Planorbidae,Segmentina,Segmentina nitida,0.037280974,Gastropoda
Alaria,Pabay_29_11_21_3,Pabay,Mid,3,29_11_2021,29,11,2021,reads,15537.5,Segmentina nitida,Animalia,Mollusca,Gastropoda,Hygrophila,Planorbidae,Segmentina,Segmentina nitida,0.048270314,Gastropoda
Saccharina,Pabay_29_11_21_3,Pabay,Mid,3,29_11_2021,29,11,2021,reads,15537.5,Segmentina nitida,Animalia,Mollusca,Gastropoda,Hygrophila,Planorbidae,Segmentina,Segmentina nitida,0.048270314,Gastropoda
Alaria,Pabay_30_6_22_1,Pabay,NE,1,30_6_2022,30,6,2022,reads,60441.5,Rissoa guernei,Animalia,Mollusca,Gastropoda,Littorinimorpha,Rissoidae,Rissoa,Rissoa guernei,0.011581447,Gastropoda
Alaria,Pabay_30_6_22_1,Pabay,NE,1,30_6_2022,30,6,2022,reads,60441.5,Atlanta ariejansseni,Animalia,Mollusca,Gastropoda,Littorinimorpha,Atlantidae,Atlanta,Atlanta ariejansseni,0.032262601,Gastropoda
Alaria,Pabay_30_6_22_1,Pabay,NE,1,30_6_2022,30,6,2022,reads,60441.5,Placida dendritica,Animalia,Mollusca,Gastropoda,Sacoglossa,Limapontiidae,Placida,Placida dendritica,0.027299124,Gastropoda
Alaria,Pabay_30_6_22_1,Pabay,NE,1,30_6_2022,30,6,2022,reads,60441.5,Mitrella moleculina.1,Animalia,Mollusca,Gastropoda,Neogastropoda,Columbellidae,Mitrella,Mitrella moleculina,0.014890431,Gastropoda
Saccharina,Pabay_30_6_22_1,Pabay,NE,1,30_6_2022,30,6,2022,reads,60441.5,Rissoa guernei,Animalia,Mollusca,Gastropoda,Littorinimorpha,Rissoidae,Rissoa,Rissoa guernei,0.011581447,Gastropoda
Saccharina,Pabay_30_6_22_1,Pabay,NE,1,30_6_2022,30,6,2022,reads,60441.5,Atlanta ariejansseni,Animalia,Mollusca,Gastropoda,Littorinimorpha,Atlantidae,Atlanta,Atlanta ariejansseni,0.032262601,Gastropoda
Saccharina,Pabay_30_6_22_1,Pabay,NE,1,30_6_2022,30,6,2022,reads,60441.5,Placida dendritica,Animalia,Mollusca,Gastropoda,Sacoglossa,Limapontiidae,Placida,Placida dendritica,0.027299124,Gastropoda
Saccharina,Pabay_30_6_22_1,Pabay,NE,1,30_6_2022,30,6,2022,reads,60441.5,Mitrella moleculina.1,Animalia,Mollusca,Gastropoda,Neogastropoda,Columbellidae,Mitrella,Mitrella moleculina,0.014890431,Gastropoda
Alaria,Pabay_7_5_22_1,Pabay,NE,1,7_5_2022,7,5,2022,reads,16931.5,Burnupia sp. UGSB 25228,Animalia,Mollusca,Gastropoda,Hygrophila,Planorbidae,Burnupia,Burnupia sp. UGSB 25228,0.212621445,Gastropoda
Saccharina,Pabay_7_5_22_1,Pabay,NE,1,7_5_2022,7,5,2022,reads,16931.5,Burnupia sp. UGSB 25228,Animalia,Mollusca,Gastropoda,Hygrophila,Planorbidae,Burnupia,Burnupia sp. UGSB 25228,0.212621445,Gastropoda
Alaria,Pabay_8_2_22_1,Pabay,NE,1,8_2_2022,8,2,2022,reads,8453,Neritina canalis,Animalia,Mollusca,Gastropoda,Cycloneritida,Neritidae,Neritina,Neritina canalis,0.053235538,Gastropoda
Saccharina,Pabay_8_2_22_1,Pabay,NE,1,8_2_2022,8,2,2022,reads,8453,Neritina canalis,Animalia,Mollusca,Gastropoda,Cycloneritida,Neritidae,Neritina,Neritina canalis,0.053235538,Gastropoda
Alaria,Pabay_8_2_22_2,Pabay,NW,2,8_2_2022,8,2,2022,reads,3594.5,Therasia thaisa,Animalia,Mollusca,Gastropoda,Nudibranchia,Dorididae,Therasia,Therasia thaisa,0.180831826,Gastropoda
Saccharina,Pabay_8_2_22_2,Pabay,NW,2,8_2_2022,8,2,2022,reads,3594.5,Therasia thaisa,Animalia,Mollusca,Gastropoda,Nudibranchia,Dorididae,Therasia,Therasia thaisa,0.180831826,Gastropoda
Alaria,Pabay_8_3_22_1,Pabay,NE,1,8_3_2022,8,3,2022,reads,18127.5,Lacuna vincta.1,Animalia,Mollusca,Gastropoda,Littorinimorpha,Littorinidae,Lacuna,Lacuna vincta,0.096538408,Gastropoda
Alaria,Pabay_8_3_22_1,Pabay,NE,1,8_3_2022,8,3,2022,reads,18127.5,Lacuna vincta.2,Animalia,Mollusca,Gastropoda,Littorinimorpha,Littorinidae,Lacuna,Lacuna vincta,0.082747207,Gastropoda
Alaria,Pabay_8_3_22_1,Pabay,NE,1,8_3_2022,8,3,2022,reads,18127.5,Doto coronata.1,Animalia,Mollusca,Gastropoda,Nudibranchia,Dotidae,Doto,Doto coronata,0.052406565,Gastropoda
Alaria,Pabay_8_3_22_1,Pabay,NE,1,8_3_2022,8,3,2022,reads,18127.5,Doto coronata.2,Animalia,Mollusca,Gastropoda,Nudibranchia,Dotidae,Doto,Doto coronata,0.046890084,Gastropoda
Saccharina,Pabay_8_3_22_1,Pabay,NE,1,8_3_2022,8,3,2022,reads,18127.5,Lacuna vincta.1,Animalia,Mollusca,Gastropoda,Littorinimorpha,Littorinidae,Lacuna,Lacuna vincta,0.096538408,Gastropoda
Saccharina,Pabay_8_3_22_1,Pabay,NE,1,8_3_2022,8,3,2022,reads,18127.5,Lacuna vincta.2,Animalia,Mollusca,Gastropoda,Littorinimorpha,Littorinidae,Lacuna,Lacuna vincta,0.082747207,Gastropoda
Saccharina,Pabay_8_3_22_1,Pabay,NE,1,8_3_2022,8,3,2022,reads,18127.5,Doto coronata.1,Animalia,Mollusca,Gastropoda,Nudibranchia,Dotidae,Doto,Doto coronata,0.052406565,Gastropoda
Saccharina,Pabay_8_3_22_1,Pabay,NE,1,8_3_2022,8,3,2022,reads,18127.5,Doto coronata.2,Animalia,Mollusca,Gastropoda,Nudibranchia,Dotidae,Doto,Doto coronata,0.046890084,Gastropoda
Alaria,Pabay_8_3_22_3,Pabay,Mid,3,8_3_2022,8,3,2022,reads,27323,Glyptophysa sp. 11 PGA-2018,Animalia,Mollusca,Gastropoda,Hygrophila,Planorbidae,Glyptophysa,Glyptophysa sp. 11 PGA-2018,0.075028364,Gastropoda
Alaria,Pabay_8_3_22_3,Pabay,Mid,3,8_3_2022,8,3,2022,reads,27323,Mitrella moleculina.2,Animalia,Mollusca,Gastropoda,Neogastropoda,Columbellidae,Mitrella,Mitrella moleculina,0.029279362,Gastropoda
Saccharina,Pabay_8_3_22_3,Pabay,Mid,3,8_3_2022,8,3,2022,reads,27323,Glyptophysa sp. 11 PGA-2018,Animalia,Mollusca,Gastropoda,Hygrophila,Planorbidae,Glyptophysa,Glyptophysa sp. 11 PGA-2018,0.075028364,Gastropoda
Saccharina,Pabay_8_3_22_3,Pabay,Mid,3,8_3_2022,8,3,2022,reads,27323,Mitrella moleculina.2,Animalia,Mollusca,Gastropoda,Neogastropoda,Columbellidae,Mitrella,Mitrella moleculina,0.029279362,Gastropoda
Alaria,Scalpay_15_6_21_4,Scalpay,4,4,15_6_2021,15,6,2021,reads,11373.5,Lacuna vincta,Animalia,Mollusca,Gastropoda,Littorinimorpha,Littorinidae,Lacuna,Lacuna vincta,0.003266135,Gastropoda
Alaria,Scalpay_15_6_21_4,Scalpay,4,4,15_6_2021,15,6,2021,reads,11373.5,Mitrella moleculina,Animalia,Mollusca,Gastropoda,Neogastropoda,Columbellidae,Mitrella,Mitrella moleculina,0.001525301,Gastropoda
Saccharina,Scalpay_15_6_21_4,Scalpay,4,4,15_6_2021,15,6,2021,reads,11373.5,Lacuna vincta,Animalia,Mollusca,Gastropoda,Littorinimorpha,Littorinidae,Lacuna,Lacuna vincta,0.003266135,Gastropoda
Saccharina,Scalpay_15_6_21_4,Scalpay,4,4,15_6_2021,15,6,2021,reads,11373.5,Mitrella moleculina,Animalia,Mollusca,Gastropoda,Neogastropoda,Columbellidae,Mitrella,Mitrella moleculina,0.001525301,Gastropoda
Alaria,Pabay_10_12_21_1,Pabay,NE,1,10_12_2021,10,12,2021,reads,1412.5,Clytia sp. 2 AFC-2016,Animalia,Cnidaria,Hydrozoa,Leptothecata,Campanulariidae,Clytia,Clytia sp. 2 AFC-2016,9.380530973,Hydrozoa
Alaria,Pabay_10_12_21_1,Pabay,NE,1,10_12_2021,10,12,2021,reads,1412.5,Maresearsia praeclara,Animalia,Cnidaria,Hydrozoa,Anthoathecata,Corynidae,Maresearsia,Maresearsia praeclara,0.389380531,Hydrozoa
Alaria,Pabay_10_12_21_1,Pabay,NE,1,10_12_2021,10,12,2021,reads,1412.5,Clytia sp. 2 AFC-2016.2,Animalia,Cnidaria,Hydrozoa,Leptothecata,Campanulariidae,Clytia,Clytia sp. 2 AFC-2016,0.814159292,Hydrozoa
Saccharina,Pabay_10_12_21_1,Pabay,NE,1,10_12_2021,10,12,2021,reads,1412.5,Clytia sp. 2 AFC-2016,Animalia,Cnidaria,Hydrozoa,Leptothecata,Campanulariidae,Clytia,Clytia sp. 2 AFC-2016,9.380530973,Hydrozoa
Saccharina,Pabay_10_12_21_1,Pabay,NE,1,10_12_2021,10,12,2021,reads,1412.5,Maresearsia praeclara,Animalia,Cnidaria,Hydrozoa,Anthoathecata,Corynidae,Maresearsia,Maresearsia praeclara,0.389380531,Hydrozoa
Saccharina,Pabay_10_12_21_1,Pabay,NE,1,10_12_2021,10,12,2021,reads,1412.5,Clytia sp. 2 AFC-2016.2,Animalia,Cnidaria,Hydrozoa,Leptothecata,Campanulariidae,Clytia,Clytia sp. 2 AFC-2016,0.814159292,Hydrozoa
Alaria,Pabay_10_12_21_2,Pabay,NW,2,10_12_2021,10,12,2021,reads,1191.5,Maresearsia praeclara,Animalia,Cnidaria,Hydrozoa,Anthoathecata,Corynidae,Maresearsia,Maresearsia praeclara,0.713386488,Hydrozoa
Saccharina,Pabay_10_12_21_2,Pabay,NW,2,10_12_2021,10,12,2021,reads,1191.5,Maresearsia praeclara,Animalia,Cnidaria,Hydrozoa,Anthoathecata,Corynidae,Maresearsia,Maresearsia praeclara,0.713386488,Hydrozoa
Alaria,Pabay_10_4_22_2,Pabay,NW,2,10_4_2022,10,4,2022,reads,12291.5,Pennaria disticha.1,Animalia,Cnidaria,Hydrozoa,Anthoathecata,Pennariidae,Pennaria,Pennaria disticha,0.004067852,Hydrozoa
Saccharina,Pabay_10_4_22_2,Pabay,NW,2,10_4_2022,10,4,2022,reads,12291.5,Pennaria disticha.1,Animalia,Cnidaria,Hydrozoa,Anthoathecata,Pennariidae,Pennaria,Pennaria disticha,0.004067852,Hydrozoa
Alaria,Pabay_10_4_22_3,Pabay,Mid,3,10_4_2022,10,4,2022,reads,93132,Clytia sp. 2 AFC-2016,Animalia,Cnidaria,Hydrozoa,Leptothecata,Campanulariidae,Clytia,Clytia sp. 2 AFC-2016,2.524374007,Hydrozoa
Alaria,Pabay_10_4_22_3,Pabay,Mid,3,10_4_2022,10,4,2022,reads,93132,Bougainvillia muscus,Animalia,Cnidaria,Hydrozoa,Anthoathecata,Bougainvilliidae,Bougainvillia,Bougainvillia muscus,1.960657991,Hydrozoa
Alaria,Pabay_10_4_22_3,Pabay,Mid,3,10_4_2022,10,4,2022,reads,93132,Bougainvillia muscus.1,Animalia,Cnidaria,Hydrozoa,Anthoathecata,Bougainvilliidae,Bougainvillia,Bougainvillia muscus,0.306017266,Hydrozoa
Alaria,Pabay_10_4_22_3,Pabay,Mid,3,10_4_2022,10,4,2022,reads,93132,Bougainvillia muscus.2,Animalia,Cnidaria,Hydrozoa,Anthoathecata,Bougainvilliidae,Bougainvillia,Bougainvillia muscus,0.209380235,Hydrozoa
Alaria,Pabay_10_4_22_3,Pabay,Mid,3,10_4_2022,10,4,2022,reads,93132,Obelia bidentata.1,Animalia,Cnidaria,Hydrozoa,Leptothecata,Campanulariidae,Obelia,Obelia bidentata,0.110595714,Hydrozoa
Alaria,Pabay_10_4_22_3,Pabay,Mid,3,10_4_2022,10,4,2022,reads,93132,Clytia sp. 2 AFC-2016.1,Animalia,Cnidaria,Hydrozoa,Leptothecata,Campanulariidae,Clytia,Clytia sp. 2 AFC-2016,0.092342052,Hydrozoa
Alaria,Pabay_10_4_22_3,Pabay,Mid,3,10_4_2022,10,4,2022,reads,93132,Bougainvillia muscus.3,Animalia,Cnidaria,Hydrozoa,Anthoathecata,Bougainvilliidae,Bougainvillia,Bougainvillia muscus,0.082678349,Hydrozoa
Alaria,Pabay_10_4_22_3,Pabay,Mid,3,10_4_2022,10,4,2022,reads,93132,Clytia sp. 1 SL-2013,Animalia,Cnidaria,Hydrozoa,Leptothecata,Campanulariidae,Clytia,Clytia sp. 1 SL-2013,0.052613495,Hydrozoa
Saccharina,Pabay_10_4_22_3,Pabay,Mid,3,10_4_2022,10,4,2022,reads,93132,Clytia sp. 2 AFC-2016,Animalia,Cnidaria,Hydrozoa,Leptothecata,Campanulariidae,Clytia,Clytia sp. 2 AFC-2016,2.524374007,Hydrozoa
Saccharina,Pabay_10_4_22_3,Pabay,Mid,3,10_4_2022,10,4,2022,reads,93132,Bougainvillia muscus,Animalia,Cnidaria,Hydrozoa,Anthoathecata,Bougainvilliidae,Bougainvillia,Bougainvillia muscus,1.960657991,Hydrozoa
Saccharina,Pabay_10_4_22_3,Pabay,Mid,3,10_4_2022,10,4,2022,reads,93132,Bougainvillia muscus.1,Animalia,Cnidaria,Hydrozoa,Anthoathecata,Bougainvilliidae,Bougainvillia,Bougainvillia muscus,0.306017266,Hydrozoa
Saccharina,Pabay_10_4_22_3,Pabay,Mid,3,10_4_2022,10,4,2022,reads,93132,Bougainvillia muscus.2,Animalia,Cnidaria,Hydrozoa,Anthoathecata,Bougainvilliidae,Bougainvillia,Bougainvillia muscus,0.209380235,Hydrozoa
Saccharina,Pabay_10_4_22_3,Pabay,Mid,3,10_4_2022,10,4,2022,reads,93132,Obelia bidentata.1,Animalia,Cnidaria,Hydrozoa,Leptothecata,Campanulariidae,Obelia,Obelia bidentata,0.110595714,Hydrozoa
Saccharina,Pabay_10_4_22_3,Pabay,Mid,3,10_4_2022,10,4,2022,reads,93132,Clytia sp. 2 AFC-2016.1,Animalia,Cnidaria,Hydrozoa,Leptothecata,Campanulariidae,Clytia,Clytia sp. 2 AFC-2016,0.092342052,Hydrozoa
Saccharina,Pabay_10_4_22_3,Pabay,Mid,3,10_4_2022,10,4,2022,reads,93132,Bougainvillia muscus.3,Animalia,Cnidaria,Hydrozoa,Anthoathecata,Bougainvilliidae,Bougainvillia,Bougainvillia muscus,0.082678349,Hydrozoa
Saccharina,Pabay_10_4_22_3,Pabay,Mid,3,10_4_2022,10,4,2022,reads,93132,Clytia sp. 1 SL-2013,Animalia,Cnidaria,Hydrozoa,Leptothecata,Campanulariidae,Clytia,Clytia sp. 1 SL-2013,0.052613495,Hydrozoa
Alaria,Pabay_13_11_21_1,Pabay,NE,1,13_11_2021,13,11,2021,reads,3404,Obelia bidentata.3,Animalia,Cnidaria,Hydrozoa,Leptothecata,Campanulariidae,Obelia,Obelia bidentata,0.044065805,Hydrozoa
Saccharina,Pabay_13_11_21_1,Pabay,NE,1,13_11_2021,13,11,2021,reads,3404,Obelia bidentata.3,Animalia,Cnidaria,Hydrozoa,Leptothecata,Campanulariidae,Obelia,Obelia bidentata,0.044065805,Hydrozoa
Alaria,Pabay_13_11_21_3,Pabay,Mid,3,13_11_2021,13,11,2021,reads,48155.5,Aequorea sp. USNM IZ 1448486,Animalia,Cnidaria,Hydrozoa,Leptothecata,Aequoreidae,Aequorea,Aequorea sp. USNM IZ 1448486,0.31875902,Hydrozoa
Alaria,Pabay_13_11_21_3,Pabay,Mid,3,13_11_2021,13,11,2021,reads,48155.5,Garveia annulata.1,Animalia,Cnidaria,Hydrozoa,Anthoathecata,Bougainvilliidae,Garveia,Garveia annulata,0.033225696,Hydrozoa
Alaria,Pabay_13_11_21_3,Pabay,Mid,3,13_11_2021,13,11,2021,reads,48155.5,Siphonophorae sp. NHM_339.1,Animalia,Cnidaria,Hydrozoa,Siphonophorae,Siphonophorae,Siphonophorae,Siphonophorae sp. NHM 339,0.046723635,Hydrozoa
Alaria,Pabay_13_11_21_3,Pabay,Mid,3,13_11_2021,13,11,2021,reads,48155.5,Coryne pintneri,Animalia,Cnidaria,Hydrozoa,Anthoathecata,Corynidae,Coryne,Coryne pintneri,0.025957575,Hydrozoa
Alaria,Pabay_13_11_21_3,Pabay,Mid,3,13_11_2021,13,11,2021,reads,48155.5,Apolemia sp..1,Animalia,Cnidaria,Hydrozoa,Siphonophorae,Apolemiidae,Apolemia,Apolemia sp.,0.022842666,Hydrozoa
Alaria,Pabay_13_11_21_3,Pabay,Mid,3,13_11_2021,13,11,2021,reads,48155.5,Liriope tetraphylla,Animalia,Cnidaria,Hydrozoa,Leptothecata,Geryoniidae,Liriope,Liriope tetraphylla,0.008306424,Hydrozoa
Saccharina,Pabay_13_11_21_3,Pabay,Mid,3,13_11_2021,13,11,2021,reads,48155.5,Aequorea sp. USNM IZ 1448486,Animalia,Cnidaria,Hydrozoa,Leptothecata,Aequoreidae,Aequorea,Aequorea sp. USNM IZ 1448486,0.31875902,Hydrozoa
Saccharina,Pabay_13_11_21_3,Pabay,Mid,3,13_11_2021,13,11,2021,reads,48155.5,Garveia annulata.1,Animalia,Cnidaria,Hydrozoa,Anthoathecata,Bougainvilliidae,Garveia,Garveia annulata,0.033225696,Hydrozoa
Saccharina,Pabay_13_11_21_3,Pabay,Mid,3,13_11_2021,13,11,2021,reads,48155.5,Siphonophorae sp. NHM_339.1,Animalia,Cnidaria,Hydrozoa,Siphonophorae,Siphonophorae,Siphonophorae,Siphonophorae sp. NHM 339,0.046723635,Hydrozoa
Saccharina,Pabay_13_11_21_3,Pabay,Mid,3,13_11_2021,13,11,2021,reads,48155.5,Coryne pintneri,Animalia,Cnidaria,Hydrozoa,Anthoathecata,Corynidae,Coryne,Coryne pintneri,0.025957575,Hydrozoa
Saccharina,Pabay_13_11_21_3,Pabay,Mid,3,13_11_2021,13,11,2021,reads,48155.5,Apolemia sp..1,Animalia,Cnidaria,Hydrozoa,Siphonophorae,Apolemiidae,Apolemia,Apolemia sp.,0.022842666,Hydrozoa
Saccharina,Pabay_13_11_21_3,Pabay,Mid,3,13_11_2021,13,11,2021,reads,48155.5,Liriope tetraphylla,Animalia,Cnidaria,Hydrozoa,Leptothecata,Geryoniidae,Liriope,Liriope tetraphylla,0.008306424,Hydrozoa
Alaria,Pabay_14_1_22_1,Pabay,NE,1,14_1_2022,14,1,2022,reads,9660.5,Clytia sp. 2 AFC-2016,Animalia,Cnidaria,Hydrozoa,Leptothecata,Campanulariidae,Clytia,Clytia sp. 2 AFC-2016,0.652140158,Hydrozoa
Alaria,Pabay_14_1_22_1,Pabay,NE,1,14_1_2022,14,1,2022,reads,9660.5,Maresearsia praeclara,Animalia,Cnidaria,Hydrozoa,Anthoathecata,Corynidae,Maresearsia,Maresearsia praeclara,0.072460018,Hydrozoa
Alaria,Pabay_14_1_22_1,Pabay,NE,1,14_1_2022,14,1,2022,reads,9660.5,Aglaophenia tubulifera,Animalia,Cnidaria,Hydrozoa,Leptothecata,Aglaopheniidae,Aglaophenia,Aglaophenia tubulifera,0.041405724,Hydrozoa
Alaria,Pabay_14_1_22_1,Pabay,NE,1,14_1_2022,14,1,2022,reads,9660.5,Clytia sp. 2 AFC-2016.2,Animalia,Cnidaria,Hydrozoa,Leptothecata,Campanulariidae,Clytia,Clytia sp. 2 AFC-2016,0.051757155,Hydrozoa
Saccharina,Pabay_14_1_22_1,Pabay,NE,1,14_1_2022,14,1,2022,reads,9660.5,Clytia sp. 2 AFC-2016,Animalia,Cnidaria,Hydrozoa,Leptothecata,Campanulariidae,Clytia,Clytia sp. 2 AFC-2016,0.652140158,Hydrozoa
Saccharina,Pabay_14_1_22_1,Pabay,NE,1,14_1_2022,14,1,2022,reads,9660.5,Maresearsia praeclara,Animalia,Cnidaria,Hydrozoa,Anthoathecata,Corynidae,Maresearsia,Maresearsia praeclara,0.072460018,Hydrozoa
Saccharina,Pabay_14_1_22_1,Pabay,NE,1,14_1_2022,14,1,2022,reads,9660.5,Aglaophenia tubulifera,Animalia,Cnidaria,Hydrozoa,Leptothecata,Aglaopheniidae,Aglaophenia,Aglaophenia tubulifera,0.041405724,Hydrozoa
Saccharina,Pabay_14_1_22_1,Pabay,NE,1,14_1_2022,14,1,2022,reads,9660.5,Clytia sp. 2 AFC-2016.2,Animalia,Cnidaria,Hydrozoa,Leptothecata,Campanulariidae,Clytia,Clytia sp. 2 AFC-2016,0.051757155,Hydrozoa
Alaria,Pabay_14_1_22_2,Pabay ,NW,2,14_1_2022,14,1,2022,reads,9564.5,Clytia sp. 2 AFC-2016,Animalia,Cnidaria,Hydrozoa,Leptothecata,Campanulariidae,Clytia,Clytia sp. 2 AFC-2016,3.779601652,Hydrozoa
Alaria,Pabay_14_1_22_2,Pabay ,NW,2,14_1_2022,14,1,2022,reads,9564.5,Maresearsia praeclara,Animalia,Cnidaria,Hydrozoa,Anthoathecata,Corynidae,Maresearsia,Maresearsia praeclara,0.151602279,Hydrozoa
Alaria,Pabay_14_1_22_2,Pabay ,NW,2,14_1_2022,14,1,2022,reads,9564.5,Aglaophenia tubulifera,Animalia,Cnidaria,Hydrozoa,Leptothecata,Aglaopheniidae,Aglaophenia,Aglaophenia tubulifera,1.076898949,Hydrozoa
Alaria,Pabay_14_1_22_2,Pabay ,NW,2,14_1_2022,14,1,2022,reads,9564.5,Obelia bidentata,Animalia,Cnidaria,Hydrozoa,Leptothecata,Campanulariidae,Obelia,Obelia bidentata,0.073187307,Hydrozoa
Alaria,Pabay_14_1_22_2,Pabay ,NW,2,14_1_2022,14,1,2022,reads,9564.5,Clytia sp. 2 AFC-2016.2,Animalia,Cnidaria,Hydrozoa,Leptothecata,Campanulariidae,Clytia,Clytia sp. 2 AFC-2016,0.041821318,Hydrozoa
Alaria,Pabay_14_1_22_2,Pabay ,NW,2,14_1_2022,14,1,2022,reads,9564.5,Clytia sp. 2 AFC-2016.6,Animalia,Cnidaria,Hydrozoa,Leptothecata,Campanulariidae,Clytia,Clytia sp. 2 AFC-2016,0.01045533,Hydrozoa
Saccharina,Pabay_14_1_22_2,Pabay ,NW,2,14_1_2022,14,1,2022,reads,9564.5,Clytia sp. 2 AFC-2016,Animalia,Cnidaria,Hydrozoa,Leptothecata,Campanulariidae,Clytia,Clytia sp. 2 AFC-2016,3.779601652,Hydrozoa
Saccharina,Pabay_14_1_22_2,Pabay ,NW,2,14_1_2022,14,1,2022,reads,9564.5,Maresearsia praeclara,Animalia,Cnidaria,Hydrozoa,Anthoathecata,Corynidae,Maresearsia,Maresearsia praeclara,0.151602279,Hydrozoa
Saccharina,Pabay_14_1_22_2,Pabay ,NW,2,14_1_2022,14,1,2022,reads,9564.5,Aglaophenia tubulifera,Animalia,Cnidaria,Hydrozoa,Leptothecata,Aglaopheniidae,Aglaophenia,Aglaophenia tubulifera,1.076898949,Hydrozoa
Saccharina,Pabay_14_1_22_2,Pabay ,NW,2,14_1_2022,14,1,2022,reads,9564.5,Obelia bidentata,Animalia,Cnidaria,Hydrozoa,Leptothecata,Campanulariidae,Obelia,Obelia bidentata,0.073187307,Hydrozoa
Saccharina,Pabay_14_1_22_2,Pabay ,NW,2,14_1_2022,14,1,2022,reads,9564.5,Clytia sp. 2 AFC-2016.2,Animalia,Cnidaria,Hydrozoa,Leptothecata,Campanulariidae,Clytia,Clytia sp. 2 AFC-2016,0.041821318,Hydrozoa
Saccharina,Pabay_14_1_22_2,Pabay ,NW,2,14_1_2022,14,1,2022,reads,9564.5,Clytia sp. 2 AFC-2016.6,Animalia,Cnidaria,Hydrozoa,Leptothecata,Campanulariidae,Clytia,Clytia sp. 2 AFC-2016,0.01045533,Hydrozoa
Alaria,Pabay_14_1_22_3,Pabay,Mid,3,14_1_2022,14,1,2022,reads,9612.5,Clytia sp. 2 AFC-2016,Animalia,Cnidaria,Hydrozoa,Leptothecata,Campanulariidae,Clytia,Clytia sp. 2 AFC-2016,2.161248375,Hydrozoa
Alaria,Pabay_14_1_22_3,Pabay,Mid,3,14_1_2022,14,1,2022,reads,9612.5,Maresearsia praeclara,Animalia,Cnidaria,Hydrozoa,Anthoathecata,Corynidae,Maresearsia,Maresearsia praeclara,0.11183355,Hydrozoa
Alaria,Pabay_14_1_22_3,Pabay,Mid,3,14_1_2022,14,1,2022,reads,9612.5,Aglaophenia tubulifera,Animalia,Cnidaria,Hydrozoa,Leptothecata,Aglaopheniidae,Aglaophenia,Aglaophenia tubulifera,0.535760728,Hydrozoa
Alaria,Pabay_14_1_22_3,Pabay,Mid,3,14_1_2022,14,1,2022,reads,9612.5,Obelia bidentata,Animalia,Cnidaria,Hydrozoa,Leptothecata,Campanulariidae,Obelia,Obelia bidentata,0.036410923,Hydrozoa
Alaria,Pabay_14_1_22_3,Pabay,Mid,3,14_1_2022,14,1,2022,reads,9612.5,Clytia sp. 2 AFC-2016.2,Animalia,Cnidaria,Hydrozoa,Leptothecata,Campanulariidae,Clytia,Clytia sp. 2 AFC-2016,0.046814044,Hydrozoa
Alaria,Pabay_14_1_22_3,Pabay,Mid,3,14_1_2022,14,1,2022,reads,9612.5,Clytia sp. 2 AFC-2016.6,Animalia,Cnidaria,Hydrozoa,Leptothecata,Campanulariidae,Clytia,Clytia sp. 2 AFC-2016,0.00520156,Hydrozoa
Saccharina,Pabay_14_1_22_3,Pabay,Mid,3,14_1_2022,14,1,2022,reads,9612.5,Clytia sp. 2 AFC-2016,Animalia,Cnidaria,Hydrozoa,Leptothecata,Campanulariidae,Clytia,Clytia sp. 2 AFC-2016,2.161248375,Hydrozoa
Saccharina,Pabay_14_1_22_3,Pabay,Mid,3,14_1_2022,14,1,2022,reads,9612.5,Maresearsia praeclara,Animalia,Cnidaria,Hydrozoa,Anthoathecata,Corynidae,Maresearsia,Maresearsia praeclara,0.11183355,Hydrozoa
Saccharina,Pabay_14_1_22_3,Pabay,Mid,3,14_1_2022,14,1,2022,reads,9612.5,Aglaophenia tubulifera,Animalia,Cnidaria,Hydrozoa,Leptothecata,Aglaopheniidae,Aglaophenia,Aglaophenia tubulifera,0.535760728,Hydrozoa
Saccharina,Pabay_14_1_22_3,Pabay,Mid,3,14_1_2022,14,1,2022,reads,9612.5,Obelia bidentata,Animalia,Cnidaria,Hydrozoa,Leptothecata,Campanulariidae,Obelia,Obelia bidentata,0.036410923,Hydrozoa
Saccharina,Pabay_14_1_22_3,Pabay,Mid,3,14_1_2022,14,1,2022,reads,9612.5,Clytia sp. 2 AFC-2016.2,Animalia,Cnidaria,Hydrozoa,Leptothecata,Campanulariidae,Clytia,Clytia sp. 2 AFC-2016,0.046814044,Hydrozoa
Saccharina,Pabay_14_1_22_3,Pabay,Mid,3,14_1_2022,14,1,2022,reads,9612.5,Clytia sp. 2 AFC-2016.6,Animalia,Cnidaria,Hydrozoa,Leptothecata,Campanulariidae,Clytia,Clytia sp. 2 AFC-2016,0.00520156,Hydrozoa
Alaria,Pabay_15_6_21_2,Pabay,NW,2,15_6_2021,15,6,2021,reads,41126.5,Obelia sp. 3 SL-2013,Animalia,Cnidaria,Hydrozoa,Leptothecata,Campanulariidae,Obelia,Obelia sp. 3 SL-2013,0.05349349,Hydrozoa
Saccharina,Pabay_15_6_21_2,Pabay,NW,2,15_6_2021,15,6,2021,reads,41126.5,Obelia sp. 3 SL-2013,Animalia,Cnidaria,Hydrozoa,Leptothecata,Campanulariidae,Obelia,Obelia sp. 3 SL-2013,0.05349349,Hydrozoa
Alaria,Pabay_15_7_22_1,Pabay,NE,1,15_7_2022,15,7,2022,reads,36823.5,Clytia sp. 2 AFC-2016,Animalia,Cnidaria,Hydrozoa,Leptothecata,Campanulariidae,Clytia,Clytia sp. 2 AFC-2016,0.006789143,Hydrozoa
Alaria,Pabay_15_7_22_1,Pabay,NE,1,15_7_2022,15,7,2022,reads,36823.5,Garveia annulata,Animalia,Cnidaria,Hydrozoa,Anthoathecata,Bougainvilliidae,Garveia,Garveia annulata,0.473882168,Hydrozoa
Saccharina,Pabay_15_7_22_1,Pabay,NE,1,15_7_2022,15,7,2022,reads,36823.5,Clytia sp. 2 AFC-2016,Animalia,Cnidaria,Hydrozoa,Leptothecata,Campanulariidae,Clytia,Clytia sp. 2 AFC-2016,0.006789143,Hydrozoa
Saccharina,Pabay_15_7_22_1,Pabay,NE,1,15_7_2022,15,7,2022,reads,36823.5,Garveia annulata,Animalia,Cnidaria,Hydrozoa,Anthoathecata,Bougainvilliidae,Garveia,Garveia annulata,0.473882168,Hydrozoa
Alaria,Pabay_15_7_22_2,Pabay,NW,2,15_7_2022,15,7,2022,reads,15381.5,Garveia annulata.1,Animalia,Cnidaria,Hydrozoa,Anthoathecata,Bougainvilliidae,Garveia,Garveia annulata,0.081266456,Hydrozoa
Alaria,Pabay_15_7_22_2,Pabay,NW,2,15_7_2022,15,7,2022,reads,15381.5,Siphonophorae sp. NHM_339,Animalia,Cnidaria,Hydrozoa,Siphonophorae,Siphonophorae,Siphonophorae,Siphonophorae sp. NHM 339,0.221044762,Hydrozoa
Alaria,Pabay_15_7_22_2,Pabay,NW,2,15_7_2022,15,7,2022,reads,15381.5,Mitrocomella brownei,Animalia,Cnidaria,Hydrozoa,Leptothecata,Mitrocomidae,Mitrocomella,Mitrocomella brownei,0.185287521,Hydrozoa
Saccharina,Pabay_15_7_22_2,Pabay,NW,2,15_7_2022,15,7,2022,reads,15381.5,Garveia annulata.1,Animalia,Cnidaria,Hydrozoa,Anthoathecata,Bougainvilliidae,Garveia,Garveia annulata,0.081266456,Hydrozoa
Saccharina,Pabay_15_7_22_2,Pabay,NW,2,15_7_2022,15,7,2022,reads,15381.5,Siphonophorae sp. NHM_339,Animalia,Cnidaria,Hydrozoa,Siphonophorae,Siphonophorae,Siphonophorae,Siphonophorae sp. NHM 339,0.221044762,Hydrozoa
Saccharina,Pabay_15_7_22_2,Pabay,NW,2,15_7_2022,15,7,2022,reads,15381.5,Mitrocomella brownei,Animalia,Cnidaria,Hydrozoa,Leptothecata,Mitrocomidae,Mitrocomella,Mitrocomella brownei,0.185287521,Hydrozoa
Alaria,Pabay_21_12_21_2,Pabay,NW,2,21_12_2021,21,12,2021,reads,624,Aglaophenia tubulifera,Animalia,Cnidaria,Hydrozoa,Leptothecata,Aglaopheniidae,Aglaophenia,Aglaophenia tubulifera,0.480769231,Hydrozoa
Saccharina,Pabay_21_12_21_2,Pabay,NW,2,21_12_2021,21,12,2021,reads,624,Aglaophenia tubulifera,Animalia,Cnidaria,Hydrozoa,Leptothecata,Aglaopheniidae,Aglaophenia,Aglaophenia tubulifera,0.480769231,Hydrozoa
Alaria,Pabay_21_3_22_1,Pabay,NE,1,21_3_2022,21,3,2022,reads,1093,Botrynema brucei,Animalia,Cnidaria,Hydrozoa,Trachylina,Halicreatidae,Botrynema,Botrynema brucei,0.091491308,Hydrozoa
Saccharina,Pabay_21_3_22_1,Pabay,NE,1,21_3_2022,21,3,2022,reads,1093,Botrynema brucei,Animalia,Cnidaria,Hydrozoa,Trachylina,Halicreatidae,Botrynema,Botrynema brucei,0.091491308,Hydrozoa
Alaria,Pabay_21_3_22_2,Pabay,NW,2,21_3_2022,21,3,2022,reads,2658,Clytia sp. 2 AFC-2016,Animalia,Cnidaria,Hydrozoa,Leptothecata,Campanulariidae,Clytia,Clytia sp. 2 AFC-2016,2.878103837,Hydrozoa
Alaria,Pabay_21_3_22_2,Pabay,NW,2,21_3_2022,21,3,2022,reads,2658,Maresearsia praeclara,Animalia,Cnidaria,Hydrozoa,Anthoathecata,Corynidae,Maresearsia,Maresearsia praeclara,0.808878856,Hydrozoa
Saccharina,Pabay_21_3_22_2,Pabay,NW,2,21_3_2022,21,3,2022,reads,2658,Clytia sp. 2 AFC-2016,Animalia,Cnidaria,Hydrozoa,Leptothecata,Campanulariidae,Clytia,Clytia sp. 2 AFC-2016,2.878103837,Hydrozoa
Saccharina,Pabay_21_3_22_2,Pabay,NW,2,21_3_2022,21,3,2022,reads,2658,Maresearsia praeclara,Animalia,Cnidaria,Hydrozoa,Anthoathecata,Corynidae,Maresearsia,Maresearsia praeclara,0.808878856,Hydrozoa
Alaria,Pabay_21_3_22_3,Pabay,Mid,3,21_3_2022,21,3,2022,reads,2908.5,Maresearsia praeclara,Animalia,Cnidaria,Hydrozoa,Anthoathecata,Corynidae,Maresearsia,Maresearsia praeclara,4.813477738,Hydrozoa
Saccharina,Pabay_21_3_22_3,Pabay,Mid,3,21_3_2022,21,3,2022,reads,2908.5,Maresearsia praeclara,Animalia,Cnidaria,Hydrozoa,Anthoathecata,Corynidae,Maresearsia,Maresearsia praeclara,4.813477738,Hydrozoa
Alaria,Pabay_22_5_22_2,Pabay,NW,2,22_5_2022,22,5,2022,reads,46114.5,Clytia sp. 2 AFC-2016,Animalia,Cnidaria,Hydrozoa,Leptothecata,Campanulariidae,Clytia,Clytia sp. 2 AFC-2016,0.304676403,Hydrozoa
Alaria,Pabay_22_5_22_2,Pabay,NW,2,22_5_2022,22,5,2022,reads,46114.5,Apolemia sp.,Animalia,Cnidaria,Hydrozoa,Siphonophorae,Apolemiidae,Apolemia,Apolemia sp.,0.224441336,Hydrozoa
Alaria,Pabay_22_5_22_2,Pabay,NW,2,22_5_2022,22,5,2022,reads,46114.5,Obelia dichotoma,Animalia,Cnidaria,Hydrozoa,Leptothecata,Campanulariidae,Obelia,Obelia dichotoma,0.165891422,Hydrozoa
Alaria,Pabay_22_5_22_2,Pabay,NW,2,22_5_2022,22,5,2022,reads,46114.5,Pennaria disticha,Animalia,Cnidaria,Hydrozoa,Anthoathecata,Pennariidae,Pennaria,Pennaria disticha,0.123605374,Hydrozoa
Alaria,Pabay_22_5_22_2,Pabay,NW,2,22_5_2022,22,5,2022,reads,46114.5,Clytia sp. 2 AFC-2016.2,Animalia,Cnidaria,Hydrozoa,Leptothecata,Campanulariidae,Clytia,Clytia sp. 2 AFC-2016,0.004337031,Hydrozoa
Alaria,Pabay_22_5_22_2,Pabay,NW,2,22_5_2022,22,5,2022,reads,46114.5,Sarsia tubulosa,Animalia,Cnidaria,Hydrozoa,Anthoathecata,Corynidae,Sarsia,Sarsia tubulosa,0.026022184,Hydrozoa
Alaria,Pabay_22_5_22_2,Pabay,NW,2,22_5_2022,22,5,2022,reads,46114.5,Clytia sp. 1 SL-2013.2,Animalia,Cnidaria,Hydrozoa,Leptothecata,Campanulariidae,Clytia,Clytia sp. 1 SL-2013,0.007589804,Hydrozoa
Alaria,Pabay_22_5_22_2,Pabay,NW,2,22_5_2022,22,5,2022,reads,46114.5,Bougainvillia muscus.7,Animalia,Cnidaria,Hydrozoa,Anthoathecata,Bougainvilliidae,Bougainvillia,Bougainvillia muscus,0.005421288,Hydrozoa
Alaria,Pabay_22_5_22_2,Pabay,NW,2,22_5_2022,22,5,2022,reads,46114.5,Clytia sp. 1 SL-2013.4,Animalia,Cnidaria,Hydrozoa,Leptothecata,Campanulariidae,Clytia,Clytia sp. 1 SL-2013,0.005421288,Hydrozoa
Saccharina,Pabay_22_5_22_2,Pabay,NW,2,22_5_2022,22,5,2022,reads,46114.5,Clytia sp. 2 AFC-2016,Animalia,Cnidaria,Hydrozoa,Leptothecata,Campanulariidae,Clytia,Clytia sp. 2 AFC-2016,0.304676403,Hydrozoa
Saccharina,Pabay_22_5_22_2,Pabay,NW,2,22_5_2022,22,5,2022,reads,46114.5,Apolemia sp.,Animalia,Cnidaria,Hydrozoa,Siphonophorae,Apolemiidae,Apolemia,Apolemia sp.,0.224441336,Hydrozoa
Saccharina,Pabay_22_5_22_2,Pabay,NW,2,22_5_2022,22,5,2022,reads,46114.5,Obelia dichotoma,Animalia,Cnidaria,Hydrozoa,Leptothecata,Campanulariidae,Obelia,Obelia dichotoma,0.165891422,Hydrozoa
Saccharina,Pabay_22_5_22_2,Pabay,NW,2,22_5_2022,22,5,2022,reads,46114.5,Pennaria disticha,Animalia,Cnidaria,Hydrozoa,Anthoathecata,Pennariidae,Pennaria,Pennaria disticha,0.123605374,Hydrozoa
Saccharina,Pabay_22_5_22_2,Pabay,NW,2,22_5_2022,22,5,2022,reads,46114.5,Clytia sp. 2 AFC-2016.2,Animalia,Cnidaria,Hydrozoa,Leptothecata,Campanulariidae,Clytia,Clytia sp. 2 AFC-2016,0.004337031,Hydrozoa
Saccharina,Pabay_22_5_22_2,Pabay,NW,2,22_5_2022,22,5,2022,reads,46114.5,Sarsia tubulosa,Animalia,Cnidaria,Hydrozoa,Anthoathecata,Corynidae,Sarsia,Sarsia tubulosa,0.026022184,Hydrozoa
Saccharina,Pabay_22_5_22_2,Pabay,NW,2,22_5_2022,22,5,2022,reads,46114.5,Clytia sp. 1 SL-2013.2,Animalia,Cnidaria,Hydrozoa,Leptothecata,Campanulariidae,Clytia,Clytia sp. 1 SL-2013,0.007589804,Hydrozoa
Saccharina,Pabay_22_5_22_2,Pabay,NW,2,22_5_2022,22,5,2022,reads,46114.5,Bougainvillia muscus.7,Animalia,Cnidaria,Hydrozoa,Anthoathecata,Bougainvilliidae,Bougainvillia,Bougainvillia muscus,0.005421288,Hydrozoa
Saccharina,Pabay_22_5_22_2,Pabay,NW,2,22_5_2022,22,5,2022,reads,46114.5,Clytia sp. 1 SL-2013.4,Animalia,Cnidaria,Hydrozoa,Leptothecata,Campanulariidae,Clytia,Clytia sp. 1 SL-2013,0.005421288,Hydrozoa
Alaria,Pabay_22_5_22_3,Pabay,Mid,3,22_5_2022,22,5,2022,reads,3883.5,Clytia sp. 2 AFC-2016,Animalia,Cnidaria,Hydrozoa,Leptothecata,Campanulariidae,Clytia,Clytia sp. 2 AFC-2016,0.308999614,Hydrozoa
Saccharina,Pabay_22_5_22_3,Pabay,Mid,3,22_5_2022,22,5,2022,reads,3883.5,Clytia sp. 2 AFC-2016,Animalia,Cnidaria,Hydrozoa,Leptothecata,Campanulariidae,Clytia,Clytia sp. 2 AFC-2016,0.308999614,Hydrozoa
Alaria,Pabay_25_2_22_1,Pabay,NE,1,25_2_2022,25,2,2022,reads,7907,Maresearsia praeclara,Animalia,Cnidaria,Hydrozoa,Anthoathecata,Corynidae,Maresearsia,Maresearsia praeclara,0.031617554,Hydrozoa
Saccharina,Pabay_25_2_22_1,Pabay,NE,1,25_2_2022,25,2,2022,reads,7907,Maresearsia praeclara,Animalia,Cnidaria,Hydrozoa,Anthoathecata,Corynidae,Maresearsia,Maresearsia praeclara,0.031617554,Hydrozoa
Alaria,Pabay_25_2_22_2,Pabay,NW,2,25_2_2022,25,2,2022,reads,12847.5,Siphonophorae sp. NHM_339.2,Animalia,Cnidaria,Hydrozoa,Siphonophorae,Siphonophorae,Siphonophorae,Siphonophorae sp. NHM 339,0.023350846,Hydrozoa
Saccharina,Pabay_25_2_22_2,Pabay,NW,2,25_2_2022,25,2,2022,reads,12847.5,Siphonophorae sp. NHM_339.2,Animalia,Cnidaria,Hydrozoa,Siphonophorae,Siphonophorae,Siphonophorae,Siphonophorae sp. NHM 339,0.023350846,Hydrozoa
Alaria,Pabay_25_2_22_3,Pabay,Mid,3,25_2_2022,25,2,2022,reads,6863.5,Clytia sp. 2 AFC-2016,Animalia,Cnidaria,Hydrozoa,Leptothecata,Campanulariidae,Clytia,Clytia sp. 2 AFC-2016,0.029139652,Hydrozoa
Alaria,Pabay_25_2_22_3,Pabay,Mid,3,25_2_2022,25,2,2022,reads,6863.5,Maresearsia praeclara,Animalia,Cnidaria,Hydrozoa,Anthoathecata,Corynidae,Maresearsia,Maresearsia praeclara,0.058279304,Hydrozoa
Saccharina,Pabay_25_2_22_3,Pabay,Mid,3,25_2_2022,25,2,2022,reads,6863.5,Clytia sp. 2 AFC-2016,Animalia,Cnidaria,Hydrozoa,Leptothecata,Campanulariidae,Clytia,Clytia sp. 2 AFC-2016,0.029139652,Hydrozoa
Saccharina,Pabay_25_2_22_3,Pabay,Mid,3,25_2_2022,25,2,2022,reads,6863.5,Maresearsia praeclara,Animalia,Cnidaria,Hydrozoa,Anthoathecata,Corynidae,Maresearsia,Maresearsia praeclara,0.058279304,Hydrozoa
Alaria,Pabay_29_11_21_1,Pabay,NE,1,29_11_2021,29,11,2021,reads,10058.75,Clytia sp. 2 AFC-2016,Animalia,Cnidaria,Hydrozoa,Leptothecata,Campanulariidae,Clytia,Clytia sp. 2 AFC-2016,0.357897353,Hydrozoa
Alaria,Pabay_29_11_21_1,Pabay,NE,1,29_11_2021,29,11,2021,reads,10058.75,Maresearsia praeclara,Animalia,Cnidaria,Hydrozoa,Anthoathecata,Corynidae,Maresearsia,Maresearsia praeclara,0.012426991,Hydrozoa
Alaria,Pabay_29_11_21_1,Pabay,NE,1,29_11_2021,29,11,2021,reads,10058.75,Obelia bidentata,Animalia,Cnidaria,Hydrozoa,Leptothecata,Campanulariidae,Obelia,Obelia bidentata,0.193861066,Hydrozoa
Alaria,Pabay_29_11_21_1,Pabay,NE,1,29_11_2021,29,11,2021,reads,10058.75,Orthopyxis crenata,Animalia,Cnidaria,Hydrozoa,Leptothecata,Campanulariidae,Orthopyxis,Orthopyxis crenata,0.121784516,Hydrozoa
Alaria,Pabay_29_11_21_1,Pabay,NE,1,29_11_2021,29,11,2021,reads,10058.75,Siphonophorae sp. NHM_339.2,Animalia,Cnidaria,Hydrozoa,Siphonophorae,Siphonophorae,Siphonophorae,Siphonophorae sp. NHM 339,0.089474338,Hydrozoa
Alaria,Pabay_29_11_21_1,Pabay,NE,1,29_11_2021,29,11,2021,reads,10058.75,Bougainvillia muscus.5,Animalia,Cnidaria,Hydrozoa,Anthoathecata,Bougainvilliidae,Bougainvillia,Bougainvillia muscus,0.044737169,Hydrozoa
Alaria,Pabay_29_11_21_1,Pabay,NE,1,29_11_2021,29,11,2021,reads,10058.75,Dynamena pumila,Animalia,Cnidaria,Hydrozoa,Leptothecata,Sertulariidae,Dynamena,Dynamena pumila,0.044737169,Hydrozoa
Alaria,Pabay_29_11_21_1,Pabay,NE,1,29_11_2021,29,11,2021,reads,10058.75,Coryne pintneri.1,Animalia,Cnidaria,Hydrozoa,Anthoathecata,Corynidae,Coryne,Coryne pintneri,0.007456195,Hydrozoa
Alaria,Pabay_29_11_21_1,Pabay,NE,1,29_11_2021,29,11,2021,reads,10058.75,Eucheilota maculata,Animalia,Cnidaria,Hydrozoa,Leptothecata,Lovenellidae,Eucheilota,Eucheilota maculata,0.007456195,Hydrozoa
Alaria,Pabay_29_11_21_1,Pabay,NE,1,29_11_2021,29,11,2021,reads,10058.75,Apolemia sp. 3 CWD-2005,Animalia,Cnidaria,Hydrozoa,Siphonophorae,Apolemiidae,Apolemia,Apolemia sp. 3 CWD-2005,0.004970797,Hydrozoa
Saccharina,Pabay_29_11_21_1,Pabay,NE,1,29_11_2021,29,11,2021,reads,10058.75,Clytia sp. 2 AFC-2016,Animalia,Cnidaria,Hydrozoa,Leptothecata,Campanulariidae,Clytia,Clytia sp. 2 AFC-2016,0.357897353,Hydrozoa
Saccharina,Pabay_29_11_21_1,Pabay,NE,1,29_11_2021,29,11,2021,reads,10058.75,Maresearsia praeclara,Animalia,Cnidaria,Hydrozoa,Anthoathecata,Corynidae,Maresearsia,Maresearsia praeclara,0.012426991,Hydrozoa
Saccharina,Pabay_29_11_21_1,Pabay,NE,1,29_11_2021,29,11,2021,reads,10058.75,Obelia bidentata,Animalia,Cnidaria,Hydrozoa,Leptothecata,Campanulariidae,Obelia,Obelia bidentata,0.193861066,Hydrozoa
Saccharina,Pabay_29_11_21_1,Pabay,NE,1,29_11_2021,29,11,2021,reads,10058.75,Orthopyxis crenata,Animalia,Cnidaria,Hydrozoa,Leptothecata,Campanulariidae,Orthopyxis,Orthopyxis crenata,0.121784516,Hydrozoa
Saccharina,Pabay_29_11_21_1,Pabay,NE,1,29_11_2021,29,11,2021,reads,10058.75,Siphonophorae sp. NHM_339.2,Animalia,Cnidaria,Hydrozoa,Siphonophorae,Siphonophorae,Siphonophorae,Siphonophorae sp. NHM 339,0.089474338,Hydrozoa
Saccharina,Pabay_29_11_21_1,Pabay,NE,1,29_11_2021,29,11,2021,reads,10058.75,Bougainvillia muscus.5,Animalia,Cnidaria,Hydrozoa,Anthoathecata,Bougainvilliidae,Bougainvillia,Bougainvillia muscus,0.044737169,Hydrozoa
Saccharina,Pabay_29_11_21_1,Pabay,NE,1,29_11_2021,29,11,2021,reads,10058.75,Dynamena pumila,Animalia,Cnidaria,Hydrozoa,Leptothecata,Sertulariidae,Dynamena,Dynamena pumila,0.044737169,Hydrozoa
Saccharina,Pabay_29_11_21_1,Pabay,NE,1,29_11_2021,29,11,2021,reads,10058.75,Coryne pintneri.1,Animalia,Cnidaria,Hydrozoa,Anthoathecata,Corynidae,Coryne,Coryne pintneri,0.007456195,Hydrozoa
Saccharina,Pabay_29_11_21_1,Pabay,NE,1,29_11_2021,29,11,2021,reads,10058.75,Eucheilota maculata,Animalia,Cnidaria,Hydrozoa,Leptothecata,Lovenellidae,Eucheilota,Eucheilota maculata,0.007456195,Hydrozoa
Saccharina,Pabay_29_11_21_1,Pabay,NE,1,29_11_2021,29,11,2021,reads,10058.75,Apolemia sp. 3 CWD-2005,Animalia,Cnidaria,Hydrozoa,Siphonophorae,Apolemiidae,Apolemia,Apolemia sp. 3 CWD-2005,0.004970797,Hydrozoa
Alaria,Pabay_29_11_21_2,Pabay,NW,2,29_11_2021,29,11,2021,reads,4580,Clytia sp. 2 AFC-2016,Animalia,Cnidaria,Hydrozoa,Leptothecata,Campanulariidae,Clytia,Clytia sp. 2 AFC-2016,0.458515284,Hydrozoa
Alaria,Pabay_29_11_21_2,Pabay,NW,2,29_11_2021,29,11,2021,reads,4580,Maresearsia praeclara,Animalia,Cnidaria,Hydrozoa,Anthoathecata,Corynidae,Maresearsia,Maresearsia praeclara,0.054585153,Hydrozoa
Alaria,Pabay_29_11_21_2,Pabay,NW,2,29_11_2021,29,11,2021,reads,4580,Dynamena pumila,Animalia,Cnidaria,Hydrozoa,Leptothecata,Sertulariidae,Dynamena,Dynamena pumila,0.19650655,Hydrozoa
Alaria,Pabay_29_11_21_2,Pabay,NW,2,29_11_2021,29,11,2021,reads,4580,Eucheilota maculata,Animalia,Cnidaria,Hydrozoa,Leptothecata,Lovenellidae,Eucheilota,Eucheilota maculata,0.032751092,Hydrozoa
Saccharina,Pabay_29_11_21_2,Pabay,NW,2,29_11_2021,29,11,2021,reads,4580,Clytia sp. 2 AFC-2016,Animalia,Cnidaria,Hydrozoa,Leptothecata,Campanulariidae,Clytia,Clytia sp. 2 AFC-2016,0.458515284,Hydrozoa
Saccharina,Pabay_29_11_21_2,Pabay,NW,2,29_11_2021,29,11,2021,reads,4580,Maresearsia praeclara,Animalia,Cnidaria,Hydrozoa,Anthoathecata,Corynidae,Maresearsia,Maresearsia praeclara,0.054585153,Hydrozoa
Saccharina,Pabay_29_11_21_2,Pabay,NW,2,29_11_2021,29,11,2021,reads,4580,Dynamena pumila,Animalia,Cnidaria,Hydrozoa,Leptothecata,Sertulariidae,Dynamena,Dynamena pumila,0.19650655,Hydrozoa
Saccharina,Pabay_29_11_21_2,Pabay,NW,2,29_11_2021,29,11,2021,reads,4580,Eucheilota maculata,Animalia,Cnidaria,Hydrozoa,Leptothecata,Lovenellidae,Eucheilota,Eucheilota maculata,0.032751092,Hydrozoa
Alaria,Pabay_29_11_21_3,Pabay,Mid,3,29_11_2021,29,11,2021,reads,15537.5,Clytia sp. 2 AFC-2016,Animalia,Cnidaria,Hydrozoa,Leptothecata,Campanulariidae,Clytia,Clytia sp. 2 AFC-2016,0.328238134,Hydrozoa
Alaria,Pabay_29_11_21_3,Pabay,Mid,3,29_11_2021,29,11,2021,reads,15537.5,Obelia bidentata,Animalia,Cnidaria,Hydrozoa,Leptothecata,Campanulariidae,Obelia,Obelia bidentata,0.251005632,Hydrozoa
Alaria,Pabay_29_11_21_3,Pabay,Mid,3,29_11_2021,29,11,2021,reads,15537.5,Orthopyxis crenata,Animalia,Cnidaria,Hydrozoa,Leptothecata,Campanulariidae,Orthopyxis,Orthopyxis crenata,0.157683025,Hydrozoa
Alaria,Pabay_29_11_21_3,Pabay,Mid,3,29_11_2021,29,11,2021,reads,15537.5,Siphonophorae sp. NHM_339.2,Animalia,Cnidaria,Hydrozoa,Siphonophorae,Siphonophorae,Siphonophorae,Siphonophorae sp. NHM 339,0.115848753,Hydrozoa
Alaria,Pabay_29_11_21_3,Pabay,Mid,3,29_11_2021,29,11,2021,reads,15537.5,Bougainvillia muscus.5,Animalia,Cnidaria,Hydrozoa,Anthoathecata,Bougainvilliidae,Bougainvillia,Bougainvillia muscus,0.057924377,Hydrozoa
Alaria,Pabay_29_11_21_3,Pabay,Mid,3,29_11_2021,29,11,2021,reads,15537.5,Coryne pintneri.1,Animalia,Cnidaria,Hydrozoa,Anthoathecata,Corynidae,Coryne,Coryne pintneri,0.009654063,Hydrozoa
Alaria,Pabay_29_11_21_3,Pabay,Mid,3,29_11_2021,29,11,2021,reads,15537.5,Apolemia sp. 3 CWD-2005,Animalia,Cnidaria,Hydrozoa,Siphonophorae,Apolemiidae,Apolemia,Apolemia sp. 3 CWD-2005,0.006436042,Hydrozoa
Saccharina,Pabay_29_11_21_3,Pabay,Mid,3,29_11_2021,29,11,2021,reads,15537.5,Clytia sp. 2 AFC-2016,Animalia,Cnidaria,Hydrozoa,Leptothecata,Campanulariidae,Clytia,Clytia sp. 2 AFC-2016,0.328238134,Hydrozoa
Saccharina,Pabay_29_11_21_3,Pabay,Mid,3,29_11_2021,29,11,2021,reads,15537.5,Obelia bidentata,Animalia,Cnidaria,Hydrozoa,Leptothecata,Campanulariidae,Obelia,Obelia bidentata,0.251005632,Hydrozoa
Saccharina,Pabay_29_11_21_3,Pabay,Mid,3,29_11_2021,29,11,2021,reads,15537.5,Orthopyxis crenata,Animalia,Cnidaria,Hydrozoa,Leptothecata,Campanulariidae,Orthopyxis,Orthopyxis crenata,0.157683025,Hydrozoa
Saccharina,Pabay_29_11_21_3,Pabay,Mid,3,29_11_2021,29,11,2021,reads,15537.5,Siphonophorae sp. NHM_339.2,Animalia,Cnidaria,Hydrozoa,Siphonophorae,Siphonophorae,Siphonophorae,Siphonophorae sp. NHM 339,0.115848753,Hydrozoa
Saccharina,Pabay_29_11_21_3,Pabay,Mid,3,29_11_2021,29,11,2021,reads,15537.5,Bougainvillia muscus.5,Animalia,Cnidaria,Hydrozoa,Anthoathecata,Bougainvilliidae,Bougainvillia,Bougainvillia muscus,0.057924377,Hydrozoa
Saccharina,Pabay_29_11_21_3,Pabay,Mid,3,29_11_2021,29,11,2021,reads,15537.5,Coryne pintneri.1,Animalia,Cnidaria,Hydrozoa,Anthoathecata,Corynidae,Coryne,Coryne pintneri,0.009654063,Hydrozoa
Saccharina,Pabay_29_11_21_3,Pabay,Mid,3,29_11_2021,29,11,2021,reads,15537.5,Apolemia sp. 3 CWD-2005,Animalia,Cnidaria,Hydrozoa,Siphonophorae,Apolemiidae,Apolemia,Apolemia sp. 3 CWD-2005,0.006436042,Hydrozoa
Alaria,Pabay_30_10_21_3,Pabay,Mid,3,30_10_2021,30,10,2021,reads,11803.5,Tiaropsis multicirrata,Animalia,Cnidaria,Hydrozoa,Anthoathecata,Eirenidae,Tiaropsis,Tiaropsis multicirrata,0.012708095,Hydrozoa
Saccharina,Pabay_30_10_21_3,Pabay,Mid,3,30_10_2021,30,10,2021,reads,11803.5,Tiaropsis multicirrata,Animalia,Cnidaria,Hydrozoa,Anthoathecata,Eirenidae,Tiaropsis,Tiaropsis multicirrata,0.012708095,Hydrozoa
Alaria,Pabay_30_6_22_1,Pabay,NE,1,30_6_2022,30,6,2022,reads,60441.5,Clytia sp. 2 AFC-2016,Animalia,Cnidaria,Hydrozoa,Leptothecata,Campanulariidae,Clytia,Clytia sp. 2 AFC-2016,1.484079647,Hydrozoa
Alaria,Pabay_30_6_22_1,Pabay,NE,1,30_6_2022,30,6,2022,reads,60441.5,Obelia dichotoma.3,Animalia,Cnidaria,Hydrozoa,Leptothecata,Campanulariidae,Obelia,Obelia dichotoma,0.013235939,Hydrozoa
Alaria,Pabay_30_6_22_1,Pabay,NE,1,30_6_2022,30,6,2022,reads,60441.5,Clytia sp. 1 SL-2013.3,Animalia,Cnidaria,Hydrozoa,Leptothecata,Campanulariidae,Clytia,Clytia sp. 1 SL-2013,0.004136231,Hydrozoa
Saccharina,Pabay_30_6_22_1,Pabay,NE,1,30_6_2022,30,6,2022,reads,60441.5,Clytia sp. 2 AFC-2016,Animalia,Cnidaria,Hydrozoa,Leptothecata,Campanulariidae,Clytia,Clytia sp. 2 AFC-2016,1.484079647,Hydrozoa
Saccharina,Pabay_30_6_22_1,Pabay,NE,1,30_6_2022,30,6,2022,reads,60441.5,Obelia dichotoma.3,Animalia,Cnidaria,Hydrozoa,Leptothecata,Campanulariidae,Obelia,Obelia dichotoma,0.013235939,Hydrozoa
Saccharina,Pabay_30_6_22_1,Pabay,NE,1,30_6_2022,30,6,2022,reads,60441.5,Clytia sp. 1 SL-2013.3,Animalia,Cnidaria,Hydrozoa,Leptothecata,Campanulariidae,Clytia,Clytia sp. 1 SL-2013,0.004136231,Hydrozoa
Alaria,Pabay_30_6_22_2,Pabay,NW,2,30_6_2022,30,6,2022,reads,1495,Aglaophenia tubulifera.2,Animalia,Cnidaria,Hydrozoa,Leptothecata,Aglaopheniidae,Aglaophenia,Aglaophenia tubulifera,1.10367893,Hydrozoa
Alaria,Pabay_30_6_22_2,Pabay,NW,2,30_6_2022,30,6,2022,reads,1495,Forskalia tholoides,Animalia,Cnidaria,Hydrozoa,Siphonophorae,Forskaliidae,Forskalia,Forskalia tholoides,0.568561873,Hydrozoa
Saccharina,Pabay_30_6_22_2,Pabay,NW,2,30_6_2022,30,6,2022,reads,1495,Aglaophenia tubulifera.2,Animalia,Cnidaria,Hydrozoa,Leptothecata,Aglaopheniidae,Aglaophenia,Aglaophenia tubulifera,1.10367893,Hydrozoa
Saccharina,Pabay_30_6_22_2,Pabay,NW,2,30_6_2022,30,6,2022,reads,1495,Forskalia tholoides,Animalia,Cnidaria,Hydrozoa,Siphonophorae,Forskaliidae,Forskalia,Forskalia tholoides,0.568561873,Hydrozoa
Alaria,Pabay_30_7_22_3,Pabay,Mid,3,30_7_2022,30,7,2022,reads,39995,Clytia sp. 2 AFC-2016,Animalia,Cnidaria,Hydrozoa,Leptothecata,Campanulariidae,Clytia,Clytia sp. 2 AFC-2016,0.048756095,Hydrozoa
Alaria,Pabay_30_7_22_3,Pabay,Mid,3,30_7_2022,30,7,2022,reads,39995,Garveia annulata,Animalia,Cnidaria,Hydrozoa,Anthoathecata,Bougainvilliidae,Garveia,Garveia annulata,0.118764846,Hydrozoa
Alaria,Pabay_30_7_22_3,Pabay,Mid,3,30_7_2022,30,7,2022,reads,39995,Aglaophenia tubulifera.1,Animalia,Cnidaria,Hydrozoa,Leptothecata,Aglaopheniidae,Aglaophenia,Aglaophenia tubulifera,0.051256407,Hydrozoa
Alaria,Pabay_30_7_22_3,Pabay,Mid,3,30_7_2022,30,7,2022,reads,39995,Clytia sp. 2 AFC-2016.7,Animalia,Cnidaria,Hydrozoa,Leptothecata,Campanulariidae,Clytia,Clytia sp. 2 AFC-2016,0.001250156,Hydrozoa
Saccharina,Pabay_30_7_22_3,Pabay,Mid,3,30_7_2022,30,7,2022,reads,39995,Clytia sp. 2 AFC-2016,Animalia,Cnidaria,Hydrozoa,Leptothecata,Campanulariidae,Clytia,Clytia sp. 2 AFC-2016,0.048756095,Hydrozoa
Saccharina,Pabay_30_7_22_3,Pabay,Mid,3,30_7_2022,30,7,2022,reads,39995,Garveia annulata,Animalia,Cnidaria,Hydrozoa,Anthoathecata,Bougainvilliidae,Garveia,Garveia annulata,0.118764846,Hydrozoa
Saccharina,Pabay_30_7_22_3,Pabay,Mid,3,30_7_2022,30,7,2022,reads,39995,Aglaophenia tubulifera.1,Animalia,Cnidaria,Hydrozoa,Leptothecata,Aglaopheniidae,Aglaophenia,Aglaophenia tubulifera,0.051256407,Hydrozoa
Saccharina,Pabay_30_7_22_3,Pabay,Mid,3,30_7_2022,30,7,2022,reads,39995,Clytia sp. 2 AFC-2016.7,Animalia,Cnidaria,Hydrozoa,Leptothecata,Campanulariidae,Clytia,Clytia sp. 2 AFC-2016,0.001250156,Hydrozoa
Alaria,Pabay_7_5_22_1,Pabay,NE,1,7_5_2022,7,5,2022,reads,16931.5,Clytia sp. 2 AFC-2016,Animalia,Cnidaria,Hydrozoa,Leptothecata,Campanulariidae,Clytia,Clytia sp. 2 AFC-2016,0.410477512,Hydrozoa
Alaria,Pabay_7_5_22_1,Pabay,NE,1,7_5_2022,7,5,2022,reads,16931.5,Apatizanclea divergens,Animalia,Cnidaria,Hydrozoa,Leptothecata,Zancleidae,Apatizanclea,Apatizanclea divergens,0.197856067,Hydrozoa
Alaria,Pabay_7_5_22_1,Pabay,NE,1,7_5_2022,7,5,2022,reads,16931.5,Obelia dichotoma.2,Animalia,Cnidaria,Hydrozoa,Leptothecata,Campanulariidae,Obelia,Obelia dichotoma,0.067920739,Hydrozoa
Saccharina,Pabay_7_5_22_1,Pabay,NE,1,7_5_2022,7,5,2022,reads,16931.5,Clytia sp. 2 AFC-2016,Animalia,Cnidaria,Hydrozoa,Leptothecata,Campanulariidae,Clytia,Clytia sp. 2 AFC-2016,0.410477512,Hydrozoa
Saccharina,Pabay_7_5_22_1,Pabay,NE,1,7_5_2022,7,5,2022,reads,16931.5,Apatizanclea divergens,Animalia,Cnidaria,Hydrozoa,Leptothecata,Zancleidae,Apatizanclea,Apatizanclea divergens,0.197856067,Hydrozoa
Saccharina,Pabay_7_5_22_1,Pabay,NE,1,7_5_2022,7,5,2022,reads,16931.5,Obelia dichotoma.2,Animalia,Cnidaria,Hydrozoa,Leptothecata,Campanulariidae,Obelia,Obelia dichotoma,0.067920739,Hydrozoa
Alaria,Pabay_7_5_22_2,Pabay,NW,2,7_5_2022,7,5,2022,reads,9577.5,Clytia sp. 2 AFC-2016,Animalia,Cnidaria,Hydrozoa,Leptothecata,Campanulariidae,Clytia,Clytia sp. 2 AFC-2016,0.125293657,Hydrozoa
Saccharina,Pabay_7_5_22_2,Pabay,NW,2,7_5_2022,7,5,2022,reads,9577.5,Clytia sp. 2 AFC-2016,Animalia,Cnidaria,Hydrozoa,Leptothecata,Campanulariidae,Clytia,Clytia sp. 2 AFC-2016,0.125293657,Hydrozoa
Alaria,Pabay_8_2_22_1,Pabay,NE,1,8_2_2022,8,2,2022,reads,8453,Clytia sp. 2 AFC-2016,Animalia,Cnidaria,Hydrozoa,Leptothecata,Campanulariidae,Clytia,Clytia sp. 2 AFC-2016,25.7127647,Hydrozoa
Alaria,Pabay_8_2_22_1,Pabay,NE,1,8_2_2022,8,2,2022,reads,8453,Aglaophenia tubulifera,Animalia,Cnidaria,Hydrozoa,Leptothecata,Aglaopheniidae,Aglaophenia,Aglaophenia tubulifera,0.047320478,Hydrozoa
Alaria,Pabay_8_2_22_1,Pabay,NE,1,8_2_2022,8,2,2022,reads,8453,Obelia bidentata,Animalia,Cnidaria,Hydrozoa,Leptothecata,Campanulariidae,Obelia,Obelia bidentata,0.017745179,Hydrozoa
Saccharina,Pabay_8_2_22_1,Pabay,NE,1,8_2_2022,8,2,2022,reads,8453,Clytia sp. 2 AFC-2016,Animalia,Cnidaria,Hydrozoa,Leptothecata,Campanulariidae,Clytia,Clytia sp. 2 AFC-2016,25.7127647,Hydrozoa
Saccharina,Pabay_8_2_22_1,Pabay,NE,1,8_2_2022,8,2,2022,reads,8453,Aglaophenia tubulifera,Animalia,Cnidaria,Hydrozoa,Leptothecata,Aglaopheniidae,Aglaophenia,Aglaophenia tubulifera,0.047320478,Hydrozoa
Saccharina,Pabay_8_2_22_1,Pabay,NE,1,8_2_2022,8,2,2022,reads,8453,Obelia bidentata,Animalia,Cnidaria,Hydrozoa,Leptothecata,Campanulariidae,Obelia,Obelia bidentata,0.017745179,Hydrozoa
Alaria,Pabay_8_2_22_2,Pabay,NW,2,8_2_2022,8,2,2022,reads,3594.5,Clytia sp. 2 AFC-2016,Animalia,Cnidaria,Hydrozoa,Leptothecata,Campanulariidae,Clytia,Clytia sp. 2 AFC-2016,13.71539853,Hydrozoa
Alaria,Pabay_8_2_22_2,Pabay,NW,2,8_2_2022,8,2,2022,reads,3594.5,Maresearsia praeclara,Animalia,Cnidaria,Hydrozoa,Anthoathecata,Corynidae,Maresearsia,Maresearsia praeclara,0.041730421,Hydrozoa
Alaria,Pabay_8_2_22_2,Pabay,NW,2,8_2_2022,8,2,2022,reads,3594.5,Aglaophenia tubulifera,Animalia,Cnidaria,Hydrozoa,Leptothecata,Aglaopheniidae,Aglaophenia,Aglaophenia tubulifera,0.250382529,Hydrozoa
Alaria,Pabay_8_2_22_2,Pabay,NW,2,8_2_2022,8,2,2022,reads,3594.5,Clytia sp. 2 AFC-2016.5,Animalia,Cnidaria,Hydrozoa,Leptothecata,Campanulariidae,Clytia,Clytia sp. 2 AFC-2016,0.069550702,Hydrozoa
Saccharina,Pabay_8_2_22_2,Pabay,NW,2,8_2_2022,8,2,2022,reads,3594.5,Clytia sp. 2 AFC-2016,Animalia,Cnidaria,Hydrozoa,Leptothecata,Campanulariidae,Clytia,Clytia sp. 2 AFC-2016,13.71539853,Hydrozoa
Saccharina,Pabay_8_2_22_2,Pabay,NW,2,8_2_2022,8,2,2022,reads,3594.5,Maresearsia praeclara,Animalia,Cnidaria,Hydrozoa,Anthoathecata,Corynidae,Maresearsia,Maresearsia praeclara,0.041730421,Hydrozoa
Saccharina,Pabay_8_2_22_2,Pabay,NW,2,8_2_2022,8,2,2022,reads,3594.5,Aglaophenia tubulifera,Animalia,Cnidaria,Hydrozoa,Leptothecata,Aglaopheniidae,Aglaophenia,Aglaophenia tubulifera,0.250382529,Hydrozoa
Saccharina,Pabay_8_2_22_2,Pabay,NW,2,8_2_2022,8,2,2022,reads,3594.5,Clytia sp. 2 AFC-2016.5,Animalia,Cnidaria,Hydrozoa,Leptothecata,Campanulariidae,Clytia,Clytia sp. 2 AFC-2016,0.069550702,Hydrozoa
Alaria,Pabay_8_2_22_3,Pabay,Mid,3,8_2_2022,8,2,2022,reads,5686,Clytia sp. 2 AFC-2016,Animalia,Cnidaria,Hydrozoa,Leptothecata,Campanulariidae,Clytia,Clytia sp. 2 AFC-2016,24.63946535,Hydrozoa
Alaria,Pabay_8_2_22_3,Pabay,Mid,3,8_2_2022,8,2,2022,reads,5686,Clytia sp. 2 AFC-2016.3,Animalia,Cnidaria,Hydrozoa,Leptothecata,Campanulariidae,Clytia,Clytia sp. 2 AFC-2016,0.395708758,Hydrozoa
Saccharina,Pabay_8_2_22_3,Pabay,Mid,3,8_2_2022,8,2,2022,reads,5686,Clytia sp. 2 AFC-2016,Animalia,Cnidaria,Hydrozoa,Leptothecata,Campanulariidae,Clytia,Clytia sp. 2 AFC-2016,24.63946535,Hydrozoa
Saccharina,Pabay_8_2_22_3,Pabay,Mid,3,8_2_2022,8,2,2022,reads,5686,Clytia sp. 2 AFC-2016.3,Animalia,Cnidaria,Hydrozoa,Leptothecata,Campanulariidae,Clytia,Clytia sp. 2 AFC-2016,0.395708758,Hydrozoa
Alaria,Pabay_8_3_22_1,Pabay,NE,1,8_3_2022,8,3,2022,reads,18127.5,Clytia sp. 2 AFC-2016,Animalia,Cnidaria,Hydrozoa,Leptothecata,Campanulariidae,Clytia,Clytia sp. 2 AFC-2016,1.199834506,Hydrozoa
Alaria,Pabay_8_3_22_1,Pabay,NE,1,8_3_2022,8,3,2022,reads,18127.5,Bougainvillia muscus,Animalia,Cnidaria,Hydrozoa,Anthoathecata,Bougainvilliidae,Bougainvillia,Bougainvillia muscus,1.572196938,Hydrozoa
Alaria,Pabay_8_3_22_1,Pabay,NE,1,8_3_2022,8,3,2022,reads,18127.5,Obelia bidentata,Animalia,Cnidaria,Hydrozoa,Leptothecata,Campanulariidae,Obelia,Obelia bidentata,0.388911874,Hydrozoa
Alaria,Pabay_8_3_22_1,Pabay,NE,1,8_3_2022,8,3,2022,reads,18127.5,Ectopleura larynx,Animalia,Cnidaria,Hydrozoa,Anthoathecata,Tubulariidae,Ectopleura,Ectopleura larynx,0.204109778,Hydrozoa
Alaria,Pabay_8_3_22_1,Pabay,NE,1,8_3_2022,8,3,2022,reads,18127.5,Clytia sp. 2 AFC-2016.2,Animalia,Cnidaria,Hydrozoa,Leptothecata,Campanulariidae,Clytia,Clytia sp. 2 AFC-2016,0.046890084,Hydrozoa
Alaria,Pabay_8_3_22_1,Pabay,NE,1,8_3_2022,8,3,2022,reads,18127.5,Obelia bidentata.2,Animalia,Cnidaria,Hydrozoa,Leptothecata,Campanulariidae,Obelia,Obelia bidentata,0.063439526,Hydrozoa
Alaria,Pabay_8_3_22_1,Pabay,NE,1,8_3_2022,8,3,2022,reads,18127.5,Obelia sp. MZUSP 3356,Animalia,Cnidaria,Hydrozoa,Leptothecata,Campanulariidae,Obelia,Obelia sp. MZUSP 3356,0.11308785,Hydrozoa
Alaria,Pabay_8_3_22_1,Pabay,NE,1,8_3_2022,8,3,2022,reads,18127.5,Halecium sp. BMOO-08734,Animalia,Cnidaria,Hydrozoa,Leptothecata,Haleciidae,Halecium,Halecium sp. BMOO-08734,0.102054889,Hydrozoa
Alaria,Pabay_8_3_22_1,Pabay,NE,1,8_3_2022,8,3,2022,reads,18127.5,Eutima mira,Animalia,Cnidaria,Hydrozoa,Leptothecata,Eirenidae,Eutima,Eutima mira,0.057923045,Hydrozoa
Alaria,Pabay_8_3_22_1,Pabay,NE,1,8_3_2022,8,3,2022,reads,18127.5,Aglaophenia pluma.1,Animalia,Cnidaria,Hydrozoa,Leptothecata,Aglaopheniidae,Aglaophenia,Aglaophenia pluma,0.055164805,Hydrozoa
Saccharina,Pabay_8_3_22_1,Pabay,NE,1,8_3_2022,8,3,2022,reads,18127.5,Clytia sp. 2 AFC-2016,Animalia,Cnidaria,Hydrozoa,Leptothecata,Campanulariidae,Clytia,Clytia sp. 2 AFC-2016,1.199834506,Hydrozoa
Saccharina,Pabay_8_3_22_1,Pabay,NE,1,8_3_2022,8,3,2022,reads,18127.5,Bougainvillia muscus,Animalia,Cnidaria,Hydrozoa,Anthoathecata,Bougainvilliidae,Bougainvillia,Bougainvillia muscus,1.572196938,Hydrozoa
Saccharina,Pabay_8_3_22_1,Pabay,NE,1,8_3_2022,8,3,2022,reads,18127.5,Obelia bidentata,Animalia,Cnidaria,Hydrozoa,Leptothecata,Campanulariidae,Obelia,Obelia bidentata,0.388911874,Hydrozoa
Saccharina,Pabay_8_3_22_1,Pabay,NE,1,8_3_2022,8,3,2022,reads,18127.5,Ectopleura larynx,Animalia,Cnidaria,Hydrozoa,Anthoathecata,Tubulariidae,Ectopleura,Ectopleura larynx,0.204109778,Hydrozoa
Saccharina,Pabay_8_3_22_1,Pabay,NE,1,8_3_2022,8,3,2022,reads,18127.5,Clytia sp. 2 AFC-2016.2,Animalia,Cnidaria,Hydrozoa,Leptothecata,Campanulariidae,Clytia,Clytia sp. 2 AFC-2016,0.046890084,Hydrozoa
Saccharina,Pabay_8_3_22_1,Pabay,NE,1,8_3_2022,8,3,2022,reads,18127.5,Obelia bidentata.2,Animalia,Cnidaria,Hydrozoa,Leptothecata,Campanulariidae,Obelia,Obelia bidentata,0.063439526,Hydrozoa
Saccharina,Pabay_8_3_22_1,Pabay,NE,1,8_3_2022,8,3,2022,reads,18127.5,Obelia sp. MZUSP 3356,Animalia,Cnidaria,Hydrozoa,Leptothecata,Campanulariidae,Obelia,Obelia sp. MZUSP 3356,0.11308785,Hydrozoa
Saccharina,Pabay_8_3_22_1,Pabay,NE,1,8_3_2022,8,3,2022,reads,18127.5,Halecium sp. BMOO-08734,Animalia,Cnidaria,Hydrozoa,Leptothecata,Haleciidae,Halecium,Halecium sp. BMOO-08734,0.102054889,Hydrozoa
Saccharina,Pabay_8_3_22_1,Pabay,NE,1,8_3_2022,8,3,2022,reads,18127.5,Eutima mira,Animalia,Cnidaria,Hydrozoa,Leptothecata,Eirenidae,Eutima,Eutima mira,0.057923045,Hydrozoa
Saccharina,Pabay_8_3_22_1,Pabay,NE,1,8_3_2022,8,3,2022,reads,18127.5,Aglaophenia pluma.1,Animalia,Cnidaria,Hydrozoa,Leptothecata,Aglaopheniidae,Aglaophenia,Aglaophenia pluma,0.055164805,Hydrozoa
Alaria,Pabay_8_3_22_2,Pabay,NW,2,8_3_2022,8,3,2022,reads,12718,Clytia sp. 2 AFC-2016,Animalia,Cnidaria,Hydrozoa,Leptothecata,Campanulariidae,Clytia,Clytia sp. 2 AFC-2016,0.098285894,Hydrozoa
Alaria,Pabay_8_3_22_2,Pabay,NW,2,8_3_2022,8,3,2022,reads,12718,Maresearsia praeclara,Animalia,Cnidaria,Hydrozoa,Anthoathecata,Corynidae,Maresearsia,Maresearsia praeclara,0.165120302,Hydrozoa
Alaria,Pabay_8_3_22_2,Pabay,NW,2,8_3_2022,8,3,2022,reads,12718,Aglaophenia pluma,Animalia,Cnidaria,Hydrozoa,Leptothecata,Aglaopheniidae,Aglaophenia,Aglaophenia pluma,0.904230225,Hydrozoa
Alaria,Pabay_8_3_22_2,Pabay,NW,2,8_3_2022,8,3,2022,reads,12718,Garveia annulata.1,Animalia,Cnidaria,Hydrozoa,Anthoathecata,Bougainvilliidae,Garveia,Garveia annulata,0.12973738,Hydrozoa
Alaria,Pabay_8_3_22_2,Pabay,NW,2,8_3_2022,8,3,2022,reads,12718,Praya dubia,Animalia,Cnidaria,Hydrozoa,Siphonophorae,Prayidae,Praya,Praya dubia,0.007862872,Hydrozoa
Saccharina,Pabay_8_3_22_2,Pabay,NW,2,8_3_2022,8,3,2022,reads,12718,Clytia sp. 2 AFC-2016,Animalia,Cnidaria,Hydrozoa,Leptothecata,Campanulariidae,Clytia,Clytia sp. 2 AFC-2016,0.098285894,Hydrozoa
Saccharina,Pabay_8_3_22_2,Pabay,NW,2,8_3_2022,8,3,2022,reads,12718,Maresearsia praeclara,Animalia,Cnidaria,Hydrozoa,Anthoathecata,Corynidae,Maresearsia,Maresearsia praeclara,0.165120302,Hydrozoa
Saccharina,Pabay_8_3_22_2,Pabay,NW,2,8_3_2022,8,3,2022,reads,12718,Aglaophenia pluma,Animalia,Cnidaria,Hydrozoa,Leptothecata,Aglaopheniidae,Aglaophenia,Aglaophenia pluma,0.904230225,Hydrozoa
Saccharina,Pabay_8_3_22_2,Pabay,NW,2,8_3_2022,8,3,2022,reads,12718,Garveia annulata.1,Animalia,Cnidaria,Hydrozoa,Anthoathecata,Bougainvilliidae,Garveia,Garveia annulata,0.12973738,Hydrozoa
Saccharina,Pabay_8_3_22_2,Pabay,NW,2,8_3_2022,8,3,2022,reads,12718,Praya dubia,Animalia,Cnidaria,Hydrozoa,Siphonophorae,Prayidae,Praya,Praya dubia,0.007862872,Hydrozoa
Alaria,Pabay_8_3_22_3,Pabay,Mid,3,8_3_2022,8,3,2022,reads,27323,Clytia sp. 2 AFC-2016,Animalia,Cnidaria,Hydrozoa,Leptothecata,Campanulariidae,Clytia,Clytia sp. 2 AFC-2016,0.248874575,Hydrozoa
Alaria,Pabay_8_3_22_3,Pabay,Mid,3,8_3_2022,8,3,2022,reads,27323,Bougainvillia muscus,Animalia,Cnidaria,Hydrozoa,Anthoathecata,Bougainvilliidae,Bougainvillia,Bougainvillia muscus,1.050397101,Hydrozoa
Alaria,Pabay_8_3_22_3,Pabay,Mid,3,8_3_2022,8,3,2022,reads,27323,Maresearsia praeclara,Animalia,Cnidaria,Hydrozoa,Anthoathecata,Corynidae,Maresearsia,Maresearsia praeclara,0.106137686,Hydrozoa
Alaria,Pabay_8_3_22_3,Pabay,Mid,3,8_3_2022,8,3,2022,reads,27323,Bougainvillia muscus.4,Animalia,Cnidaria,Hydrozoa,Anthoathecata,Bougainvilliidae,Bougainvillia,Bougainvillia muscus,0.060388684,Hydrozoa
Alaria,Pabay_8_3_22_3,Pabay,Mid,3,8_3_2022,8,3,2022,reads,27323,Sarsia tubulosa.1,Animalia,Cnidaria,Hydrozoa,Anthoathecata,Corynidae,Sarsia,Sarsia tubulosa,0.040259122,Hydrozoa
Alaria,Pabay_8_3_22_3,Pabay,Mid,3,8_3_2022,8,3,2022,reads,27323,Bougainvillia muscus.6,Animalia,Cnidaria,Hydrozoa,Anthoathecata,Bougainvilliidae,Bougainvillia,Bougainvillia muscus,0.029279362,Hydrozoa
Alaria,Pabay_8_3_22_3,Pabay,Mid,3,8_3_2022,8,3,2022,reads,27323,Clytia sp. 1 SL-2013.1,Animalia,Cnidaria,Hydrozoa,Leptothecata,Campanulariidae,Clytia,Clytia sp. 1 SL-2013,0.018299601,Hydrozoa
Saccharina,Pabay_8_3_22_3,Pabay,Mid,3,8_3_2022,8,3,2022,reads,27323,Clytia sp. 2 AFC-2016,Animalia,Cnidaria,Hydrozoa,Leptothecata,Campanulariidae,Clytia,Clytia sp. 2 AFC-2016,0.248874575,Hydrozoa
Saccharina,Pabay_8_3_22_3,Pabay,Mid,3,8_3_2022,8,3,2022,reads,27323,Bougainvillia muscus,Animalia,Cnidaria,Hydrozoa,Anthoathecata,Bougainvilliidae,Bougainvillia,Bougainvillia muscus,1.050397101,Hydrozoa
Saccharina,Pabay_8_3_22_3,Pabay,Mid,3,8_3_2022,8,3,2022,reads,27323,Maresearsia praeclara,Animalia,Cnidaria,Hydrozoa,Anthoathecata,Corynidae,Maresearsia,Maresearsia praeclara,0.106137686,Hydrozoa
Saccharina,Pabay_8_3_22_3,Pabay,Mid,3,8_3_2022,8,3,2022,reads,27323,Bougainvillia muscus.4,Animalia,Cnidaria,Hydrozoa,Anthoathecata,Bougainvilliidae,Bougainvillia,Bougainvillia muscus,0.060388684,Hydrozoa
Saccharina,Pabay_8_3_22_3,Pabay,Mid,3,8_3_2022,8,3,2022,reads,27323,Sarsia tubulosa.1,Animalia,Cnidaria,Hydrozoa,Anthoathecata,Corynidae,Sarsia,Sarsia tubulosa,0.040259122,Hydrozoa
Saccharina,Pabay_8_3_22_3,Pabay,Mid,3,8_3_2022,8,3,2022,reads,27323,Bougainvillia muscus.6,Animalia,Cnidaria,Hydrozoa,Anthoathecata,Bougainvilliidae,Bougainvillia,Bougainvillia muscus,0.029279362,Hydrozoa
Saccharina,Pabay_8_3_22_3,Pabay,Mid,3,8_3_2022,8,3,2022,reads,27323,Clytia sp. 1 SL-2013.1,Animalia,Cnidaria,Hydrozoa,Leptothecata,Campanulariidae,Clytia,Clytia sp. 1 SL-2013,0.018299601,Hydrozoa
Alaria,Scalpay_15_6_21_4,Scalpay,4,4,15_6_2021,15,6,2021,reads,11373.5,Laodicea sp. HAW02,Animalia,Cnidaria,Hydrozoa,Leptothecata,Laodiceidae,Laodicea,Laodicea sp. HAW02,0.001525301,Hydrozoa
Alaria,Scalpay_15_6_21_4,Scalpay,4,4,15_6_2021,15,6,2021,reads,11373.5,Obelia dichotoma.1,Animalia,Cnidaria,Hydrozoa,Leptothecata,Campanulariidae,Obelia,Obelia dichotoma,0.001243452,Hydrozoa
Alaria,Scalpay_15_6_21_4,Scalpay,4,4,15_6_2021,15,6,2021,reads,11373.5,Obelia bidentata.2,Animalia,Cnidaria,Hydrozoa,Leptothecata,Campanulariidae,Obelia,Obelia bidentata,0.000547119,Hydrozoa
Saccharina,Scalpay_15_6_21_4,Scalpay,4,4,15_6_2021,15,6,2021,reads,11373.5,Laodicea sp. HAW02,Animalia,Cnidaria,Hydrozoa,Leptothecata,Laodiceidae,Laodicea,Laodicea sp. HAW02,0.001525301,Hydrozoa
Saccharina,Scalpay_15_6_21_4,Scalpay,4,4,15_6_2021,15,6,2021,reads,11373.5,Obelia dichotoma.1,Animalia,Cnidaria,Hydrozoa,Leptothecata,Campanulariidae,Obelia,Obelia dichotoma,0.001243452,Hydrozoa
Saccharina,Scalpay_15_6_21_4,Scalpay,4,4,15_6_2021,15,6,2021,reads,11373.5,Obelia bidentata.2,Animalia,Cnidaria,Hydrozoa,Leptothecata,Campanulariidae,Obelia,Obelia bidentata,0.000547119,Hydrozoa
Alaria,Scalpay_21_12_21_2,Scalpay,Mid,2,21_12_2021,21,12,2021,reads,5846.5,Clytia sp. 2 AFC-2016,Animalia,Cnidaria,Hydrozoa,Leptothecata,Campanulariidae,Clytia,Clytia sp. 2 AFC-2016,0.83810827,Hydrozoa
Alaria,Scalpay_21_12_21_2,Scalpay,Mid,2,21_12_2021,21,12,2021,reads,5846.5,Clytia sp. 2 AFC-2016.2,Animalia,Cnidaria,Hydrozoa,Leptothecata,Campanulariidae,Clytia,Clytia sp. 2 AFC-2016,0.051312751,Hydrozoa
Alaria,Scalpay_21_12_21_2,Scalpay,Mid,2,21_12_2021,21,12,2021,reads,5846.5,Clytia sp. 2 AFC-2016.4,Animalia,Cnidaria,Hydrozoa,Leptothecata,Campanulariidae,Clytia,Clytia sp. 2 AFC-2016,0.076969127,Hydrozoa
Saccharina,Scalpay_21_12_21_2,Scalpay,Mid,2,21_12_2021,21,12,2021,reads,5846.5,Clytia sp. 2 AFC-2016,Animalia,Cnidaria,Hydrozoa,Leptothecata,Campanulariidae,Clytia,Clytia sp. 2 AFC-2016,0.83810827,Hydrozoa
Saccharina,Scalpay_21_12_21_2,Scalpay,Mid,2,21_12_2021,21,12,2021,reads,5846.5,Clytia sp. 2 AFC-2016.2,Animalia,Cnidaria,Hydrozoa,Leptothecata,Campanulariidae,Clytia,Clytia sp. 2 AFC-2016,0.051312751,Hydrozoa
Saccharina,Scalpay_21_12_21_2,Scalpay,Mid,2,21_12_2021,21,12,2021,reads,5846.5,Clytia sp. 2 AFC-2016.4,Animalia,Cnidaria,Hydrozoa,Leptothecata,Campanulariidae,Clytia,Clytia sp. 2 AFC-2016,0.076969127,Hydrozoa
Alaria,Pabay_10_4_22_3,Pabay,Mid,3,10_4_2022,10,4,2022,reads,93132,Jassa herdmani,Animalia,Arthropoda,Malacostraca,Amphipoda,Ischyroceridae,Jassa,Jassa herdmani,8.468625177,Malacostraca
Alaria,Pabay_10_4_22_3,Pabay,Mid,3,10_4_2022,10,4,2022,reads,93132,Jassa herdmani.1,Animalia,Arthropoda,Malacostraca,Amphipoda,Ischyroceridae,Jassa,Jassa herdmani,0.456341537,Malacostraca
Alaria,Pabay_10_4_22_3,Pabay,Mid,3,10_4_2022,10,4,2022,reads,93132,Jassa herdmani.2,Animalia,Arthropoda,Malacostraca,Amphipoda,Ischyroceridae,Jassa,Jassa herdmani,0.192200318,Malacostraca
Alaria,Pabay_10_4_22_3,Pabay,Mid,3,10_4_2022,10,4,2022,reads,93132,Jassa herdmani.3,Animalia,Arthropoda,Malacostraca,Amphipoda,Ischyroceridae,Jassa,Jassa herdmani,0.353262037,Malacostraca
Alaria,Pabay_10_4_22_3,Pabay,Mid,3,10_4_2022,10,4,2022,reads,93132,Jassa herdmani.4,Animalia,Arthropoda,Malacostraca,Amphipoda,Ischyroceridae,Jassa,Jassa herdmani,0.140660568,Malacostraca
Alaria,Pabay_10_4_22_3,Pabay,Mid,3,10_4_2022,10,4,2022,reads,93132,Niphargus arbiter,Animalia,Arthropoda,Malacostraca,Amphipoda,Niphargidae,Niphargus,Niphargus arbiter,0.073014646,Malacostraca
Saccharina,Pabay_10_4_22_3,Pabay,Mid,3,10_4_2022,10,4,2022,reads,93132,Jassa herdmani,Animalia,Arthropoda,Malacostraca,Amphipoda,Ischyroceridae,Jassa,Jassa herdmani,8.468625177,Malacostraca
Saccharina,Pabay_10_4_22_3,Pabay,Mid,3,10_4_2022,10,4,2022,reads,93132,Jassa herdmani.1,Animalia,Arthropoda,Malacostraca,Amphipoda,Ischyroceridae,Jassa,Jassa herdmani,0.456341537,Malacostraca
Saccharina,Pabay_10_4_22_3,Pabay,Mid,3,10_4_2022,10,4,2022,reads,93132,Jassa herdmani.2,Animalia,Arthropoda,Malacostraca,Amphipoda,Ischyroceridae,Jassa,Jassa herdmani,0.192200318,Malacostraca
Saccharina,Pabay_10_4_22_3,Pabay,Mid,3,10_4_2022,10,4,2022,reads,93132,Jassa herdmani.3,Animalia,Arthropoda,Malacostraca,Amphipoda,Ischyroceridae,Jassa,Jassa herdmani,0.353262037,Malacostraca
Saccharina,Pabay_10_4_22_3,Pabay,Mid,3,10_4_2022,10,4,2022,reads,93132,Jassa herdmani.4,Animalia,Arthropoda,Malacostraca,Amphipoda,Ischyroceridae,Jassa,Jassa herdmani,0.140660568,Malacostraca
Saccharina,Pabay_10_4_22_3,Pabay,Mid,3,10_4_2022,10,4,2022,reads,93132,Niphargus arbiter,Animalia,Arthropoda,Malacostraca,Amphipoda,Niphargidae,Niphargus,Niphargus arbiter,0.073014646,Malacostraca
Alaria,Pabay_22_5_22_2,Pabay,NW,2,22_5_2022,22,5,2022,reads,46114.5,Jassa herdmani.2,Animalia,Arthropoda,Malacostraca,Amphipoda,Ischyroceridae,Jassa,Jassa herdmani,0.172396968,Malacostraca
Saccharina,Pabay_22_5_22_2,Pabay,NW,2,22_5_2022,22,5,2022,reads,46114.5,Jassa herdmani.2,Animalia,Arthropoda,Malacostraca,Amphipoda,Ischyroceridae,Jassa,Jassa herdmani,0.172396968,Malacostraca
Alaria,Pabay_29_11_21_1,Pabay,NE,1,29_11_2021,29,11,2021,reads,10058.75,Pagurus longicarpus,Animalia,Arthropoda,Malacostraca,Decapoda,Paguridae,Pagurus,Pagurus longicarpus,0.069591152,Malacostraca
Saccharina,Pabay_29_11_21_1,Pabay,NE,1,29_11_2021,29,11,2021,reads,10058.75,Pagurus longicarpus,Animalia,Arthropoda,Malacostraca,Decapoda,Paguridae,Pagurus,Pagurus longicarpus,0.069591152,Malacostraca
Alaria,Pabay_29_11_21_2,Pabay,NW,2,29_11_2021,29,11,2021,reads,4580,Pagurus longicarpus,Animalia,Arthropoda,Malacostraca,Decapoda,Paguridae,Pagurus,Pagurus longicarpus,0.305676856,Malacostraca
Saccharina,Pabay_29_11_21_2,Pabay,NW,2,29_11_2021,29,11,2021,reads,4580,Pagurus longicarpus,Animalia,Arthropoda,Malacostraca,Decapoda,Paguridae,Pagurus,Pagurus longicarpus,0.305676856,Malacostraca
Alaria,Pabay_30_10_21_3,Pabay,Mid,3,30_10_2021,30,10,2021,reads,11803.5,Caridea sp. LPdivOTU7,Animalia,Arthropoda,Malacostraca,Decapoda,Caridea,Caridea,Caridea sp. LPdivOTU7,0.173677299,Malacostraca
Saccharina,Pabay_30_10_21_3,Pabay,Mid,3,30_10_2021,30,10,2021,reads,11803.5,Caridea sp. LPdivOTU7,Animalia,Arthropoda,Malacostraca,Decapoda,Caridea,Caridea,Caridea sp. LPdivOTU7,0.173677299,Malacostraca
Alaria,Pabay_30_6_22_1,Pabay,NE,1,30_6_2022,30,6,2022,reads,60441.5,Jassa herdmani,Animalia,Arthropoda,Malacostraca,Amphipoda,Ischyroceridae,Jassa,Jassa herdmani,0.013235939,Malacostraca
Saccharina,Pabay_30_6_22_1,Pabay,NE,1,30_6_2022,30,6,2022,reads,60441.5,Jassa herdmani,Animalia,Arthropoda,Malacostraca,Amphipoda,Ischyroceridae,Jassa,Jassa herdmani,0.013235939,Malacostraca
Alaria,Pabay_7_5_22_1,Pabay,NE,1,7_5_2022,7,5,2022,reads,16931.5,Jassa herdmani,Animalia,Arthropoda,Malacostraca,Amphipoda,Ischyroceridae,Jassa,Jassa herdmani,0.044296134,Malacostraca
Alaria,Pabay_7_5_22_1,Pabay,NE,1,7_5_2022,7,5,2022,reads,16931.5,Aora gracilis,Animalia,Arthropoda,Malacostraca,Amphipoda,Aoridae,Aora,Aora gracilis,0.191949916,Malacostraca
Saccharina,Pabay_7_5_22_1,Pabay,NE,1,7_5_2022,7,5,2022,reads,16931.5,Jassa herdmani,Animalia,Arthropoda,Malacostraca,Amphipoda,Ischyroceridae,Jassa,Jassa herdmani,0.044296134,Malacostraca
Saccharina,Pabay_7_5_22_1,Pabay,NE,1,7_5_2022,7,5,2022,reads,16931.5,Aora gracilis,Animalia,Arthropoda,Malacostraca,Amphipoda,Aoridae,Aora,Aora gracilis,0.191949916,Malacostraca
Alaria,Pabay_8_3_22_1,Pabay,NE,1,8_3_2022,8,3,2022,reads,18127.5,Jassa herdmani,Animalia,Arthropoda,Malacostraca,Amphipoda,Ischyroceridae,Jassa,Jassa herdmani,0.44959316,Malacostraca
Saccharina,Pabay_8_3_22_1,Pabay,NE,1,8_3_2022,8,3,2022,reads,18127.5,Jassa herdmani,Animalia,Arthropoda,Malacostraca,Amphipoda,Ischyroceridae,Jassa,Jassa herdmani,0.44959316,Malacostraca
Alaria,Pabay_8_3_22_3,Pabay,Mid,3,8_3_2022,8,3,2022,reads,27323,Jassa herdmani,Animalia,Arthropoda,Malacostraca,Amphipoda,Ischyroceridae,Jassa,Jassa herdmani,1.414559163,Malacostraca
Alaria,Pabay_8_3_22_3,Pabay,Mid,3,8_3_2022,8,3,2022,reads,27323,Jassa herdmani.5,Animalia,Arthropoda,Malacostraca,Amphipoda,Ischyroceridae,Jassa,Jassa herdmani,0.17933609,Malacostraca
Alaria,Pabay_8_3_22_3,Pabay,Mid,3,8_3_2022,8,3,2022,reads,27323,Jassa herdmani.6,Animalia,Arthropoda,Malacostraca,Amphipoda,Ischyroceridae,Jassa,Jassa herdmani,0.124437287,Malacostraca
Saccharina,Pabay_8_3_22_3,Pabay,Mid,3,8_3_2022,8,3,2022,reads,27323,Jassa herdmani,Animalia,Arthropoda,Malacostraca,Amphipoda,Ischyroceridae,Jassa,Jassa herdmani,1.414559163,Malacostraca
Saccharina,Pabay_8_3_22_3,Pabay,Mid,3,8_3_2022,8,3,2022,reads,27323,Jassa herdmani.5,Animalia,Arthropoda,Malacostraca,Amphipoda,Ischyroceridae,Jassa,Jassa herdmani,0.17933609,Malacostraca
Saccharina,Pabay_8_3_22_3,Pabay,Mid,3,8_3_2022,8,3,2022,reads,27323,Jassa herdmani.6,Animalia,Arthropoda,Malacostraca,Amphipoda,Ischyroceridae,Jassa,Jassa herdmani,0.124437287,Malacostraca
Alaria,Pabay_10_12_21_1,Pabay,NE,1,10_12_2021,10,12,2021,reads,1412.5,Thalassiosira rotula.7,Chromista,Ochrophyta,Bacillariophyceae,Thalassiosirales,Thalassiosiraceae,Thalassiosira,Thalassiosira rotula,0.14159292,no
Alaria,Pabay_10_12_21_1,Pabay,NE,1,10_12_2021,10,12,2021,reads,1412.5,Thalassionema nitzschioides,Chromista,Ochrophyta,Bacillariophyceae,Thalassionematales,Thalassionemataceae,Thalassionema,Thalassionema nitzschioides,1.451327434,no
Alaria,Pabay_10_12_21_1,Pabay,NE,1,10_12_2021,10,12,2021,reads,1412.5,Thalassionema nitzschioides.1,Chromista,Ochrophyta,Bacillariophyceae,Thalassionematales,Thalassionemataceae,Thalassionema,Thalassionema nitzschioides,1.380530973,no
Saccharina,Pabay_10_12_21_1,Pabay,NE,1,10_12_2021,10,12,2021,reads,1412.5,Thalassiosira rotula.7,Chromista,Ochrophyta,Bacillariophyceae,Thalassiosirales,Thalassiosiraceae,Thalassiosira,Thalassiosira rotula,0.14159292,no
Saccharina,Pabay_10_12_21_1,Pabay,NE,1,10_12_2021,10,12,2021,reads,1412.5,Thalassionema nitzschioides,Chromista,Ochrophyta,Bacillariophyceae,Thalassionematales,Thalassionemataceae,Thalassionema,Thalassionema nitzschioides,1.451327434,no
Saccharina,Pabay_10_12_21_1,Pabay,NE,1,10_12_2021,10,12,2021,reads,1412.5,Thalassionema nitzschioides.1,Chromista,Ochrophyta,Bacillariophyceae,Thalassionematales,Thalassionemataceae,Thalassionema,Thalassionema nitzschioides,1.380530973,no
Alaria,Pabay_10_12_21_2,Pabay,NW,2,10_12_2021,10,12,2021,reads,1191.5,Thalassiosira rotula.6,Chromista,Ochrophyta,Bacillariophyceae,Thalassiosirales,Thalassiosiraceae,Thalassiosira,Thalassiosira rotula,0.293747377,no
Alaria,Pabay_10_12_21_2,Pabay,NW,2,10_12_2021,10,12,2021,reads,1191.5,Thalassionema nitzschioides,Chromista,Ochrophyta,Bacillariophyceae,Thalassionematales,Thalassionemataceae,Thalassionema,Thalassionema nitzschioides,1.049097776,no
Alaria,Pabay_10_12_21_2,Pabay,NW,2,10_12_2021,10,12,2021,reads,1191.5,Cassiopea xamachana,Animalia,Cnidaria,Scyphozoa,Rhizostomeae,Cassiopeidae,Cassiopea,Cassiopea xamachana,0.251783466,no
Alaria,Pabay_10_12_21_2,Pabay,NW,2,10_12_2021,10,12,2021,reads,1191.5,Urodasys sp. 114a.7,Animalia,Gastrotricha,Macrodasyida,Macrodasyoidea,Urodasidae,Urodasys,Urodasys sp. 114a,1.258917331,no
Alaria,Pabay_10_12_21_2,Pabay,NW,2,10_12_2021,10,12,2021,reads,1191.5,Urodasys sp. 114a.20,Animalia,Gastrotricha,Macrodasyida,Macrodasyoidea,Urodasidae,Urodasys,Urodasys sp. 114a,0.335711288,no
Alaria,Pabay_10_12_21_2,Pabay,NW,2,10_12_2021,10,12,2021,reads,1191.5,Urodasys sp. 114a.22,Animalia,Gastrotricha,Macrodasyida,Macrodasyoidea,Urodasidae,Urodasys,Urodasys sp. 114a,0.251783466,no
Alaria,Pabay_10_12_21_2,Pabay,NW,2,10_12_2021,10,12,2021,reads,1191.5,invertebrate environmental sample.6,,,,,,,,0.083927822,no
Saccharina,Pabay_10_12_21_2,Pabay,NW,2,10_12_2021,10,12,2021,reads,1191.5,Thalassiosira rotula.6,Chromista,Ochrophyta,Bacillariophyceae,Thalassiosirales,Thalassiosiraceae,Thalassiosira,Thalassiosira rotula,0.293747377,no
Saccharina,Pabay_10_12_21_2,Pabay,NW,2,10_12_2021,10,12,2021,reads,1191.5,Thalassionema nitzschioides,Chromista,Ochrophyta,Bacillariophyceae,Thalassionematales,Thalassionemataceae,Thalassionema,Thalassionema nitzschioides,1.049097776,no
Saccharina,Pabay_10_12_21_2,Pabay,NW,2,10_12_2021,10,12,2021,reads,1191.5,Cassiopea xamachana,Animalia,Cnidaria,Scyphozoa,Rhizostomeae,Cassiopeidae,Cassiopea,Cassiopea xamachana,0.251783466,no
Saccharina,Pabay_10_12_21_2,Pabay,NW,2,10_12_2021,10,12,2021,reads,1191.5,Urodasys sp. 114a.7,Animalia,Gastrotricha,Macrodasyida,Macrodasyoidea,Urodasidae,Urodasys,Urodasys sp. 114a,1.258917331,no
Saccharina,Pabay_10_12_21_2,Pabay,NW,2,10_12_2021,10,12,2021,reads,1191.5,Urodasys sp. 114a.20,Animalia,Gastrotricha,Macrodasyida,Macrodasyoidea,Urodasidae,Urodasys,Urodasys sp. 114a,0.335711288,no
Saccharina,Pabay_10_12_21_2,Pabay,NW,2,10_12_2021,10,12,2021,reads,1191.5,Urodasys sp. 114a.22,Animalia,Gastrotricha,Macrodasyida,Macrodasyoidea,Urodasidae,Urodasys,Urodasys sp. 114a,0.251783466,no
Saccharina,Pabay_10_12_21_2,Pabay,NW,2,10_12_2021,10,12,2021,reads,1191.5,invertebrate environmental sample.6,,,,,,,,0.083927822,no
Alaria,Pabay_10_12_21_3,Pabay,Mid,3,10_12_2021,10,12,2021,reads,1414,Thalassionema nitzschioides,Chromista,Ochrophyta,Bacillariophyceae,Thalassionematales,Thalassionemataceae,Thalassionema,Thalassionema nitzschioides,0.565770863,no
Alaria,Pabay_10_12_21_3,Pabay,Mid,3,10_12_2021,10,12,2021,reads,1414,Minutocellus polymorphus.7,Chromista,Ochrophyta,Coscinodiscophyceae,Coscinodiscales,Helminthophoraceae,Minutocellus,Minutocellus polymorphus,0.106082037,no
Alaria,Pabay_10_12_21_3,Pabay,Mid,3,10_12_2021,10,12,2021,reads,1414,Cassiopea xamachana,Animalia,Cnidaria,Scyphozoa,Rhizostomeae,Cassiopeidae,Cassiopea,Cassiopea xamachana,0.353606789,no
Alaria,Pabay_10_12_21_3,Pabay,Mid,3,10_12_2021,10,12,2021,reads,1414,Cassiopea sp. PGNIMCP,,,,,,Cassiopea,Cassiopea sp. PGNIMCP,0.282885431,no
Saccharina,Pabay_10_12_21_3,Pabay,Mid,3,10_12_2021,10,12,2021,reads,1414,Thalassionema nitzschioides,Chromista,Ochrophyta,Bacillariophyceae,Thalassionematales,Thalassionemataceae,Thalassionema,Thalassionema nitzschioides,0.565770863,no
Saccharina,Pabay_10_12_21_3,Pabay,Mid,3,10_12_2021,10,12,2021,reads,1414,Minutocellus polymorphus.7,Chromista,Ochrophyta,Coscinodiscophyceae,Coscinodiscales,Helminthophoraceae,Minutocellus,Minutocellus polymorphus,0.106082037,no
Saccharina,Pabay_10_12_21_3,Pabay,Mid,3,10_12_2021,10,12,2021,reads,1414,Cassiopea xamachana,Animalia,Cnidaria,Scyphozoa,Rhizostomeae,Cassiopeidae,Cassiopea,Cassiopea xamachana,0.353606789,no
Saccharina,Pabay_10_12_21_3,Pabay,Mid,3,10_12_2021,10,12,2021,reads,1414,Cassiopea sp. PGNIMCP,,,,,,Cassiopea,Cassiopea sp. PGNIMCP,0.282885431,no
Alaria,Pabay_10_4_22_1,Pabay,NE,1,10_4_2022,10,4,2022,reads,4566,Ditylum brightwellii.1,Chromista,Ochrophyta,Coscinodiscophyceae,Rhizosoleniales,Lithodesmiaceae,Ditylum,Ditylum brightwellii,0.076653526,no
Alaria,Pabay_10_4_22_1,Pabay,NE,1,10_4_2022,10,4,2022,reads,4566,Pedospumella sinomuralis.2,Chromista,Ochrophyta,Chrysophyceae,Chromulinales,Paraphysomonadaceae,Pedospumella,Pedospumella sinomuralis,0.109505037,no
Alaria,Pabay_10_4_22_1,Pabay,NE,1,10_4_2022,10,4,2022,reads,4566,Pseudochattonella farcimen,Chromista,Ochrophyta,Dictyochophyceae,Dictyochales,Chattonellaceae,Pseudochattonella,Pseudochattonella farcimen,0.197109067,no
Alaria,Pabay_10_4_22_1,Pabay,NE,1,10_4_2022,10,4,2022,reads,4566,Cernosvitoviella minor,Animalia,Annelida,Clitellata,Enchytraeida,Enchytraeidae,Cernosvitoviella,Cernosvitoviella minor,0.810337276,no
Alaria,Pabay_10_4_22_1,Pabay,NE,1,10_4_2022,10,4,2022,reads,4566,Prosadenoporus floridensis,Animalia,Nemertea,Enopla,Monostilifera,Prosorhochmidae,Prosadenoporus,Prosadenoporus floridensis,0.076653526,no
Alaria,Pabay_10_4_22_1,Pabay,NE,1,10_4_2022,10,4,2022,reads,4566,Enchytraeus doerjesi,Animalia,Annelida,Clitellata,Enchytraeida,Enchytraeidae,Enchytraeus,Enchytraeus doerjesi,0.229960578,no
Saccharina,Pabay_10_4_22_1,Pabay,NE,1,10_4_2022,10,4,2022,reads,4566,Ditylum brightwellii.1,Chromista,Ochrophyta,Coscinodiscophyceae,Rhizosoleniales,Lithodesmiaceae,Ditylum,Ditylum brightwellii,0.076653526,no
Saccharina,Pabay_10_4_22_1,Pabay,NE,1,10_4_2022,10,4,2022,reads,4566,Pedospumella sinomuralis.2,Chromista,Ochrophyta,Chrysophyceae,Chromulinales,Paraphysomonadaceae,Pedospumella,Pedospumella sinomuralis,0.109505037,no
Saccharina,Pabay_10_4_22_1,Pabay,NE,1,10_4_2022,10,4,2022,reads,4566,Pseudochattonella farcimen,Chromista,Ochrophyta,Dictyochophyceae,Dictyochales,Chattonellaceae,Pseudochattonella,Pseudochattonella farcimen,0.197109067,no
Saccharina,Pabay_10_4_22_1,Pabay,NE,1,10_4_2022,10,4,2022,reads,4566,Cernosvitoviella minor,Animalia,Annelida,Clitellata,Enchytraeida,Enchytraeidae,Cernosvitoviella,Cernosvitoviella minor,0.810337276,no
Saccharina,Pabay_10_4_22_1,Pabay,NE,1,10_4_2022,10,4,2022,reads,4566,Prosadenoporus floridensis,Animalia,Nemertea,Enopla,Monostilifera,Prosorhochmidae,Prosadenoporus,Prosadenoporus floridensis,0.076653526,no
Saccharina,Pabay_10_4_22_1,Pabay,NE,1,10_4_2022,10,4,2022,reads,4566,Enchytraeus doerjesi,Animalia,Annelida,Clitellata,Enchytraeida,Enchytraeidae,Enchytraeus,Enchytraeus doerjesi,0.229960578,no
Alaria,Pabay_10_4_22_2,Pabay,NW,2,10_4_2022,10,4,2022,reads,12291.5,Lithodesmium undulatum,Chromista,Ochrophyta,Coscinodiscophyceae,Rhizosoleniales,Lithodesmiaceae,Lithodesmium,Lithodesmium undulatum,0.028474962,no
Alaria,Pabay_10_4_22_2,Pabay,NW,2,10_4_2022,10,4,2022,reads,12291.5,Ditylum brightwellii.3,Chromista,Ochrophyta,Coscinodiscophyceae,Rhizosoleniales,Lithodesmiaceae,Ditylum,Ditylum brightwellii,0.374242363,no
Alaria,Pabay_10_4_22_2,Pabay,NW,2,10_4_2022,10,4,2022,reads,12291.5,Lithodesmium undulatum.2,Chromista,Ochrophyta,Coscinodiscophyceae,Rhizosoleniales,Lithodesmiaceae,Lithodesmium,Lithodesmium undulatum,0.801366798,no
Alaria,Pabay_10_4_22_2,Pabay,NW,2,10_4_2022,10,4,2022,reads,12291.5,Ditylum brightwellii.6,Chromista,Ochrophyta,Coscinodiscophyceae,Rhizosoleniales,Lithodesmiaceae,Ditylum,Ditylum brightwellii,0.06915348,no
Alaria,Pabay_10_4_22_2,Pabay,NW,2,10_4_2022,10,4,2022,reads,12291.5,Cassiopea xamachana.4,Animalia,Cnidaria,Scyphozoa,Rhizostomeae,Cassiopeidae,Cassiopea,Cassiopea xamachana,0.020339259,no
Alaria,Pabay_10_4_22_2,Pabay,NW,2,10_4_2022,10,4,2022,reads,12291.5,Asplanchna sieboldii.2,Animalia,Rotifera,Eurotatoria,Ploima,Asplanchnidae,Asplanchna,Asplanchna sieboldii,0.707806208,no
Alaria,Pabay_10_4_22_2,Pabay,NW,2,10_4_2022,10,4,2022,reads,12291.5,Asplanchna sieboldii.3,Animalia,Rotifera,Eurotatoria,Ploima,Asplanchnidae,Asplanchna,Asplanchna sieboldii,0.296953179,no
Alaria,Pabay_10_4_22_2,Pabay,NW,2,10_4_2022,10,4,2022,reads,12291.5,invertebrate environmental sample,,,,,,,,8.518081601,no
Alaria,Pabay_10_4_22_2,Pabay,NW,2,10_4_2022,10,4,2022,reads,12291.5,invertebrate environmental sample.2,,,,,,,,0.020339259,no
Saccharina,Pabay_10_4_22_2,Pabay,NW,2,10_4_2022,10,4,2022,reads,12291.5,Lithodesmium undulatum,Chromista,Ochrophyta,Coscinodiscophyceae,Rhizosoleniales,Lithodesmiaceae,Lithodesmium,Lithodesmium undulatum,0.028474962,no
Saccharina,Pabay_10_4_22_2,Pabay,NW,2,10_4_2022,10,4,2022,reads,12291.5,Ditylum brightwellii.3,Chromista,Ochrophyta,Coscinodiscophyceae,Rhizosoleniales,Lithodesmiaceae,Ditylum,Ditylum brightwellii,0.374242363,no
Saccharina,Pabay_10_4_22_2,Pabay,NW,2,10_4_2022,10,4,2022,reads,12291.5,Lithodesmium undulatum.2,Chromista,Ochrophyta,Coscinodiscophyceae,Rhizosoleniales,Lithodesmiaceae,Lithodesmium,Lithodesmium undulatum,0.801366798,no
Saccharina,Pabay_10_4_22_2,Pabay,NW,2,10_4_2022,10,4,2022,reads,12291.5,Ditylum brightwellii.6,Chromista,Ochrophyta,Coscinodiscophyceae,Rhizosoleniales,Lithodesmiaceae,Ditylum,Ditylum brightwellii,0.06915348,no
Saccharina,Pabay_10_4_22_2,Pabay,NW,2,10_4_2022,10,4,2022,reads,12291.5,Cassiopea xamachana.4,Animalia,Cnidaria,Scyphozoa,Rhizostomeae,Cassiopeidae,Cassiopea,Cassiopea xamachana,0.020339259,no
Saccharina,Pabay_10_4_22_2,Pabay,NW,2,10_4_2022,10,4,2022,reads,12291.5,Asplanchna sieboldii.2,Animalia,Rotifera,Eurotatoria,Ploima,Asplanchnidae,Asplanchna,Asplanchna sieboldii,0.707806208,no
Saccharina,Pabay_10_4_22_2,Pabay,NW,2,10_4_2022,10,4,2022,reads,12291.5,Asplanchna sieboldii.3,Animalia,Rotifera,Eurotatoria,Ploima,Asplanchnidae,Asplanchna,Asplanchna sieboldii,0.296953179,no
Saccharina,Pabay_10_4_22_2,Pabay,NW,2,10_4_2022,10,4,2022,reads,12291.5,invertebrate environmental sample,,,,,,,,8.518081601,no
Saccharina,Pabay_10_4_22_2,Pabay,NW,2,10_4_2022,10,4,2022,reads,12291.5,invertebrate environmental sample.2,,,,,,,,0.020339259,no
Alaria,Pabay_10_4_22_3,Pabay,Mid,3,10_4_2022,10,4,2022,reads,93132,Amicula sp. isolate GU52X-4 cfCalB7,Animalia,Mollusca,Polyplacophora,Lepidopleurida,Leptochitonidae,Amicula,Amicula sp. isolate GU52X-4 cfCalB7,0.011811193,no
Alaria,Pabay_10_4_22_3,Pabay,Mid,3,10_4_2022,10,4,2022,reads,93132,Skeletonema menzelii,Chromista,Ochrophyta,Bacillariophyceae,Thalassiosirales,Skeletonemataceae,Skeletonema,Skeletonema menzelii,1.471030366,no
Alaria,Pabay_10_4_22_3,Pabay,Mid,3,10_4_2022,10,4,2022,reads,93132,Durinskia baltica,Chromista,Myzozoa,Dinophyceae,Peridiniales,Peridinaceae,Durinskia,Durinskia baltica,0.134218099,no
Alaria,Pabay_10_4_22_3,Pabay,Mid,3,10_4_2022,10,4,2022,reads,93132,Skeletonema potamos,Chromista,Ochrophyta,Bacillariophyceae,Thalassiosirales,Skeletonemataceae,Skeletonema,Skeletonema potamos,0.07838337,no
Alaria,Pabay_10_4_22_3,Pabay,Mid,3,10_4_2022,10,4,2022,reads,93132,Skeletonema marinoi,Chromista,Ochrophyta,Bacillariophyceae,Thalassiosirales,Skeletonemataceae,Skeletonema,Skeletonema marinoi,0.070867156,no
Alaria,Pabay_10_4_22_3,Pabay,Mid,3,10_4_2022,10,4,2022,reads,93132,Thalassiosira punctigera,Chromista,Ochrophyta,Bacillariophyceae,Thalassiosirales,Thalassiosiraceae,Thalassiosira,Thalassiosira punctigera,0.109521969,no
Alaria,Pabay_10_4_22_3,Pabay,Mid,3,10_4_2022,10,4,2022,reads,93132,Stephanodiscus cf. minutulus,Chromista,Ochrophyta,Mediophyceae,Thalassiosirales,Stephanodiscaceae,Stephanodiscus,Stephanodiscus cf. minutulus,0.135291844,no
Alaria,Pabay_10_4_22_3,Pabay,Mid,3,10_4_2022,10,4,2022,reads,93132,Guinardia delicatula.3,Chromista,Ochrophyta,Coscinodiscophyceae,Rhizosoleniales,Rhizosoleniaceae,Guinardia,Guinardia delicatula,0.123480651,no
Alaria,Pabay_10_4_22_3,Pabay,Mid,3,10_4_2022,10,4,2022,reads,93132,Discostella sp. clade A (type II),Eukaryota,Ochrophyta,Bacillariophyceae,Thalassiosirales,Stephanodiscaceae,Discostella,Discostella sp. clade A (type II),0.054760984,no
Alaria,Pabay_10_4_22_3,Pabay,Mid,3,10_4_2022,10,4,2022,reads,93132,Chaetoceros socialis.1,Chromista,Ochrophyta,Mediophyceae,Chaetocerotales,Chaetocerotaceae,Chaetoceros,Chaetoceros socialis,0.047244771,no
Alaria,Pabay_10_4_22_3,Pabay,Mid,3,10_4_2022,10,4,2022,reads,93132,Thalassionema nitzschioides,Chromista,Ochrophyta,Bacillariophyceae,Thalassionematales,Thalassionemataceae,Thalassionema,Thalassionema nitzschioides,0.067645922,no
Alaria,Pabay_10_4_22_3,Pabay,Mid,3,10_4_2022,10,4,2022,reads,93132,Thalassionema nitzschioides.2,Chromista,Ochrophyta,Bacillariophyceae,Thalassionematales,Thalassionemataceae,Thalassionema,Thalassionema nitzschioides,0.095563287,no
Alaria,Pabay_10_4_22_3,Pabay,Mid,3,10_4_2022,10,4,2022,reads,93132,Ditylum brightwellii.3,Chromista,Ochrophyta,Coscinodiscophyceae,Rhizosoleniales,Lithodesmiaceae,Ditylum,Ditylum brightwellii,0.850405876,no
Alaria,Pabay_10_4_22_3,Pabay,Mid,3,10_4_2022,10,4,2022,reads,93132,Minutocellus polymorphus.9,Chromista,Ochrophyta,Coscinodiscophyceae,Coscinodiscales,Helminthophoraceae,Minutocellus,Minutocellus polymorphus,0.182536615,no
Alaria,Pabay_10_4_22_3,Pabay,Mid,3,10_4_2022,10,4,2022,reads,93132,Minutocellus polymorphus.13,Chromista,Ochrophyta,Coscinodiscophyceae,Coscinodiscales,Helminthophoraceae,Minutocellus,Minutocellus polymorphus,0.25769875,no
Alaria,Pabay_10_4_22_3,Pabay,Mid,3,10_4_2022,10,4,2022,reads,93132,Ditylum brightwellii.5,Chromista,Ochrophyta,Coscinodiscophyceae,Rhizosoleniales,Lithodesmiaceae,Ditylum,Ditylum brightwellii,0.042949792,no
Alaria,Pabay_10_4_22_3,Pabay,Mid,3,10_4_2022,10,4,2022,reads,93132,Cassiopea xamachana,Animalia,Cnidaria,Scyphozoa,Rhizostomeae,Cassiopeidae,Cassiopea,Cassiopea xamachana,1.306747412,no
Alaria,Pabay_10_4_22_3,Pabay,Mid,3,10_4_2022,10,4,2022,reads,93132,Aurelia sp. 11 sensu Dawson et al. (2005),,,,,,Aurelia,Aurelia sp. 11 sensu Dawson et al. (2005),0.540093631,no
Alaria,Pabay_10_4_22_3,Pabay,Mid,3,10_4_2022,10,4,2022,reads,93132,Cassiopea xamachana.2,Animalia,Cnidaria,Scyphozoa,Rhizostomeae,Cassiopeidae,Cassiopea,Cassiopea xamachana,0.094489542,no
Alaria,Pabay_10_4_22_3,Pabay,Mid,3,10_4_2022,10,4,2022,reads,93132,Urodasys sp. 114a.4,Animalia,Gastrotricha,Macrodasyida,Macrodasyoidea,Urodasidae,Urodasys,Urodasys sp. 114a,0.225486406,no
Alaria,Pabay_10_4_22_3,Pabay,Mid,3,10_4_2022,10,4,2022,reads,93132,Urodasys sp. 114a.7,Animalia,Gastrotricha,Macrodasyida,Macrodasyoidea,Urodasidae,Urodasys,Urodasys sp. 114a,0.052613495,no
Alaria,Pabay_10_4_22_3,Pabay,Mid,3,10_4_2022,10,4,2022,reads,93132,Urodasys sp. 114a.18,Animalia,Gastrotricha,Macrodasyida,Macrodasyoidea,Urodasidae,Urodasys,Urodasys sp. 114a,0.012884938,no
Alaria,Pabay_10_4_22_3,Pabay,Mid,3,10_4_2022,10,4,2022,reads,93132,Monostilifera sp.,Animalia,Nemertea,Anopla,Monostilifera,Monostylifera,Monostilifera,Monostilifera sp.,0.077309625,no
Alaria,Pabay_10_4_22_3,Pabay,Mid,3,10_4_2022,10,4,2022,reads,93132,Euchlanis dilatata,Animalia,Rotifera,Eurotatoria,Ploima,Euchlanidae,Euchlanis,Euchlanis dilatata,0.380105656,no
Alaria,Pabay_10_4_22_3,Pabay,Mid,3,10_4_2022,10,4,2022,reads,93132,Lepadella cf. quadricarinata AGROT318-10,Animalia,Rotifera,Eurotatoria,Ploima,Colurellidae,Lepadella,Lepadella cf. quadricarinata AGROT318-10,0.215822703,no
Alaria,Pabay_10_4_22_3,Pabay,Mid,3,10_4_2022,10,4,2022,reads,93132,Asplanchna sieboldii.3,Animalia,Rotifera,Eurotatoria,Ploima,Asplanchnidae,Asplanchna,Asplanchna sieboldii,0.07623588,no
Alaria,Pabay_10_4_22_3,Pabay,Mid,3,10_4_2022,10,4,2022,reads,93132,invertebrate environmental sample,,,,,,,,0.659279302,no
Alaria,Pabay_10_4_22_3,Pabay,Mid,3,10_4_2022,10,4,2022,reads,93132,invertebrate environmental sample.9,,,,,,,,0.038654813,no
Saccharina,Pabay_10_4_22_3,Pabay,Mid,3,10_4_2022,10,4,2022,reads,93132,Amicula sp. isolate GU52X-4 cfCalB7,Animalia,Mollusca,Polyplacophora,Lepidopleurida,Leptochitonidae,Amicula,Amicula sp. isolate GU52X-4 cfCalB7,0.011811193,no
Saccharina,Pabay_10_4_22_3,Pabay,Mid,3,10_4_2022,10,4,2022,reads,93132,Skeletonema menzelii,Chromista,Ochrophyta,Bacillariophyceae,Thalassiosirales,Skeletonemataceae,Skeletonema,Skeletonema menzelii,1.471030366,no
Saccharina,Pabay_10_4_22_3,Pabay,Mid,3,10_4_2022,10,4,2022,reads,93132,Durinskia baltica,Chromista,Myzozoa,Dinophyceae,Peridiniales,Peridinaceae,Durinskia,Durinskia baltica,0.134218099,no
Saccharina,Pabay_10_4_22_3,Pabay,Mid,3,10_4_2022,10,4,2022,reads,93132,Skeletonema potamos,Chromista,Ochrophyta,Bacillariophyceae,Thalassiosirales,Skeletonemataceae,Skeletonema,Skeletonema potamos,0.07838337,no
Saccharina,Pabay_10_4_22_3,Pabay,Mid,3,10_4_2022,10,4,2022,reads,93132,Skeletonema marinoi,Chromista,Ochrophyta,Bacillariophyceae,Thalassiosirales,Skeletonemataceae,Skeletonema,Skeletonema marinoi,0.070867156,no
Saccharina,Pabay_10_4_22_3,Pabay,Mid,3,10_4_2022,10,4,2022,reads,93132,Thalassiosira punctigera,Chromista,Ochrophyta,Bacillariophyceae,Thalassiosirales,Thalassiosiraceae,Thalassiosira,Thalassiosira punctigera,0.109521969,no
Saccharina,Pabay_10_4_22_3,Pabay,Mid,3,10_4_2022,10,4,2022,reads,93132,Stephanodiscus cf. minutulus,Chromista,Ochrophyta,Mediophyceae,Thalassiosirales,Stephanodiscaceae,Stephanodiscus,Stephanodiscus cf. minutulus,0.135291844,no
Saccharina,Pabay_10_4_22_3,Pabay,Mid,3,10_4_2022,10,4,2022,reads,93132,Guinardia delicatula.3,Chromista,Ochrophyta,Coscinodiscophyceae,Rhizosoleniales,Rhizosoleniaceae,Guinardia,Guinardia delicatula,0.123480651,no
Saccharina,Pabay_10_4_22_3,Pabay,Mid,3,10_4_2022,10,4,2022,reads,93132,Discostella sp. clade A (type II),Eukaryota,Ochrophyta,Bacillariophyceae,Thalassiosirales,Stephanodiscaceae,Discostella,Discostella sp. clade A (type II),0.054760984,no
Saccharina,Pabay_10_4_22_3,Pabay,Mid,3,10_4_2022,10,4,2022,reads,93132,Chaetoceros socialis.1,Chromista,Ochrophyta,Mediophyceae,Chaetocerotales,Chaetocerotaceae,Chaetoceros,Chaetoceros socialis,0.047244771,no
Saccharina,Pabay_10_4_22_3,Pabay,Mid,3,10_4_2022,10,4,2022,reads,93132,Thalassionema nitzschioides,Chromista,Ochrophyta,Bacillariophyceae,Thalassionematales,Thalassionemataceae,Thalassionema,Thalassionema nitzschioides,0.067645922,no
Saccharina,Pabay_10_4_22_3,Pabay,Mid,3,10_4_2022,10,4,2022,reads,93132,Thalassionema nitzschioides.2,Chromista,Ochrophyta,Bacillariophyceae,Thalassionematales,Thalassionemataceae,Thalassionema,Thalassionema nitzschioides,0.095563287,no
Saccharina,Pabay_10_4_22_3,Pabay,Mid,3,10_4_2022,10,4,2022,reads,93132,Ditylum brightwellii.3,Chromista,Ochrophyta,Coscinodiscophyceae,Rhizosoleniales,Lithodesmiaceae,Ditylum,Ditylum brightwellii,0.850405876,no
Saccharina,Pabay_10_4_22_3,Pabay,Mid,3,10_4_2022,10,4,2022,reads,93132,Minutocellus polymorphus.9,Chromista,Ochrophyta,Coscinodiscophyceae,Coscinodiscales,Helminthophoraceae,Minutocellus,Minutocellus polymorphus,0.182536615,no
Saccharina,Pabay_10_4_22_3,Pabay,Mid,3,10_4_2022,10,4,2022,reads,93132,Minutocellus polymorphus.13,Chromista,Ochrophyta,Coscinodiscophyceae,Coscinodiscales,Helminthophoraceae,Minutocellus,Minutocellus polymorphus,0.25769875,no
Saccharina,Pabay_10_4_22_3,Pabay,Mid,3,10_4_2022,10,4,2022,reads,93132,Ditylum brightwellii.5,Chromista,Ochrophyta,Coscinodiscophyceae,Rhizosoleniales,Lithodesmiaceae,Ditylum,Ditylum brightwellii,0.042949792,no
Saccharina,Pabay_10_4_22_3,Pabay,Mid,3,10_4_2022,10,4,2022,reads,93132,Cassiopea xamachana,Animalia,Cnidaria,Scyphozoa,Rhizostomeae,Cassiopeidae,Cassiopea,Cassiopea xamachana,1.306747412,no
Saccharina,Pabay_10_4_22_3,Pabay,Mid,3,10_4_2022,10,4,2022,reads,93132,Aurelia sp. 11 sensu Dawson et al. (2005),,,,,,Aurelia,Aurelia sp. 11 sensu Dawson et al. (2005),0.540093631,no
Saccharina,Pabay_10_4_22_3,Pabay,Mid,3,10_4_2022,10,4,2022,reads,93132,Cassiopea xamachana.2,Animalia,Cnidaria,Scyphozoa,Rhizostomeae,Cassiopeidae,Cassiopea,Cassiopea xamachana,0.094489542,no
Saccharina,Pabay_10_4_22_3,Pabay,Mid,3,10_4_2022,10,4,2022,reads,93132,Urodasys sp. 114a.4,Animalia,Gastrotricha,Macrodasyida,Macrodasyoidea,Urodasidae,Urodasys,Urodasys sp. 114a,0.225486406,no
Saccharina,Pabay_10_4_22_3,Pabay,Mid,3,10_4_2022,10,4,2022,reads,93132,Urodasys sp. 114a.7,Animalia,Gastrotricha,Macrodasyida,Macrodasyoidea,Urodasidae,Urodasys,Urodasys sp. 114a,0.052613495,no
Saccharina,Pabay_10_4_22_3,Pabay,Mid,3,10_4_2022,10,4,2022,reads,93132,Urodasys sp. 114a.18,Animalia,Gastrotricha,Macrodasyida,Macrodasyoidea,Urodasidae,Urodasys,Urodasys sp. 114a,0.012884938,no
Saccharina,Pabay_10_4_22_3,Pabay,Mid,3,10_4_2022,10,4,2022,reads,93132,Monostilifera sp.,Animalia,Nemertea,Anopla,Monostilifera,Monostylifera,Monostilifera,Monostilifera sp.,0.077309625,no
Saccharina,Pabay_10_4_22_3,Pabay,Mid,3,10_4_2022,10,4,2022,reads,93132,Euchlanis dilatata,Animalia,Rotifera,Eurotatoria,Ploima,Euchlanidae,Euchlanis,Euchlanis dilatata,0.380105656,no
Saccharina,Pabay_10_4_22_3,Pabay,Mid,3,10_4_2022,10,4,2022,reads,93132,Lepadella cf. quadricarinata AGROT318-10,Animalia,Rotifera,Eurotatoria,Ploima,Colurellidae,Lepadella,Lepadella cf. quadricarinata AGROT318-10,0.215822703,no
Saccharina,Pabay_10_4_22_3,Pabay,Mid,3,10_4_2022,10,4,2022,reads,93132,Asplanchna sieboldii.3,Animalia,Rotifera,Eurotatoria,Ploima,Asplanchnidae,Asplanchna,Asplanchna sieboldii,0.07623588,no
Saccharina,Pabay_10_4_22_3,Pabay,Mid,3,10_4_2022,10,4,2022,reads,93132,invertebrate environmental sample,,,,,,,,0.659279302,no
Saccharina,Pabay_10_4_22_3,Pabay,Mid,3,10_4_2022,10,4,2022,reads,93132,invertebrate environmental sample.9,,,,,,,,0.038654813,no
Alaria,Pabay_13_11_21_1,Pabay,NE,1,13_11_2021,13,11,2021,reads,3404,Skeletonema menzelii,Chromista,Ochrophyta,Bacillariophyceae,Thalassiosirales,Skeletonemataceae,Skeletonema,Skeletonema menzelii,2.688014101,no
Alaria,Pabay_13_11_21_1,Pabay,NE,1,13_11_2021,13,11,2021,reads,3404,Minutocellus polymorphus.7,Chromista,Ochrophyta,Coscinodiscophyceae,Coscinodiscales,Helminthophoraceae,Minutocellus,Minutocellus polymorphus,2.658636898,no
Alaria,Pabay_13_11_21_1,Pabay,NE,1,13_11_2021,13,11,2021,reads,3404,Minutocellus polymorphus.9,Chromista,Ochrophyta,Coscinodiscophyceae,Coscinodiscales,Helminthophoraceae,Minutocellus,Minutocellus polymorphus,1.145710928,no
Alaria,Pabay_13_11_21_1,Pabay,NE,1,13_11_2021,13,11,2021,reads,3404,Cassiopea xamachana,Animalia,Cnidaria,Scyphozoa,Rhizostomeae,Cassiopeidae,Cassiopea,Cassiopea xamachana,0.484723854,no
Alaria,Pabay_13_11_21_1,Pabay,NE,1,13_11_2021,13,11,2021,reads,3404,invertebrate environmental sample.2,,,,,,,,0.102820212,no
Saccharina,Pabay_13_11_21_1,Pabay,NE,1,13_11_2021,13,11,2021,reads,3404,Skeletonema menzelii,Chromista,Ochrophyta,Bacillariophyceae,Thalassiosirales,Skeletonemataceae,Skeletonema,Skeletonema menzelii,2.688014101,no
Saccharina,Pabay_13_11_21_1,Pabay,NE,1,13_11_2021,13,11,2021,reads,3404,Minutocellus polymorphus.7,Chromista,Ochrophyta,Coscinodiscophyceae,Coscinodiscales,Helminthophoraceae,Minutocellus,Minutocellus polymorphus,2.658636898,no
Saccharina,Pabay_13_11_21_1,Pabay,NE,1,13_11_2021,13,11,2021,reads,3404,Minutocellus polymorphus.9,Chromista,Ochrophyta,Coscinodiscophyceae,Coscinodiscales,Helminthophoraceae,Minutocellus,Minutocellus polymorphus,1.145710928,no
Saccharina,Pabay_13_11_21_1,Pabay,NE,1,13_11_2021,13,11,2021,reads,3404,Cassiopea xamachana,Animalia,Cnidaria,Scyphozoa,Rhizostomeae,Cassiopeidae,Cassiopea,Cassiopea xamachana,0.484723854,no
Saccharina,Pabay_13_11_21_1,Pabay,NE,1,13_11_2021,13,11,2021,reads,3404,invertebrate environmental sample.2,,,,,,,,0.102820212,no
Alaria,Pabay_13_11_21_2,Pabay ,NW,2,13_11_2021,13,11,2021,reads,703,Skeletonema menzelii,Chromista,Ochrophyta,Bacillariophyceae,Thalassiosirales,Skeletonemataceae,Skeletonema,Skeletonema menzelii,0.568990043,no
Alaria,Pabay_13_11_21_2,Pabay ,NW,2,13_11_2021,13,11,2021,reads,703,Minutocellus polymorphus.7,Chromista,Ochrophyta,Coscinodiscophyceae,Coscinodiscales,Helminthophoraceae,Minutocellus,Minutocellus polymorphus,1.635846373,no
Saccharina,Pabay_13_11_21_2,Pabay ,NW,2,13_11_2021,13,11,2021,reads,703,Skeletonema menzelii,Chromista,Ochrophyta,Bacillariophyceae,Thalassiosirales,Skeletonemataceae,Skeletonema,Skeletonema menzelii,0.568990043,no
Saccharina,Pabay_13_11_21_2,Pabay ,NW,2,13_11_2021,13,11,2021,reads,703,Minutocellus polymorphus.7,Chromista,Ochrophyta,Coscinodiscophyceae,Coscinodiscales,Helminthophoraceae,Minutocellus,Minutocellus polymorphus,1.635846373,no
Alaria,Pabay_13_11_21_3,Pabay,Mid,3,13_11_2021,13,11,2021,reads,48155.5,Minutocellus polymorphus.1,Chromista,Ochrophyta,Coscinodiscophyceae,Coscinodiscales,Helminthophoraceae,Minutocellus,Minutocellus polymorphus,0.015574545,no
Alaria,Pabay_13_11_21_3,Pabay,Mid,3,13_11_2021,13,11,2021,reads,48155.5,Emiliania huxleyi,Chromista,Haptophyta,Coccolithophyceae,Isochrysidales,Noelaerhabdaceae,Emiliania,Emiliania huxleyi,0.064374786,no
Alaria,Pabay_13_11_21_3,Pabay,Mid,3,13_11_2021,13,11,2021,reads,48155.5,Skeletonema menzelii,Chromista,Ochrophyta,Bacillariophyceae,Thalassiosirales,Skeletonemataceae,Skeletonema,Skeletonema menzelii,3.994351632,no
Alaria,Pabay_13_11_21_3,Pabay,Mid,3,13_11_2021,13,11,2021,reads,48155.5,Chaetoceros tenuissimus,Chromista,Ochrophyta,Mediophyceae,Chaetocerotales,Chaetocerotaceae,Chaetoceros,Chaetoceros tenuissimus,0.08306424,no
Alaria,Pabay_13_11_21_3,Pabay,Mid,3,13_11_2021,13,11,2021,reads,48155.5,Guillardia theta,Chromista,Cryptophyta,Cryptophyceae,Pyrenomonadales,Geminigeraceae,Guillardia,Guillardia theta,0.016612848,no
Alaria,Pabay_13_11_21_3,Pabay,Mid,3,13_11_2021,13,11,2021,reads,48155.5,Skeletonema potamos,Chromista,Ochrophyta,Bacillariophyceae,Thalassiosirales,Skeletonemataceae,Skeletonema,Skeletonema potamos,0.022842666,no
Alaria,Pabay_13_11_21_3,Pabay,Mid,3,13_11_2021,13,11,2021,reads,48155.5,Thalassiosira punctigera,Chromista,Ochrophyta,Bacillariophyceae,Thalassiosirales,Thalassiosiraceae,Thalassiosira,Thalassiosira punctigera,0.04153212,no
Alaria,Pabay_13_11_21_3,Pabay,Mid,3,13_11_2021,13,11,2021,reads,48155.5,Podosira stelligera,Chromista,Ochrophyta,Mediophyceae,Thalassiosirales,Thalassiosiraceae,Podosira,Podosira stelligera,0.149515632,no
Alaria,Pabay_13_11_21_3,Pabay,Mid,3,13_11_2021,13,11,2021,reads,48155.5,Skeletonema menzelii.1,Chromista,Ochrophyta,Bacillariophyceae,Thalassiosirales,Skeletonemataceae,Skeletonema,Skeletonema menzelii,0.128749572,no
Alaria,Pabay_13_11_21_3,Pabay,Mid,3,13_11_2021,13,11,2021,reads,48155.5,Thalassiosira nordenskioeldii,Chromista,Ochrophyta,Bacillariophyceae,Thalassiosirales,Thalassiosiraceae,Thalassiosira,Thalassiosira nordenskioeldii,0.064374786,no
Alaria,Pabay_13_11_21_3,Pabay,Mid,3,13_11_2021,13,11,2021,reads,48155.5,Guinardia delicatula.6,Chromista,Ochrophyta,Coscinodiscophyceae,Rhizosoleniales,Rhizosoleniaceae,Guinardia,Guinardia delicatula,0.029072484,no
Alaria,Pabay_13_11_21_3,Pabay,Mid,3,13_11_2021,13,11,2021,reads,48155.5,Thalassiosira nordenskioeldii.1,Chromista,Ochrophyta,Bacillariophyceae,Thalassiosirales,Thalassiosiraceae,Thalassiosira,Thalassiosira nordenskioeldii,0.007268121,no
Alaria,Pabay_13_11_21_3,Pabay,Mid,3,13_11_2021,13,11,2021,reads,48155.5,Schizostauron trachyderma,Chromista,Ochrophyta,Bacillariophyceae,Mastogloiales,Achnanthidiaceae,Schizostauron,Schizostauron trachyderma,0.021804363,no
Alaria,Pabay_13_11_21_3,Pabay,Mid,3,13_11_2021,13,11,2021,reads,48155.5,Thalassionema nitzschioides,Chromista,Ochrophyta,Bacillariophyceae,Thalassionematales,Thalassionemataceae,Thalassionema,Thalassionema nitzschioides,0.042570423,no
Alaria,Pabay_13_11_21_3,Pabay,Mid,3,13_11_2021,13,11,2021,reads,48155.5,Thalassionema nitzschioides.2,Chromista,Ochrophyta,Bacillariophyceae,Thalassionematales,Thalassionemataceae,Thalassionema,Thalassionema nitzschioides,0.019727757,no
Alaria,Pabay_13_11_21_3,Pabay,Mid,3,13_11_2021,13,11,2021,reads,48155.5,Minutocellus polymorphus.7,Chromista,Ochrophyta,Coscinodiscophyceae,Coscinodiscales,Helminthophoraceae,Minutocellus,Minutocellus polymorphus,7.302384982,no
Alaria,Pabay_13_11_21_3,Pabay,Mid,3,13_11_2021,13,11,2021,reads,48155.5,Minutocellus polymorphus.8,Chromista,Ochrophyta,Coscinodiscophyceae,Coscinodiscales,Helminthophoraceae,Minutocellus,Minutocellus polymorphus,0.642709556,no
Alaria,Pabay_13_11_21_3,Pabay,Mid,3,13_11_2021,13,11,2021,reads,48155.5,Minutocellus polymorphus.9,Chromista,Ochrophyta,Coscinodiscophyceae,Coscinodiscales,Helminthophoraceae,Minutocellus,Minutocellus polymorphus,0.575219861,no
Alaria,Pabay_13_11_21_3,Pabay,Mid,3,13_11_2021,13,11,2021,reads,48155.5,Minutocellus polymorphus.10,Chromista,Ochrophyta,Coscinodiscophyceae,Coscinodiscales,Helminthophoraceae,Minutocellus,Minutocellus polymorphus,0.204545691,no
Alaria,Pabay_13_11_21_3,Pabay,Mid,3,13_11_2021,13,11,2021,reads,48155.5,Minutocellus polymorphus.16,Chromista,Ochrophyta,Coscinodiscophyceae,Coscinodiscales,Helminthophoraceae,Minutocellus,Minutocellus polymorphus,0.127711269,no
Alaria,Pabay_13_11_21_3,Pabay,Mid,3,13_11_2021,13,11,2021,reads,48155.5,Minutocellus polymorphus.17,Chromista,Ochrophyta,Coscinodiscophyceae,Coscinodiscales,Helminthophoraceae,Minutocellus,Minutocellus polymorphus,0.122519754,no
Alaria,Pabay_13_11_21_3,Pabay,Mid,3,13_11_2021,13,11,2021,reads,48155.5,Minutocellus polymorphus.18,Chromista,Ochrophyta,Coscinodiscophyceae,Coscinodiscales,Helminthophoraceae,Minutocellus,Minutocellus polymorphus,0.098638785,no
Alaria,Pabay_13_11_21_3,Pabay,Mid,3,13_11_2021,13,11,2021,reads,48155.5,Cassiopea xamachana,Animalia,Cnidaria,Scyphozoa,Rhizostomeae,Cassiopeidae,Cassiopea,Cassiopea xamachana,0.206622297,no
Alaria,Pabay_13_11_21_3,Pabay,Mid,3,13_11_2021,13,11,2021,reads,48155.5,Asterias rubens,Animalia,Echinodermata,Asteroidea,Forcipulatida,Asteriidae,Asterias,Asterias rubens,0.089294058,no
Alaria,Pabay_13_11_21_3,Pabay,Mid,3,13_11_2021,13,11,2021,reads,48155.5,Asterias rubens.1,Animalia,Echinodermata,Asteroidea,Forcipulatida,Asteriidae,Asterias,Asterias rubens,0.045685332,no
Alaria,Pabay_13_11_21_3,Pabay,Mid,3,13_11_2021,13,11,2021,reads,48155.5,Temnopleurus toreumaticus,Animalia,Echinodermata,Echinoidea,Camarodonta,Temnopleuridae,Temnopleurus,Temnopleurus toreumaticus,0.156783753,no
Alaria,Pabay_13_11_21_3,Pabay,Mid,3,13_11_2021,13,11,2021,reads,48155.5,Urodasys sp. 114a.2,Animalia,Gastrotricha,Macrodasyida,Macrodasyoidea,Urodasidae,Urodasys,Urodasys sp. 114a,0.191047752,no
Alaria,Pabay_13_11_21_3,Pabay,Mid,3,13_11_2021,13,11,2021,reads,48155.5,Urodasys sp. 114a.3,Animalia,Gastrotricha,Macrodasyida,Macrodasyoidea,Urodasidae,Urodasys,Urodasys sp. 114a,0.050876847,no
Alaria,Pabay_13_11_21_3,Pabay,Mid,3,13_11_2021,13,11,2021,reads,48155.5,Chaetonotus aff. gelidus MK-2019,Animalia,Gastrotricha,Chaetonotida,Chaetonotoidea,Chaetonotidae,Chaetonotus,Chaetonotus aff. gelidus MK-2019,0.143285814,no
Alaria,Pabay_13_11_21_3,Pabay,Mid,3,13_11_2021,13,11,2021,reads,48155.5,Urodasys sp. 114a.13,Animalia,Gastrotricha,Macrodasyida,Macrodasyoidea,Urodasidae,Urodasys,Urodasys sp. 114a,0.017651151,no
Alaria,Pabay_13_11_21_3,Pabay,Mid,3,13_11_2021,13,11,2021,reads,48155.5,Mytilus edulis complex sp. DC-2011,,,,,,Mytilus,Mytilus edulis complex sp. DC-2011,0.060221574,no
Alaria,Pabay_13_11_21_3,Pabay,Mid,3,13_11_2021,13,11,2021,reads,48155.5,Monostilifera sp.,Animalia,Nemertea,Anopla,Monostilifera,Monostylifera,Monostilifera,Monostilifera sp.,0.693586402,no
Alaria,Pabay_13_11_21_3,Pabay,Mid,3,13_11_2021,13,11,2021,reads,48155.5,Monostilifera sp..1,Animalia,Nemertea,Anopla,Monostilifera,Monostylifera,Monostilifera,Monostilifera sp.,0.070604604,no
Alaria,Pabay_13_11_21_3,Pabay,Mid,3,13_11_2021,13,11,2021,reads,48155.5,Corvomeyenia everetti,Animalia,Porifera,Demospongiae,Spongillida,Spongillidae,Corvomeyenia,Corvomeyenia everetti,0.032187393,no
Alaria,Pabay_13_11_21_3,Pabay,Mid,3,13_11_2021,13,11,2021,reads,48155.5,Monogononta sp. R35_CoastL,,,,,,Monogononta,Monogononta sp. R35 CoastL,1.527343709,no
Alaria,Pabay_13_11_21_3,Pabay,Mid,3,13_11_2021,13,11,2021,reads,48155.5,Asplanchna sieboldii.2,Animalia,Rotifera,Eurotatoria,Ploima,Asplanchnidae,Asplanchna,Asplanchna sieboldii,0.059183271,no
Alaria,Pabay_13_11_21_3,Pabay,Mid,3,13_11_2021,13,11,2021,reads,48155.5,invertebrate environmental sample.2,,,,,,,,1.152516327,no
Alaria,Pabay_13_11_21_3,Pabay,Mid,3,13_11_2021,13,11,2021,reads,48155.5,invertebrate environmental sample.4,,,,,,,,0.064374786,no
Alaria,Pabay_13_11_21_3,Pabay,Mid,3,13_11_2021,13,11,2021,reads,48155.5,invertebrate environmental sample.14,,,,,,,,0.025957575,no
Alaria,Pabay_13_11_21_3,Pabay,Mid,3,13_11_2021,13,11,2021,reads,48155.5,invertebrate environmental sample.20,,,,,,,,0.012459636,no
Alaria,Pabay_13_11_21_3,Pabay,Mid,3,13_11_2021,13,11,2021,reads,48155.5,invertebrate environmental sample.23,,,,,,,,0.01038303,no
Alaria,Pabay_13_11_21_3,Pabay,Mid,3,13_11_2021,13,11,2021,reads,48155.5,invertebrate environmental sample.27,,,,,,,,0.007268121,no
Alaria,Pabay_13_11_21_3,Pabay,Mid,3,13_11_2021,13,11,2021,reads,48155.5,Fujientomon dicestum,Animalia,Arthropoda,Protura,Acerentomata,Fujientomidae,Fujientomon,Fujientomon dicestum,0.025957575,no
Saccharina,Pabay_13_11_21_3,Pabay,Mid,3,13_11_2021,13,11,2021,reads,48155.5,Minutocellus polymorphus.1,Chromista,Ochrophyta,Coscinodiscophyceae,Coscinodiscales,Helminthophoraceae,Minutocellus,Minutocellus polymorphus,0.015574545,no
Saccharina,Pabay_13_11_21_3,Pabay,Mid,3,13_11_2021,13,11,2021,reads,48155.5,Emiliania huxleyi,Chromista,Haptophyta,Coccolithophyceae,Isochrysidales,Noelaerhabdaceae,Emiliania,Emiliania huxleyi,0.064374786,no
Saccharina,Pabay_13_11_21_3,Pabay,Mid,3,13_11_2021,13,11,2021,reads,48155.5,Skeletonema menzelii,Chromista,Ochrophyta,Bacillariophyceae,Thalassiosirales,Skeletonemataceae,Skeletonema,Skeletonema menzelii,3.994351632,no
Saccharina,Pabay_13_11_21_3,Pabay,Mid,3,13_11_2021,13,11,2021,reads,48155.5,Chaetoceros tenuissimus,Chromista,Ochrophyta,Mediophyceae,Chaetocerotales,Chaetocerotaceae,Chaetoceros,Chaetoceros tenuissimus,0.08306424,no
Saccharina,Pabay_13_11_21_3,Pabay,Mid,3,13_11_2021,13,11,2021,reads,48155.5,Guillardia theta,Chromista,Cryptophyta,Cryptophyceae,Pyrenomonadales,Geminigeraceae,Guillardia,Guillardia theta,0.016612848,no
Saccharina,Pabay_13_11_21_3,Pabay,Mid,3,13_11_2021,13,11,2021,reads,48155.5,Skeletonema potamos,Chromista,Ochrophyta,Bacillariophyceae,Thalassiosirales,Skeletonemataceae,Skeletonema,Skeletonema potamos,0.022842666,no
Saccharina,Pabay_13_11_21_3,Pabay,Mid,3,13_11_2021,13,11,2021,reads,48155.5,Thalassiosira punctigera,Chromista,Ochrophyta,Bacillariophyceae,Thalassiosirales,Thalassiosiraceae,Thalassiosira,Thalassiosira punctigera,0.04153212,no
Saccharina,Pabay_13_11_21_3,Pabay,Mid,3,13_11_2021,13,11,2021,reads,48155.5,Podosira stelligera,Chromista,Ochrophyta,Mediophyceae,Thalassiosirales,Thalassiosiraceae,Podosira,Podosira stelligera,0.149515632,no
Saccharina,Pabay_13_11_21_3,Pabay,Mid,3,13_11_2021,13,11,2021,reads,48155.5,Skeletonema menzelii.1,Chromista,Ochrophyta,Bacillariophyceae,Thalassiosirales,Skeletonemataceae,Skeletonema,Skeletonema menzelii,0.128749572,no
Saccharina,Pabay_13_11_21_3,Pabay,Mid,3,13_11_2021,13,11,2021,reads,48155.5,Thalassiosira nordenskioeldii,Chromista,Ochrophyta,Bacillariophyceae,Thalassiosirales,Thalassiosiraceae,Thalassiosira,Thalassiosira nordenskioeldii,0.064374786,no
Saccharina,Pabay_13_11_21_3,Pabay,Mid,3,13_11_2021,13,11,2021,reads,48155.5,Guinardia delicatula.6,Chromista,Ochrophyta,Coscinodiscophyceae,Rhizosoleniales,Rhizosoleniaceae,Guinardia,Guinardia delicatula,0.029072484,no
Saccharina,Pabay_13_11_21_3,Pabay,Mid,3,13_11_2021,13,11,2021,reads,48155.5,Thalassiosira nordenskioeldii.1,Chromista,Ochrophyta,Bacillariophyceae,Thalassiosirales,Thalassiosiraceae,Thalassiosira,Thalassiosira nordenskioeldii,0.007268121,no
Saccharina,Pabay_13_11_21_3,Pabay,Mid,3,13_11_2021,13,11,2021,reads,48155.5,Schizostauron trachyderma,Chromista,Ochrophyta,Bacillariophyceae,Mastogloiales,Achnanthidiaceae,Schizostauron,Schizostauron trachyderma,0.021804363,no
Saccharina,Pabay_13_11_21_3,Pabay,Mid,3,13_11_2021,13,11,2021,reads,48155.5,Thalassionema nitzschioides,Chromista,Ochrophyta,Bacillariophyceae,Thalassionematales,Thalassionemataceae,Thalassionema,Thalassionema nitzschioides,0.042570423,no
Saccharina,Pabay_13_11_21_3,Pabay,Mid,3,13_11_2021,13,11,2021,reads,48155.5,Thalassionema nitzschioides.2,Chromista,Ochrophyta,Bacillariophyceae,Thalassionematales,Thalassionemataceae,Thalassionema,Thalassionema nitzschioides,0.019727757,no
Saccharina,Pabay_13_11_21_3,Pabay,Mid,3,13_11_2021,13,11,2021,reads,48155.5,Minutocellus polymorphus.7,Chromista,Ochrophyta,Coscinodiscophyceae,Coscinodiscales,Helminthophoraceae,Minutocellus,Minutocellus polymorphus,7.302384982,no
Saccharina,Pabay_13_11_21_3,Pabay,Mid,3,13_11_2021,13,11,2021,reads,48155.5,Minutocellus polymorphus.8,Chromista,Ochrophyta,Coscinodiscophyceae,Coscinodiscales,Helminthophoraceae,Minutocellus,Minutocellus polymorphus,0.642709556,no
Saccharina,Pabay_13_11_21_3,Pabay,Mid,3,13_11_2021,13,11,2021,reads,48155.5,Minutocellus polymorphus.9,Chromista,Ochrophyta,Coscinodiscophyceae,Coscinodiscales,Helminthophoraceae,Minutocellus,Minutocellus polymorphus,0.575219861,no
Saccharina,Pabay_13_11_21_3,Pabay,Mid,3,13_11_2021,13,11,2021,reads,48155.5,Minutocellus polymorphus.10,Chromista,Ochrophyta,Coscinodiscophyceae,Coscinodiscales,Helminthophoraceae,Minutocellus,Minutocellus polymorphus,0.204545691,no
Saccharina,Pabay_13_11_21_3,Pabay,Mid,3,13_11_2021,13,11,2021,reads,48155.5,Minutocellus polymorphus.16,Chromista,Ochrophyta,Coscinodiscophyceae,Coscinodiscales,Helminthophoraceae,Minutocellus,Minutocellus polymorphus,0.127711269,no
Saccharina,Pabay_13_11_21_3,Pabay,Mid,3,13_11_2021,13,11,2021,reads,48155.5,Minutocellus polymorphus.17,Chromista,Ochrophyta,Coscinodiscophyceae,Coscinodiscales,Helminthophoraceae,Minutocellus,Minutocellus polymorphus,0.122519754,no
Saccharina,Pabay_13_11_21_3,Pabay,Mid,3,13_11_2021,13,11,2021,reads,48155.5,Minutocellus polymorphus.18,Chromista,Ochrophyta,Coscinodiscophyceae,Coscinodiscales,Helminthophoraceae,Minutocellus,Minutocellus polymorphus,0.098638785,no
Saccharina,Pabay_13_11_21_3,Pabay,Mid,3,13_11_2021,13,11,2021,reads,48155.5,Cassiopea xamachana,Animalia,Cnidaria,Scyphozoa,Rhizostomeae,Cassiopeidae,Cassiopea,Cassiopea xamachana,0.206622297,no
Saccharina,Pabay_13_11_21_3,Pabay,Mid,3,13_11_2021,13,11,2021,reads,48155.5,Asterias rubens,Animalia,Echinodermata,Asteroidea,Forcipulatida,Asteriidae,Asterias,Asterias rubens,0.089294058,no
Saccharina,Pabay_13_11_21_3,Pabay,Mid,3,13_11_2021,13,11,2021,reads,48155.5,Asterias rubens.1,Animalia,Echinodermata,Asteroidea,Forcipulatida,Asteriidae,Asterias,Asterias rubens,0.045685332,no
Saccharina,Pabay_13_11_21_3,Pabay,Mid,3,13_11_2021,13,11,2021,reads,48155.5,Temnopleurus toreumaticus,Animalia,Echinodermata,Echinoidea,Camarodonta,Temnopleuridae,Temnopleurus,Temnopleurus toreumaticus,0.156783753,no
Saccharina,Pabay_13_11_21_3,Pabay,Mid,3,13_11_2021,13,11,2021,reads,48155.5,Urodasys sp. 114a.2,Animalia,Gastrotricha,Macrodasyida,Macrodasyoidea,Urodasidae,Urodasys,Urodasys sp. 114a,0.191047752,no
Saccharina,Pabay_13_11_21_3,Pabay,Mid,3,13_11_2021,13,11,2021,reads,48155.5,Urodasys sp. 114a.3,Animalia,Gastrotricha,Macrodasyida,Macrodasyoidea,Urodasidae,Urodasys,Urodasys sp. 114a,0.050876847,no
Saccharina,Pabay_13_11_21_3,Pabay,Mid,3,13_11_2021,13,11,2021,reads,48155.5,Chaetonotus aff. gelidus MK-2019,Animalia,Gastrotricha,Chaetonotida,Chaetonotoidea,Chaetonotidae,Chaetonotus,Chaetonotus aff. gelidus MK-2019,0.143285814,no
Saccharina,Pabay_13_11_21_3,Pabay,Mid,3,13_11_2021,13,11,2021,reads,48155.5,Urodasys sp. 114a.13,Animalia,Gastrotricha,Macrodasyida,Macrodasyoidea,Urodasidae,Urodasys,Urodasys sp. 114a,0.017651151,no
Saccharina,Pabay_13_11_21_3,Pabay,Mid,3,13_11_2021,13,11,2021,reads,48155.5,Mytilus edulis complex sp. DC-2011,,,,,,Mytilus,Mytilus edulis complex sp. DC-2011,0.060221574,no
Saccharina,Pabay_13_11_21_3,Pabay,Mid,3,13_11_2021,13,11,2021,reads,48155.5,Monostilifera sp.,Animalia,Nemertea,Anopla,Monostilifera,Monostylifera,Monostilifera,Monostilifera sp.,0.693586402,no
Saccharina,Pabay_13_11_21_3,Pabay,Mid,3,13_11_2021,13,11,2021,reads,48155.5,Monostilifera sp..1,Animalia,Nemertea,Anopla,Monostilifera,Monostylifera,Monostilifera,Monostilifera sp.,0.070604604,no
Saccharina,Pabay_13_11_21_3,Pabay,Mid,3,13_11_2021,13,11,2021,reads,48155.5,Corvomeyenia everetti,Animalia,Porifera,Demospongiae,Spongillida,Spongillidae,Corvomeyenia,Corvomeyenia everetti,0.032187393,no
Saccharina,Pabay_13_11_21_3,Pabay,Mid,3,13_11_2021,13,11,2021,reads,48155.5,Monogononta sp. R35_CoastL,,,,,,Monogononta,Monogononta sp. R35 CoastL,1.527343709,no
Saccharina,Pabay_13_11_21_3,Pabay,Mid,3,13_11_2021,13,11,2021,reads,48155.5,Asplanchna sieboldii.2,Animalia,Rotifera,Eurotatoria,Ploima,Asplanchnidae,Asplanchna,Asplanchna sieboldii,0.059183271,no
Saccharina,Pabay_13_11_21_3,Pabay,Mid,3,13_11_2021,13,11,2021,reads,48155.5,invertebrate environmental sample.2,,,,,,,,1.152516327,no
Saccharina,Pabay_13_11_21_3,Pabay,Mid,3,13_11_2021,13,11,2021,reads,48155.5,invertebrate environmental sample.4,,,,,,,,0.064374786,no
Saccharina,Pabay_13_11_21_3,Pabay,Mid,3,13_11_2021,13,11,2021,reads,48155.5,invertebrate environmental sample.14,,,,,,,,0.025957575,no
Saccharina,Pabay_13_11_21_3,Pabay,Mid,3,13_11_2021,13,11,2021,reads,48155.5,invertebrate environmental sample.20,,,,,,,,0.012459636,no
Saccharina,Pabay_13_11_21_3,Pabay,Mid,3,13_11_2021,13,11,2021,reads,48155.5,invertebrate environmental sample.23,,,,,,,,0.01038303,no
Saccharina,Pabay_13_11_21_3,Pabay,Mid,3,13_11_2021,13,11,2021,reads,48155.5,invertebrate environmental sample.27,,,,,,,,0.007268121,no
Saccharina,Pabay_13_11_21_3,Pabay,Mid,3,13_11_2021,13,11,2021,reads,48155.5,Fujientomon dicestum,Animalia,Arthropoda,Protura,Acerentomata,Fujientomidae,Fujientomon,Fujientomon dicestum,0.025957575,no
Alaria,Pabay_14_1_22_1,Pabay,NE,1,14_1_2022,14,1,2022,reads,9660.5,Minutocellus polymorphus.3,Chromista,Ochrophyta,Coscinodiscophyceae,Coscinodiscales,Helminthophoraceae,Minutocellus,Minutocellus polymorphus,0.04658144,no
Alaria,Pabay_14_1_22_1,Pabay,NE,1,14_1_2022,14,1,2022,reads,9660.5,Lithodesmium undulatum.1,Chromista,Ochrophyta,Coscinodiscophyceae,Rhizosoleniales,Lithodesmiaceae,Lithodesmium,Lithodesmium undulatum,0.015527147,no
Alaria,Pabay_14_1_22_1,Pabay,NE,1,14_1_2022,14,1,2022,reads,9660.5,Gomphonema parvulum,Chromista,Ochrophyta,Bacillariophyceae,Cymbellales,Gomphonemataceae,Gomphonema,Gomphonema parvulum,0.005175716,no
Alaria,Pabay_14_1_22_1,Pabay,NE,1,14_1_2022,14,1,2022,reads,9660.5,Skeletonema menzelii,Chromista,Ochrophyta,Bacillariophyceae,Thalassiosirales,Skeletonemataceae,Skeletonema,Skeletonema menzelii,0.087987164,no
Alaria,Pabay_14_1_22_1,Pabay,NE,1,14_1_2022,14,1,2022,reads,9660.5,Pedospumella sinomuralis.3,Chromista,Ochrophyta,Chrysophyceae,Chromulinales,Paraphysomonadaceae,Pedospumella,Pedospumella sinomuralis,0.005175716,no
Alaria,Pabay_14_1_22_1,Pabay,NE,1,14_1_2022,14,1,2022,reads,9660.5,Thalassiosira rotula,Chromista,Ochrophyta,Bacillariophyceae,Thalassiosirales,Thalassiosiraceae,Thalassiosira,Thalassiosira rotula,0.072460018,no
Alaria,Pabay_14_1_22_1,Pabay,NE,1,14_1_2022,14,1,2022,reads,9660.5,Thalassiosira rotula.3,Chromista,Ochrophyta,Bacillariophyceae,Thalassiosirales,Thalassiosiraceae,Thalassiosira,Thalassiosira rotula,0.09316288,no
Alaria,Pabay_14_1_22_1,Pabay,NE,1,14_1_2022,14,1,2022,reads,9660.5,Thalassiosira rotula.4,Chromista,Ochrophyta,Bacillariophyceae,Thalassiosirales,Thalassiosiraceae,Thalassiosira,Thalassiosira rotula,0.062108587,no
Alaria,Pabay_14_1_22_1,Pabay,NE,1,14_1_2022,14,1,2022,reads,9660.5,Thalassiosira rotula.11,Chromista,Ochrophyta,Bacillariophyceae,Thalassiosirales,Thalassiosiraceae,Thalassiosira,Thalassiosira rotula,0.005175716,no
Alaria,Pabay_14_1_22_1,Pabay,NE,1,14_1_2022,14,1,2022,reads,9660.5,Thalassionema nitzschioides,Chromista,Ochrophyta,Bacillariophyceae,Thalassionematales,Thalassionemataceae,Thalassionema,Thalassionema nitzschioides,0.103514311,no
Alaria,Pabay_14_1_22_1,Pabay,NE,1,14_1_2022,14,1,2022,reads,9660.5,Cassiopea xamachana,Animalia,Cnidaria,Scyphozoa,Rhizostomeae,Cassiopeidae,Cassiopea,Cassiopea xamachana,0.062108587,no
Saccharina,Pabay_14_1_22_1,Pabay,NE,1,14_1_2022,14,1,2022,reads,9660.5,Minutocellus polymorphus.3,Chromista,Ochrophyta,Coscinodiscophyceae,Coscinodiscales,Helminthophoraceae,Minutocellus,Minutocellus polymorphus,0.04658144,no
Saccharina,Pabay_14_1_22_1,Pabay,NE,1,14_1_2022,14,1,2022,reads,9660.5,Lithodesmium undulatum.1,Chromista,Ochrophyta,Coscinodiscophyceae,Rhizosoleniales,Lithodesmiaceae,Lithodesmium,Lithodesmium undulatum,0.015527147,no
Saccharina,Pabay_14_1_22_1,Pabay,NE,1,14_1_2022,14,1,2022,reads,9660.5,Gomphonema parvulum,Chromista,Ochrophyta,Bacillariophyceae,Cymbellales,Gomphonemataceae,Gomphonema,Gomphonema parvulum,0.005175716,no
Saccharina,Pabay_14_1_22_1,Pabay,NE,1,14_1_2022,14,1,2022,reads,9660.5,Skeletonema menzelii,Chromista,Ochrophyta,Bacillariophyceae,Thalassiosirales,Skeletonemataceae,Skeletonema,Skeletonema menzelii,0.087987164,no
Saccharina,Pabay_14_1_22_1,Pabay,NE,1,14_1_2022,14,1,2022,reads,9660.5,Pedospumella sinomuralis.3,Chromista,Ochrophyta,Chrysophyceae,Chromulinales,Paraphysomonadaceae,Pedospumella,Pedospumella sinomuralis,0.005175716,no
Saccharina,Pabay_14_1_22_1,Pabay,NE,1,14_1_2022,14,1,2022,reads,9660.5,Thalassiosira rotula,Chromista,Ochrophyta,Bacillariophyceae,Thalassiosirales,Thalassiosiraceae,Thalassiosira,Thalassiosira rotula,0.072460018,no
Saccharina,Pabay_14_1_22_1,Pabay,NE,1,14_1_2022,14,1,2022,reads,9660.5,Thalassiosira rotula.3,Chromista,Ochrophyta,Bacillariophyceae,Thalassiosirales,Thalassiosiraceae,Thalassiosira,Thalassiosira rotula,0.09316288,no
Saccharina,Pabay_14_1_22_1,Pabay,NE,1,14_1_2022,14,1,2022,reads,9660.5,Thalassiosira rotula.4,Chromista,Ochrophyta,Bacillariophyceae,Thalassiosirales,Thalassiosiraceae,Thalassiosira,Thalassiosira rotula,0.062108587,no
Saccharina,Pabay_14_1_22_1,Pabay,NE,1,14_1_2022,14,1,2022,reads,9660.5,Thalassiosira rotula.11,Chromista,Ochrophyta,Bacillariophyceae,Thalassiosirales,Thalassiosiraceae,Thalassiosira,Thalassiosira rotula,0.005175716,no
Saccharina,Pabay_14_1_22_1,Pabay,NE,1,14_1_2022,14,1,2022,reads,9660.5,Thalassionema nitzschioides,Chromista,Ochrophyta,Bacillariophyceae,Thalassionematales,Thalassionemataceae,Thalassionema,Thalassionema nitzschioides,0.103514311,no
Saccharina,Pabay_14_1_22_1,Pabay,NE,1,14_1_2022,14,1,2022,reads,9660.5,Cassiopea xamachana,Animalia,Cnidaria,Scyphozoa,Rhizostomeae,Cassiopeidae,Cassiopea,Cassiopea xamachana,0.062108587,no
Alaria,Pabay_14_1_22_2,Pabay ,NW,2,14_1_2022,14,1,2022,reads,9564.5,Emiliania huxleyi,Chromista,Haptophyta,Coccolithophyceae,Isochrysidales,Noelaerhabdaceae,Emiliania,Emiliania huxleyi,0.020910659,no
Alaria,Pabay_14_1_22_2,Pabay ,NW,2,14_1_2022,14,1,2022,reads,9564.5,Skeletonema menzelii,Chromista,Ochrophyta,Bacillariophyceae,Thalassiosirales,Skeletonemataceae,Skeletonema,Skeletonema menzelii,0.585498458,no
Alaria,Pabay_14_1_22_2,Pabay ,NW,2,14_1_2022,14,1,2022,reads,9564.5,Skeletonema menzelii.5,Chromista,Ochrophyta,Bacillariophyceae,Thalassiosirales,Skeletonemataceae,Skeletonema,Skeletonema menzelii,0.020910659,no
Alaria,Pabay_14_1_22_2,Pabay ,NW,2,14_1_2022,14,1,2022,reads,9564.5,Thalassionema nitzschioides.1,Chromista,Ochrophyta,Bacillariophyceae,Thalassionematales,Thalassionemataceae,Thalassionema,Thalassionema nitzschioides,0.167285274,no
Alaria,Pabay_14_1_22_2,Pabay ,NW,2,14_1_2022,14,1,2022,reads,9564.5,Dimeregramma acutum.2,Chromista,Ochrophyta,Bacillariophyceae,Cymbellales,Cymbellaceae,Dimeregramma,Dimeregramma acutum,0.156829944,no
Alaria,Pabay_14_1_22_2,Pabay ,NW,2,14_1_2022,14,1,2022,reads,9564.5,Chaetonotus cf. oculiefer MK-2019,Animalia,Gastrotricha,Chaetonotida,Chaetonotoidea,Chaetonotidae,Chaetonotus,Chaetonotus cf. oculiefer MK-2019,0.099325631,no
Alaria,Pabay_14_1_22_2,Pabay ,NW,2,14_1_2022,14,1,2022,reads,9564.5,Monostilifera sp.,Animalia,Nemertea,Anopla,Monostilifera,Monostylifera,Monostilifera,Monostilifera sp.,0.031365989,no
Alaria,Pabay_14_1_22_2,Pabay ,NW,2,14_1_2022,14,1,2022,reads,9564.5,Asplanchna sieboldii,Animalia,Rotifera,Eurotatoria,Ploima,Asplanchnidae,Asplanchna,Asplanchna sieboldii,0.14114695,no
Alaria,Pabay_14_1_22_2,Pabay ,NW,2,14_1_2022,14,1,2022,reads,9564.5,invertebrate environmental sample.19,,,,,,,,0.078414972,no
Saccharina,Pabay_14_1_22_2,Pabay ,NW,2,14_1_2022,14,1,2022,reads,9564.5,Emiliania huxleyi,Chromista,Haptophyta,Coccolithophyceae,Isochrysidales,Noelaerhabdaceae,Emiliania,Emiliania huxleyi,0.020910659,no
Saccharina,Pabay_14_1_22_2,Pabay ,NW,2,14_1_2022,14,1,2022,reads,9564.5,Skeletonema menzelii,Chromista,Ochrophyta,Bacillariophyceae,Thalassiosirales,Skeletonemataceae,Skeletonema,Skeletonema menzelii,0.585498458,no
Saccharina,Pabay_14_1_22_2,Pabay ,NW,2,14_1_2022,14,1,2022,reads,9564.5,Skeletonema menzelii.5,Chromista,Ochrophyta,Bacillariophyceae,Thalassiosirales,Skeletonemataceae,Skeletonema,Skeletonema menzelii,0.020910659,no
Saccharina,Pabay_14_1_22_2,Pabay ,NW,2,14_1_2022,14,1,2022,reads,9564.5,Thalassionema nitzschioides.1,Chromista,Ochrophyta,Bacillariophyceae,Thalassionematales,Thalassionemataceae,Thalassionema,Thalassionema nitzschioides,0.167285274,no
Saccharina,Pabay_14_1_22_2,Pabay ,NW,2,14_1_2022,14,1,2022,reads,9564.5,Dimeregramma acutum.2,Chromista,Ochrophyta,Bacillariophyceae,Cymbellales,Cymbellaceae,Dimeregramma,Dimeregramma acutum,0.156829944,no
Saccharina,Pabay_14_1_22_2,Pabay ,NW,2,14_1_2022,14,1,2022,reads,9564.5,Chaetonotus cf. oculiefer MK-2019,Animalia,Gastrotricha,Chaetonotida,Chaetonotoidea,Chaetonotidae,Chaetonotus,Chaetonotus cf. oculiefer MK-2019,0.099325631,no
Saccharina,Pabay_14_1_22_2,Pabay ,NW,2,14_1_2022,14,1,2022,reads,9564.5,Monostilifera sp.,Animalia,Nemertea,Anopla,Monostilifera,Monostylifera,Monostilifera,Monostilifera sp.,0.031365989,no
Saccharina,Pabay_14_1_22_2,Pabay ,NW,2,14_1_2022,14,1,2022,reads,9564.5,Asplanchna sieboldii,Animalia,Rotifera,Eurotatoria,Ploima,Asplanchnidae,Asplanchna,Asplanchna sieboldii,0.14114695,no
Saccharina,Pabay_14_1_22_2,Pabay ,NW,2,14_1_2022,14,1,2022,reads,9564.5,invertebrate environmental sample.19,,,,,,,,0.078414972,no
Alaria,Pabay_14_1_22_3,Pabay,Mid,3,14_1_2022,14,1,2022,reads,9612.5,Minutocellus polymorphus.3,Chromista,Ochrophyta,Coscinodiscophyceae,Coscinodiscales,Helminthophoraceae,Minutocellus,Minutocellus polymorphus,0.023407022,no
Alaria,Pabay_14_1_22_3,Pabay,Mid,3,14_1_2022,14,1,2022,reads,9612.5,Lithodesmium undulatum.1,Chromista,Ochrophyta,Coscinodiscophyceae,Rhizosoleniales,Lithodesmiaceae,Lithodesmium,Lithodesmium undulatum,0.007802341,no
Alaria,Pabay_14_1_22_3,Pabay,Mid,3,14_1_2022,14,1,2022,reads,9612.5,Gomphonema parvulum,Chromista,Ochrophyta,Bacillariophyceae,Cymbellales,Gomphonemataceae,Gomphonema,Gomphonema parvulum,0.00520156,no
Alaria,Pabay_14_1_22_3,Pabay,Mid,3,14_1_2022,14,1,2022,reads,9612.5,Emiliania huxleyi,Chromista,Haptophyta,Coccolithophyceae,Isochrysidales,Noelaerhabdaceae,Emiliania,Emiliania huxleyi,0.062418726,no
Alaria,Pabay_14_1_22_3,Pabay,Mid,3,14_1_2022,14,1,2022,reads,9612.5,Skeletonema menzelii,Chromista,Ochrophyta,Bacillariophyceae,Thalassiosirales,Skeletonemataceae,Skeletonema,Skeletonema menzelii,0.33550065,no
Alaria,Pabay_14_1_22_3,Pabay,Mid,3,14_1_2022,14,1,2022,reads,9612.5,Thalassiosira rotula,Chromista,Ochrophyta,Bacillariophyceae,Thalassiosirales,Thalassiosiraceae,Thalassiosira,Thalassiosira rotula,0.036410923,no
Alaria,Pabay_14_1_22_3,Pabay,Mid,3,14_1_2022,14,1,2022,reads,9612.5,Thalassiosira rotula.3,Chromista,Ochrophyta,Bacillariophyceae,Thalassiosirales,Thalassiosiraceae,Thalassiosira,Thalassiosira rotula,0.046814044,no
Alaria,Pabay_14_1_22_3,Pabay,Mid,3,14_1_2022,14,1,2022,reads,9612.5,Thalassiosira rotula.4,Chromista,Ochrophyta,Bacillariophyceae,Thalassiosirales,Thalassiosiraceae,Thalassiosira,Thalassiosira rotula,0.031209363,no
Alaria,Pabay_14_1_22_3,Pabay,Mid,3,14_1_2022,14,1,2022,reads,9612.5,Skeletonema menzelii.5,Chromista,Ochrophyta,Bacillariophyceae,Thalassiosirales,Skeletonemataceae,Skeletonema,Skeletonema menzelii,0.010403121,no
Alaria,Pabay_14_1_22_3,Pabay,Mid,3,14_1_2022,14,1,2022,reads,9612.5,Thalassiosira rotula.11,Chromista,Ochrophyta,Bacillariophyceae,Thalassiosirales,Thalassiosiraceae,Thalassiosira,Thalassiosira rotula,0.00260078,no
Alaria,Pabay_14_1_22_3,Pabay,Mid,3,14_1_2022,14,1,2022,reads,9612.5,Thalassionema nitzschioides.1,Chromista,Ochrophyta,Bacillariophyceae,Thalassionematales,Thalassionemataceae,Thalassionema,Thalassionema nitzschioides,0.083224967,no
Alaria,Pabay_14_1_22_3,Pabay,Mid,3,14_1_2022,14,1,2022,reads,9612.5,Dimeregramma acutum.2,Chromista,Ochrophyta,Bacillariophyceae,Cymbellales,Cymbellaceae,Dimeregramma,Dimeregramma acutum,0.078023407,no
Alaria,Pabay_14_1_22_3,Pabay,Mid,3,14_1_2022,14,1,2022,reads,9612.5,Cassiopea xamachana,Animalia,Cnidaria,Scyphozoa,Rhizostomeae,Cassiopeidae,Cassiopea,Cassiopea xamachana,0.031209363,no
Alaria,Pabay_14_1_22_3,Pabay,Mid,3,14_1_2022,14,1,2022,reads,9612.5,Chaetonotus cf. oculiefer MK-2019,Animalia,Gastrotricha,Chaetonotida,Chaetonotoidea,Chaetonotidae,Chaetonotus,Chaetonotus cf. oculiefer MK-2019,0.049414824,no
Alaria,Pabay_14_1_22_3,Pabay,Mid,3,14_1_2022,14,1,2022,reads,9612.5,Monostilifera sp.,Animalia,Nemertea,Anopla,Monostilifera,Monostylifera,Monostilifera,Monostilifera sp.,0.015604681,no
Alaria,Pabay_14_1_22_3,Pabay,Mid,3,14_1_2022,14,1,2022,reads,9612.5,Asplanchna sieboldii,Animalia,Rotifera,Eurotatoria,Ploima,Asplanchnidae,Asplanchna,Asplanchna sieboldii,0.070221066,no
Alaria,Pabay_14_1_22_3,Pabay,Mid,3,14_1_2022,14,1,2022,reads,9612.5,invertebrate environmental sample.19,,,,,,,,0.039011704,no
Saccharina,Pabay_14_1_22_3,Pabay,Mid,3,14_1_2022,14,1,2022,reads,9612.5,Minutocellus polymorphus.3,Chromista,Ochrophyta,Coscinodiscophyceae,Coscinodiscales,Helminthophoraceae,Minutocellus,Minutocellus polymorphus,0.023407022,no
Saccharina,Pabay_14_1_22_3,Pabay,Mid,3,14_1_2022,14,1,2022,reads,9612.5,Lithodesmium undulatum.1,Chromista,Ochrophyta,Coscinodiscophyceae,Rhizosoleniales,Lithodesmiaceae,Lithodesmium,Lithodesmium undulatum,0.007802341,no
Saccharina,Pabay_14_1_22_3,Pabay,Mid,3,14_1_2022,14,1,2022,reads,9612.5,Gomphonema parvulum,Chromista,Ochrophyta,Bacillariophyceae,Cymbellales,Gomphonemataceae,Gomphonema,Gomphonema parvulum,0.00520156,no
Saccharina,Pabay_14_1_22_3,Pabay,Mid,3,14_1_2022,14,1,2022,reads,9612.5,Emiliania huxleyi,Chromista,Haptophyta,Coccolithophyceae,Isochrysidales,Noelaerhabdaceae,Emiliania,Emiliania huxleyi,0.062418726,no
Saccharina,Pabay_14_1_22_3,Pabay,Mid,3,14_1_2022,14,1,2022,reads,9612.5,Skeletonema menzelii,Chromista,Ochrophyta,Bacillariophyceae,Thalassiosirales,Skeletonemataceae,Skeletonema,Skeletonema menzelii,0.33550065,no
Saccharina,Pabay_14_1_22_3,Pabay,Mid,3,14_1_2022,14,1,2022,reads,9612.5,Thalassiosira rotula,Chromista,Ochrophyta,Bacillariophyceae,Thalassiosirales,Thalassiosiraceae,Thalassiosira,Thalassiosira rotula,0.036410923,no
Saccharina,Pabay_14_1_22_3,Pabay,Mid,3,14_1_2022,14,1,2022,reads,9612.5,Thalassiosira rotula.3,Chromista,Ochrophyta,Bacillariophyceae,Thalassiosirales,Thalassiosiraceae,Thalassiosira,Thalassiosira rotula,0.046814044,no
Saccharina,Pabay_14_1_22_3,Pabay,Mid,3,14_1_2022,14,1,2022,reads,9612.5,Thalassiosira rotula.4,Chromista,Ochrophyta,Bacillariophyceae,Thalassiosirales,Thalassiosiraceae,Thalassiosira,Thalassiosira rotula,0.031209363,no
Saccharina,Pabay_14_1_22_3,Pabay,Mid,3,14_1_2022,14,1,2022,reads,9612.5,Skeletonema menzelii.5,Chromista,Ochrophyta,Bacillariophyceae,Thalassiosirales,Skeletonemataceae,Skeletonema,Skeletonema menzelii,0.010403121,no
Saccharina,Pabay_14_1_22_3,Pabay,Mid,3,14_1_2022,14,1,2022,reads,9612.5,Thalassiosira rotula.11,Chromista,Ochrophyta,Bacillariophyceae,Thalassiosirales,Thalassiosiraceae,Thalassiosira,Thalassiosira rotula,0.00260078,no
Saccharina,Pabay_14_1_22_3,Pabay,Mid,3,14_1_2022,14,1,2022,reads,9612.5,Thalassionema nitzschioides.1,Chromista,Ochrophyta,Bacillariophyceae,Thalassionematales,Thalassionemataceae,Thalassionema,Thalassionema nitzschioides,0.083224967,no
Saccharina,Pabay_14_1_22_3,Pabay,Mid,3,14_1_2022,14,1,2022,reads,9612.5,Dimeregramma acutum.2,Chromista,Ochrophyta,Bacillariophyceae,Cymbellales,Cymbellaceae,Dimeregramma,Dimeregramma acutum,0.078023407,no
Saccharina,Pabay_14_1_22_3,Pabay,Mid,3,14_1_2022,14,1,2022,reads,9612.5,Cassiopea xamachana,Animalia,Cnidaria,Scyphozoa,Rhizostomeae,Cassiopeidae,Cassiopea,Cassiopea xamachana,0.031209363,no
Saccharina,Pabay_14_1_22_3,Pabay,Mid,3,14_1_2022,14,1,2022,reads,9612.5,Chaetonotus cf. oculiefer MK-2019,Animalia,Gastrotricha,Chaetonotida,Chaetonotoidea,Chaetonotidae,Chaetonotus,Chaetonotus cf. oculiefer MK-2019,0.049414824,no
Saccharina,Pabay_14_1_22_3,Pabay,Mid,3,14_1_2022,14,1,2022,reads,9612.5,Monostilifera sp.,Animalia,Nemertea,Anopla,Monostilifera,Monostylifera,Monostilifera,Monostilifera sp.,0.015604681,no
Saccharina,Pabay_14_1_22_3,Pabay,Mid,3,14_1_2022,14,1,2022,reads,9612.5,Asplanchna sieboldii,Animalia,Rotifera,Eurotatoria,Ploima,Asplanchnidae,Asplanchna,Asplanchna sieboldii,0.070221066,no
Saccharina,Pabay_14_1_22_3,Pabay,Mid,3,14_1_2022,14,1,2022,reads,9612.5,invertebrate environmental sample.19,,,,,,,,0.039011704,no
Alaria,Pabay_15_6_21_1,Pabay,NE,1,15_6_2021,15,6,2021,reads,34636,Emiliania huxleyi,Chromista,Haptophyta,Coccolithophyceae,Isochrysidales,Noelaerhabdaceae,Emiliania,Emiliania huxleyi,0.031758864,no
Saccharina,Pabay_15_6_21_1,Pabay,NE,1,15_6_2021,15,6,2021,reads,34636,Emiliania huxleyi,Chromista,Haptophyta,Coccolithophyceae,Isochrysidales,Noelaerhabdaceae,Emiliania,Emiliania huxleyi,0.031758864,no
Alaria,Pabay_15_6_21_2,Pabay,NW,2,15_6_2021,15,6,2021,reads,41126.5,Emiliania huxleyi,Chromista,Haptophyta,Coccolithophyceae,Isochrysidales,Noelaerhabdaceae,Emiliania,Emiliania huxleyi,6.873913413,no
Alaria,Pabay_15_6_21_2,Pabay,NW,2,15_6_2021,15,6,2021,reads,41126.5,Emiliania huxleyi.1,Chromista,Haptophyta,Coccolithophyceae,Isochrysidales,Noelaerhabdaceae,Emiliania,Emiliania huxleyi,1.39083073,no
Alaria,Pabay_15_6_21_2,Pabay,NW,2,15_6_2021,15,6,2021,reads,41126.5,Chaetoceros tenuissimus,Chromista,Ochrophyta,Mediophyceae,Chaetocerotales,Chaetocerotaceae,Chaetoceros,Chaetoceros tenuissimus,0.207895153,no
Alaria,Pabay_15_6_21_2,Pabay,NW,2,15_6_2021,15,6,2021,reads,41126.5,Guinardia delicatula,Chromista,Ochrophyta,Coscinodiscophyceae,Rhizosoleniales,Rhizosoleniaceae,Guinardia,Guinardia delicatula,0.223700047,no
Alaria,Pabay_15_6_21_2,Pabay,NW,2,15_6_2021,15,6,2021,reads,41126.5,Guinardia delicatula.1,Chromista,Ochrophyta,Coscinodiscophyceae,Rhizosoleniales,Rhizosoleniaceae,Guinardia,Guinardia delicatula,0.195737541,no
Alaria,Pabay_15_6_21_2,Pabay,NW,2,15_6_2021,15,6,2021,reads,41126.5,Guinardia striata,Chromista,Ochrophyta,Coscinodiscophyceae,Rhizosoleniales,Rhizosoleniaceae,Guinardia,Guinardia striata,0.025530984,no
Alaria,Pabay_15_6_21_2,Pabay,NW,2,15_6_2021,15,6,2021,reads,41126.5,Amphiura filiformis,Animalia,Echinodermata,Ophiuroidea,Amphiurida,Amphiuridae,Amphiura,Amphiura filiformis,0.131302202,no
Alaria,Pabay_15_6_21_2,Pabay,NW,2,15_6_2021,15,6,2021,reads,41126.5,Platyias quadricornis,Animalia,Rotifera,Eurotatoria,Ploima,Brachionidae,Platyias,Platyias quadricornis,0.052277728,no
Saccharina,Pabay_15_6_21_2,Pabay,NW,2,15_6_2021,15,6,2021,reads,41126.5,Emiliania huxleyi,Chromista,Haptophyta,Coccolithophyceae,Isochrysidales,Noelaerhabdaceae,Emiliania,Emiliania huxleyi,6.873913413,no
Saccharina,Pabay_15_6_21_2,Pabay,NW,2,15_6_2021,15,6,2021,reads,41126.5,Emiliania huxleyi.1,Chromista,Haptophyta,Coccolithophyceae,Isochrysidales,Noelaerhabdaceae,Emiliania,Emiliania huxleyi,1.39083073,no
Saccharina,Pabay_15_6_21_2,Pabay,NW,2,15_6_2021,15,6,2021,reads,41126.5,Chaetoceros tenuissimus,Chromista,Ochrophyta,Mediophyceae,Chaetocerotales,Chaetocerotaceae,Chaetoceros,Chaetoceros tenuissimus,0.207895153,no
Saccharina,Pabay_15_6_21_2,Pabay,NW,2,15_6_2021,15,6,2021,reads,41126.5,Guinardia delicatula,Chromista,Ochrophyta,Coscinodiscophyceae,Rhizosoleniales,Rhizosoleniaceae,Guinardia,Guinardia delicatula,0.223700047,no
Saccharina,Pabay_15_6_21_2,Pabay,NW,2,15_6_2021,15,6,2021,reads,41126.5,Guinardia delicatula.1,Chromista,Ochrophyta,Coscinodiscophyceae,Rhizosoleniales,Rhizosoleniaceae,Guinardia,Guinardia delicatula,0.195737541,no
Saccharina,Pabay_15_6_21_2,Pabay,NW,2,15_6_2021,15,6,2021,reads,41126.5,Guinardia striata,Chromista,Ochrophyta,Coscinodiscophyceae,Rhizosoleniales,Rhizosoleniaceae,Guinardia,Guinardia striata,0.025530984,no
Saccharina,Pabay_15_6_21_2,Pabay,NW,2,15_6_2021,15,6,2021,reads,41126.5,Amphiura filiformis,Animalia,Echinodermata,Ophiuroidea,Amphiurida,Amphiuridae,Amphiura,Amphiura filiformis,0.131302202,no
Saccharina,Pabay_15_6_21_2,Pabay,NW,2,15_6_2021,15,6,2021,reads,41126.5,Platyias quadricornis,Animalia,Rotifera,Eurotatoria,Ploima,Brachionidae,Platyias,Platyias quadricornis,0.052277728,no
Alaria,Pabay_15_7_22_1,Pabay,NE,1,15_7_2022,15,7,2022,reads,36823.5,Skeletonema menzelii,Chromista,Ochrophyta,Bacillariophyceae,Thalassiosirales,Skeletonemataceae,Skeletonema,Skeletonema menzelii,0.021725257,no
Alaria,Pabay_15_7_22_1,Pabay,NE,1,15_7_2022,15,7,2022,reads,36823.5,Paraphysomonas sp.,,,,,,Paraphysomonas,Paraphysomonas sp.,0.002715657,no
Alaria,Pabay_15_7_22_1,Pabay,NE,1,15_7_2022,15,7,2022,reads,36823.5,Pinnularia sp. 9 CS-2011,Eukaryota,Ochrophyta,Bacillariophyceae,Naviculales,Pinnulariaceae,Pinnularia,Pinnularia sp. 9 CS-2011,0.032587885,no
Alaria,Pabay_15_7_22_1,Pabay,NE,1,15_7_2022,15,7,2022,reads,36823.5,Minutocellus polymorphus.7,Chromista,Ochrophyta,Coscinodiscophyceae,Coscinodiscales,Helminthophoraceae,Minutocellus,Minutocellus polymorphus,0.176517713,no
Alaria,Pabay_15_7_22_1,Pabay,NE,1,15_7_2022,15,7,2022,reads,36823.5,Ditylum brightwellii.3,Chromista,Ochrophyta,Coscinodiscophyceae,Rhizosoleniales,Lithodesmiaceae,Ditylum,Ditylum brightwellii,0.134425027,no
Alaria,Pabay_15_7_22_1,Pabay,NE,1,15_7_2022,15,7,2022,reads,36823.5,Minutocellus polymorphus.9,Chromista,Ochrophyta,Coscinodiscophyceae,Coscinodiscales,Helminthophoraceae,Minutocellus,Minutocellus polymorphus,0.108626285,no
Alaria,Pabay_15_7_22_1,Pabay,NE,1,15_7_2022,15,7,2022,reads,36823.5,Minutocellus polymorphus.20,Chromista,Ochrophyta,Coscinodiscophyceae,Coscinodiscales,Helminthophoraceae,Minutocellus,Minutocellus polymorphus,0.032587885,no
Alaria,Pabay_15_7_22_1,Pabay,NE,1,15_7_2022,15,7,2022,reads,36823.5,Hyleoglomeris sp..1,Animalia,Arthropoda,Diplopoda,Glomerida,Glomeridae,Hyleoglomeris,Hyleoglomeris sp.,0.010862628,no
Alaria,Pabay_15_7_22_1,Pabay,NE,1,15_7_2022,15,7,2022,reads,36823.5,Monostilifera sp..1,Animalia,Nemertea,Anopla,Monostilifera,Monostylifera,Monostilifera,Monostilifera sp.,0.885304221,no
Alaria,Pabay_15_7_22_1,Pabay,NE,1,15_7_2022,15,7,2022,reads,36823.5,Monostilifera sp..2,Animalia,Nemertea,Anopla,Monostilifera,Monostylifera,Monostilifera,Monostilifera sp.,0.111341942,no
Alaria,Pabay_15_7_22_1,Pabay,NE,1,15_7_2022,15,7,2022,reads,36823.5,Euchlanis dilatata.2,Animalia,Rotifera,Eurotatoria,Ploima,Euchlanidae,Euchlanis,Euchlanis dilatata,0.033945714,no
Alaria,Pabay_15_7_22_1,Pabay,NE,1,15_7_2022,15,7,2022,reads,36823.5,invertebrate environmental sample,,,,,,,,0.044808342,no
Alaria,Pabay_15_7_22_1,Pabay,NE,1,15_7_2022,15,7,2022,reads,36823.5,invertebrate environmental sample.1,,,,,,,,0.259345255,no
Saccharina,Pabay_15_7_22_1,Pabay,NE,1,15_7_2022,15,7,2022,reads,36823.5,Skeletonema menzelii,Chromista,Ochrophyta,Bacillariophyceae,Thalassiosirales,Skeletonemataceae,Skeletonema,Skeletonema menzelii,0.021725257,no
Saccharina,Pabay_15_7_22_1,Pabay,NE,1,15_7_2022,15,7,2022,reads,36823.5,Paraphysomonas sp.,,,,,,Paraphysomonas,Paraphysomonas sp.,0.002715657,no
Saccharina,Pabay_15_7_22_1,Pabay,NE,1,15_7_2022,15,7,2022,reads,36823.5,Pinnularia sp. 9 CS-2011,Eukaryota,Ochrophyta,Bacillariophyceae,Naviculales,Pinnulariaceae,Pinnularia,Pinnularia sp. 9 CS-2011,0.032587885,no
Saccharina,Pabay_15_7_22_1,Pabay,NE,1,15_7_2022,15,7,2022,reads,36823.5,Minutocellus polymorphus.7,Chromista,Ochrophyta,Coscinodiscophyceae,Coscinodiscales,Helminthophoraceae,Minutocellus,Minutocellus polymorphus,0.176517713,no
Saccharina,Pabay_15_7_22_1,Pabay,NE,1,15_7_2022,15,7,2022,reads,36823.5,Ditylum brightwellii.3,Chromista,Ochrophyta,Coscinodiscophyceae,Rhizosoleniales,Lithodesmiaceae,Ditylum,Ditylum brightwellii,0.134425027,no
Saccharina,Pabay_15_7_22_1,Pabay,NE,1,15_7_2022,15,7,2022,reads,36823.5,Minutocellus polymorphus.9,Chromista,Ochrophyta,Coscinodiscophyceae,Coscinodiscales,Helminthophoraceae,Minutocellus,Minutocellus polymorphus,0.108626285,no
Saccharina,Pabay_15_7_22_1,Pabay,NE,1,15_7_2022,15,7,2022,reads,36823.5,Minutocellus polymorphus.20,Chromista,Ochrophyta,Coscinodiscophyceae,Coscinodiscales,Helminthophoraceae,Minutocellus,Minutocellus polymorphus,0.032587885,no
Saccharina,Pabay_15_7_22_1,Pabay,NE,1,15_7_2022,15,7,2022,reads,36823.5,Hyleoglomeris sp..1,Animalia,Arthropoda,Diplopoda,Glomerida,Glomeridae,Hyleoglomeris,Hyleoglomeris sp.,0.010862628,no
Saccharina,Pabay_15_7_22_1,Pabay,NE,1,15_7_2022,15,7,2022,reads,36823.5,Monostilifera sp..1,Animalia,Nemertea,Anopla,Monostilifera,Monostylifera,Monostilifera,Monostilifera sp.,0.885304221,no
Saccharina,Pabay_15_7_22_1,Pabay,NE,1,15_7_2022,15,7,2022,reads,36823.5,Monostilifera sp..2,Animalia,Nemertea,Anopla,Monostilifera,Monostylifera,Monostilifera,Monostilifera sp.,0.111341942,no
Saccharina,Pabay_15_7_22_1,Pabay,NE,1,15_7_2022,15,7,2022,reads,36823.5,Euchlanis dilatata.2,Animalia,Rotifera,Eurotatoria,Ploima,Euchlanidae,Euchlanis,Euchlanis dilatata,0.033945714,no
Saccharina,Pabay_15_7_22_1,Pabay,NE,1,15_7_2022,15,7,2022,reads,36823.5,invertebrate environmental sample,,,,,,,,0.044808342,no
Saccharina,Pabay_15_7_22_1,Pabay,NE,1,15_7_2022,15,7,2022,reads,36823.5,invertebrate environmental sample.1,,,,,,,,0.259345255,no
Alaria,Pabay_15_7_22_2,Pabay,NW,2,15_7_2022,15,7,2022,reads,15381.5,Chrysochromulina tobinii,Chromista,Haptophyta,Coccolithophyceae,Prymnesiales,Chrysochromulinaceae,Chrysochromulina,Chrysochromulina tobinii,0.490849397,no
Alaria,Pabay_15_7_22_2,Pabay,NW,2,15_7_2022,15,7,2022,reads,15381.5,Chrysochromulina sp. NIES-1333,Eukaryota,Haptophyta,Prymnesiophyceae,Prymnesiales,Chrysochromulinaceae,Chrysochromulina,Chrysochromulina sp. NIES-1333,0.05526119,no
Alaria,Pabay_15_7_22_2,Pabay,NW,2,15_7_2022,15,7,2022,reads,15381.5,Phaeocystis globosa.1,Chromista,Haptophyta,Coccolithophyceae,Phaeocystales,Phaeocystaceae,Phaeocystis,Phaeocystis globosa,0.029255924,no
Alaria,Pabay_15_7_22_2,Pabay,NW,2,15_7_2022,15,7,2022,reads,15381.5,Octactis speculum,Chromista,Ochrophyta,Dictyochophyceae,Dictyochales,Dictyochaceae,Octactis,Octactis speculum,0.100770406,no
Alaria,Pabay_15_7_22_2,Pabay,NW,2,15_7_2022,15,7,2022,reads,15381.5,Octactis speculum.1,Chromista,Ochrophyta,Dictyochophyceae,Dictyochales,Dictyochaceae,Octactis,Octactis speculum,0.052010532,no
Alaria,Pabay_15_7_22_2,Pabay,NW,2,15_7_2022,15,7,2022,reads,15381.5,Ministeria vibrans,Opisthokonta,Holozoa,Filasterea,Ministeriida,Ministeriidae,Ministeria,Ministeria vibrans,0.240548711,no
Alaria,Pabay_15_7_22_2,Pabay,NW,2,15_7_2022,15,7,2022,reads,15381.5,Guinardia delicatula.2,Chromista,Ochrophyta,Coscinodiscophyceae,Rhizosoleniales,Rhizosoleniaceae,Guinardia,Guinardia delicatula,0.139778305,no
Alaria,Pabay_15_7_22_2,Pabay,NW,2,15_7_2022,15,7,2022,reads,15381.5,Minutocellus polymorphus.9,Chromista,Ochrophyta,Coscinodiscophyceae,Coscinodiscales,Helminthophoraceae,Minutocellus,Minutocellus polymorphus,0.315313851,no
Alaria,Pabay_15_7_22_2,Pabay,NW,2,15_7_2022,15,7,2022,reads,15381.5,Cassiopea xamachana,Animalia,Cnidaria,Scyphozoa,Rhizostomeae,Cassiopeidae,Cassiopea,Cassiopea xamachana,0.029255924,no
Alaria,Pabay_15_7_22_2,Pabay,NW,2,15_7_2022,15,7,2022,reads,15381.5,Cassiopea sp. PGNIMCP.1,,,,,,Cassiopea,Cassiopea sp. PGNIMCP,0.045509216,no
Alaria,Pabay_15_7_22_2,Pabay,NW,2,15_7_2022,15,7,2022,reads,15381.5,Thoosa mismalolli,Animalia,Porifera,Demospongiae,Clionaida,Clionaidae,Thoosa,Thoosa mismalolli,0.315313851,no
Alaria,Pabay_15_7_22_2,Pabay,NW,2,15_7_2022,15,7,2022,reads,15381.5,Monogononta sp. R35_CoastL,,,,,,Monogononta,Monogononta sp. R35 CoastL,0.217794103,no
Alaria,Pabay_15_7_22_2,Pabay,NW,2,15_7_2022,15,7,2022,reads,15381.5,invertebrate environmental sample,,,,,,,,1.943893638,no
Alaria,Pabay_15_7_22_2,Pabay,NW,2,15_7_2022,15,7,2022,reads,15381.5,invertebrate environmental sample.6,,,,,,,,0.185287521,no
Saccharina,Pabay_15_7_22_2,Pabay,NW,2,15_7_2022,15,7,2022,reads,15381.5,Chrysochromulina tobinii,Chromista,Haptophyta,Coccolithophyceae,Prymnesiales,Chrysochromulinaceae,Chrysochromulina,Chrysochromulina tobinii,0.490849397,no
Saccharina,Pabay_15_7_22_2,Pabay,NW,2,15_7_2022,15,7,2022,reads,15381.5,Chrysochromulina sp. NIES-1333,Eukaryota,Haptophyta,Prymnesiophyceae,Prymnesiales,Chrysochromulinaceae,Chrysochromulina,Chrysochromulina sp. NIES-1333,0.05526119,no
Saccharina,Pabay_15_7_22_2,Pabay,NW,2,15_7_2022,15,7,2022,reads,15381.5,Phaeocystis globosa.1,Chromista,Haptophyta,Coccolithophyceae,Phaeocystales,Phaeocystaceae,Phaeocystis,Phaeocystis globosa,0.029255924,no
Saccharina,Pabay_15_7_22_2,Pabay,NW,2,15_7_2022,15,7,2022,reads,15381.5,Octactis speculum,Chromista,Ochrophyta,Dictyochophyceae,Dictyochales,Dictyochaceae,Octactis,Octactis speculum,0.100770406,no
Saccharina,Pabay_15_7_22_2,Pabay,NW,2,15_7_2022,15,7,2022,reads,15381.5,Octactis speculum.1,Chromista,Ochrophyta,Dictyochophyceae,Dictyochales,Dictyochaceae,Octactis,Octactis speculum,0.052010532,no
Saccharina,Pabay_15_7_22_2,Pabay,NW,2,15_7_2022,15,7,2022,reads,15381.5,Ministeria vibrans,Opisthokonta,Holozoa,Filasterea,Ministeriida,Ministeriidae,Ministeria,Ministeria vibrans,0.240548711,no
Saccharina,Pabay_15_7_22_2,Pabay,NW,2,15_7_2022,15,7,2022,reads,15381.5,Guinardia delicatula.2,Chromista,Ochrophyta,Coscinodiscophyceae,Rhizosoleniales,Rhizosoleniaceae,Guinardia,Guinardia delicatula,0.139778305,no
Saccharina,Pabay_15_7_22_2,Pabay,NW,2,15_7_2022,15,7,2022,reads,15381.5,Minutocellus polymorphus.9,Chromista,Ochrophyta,Coscinodiscophyceae,Coscinodiscales,Helminthophoraceae,Minutocellus,Minutocellus polymorphus,0.315313851,no
Saccharina,Pabay_15_7_22_2,Pabay,NW,2,15_7_2022,15,7,2022,reads,15381.5,Cassiopea xamachana,Animalia,Cnidaria,Scyphozoa,Rhizostomeae,Cassiopeidae,Cassiopea,Cassiopea xamachana,0.029255924,no
Saccharina,Pabay_15_7_22_2,Pabay,NW,2,15_7_2022,15,7,2022,reads,15381.5,Cassiopea sp. PGNIMCP.1,,,,,,Cassiopea,Cassiopea sp. PGNIMCP,0.045509216,no
Saccharina,Pabay_15_7_22_2,Pabay,NW,2,15_7_2022,15,7,2022,reads,15381.5,Thoosa mismalolli,Animalia,Porifera,Demospongiae,Clionaida,Clionaidae,Thoosa,Thoosa mismalolli,0.315313851,no
Saccharina,Pabay_15_7_22_2,Pabay,NW,2,15_7_2022,15,7,2022,reads,15381.5,Monogononta sp. R35_CoastL,,,,,,Monogononta,Monogononta sp. R35 CoastL,0.217794103,no
Saccharina,Pabay_15_7_22_2,Pabay,NW,2,15_7_2022,15,7,2022,reads,15381.5,invertebrate environmental sample,,,,,,,,1.943893638,no
Saccharina,Pabay_15_7_22_2,Pabay,NW,2,15_7_2022,15,7,2022,reads,15381.5,invertebrate environmental sample.6,,,,,,,,0.185287521,no
Alaria,Pabay_15_7_22_3,Pabay,Mid,3,15_7_2022,15,7,2022,reads,31703.5,Skeletonema menzelii,Chromista,Ochrophyta,Bacillariophyceae,Thalassiosirales,Skeletonemataceae,Skeletonema,Skeletonema menzelii,0.014194016,no
Alaria,Pabay_15_7_22_3,Pabay,Mid,3,15_7_2022,15,7,2022,reads,31703.5,Minutocellus polymorphus.7,Chromista,Ochrophyta,Coscinodiscophyceae,Coscinodiscales,Helminthophoraceae,Minutocellus,Minutocellus polymorphus,0.588263126,no
Alaria,Pabay_15_7_22_3,Pabay,Mid,3,15_7_2022,15,7,2022,reads,31703.5,Ditylum brightwellii.3,Chromista,Ochrophyta,Coscinodiscophyceae,Rhizosoleniales,Lithodesmiaceae,Ditylum,Ditylum brightwellii,0.249183844,no
Alaria,Pabay_15_7_22_3,Pabay,Mid,3,15_7_2022,15,7,2022,reads,31703.5,Minutocellus polymorphus.9,Chromista,Ochrophyta,Coscinodiscophyceae,Coscinodiscales,Helminthophoraceae,Minutocellus,Minutocellus polymorphus,0.047313388,no
Alaria,Pabay_15_7_22_3,Pabay,Mid,3,15_7_2022,15,7,2022,reads,31703.5,Cernosvitoviella minor,Animalia,Annelida,Clitellata,Enchytraeida,Enchytraeidae,Cernosvitoviella,Cernosvitoviella minor,0.234989828,no
Alaria,Pabay_15_7_22_3,Pabay,Mid,3,15_7_2022,15,7,2022,reads,31703.5,Edwardsia timida,Animalia,Cnidaria,Anthozoa,Actiniaria,Edwardsiidae,Edwardsia,Edwardsia timida,0.006308452,no
Alaria,Pabay_15_7_22_3,Pabay,Mid,3,15_7_2022,15,7,2022,reads,31703.5,Monostilifera sp..2,Animalia,Nemertea,Anopla,Monostilifera,Monostylifera,Monostilifera,Monostilifera sp.,0.189253552,no
Alaria,Pabay_15_7_22_3,Pabay,Mid,3,15_7_2022,15,7,2022,reads,31703.5,Polyarthra major,Animalia,Rotifera,Eurotatoria,Ploima,Synchaetidae,Polyarthra,Polyarthra major,0.321731039,no
Alaria,Pabay_15_7_22_3,Pabay,Mid,3,15_7_2022,15,7,2022,reads,31703.5,Euchlanis dilatata.1,Animalia,Rotifera,Eurotatoria,Ploima,Euchlanidae,Euchlanis,Euchlanis dilatata,0.119860583,no
Alaria,Pabay_15_7_22_3,Pabay,Mid,3,15_7_2022,15,7,2022,reads,31703.5,invertebrate environmental sample,,,,,,,,0.34381062,no
Alaria,Pabay_15_7_22_3,Pabay,Mid,3,15_7_2022,15,7,2022,reads,31703.5,invertebrate environmental sample.1,,,,,,,,1.146561105,no
Alaria,Pabay_15_7_22_3,Pabay,Mid,3,15_7_2022,15,7,2022,reads,31703.5,invertebrate environmental sample.28,,,,,,,,0.011039791,no
Saccharina,Pabay_15_7_22_3,Pabay,Mid,3,15_7_2022,15,7,2022,reads,31703.5,Skeletonema menzelii,Chromista,Ochrophyta,Bacillariophyceae,Thalassiosirales,Skeletonemataceae,Skeletonema,Skeletonema menzelii,0.014194016,no
Saccharina,Pabay_15_7_22_3,Pabay,Mid,3,15_7_2022,15,7,2022,reads,31703.5,Minutocellus polymorphus.7,Chromista,Ochrophyta,Coscinodiscophyceae,Coscinodiscales,Helminthophoraceae,Minutocellus,Minutocellus polymorphus,0.588263126,no
Saccharina,Pabay_15_7_22_3,Pabay,Mid,3,15_7_2022,15,7,2022,reads,31703.5,Ditylum brightwellii.3,Chromista,Ochrophyta,Coscinodiscophyceae,Rhizosoleniales,Lithodesmiaceae,Ditylum,Ditylum brightwellii,0.249183844,no
Saccharina,Pabay_15_7_22_3,Pabay,Mid,3,15_7_2022,15,7,2022,reads,31703.5,Minutocellus polymorphus.9,Chromista,Ochrophyta,Coscinodiscophyceae,Coscinodiscales,Helminthophoraceae,Minutocellus,Minutocellus polymorphus,0.047313388,no
Saccharina,Pabay_15_7_22_3,Pabay,Mid,3,15_7_2022,15,7,2022,reads,31703.5,Cernosvitoviella minor,Animalia,Annelida,Clitellata,Enchytraeida,Enchytraeidae,Cernosvitoviella,Cernosvitoviella minor,0.234989828,no
Saccharina,Pabay_15_7_22_3,Pabay,Mid,3,15_7_2022,15,7,2022,reads,31703.5,Edwardsia timida,Animalia,Cnidaria,Anthozoa,Actiniaria,Edwardsiidae,Edwardsia,Edwardsia timida,0.006308452,no
Saccharina,Pabay_15_7_22_3,Pabay,Mid,3,15_7_2022,15,7,2022,reads,31703.5,Monostilifera sp..2,Animalia,Nemertea,Anopla,Monostilifera,Monostylifera,Monostilifera,Monostilifera sp.,0.189253552,no
Saccharina,Pabay_15_7_22_3,Pabay,Mid,3,15_7_2022,15,7,2022,reads,31703.5,Polyarthra major,Animalia,Rotifera,Eurotatoria,Ploima,Synchaetidae,Polyarthra,Polyarthra major,0.321731039,no
Saccharina,Pabay_15_7_22_3,Pabay,Mid,3,15_7_2022,15,7,2022,reads,31703.5,Euchlanis dilatata.1,Animalia,Rotifera,Eurotatoria,Ploima,Euchlanidae,Euchlanis,Euchlanis dilatata,0.119860583,no
Saccharina,Pabay_15_7_22_3,Pabay,Mid,3,15_7_2022,15,7,2022,reads,31703.5,invertebrate environmental sample,,,,,,,,0.34381062,no
Saccharina,Pabay_15_7_22_3,Pabay,Mid,3,15_7_2022,15,7,2022,reads,31703.5,invertebrate environmental sample.1,,,,,,,,1.146561105,no
Saccharina,Pabay_15_7_22_3,Pabay,Mid,3,15_7_2022,15,7,2022,reads,31703.5,invertebrate environmental sample.28,,,,,,,,0.011039791,no
Alaria,Pabay_16_9_21_1,Pabay,NE,1,16_9_2021,16,9,2021,reads,16711.5,Emiliania huxleyi,Chromista,Haptophyta,Coccolithophyceae,Isochrysidales,Noelaerhabdaceae,Emiliania,Emiliania huxleyi,0.020943662,no
Alaria,Pabay_16_9_21_1,Pabay,NE,1,16_9_2021,16,9,2021,reads,16711.5,Skeletonema menzelii,Chromista,Ochrophyta,Bacillariophyceae,Thalassiosirales,Skeletonemataceae,Skeletonema,Skeletonema menzelii,0.463752506,no
Alaria,Pabay_16_9_21_1,Pabay,NE,1,16_9_2021,16,9,2021,reads,16711.5,Cyclotella cryptica,Chromista,Ochrophyta,Mediophyceae,Thalassiosirales,Stephanodiscaceae,Cyclotella,Cyclotella cryptica,0.038895371,no
Alaria,Pabay_16_9_21_1,Pabay,NE,1,16_9_2021,16,9,2021,reads,16711.5,Minutocellus polymorphus.7,Chromista,Ochrophyta,Coscinodiscophyceae,Coscinodiscales,Helminthophoraceae,Minutocellus,Minutocellus polymorphus,0.338090536,no
Alaria,Pabay_16_9_21_1,Pabay,NE,1,16_9_2021,16,9,2021,reads,16711.5,Minutocellus polymorphus.10,Chromista,Ochrophyta,Coscinodiscophyceae,Coscinodiscales,Helminthophoraceae,Minutocellus,Minutocellus polymorphus,0.284235407,no
Saccharina,Pabay_16_9_21_1,Pabay,NE,1,16_9_2021,16,9,2021,reads,16711.5,Emiliania huxleyi,Chromista,Haptophyta,Coccolithophyceae,Isochrysidales,Noelaerhabdaceae,Emiliania,Emiliania huxleyi,0.020943662,no
Saccharina,Pabay_16_9_21_1,Pabay,NE,1,16_9_2021,16,9,2021,reads,16711.5,Skeletonema menzelii,Chromista,Ochrophyta,Bacillariophyceae,Thalassiosirales,Skeletonemataceae,Skeletonema,Skeletonema menzelii,0.463752506,no
Saccharina,Pabay_16_9_21_1,Pabay,NE,1,16_9_2021,16,9,2021,reads,16711.5,Cyclotella cryptica,Chromista,Ochrophyta,Mediophyceae,Thalassiosirales,Stephanodiscaceae,Cyclotella,Cyclotella cryptica,0.038895371,no
Saccharina,Pabay_16_9_21_1,Pabay,NE,1,16_9_2021,16,9,2021,reads,16711.5,Minutocellus polymorphus.7,Chromista,Ochrophyta,Coscinodiscophyceae,Coscinodiscales,Helminthophoraceae,Minutocellus,Minutocellus polymorphus,0.338090536,no
Saccharina,Pabay_16_9_21_1,Pabay,NE,1,16_9_2021,16,9,2021,reads,16711.5,Minutocellus polymorphus.10,Chromista,Ochrophyta,Coscinodiscophyceae,Coscinodiscales,Helminthophoraceae,Minutocellus,Minutocellus polymorphus,0.284235407,no
Alaria,Pabay_16_9_21_2,Pabay,NW,2,16_9_2021,16,9,2021,reads,12941.5,Skeletonema menzelii,Chromista,Ochrophyta,Bacillariophyceae,Thalassiosirales,Skeletonemataceae,Skeletonema,Skeletonema menzelii,0.011590619,no
Alaria,Pabay_16_9_21_2,Pabay,NW,2,16_9_2021,16,9,2021,reads,12941.5,Microchloropsis salina,Chromista,Ochrophyta,Eustigmatophyceae,Eustigmatales,Monodopsidaceae,Microchloropsis,Microchloropsis salina,0.011590619,no
Alaria,Pabay_16_9_21_2,Pabay,NW,2,16_9_2021,16,9,2021,reads,12941.5,Minutocellus polymorphus.7,Chromista,Ochrophyta,Coscinodiscophyceae,Coscinodiscales,Helminthophoraceae,Minutocellus,Minutocellus polymorphus,0.030908318,no
Alaria,Pabay_16_9_21_2,Pabay,NW,2,16_9_2021,16,9,2021,reads,12941.5,Monostilifera sp.,Animalia,Nemertea,Anopla,Monostilifera,Monostylifera,Monostilifera,Monostilifera sp.,3.593091991,no
Saccharina,Pabay_16_9_21_2,Pabay,NW,2,16_9_2021,16,9,2021,reads,12941.5,Skeletonema menzelii,Chromista,Ochrophyta,Bacillariophyceae,Thalassiosirales,Skeletonemataceae,Skeletonema,Skeletonema menzelii,0.011590619,no
Saccharina,Pabay_16_9_21_2,Pabay,NW,2,16_9_2021,16,9,2021,reads,12941.5,Microchloropsis salina,Chromista,Ochrophyta,Eustigmatophyceae,Eustigmatales,Monodopsidaceae,Microchloropsis,Microchloropsis salina,0.011590619,no
Saccharina,Pabay_16_9_21_2,Pabay,NW,2,16_9_2021,16,9,2021,reads,12941.5,Minutocellus polymorphus.7,Chromista,Ochrophyta,Coscinodiscophyceae,Coscinodiscales,Helminthophoraceae,Minutocellus,Minutocellus polymorphus,0.030908318,no
Saccharina,Pabay_16_9_21_2,Pabay,NW,2,16_9_2021,16,9,2021,reads,12941.5,Monostilifera sp.,Animalia,Nemertea,Anopla,Monostilifera,Monostylifera,Monostilifera,Monostilifera sp.,3.593091991,no
Alaria,Pabay_16_9_21_3,Pabay,Mid,3,16_9_2021,16,9,2021,reads,6499,Skeletonema menzelii,Chromista,Ochrophyta,Bacillariophyceae,Thalassiosirales,Skeletonemataceae,Skeletonema,Skeletonema menzelii,0.038467457,no
Alaria,Pabay_16_9_21_3,Pabay,Mid,3,16_9_2021,16,9,2021,reads,6499,Minutocellus polymorphus.7,Chromista,Ochrophyta,Coscinodiscophyceae,Coscinodiscales,Helminthophoraceae,Minutocellus,Minutocellus polymorphus,0.100015387,no
Alaria,Pabay_16_9_21_3,Pabay,Mid,3,16_9_2021,16,9,2021,reads,6499,Minutocellus polymorphus.10,Chromista,Ochrophyta,Coscinodiscophyceae,Coscinodiscales,Helminthophoraceae,Minutocellus,Minutocellus polymorphus,0.084628404,no
Alaria,Pabay_16_9_21_3,Pabay,Mid,3,16_9_2021,16,9,2021,reads,6499,Nesometra sp. i GP-2023,Animalia,Echinodermata,Crinoidea,Comatulida,Mariametridae,Nesometra,Nesometra sp. i GP-2023,10.40160025,no
Saccharina,Pabay_16_9_21_3,Pabay,Mid,3,16_9_2021,16,9,2021,reads,6499,Skeletonema menzelii,Chromista,Ochrophyta,Bacillariophyceae,Thalassiosirales,Skeletonemataceae,Skeletonema,Skeletonema menzelii,0.038467457,no
Saccharina,Pabay_16_9_21_3,Pabay,Mid,3,16_9_2021,16,9,2021,reads,6499,Minutocellus polymorphus.7,Chromista,Ochrophyta,Coscinodiscophyceae,Coscinodiscales,Helminthophoraceae,Minutocellus,Minutocellus polymorphus,0.100015387,no
Saccharina,Pabay_16_9_21_3,Pabay,Mid,3,16_9_2021,16,9,2021,reads,6499,Minutocellus polymorphus.10,Chromista,Ochrophyta,Coscinodiscophyceae,Coscinodiscales,Helminthophoraceae,Minutocellus,Minutocellus polymorphus,0.084628404,no
Saccharina,Pabay_16_9_21_3,Pabay,Mid,3,16_9_2021,16,9,2021,reads,6499,Nesometra sp. i GP-2023,Animalia,Echinodermata,Crinoidea,Comatulida,Mariametridae,Nesometra,Nesometra sp. i GP-2023,10.40160025,no
Alaria,Pabay_21_12_21_1,Pabay,NE,1,21_12_2021,21,12,2021,reads,598.5,Thalassionema nitzschioides,Chromista,Ochrophyta,Bacillariophyceae,Thalassionematales,Thalassionemataceae,Thalassionema,Thalassionema nitzschioides,0.501253133,no
Saccharina,Pabay_21_12_21_1,Pabay,NE,1,21_12_2021,21,12,2021,reads,598.5,Thalassionema nitzschioides,Chromista,Ochrophyta,Bacillariophyceae,Thalassionematales,Thalassionemataceae,Thalassionema,Thalassionema nitzschioides,0.501253133,no
Alaria,Pabay_21_12_21_2,Pabay,NW,2,21_12_2021,21,12,2021,reads,624,Skeletonema menzelii,Chromista,Ochrophyta,Bacillariophyceae,Thalassiosirales,Skeletonemataceae,Skeletonema,Skeletonema menzelii,0.961538462,no
Alaria,Pabay_21_12_21_2,Pabay,NW,2,21_12_2021,21,12,2021,reads,624,Thalassionema nitzschioides,Chromista,Ochrophyta,Bacillariophyceae,Thalassionematales,Thalassionemataceae,Thalassionema,Thalassionema nitzschioides,3.365384615,no
Saccharina,Pabay_21_12_21_2,Pabay,NW,2,21_12_2021,21,12,2021,reads,624,Skeletonema menzelii,Chromista,Ochrophyta,Bacillariophyceae,Thalassiosirales,Skeletonemataceae,Skeletonema,Skeletonema menzelii,0.961538462,no
Saccharina,Pabay_21_12_21_2,Pabay,NW,2,21_12_2021,21,12,2021,reads,624,Thalassionema nitzschioides,Chromista,Ochrophyta,Bacillariophyceae,Thalassionematales,Thalassionemataceae,Thalassionema,Thalassionema nitzschioides,3.365384615,no
Alaria,Pabay_21_12_21_3,Pabay,Mid,3,21_12_2021,21,12,2021,reads,7662.5,Minutocellus polymorphus.5,Chromista,Ochrophyta,Coscinodiscophyceae,Coscinodiscales,Helminthophoraceae,Minutocellus,Minutocellus polymorphus,0.045676998,no
Alaria,Pabay_21_12_21_3,Pabay,Mid,3,21_12_2021,21,12,2021,reads,7662.5,Pseudochattonella farcimen.1,Chromista,Ochrophyta,Dictyochophyceae,Dictyochales,Chattonellaceae,Pseudochattonella,Pseudochattonella farcimen,0.019575856,no
Saccharina,Pabay_21_12_21_3,Pabay,Mid,3,21_12_2021,21,12,2021,reads,7662.5,Minutocellus polymorphus.5,Chromista,Ochrophyta,Coscinodiscophyceae,Coscinodiscales,Helminthophoraceae,Minutocellus,Minutocellus polymorphus,0.045676998,no
Saccharina,Pabay_21_12_21_3,Pabay,Mid,3,21_12_2021,21,12,2021,reads,7662.5,Pseudochattonella farcimen.1,Chromista,Ochrophyta,Dictyochophyceae,Dictyochales,Chattonellaceae,Pseudochattonella,Pseudochattonella farcimen,0.019575856,no
Alaria,Pabay_21_3_22_1,Pabay,NE,1,21_3_2022,21,3,2022,reads,1093,Skeletonema marinoi,Chromista,Ochrophyta,Bacillariophyceae,Thalassiosirales,Skeletonemataceae,Skeletonema,Skeletonema marinoi,3.934126258,no
Alaria,Pabay_21_3_22_1,Pabay,NE,1,21_3_2022,21,3,2022,reads,1093,Skeletonema menzelii.3,Chromista,Ochrophyta,Bacillariophyceae,Thalassiosirales,Skeletonemataceae,Skeletonema,Skeletonema menzelii,0.594693504,no
Alaria,Pabay_21_3_22_1,Pabay,NE,1,21_3_2022,21,3,2022,reads,1093,Lithodesmium undulatum.3,Chromista,Ochrophyta,Coscinodiscophyceae,Rhizosoleniales,Lithodesmiaceae,Lithodesmium,Lithodesmium undulatum,0.960658737,no
Alaria,Pabay_21_3_22_1,Pabay,NE,1,21_3_2022,21,3,2022,reads,1093,Urodasys sp. 114a.6,Animalia,Gastrotricha,Macrodasyida,Macrodasyoidea,Urodasidae,Urodasys,Urodasys sp. 114a,0.54894785,no
Alaria,Pabay_21_3_22_1,Pabay,NE,1,21_3_2022,21,3,2022,reads,1093,Urodasys sp. 114a.7,Animalia,Gastrotricha,Macrodasyida,Macrodasyoidea,Urodasidae,Urodasys,Urodasys sp. 114a,0.457456542,no
Alaria,Pabay_21_3_22_1,Pabay,NE,1,21_3_2022,21,3,2022,reads,1093,invertebrate environmental sample,,,,,,,,20.31107045,no
Saccharina,Pabay_21_3_22_1,Pabay,NE,1,21_3_2022,21,3,2022,reads,1093,Skeletonema marinoi,Chromista,Ochrophyta,Bacillariophyceae,Thalassiosirales,Skeletonemataceae,Skeletonema,Skeletonema marinoi,3.934126258,no
Saccharina,Pabay_21_3_22_1,Pabay,NE,1,21_3_2022,21,3,2022,reads,1093,Skeletonema menzelii.3,Chromista,Ochrophyta,Bacillariophyceae,Thalassiosirales,Skeletonemataceae,Skeletonema,Skeletonema menzelii,0.594693504,no
Saccharina,Pabay_21_3_22_1,Pabay,NE,1,21_3_2022,21,3,2022,reads,1093,Lithodesmium undulatum.3,Chromista,Ochrophyta,Coscinodiscophyceae,Rhizosoleniales,Lithodesmiaceae,Lithodesmium,Lithodesmium undulatum,0.960658737,no
Saccharina,Pabay_21_3_22_1,Pabay,NE,1,21_3_2022,21,3,2022,reads,1093,Urodasys sp. 114a.6,Animalia,Gastrotricha,Macrodasyida,Macrodasyoidea,Urodasidae,Urodasys,Urodasys sp. 114a,0.54894785,no
Saccharina,Pabay_21_3_22_1,Pabay,NE,1,21_3_2022,21,3,2022,reads,1093,Urodasys sp. 114a.7,Animalia,Gastrotricha,Macrodasyida,Macrodasyoidea,Urodasidae,Urodasys,Urodasys sp. 114a,0.457456542,no
Saccharina,Pabay_21_3_22_1,Pabay,NE,1,21_3_2022,21,3,2022,reads,1093,invertebrate environmental sample,,,,,,,,20.31107045,no
Alaria,Pabay_21_3_22_2,Pabay,NW,2,21_3_2022,21,3,2022,reads,2658,Lithodesmium undulatum.3,Chromista,Ochrophyta,Coscinodiscophyceae,Rhizosoleniales,Lithodesmiaceae,Lithodesmium,Lithodesmium undulatum,2.91572611,no
Alaria,Pabay_21_3_22_2,Pabay,NW,2,21_3_2022,21,3,2022,reads,2658,Urodasys sp. 114a.6,Animalia,Gastrotricha,Macrodasyida,Macrodasyoidea,Urodasidae,Urodasys,Urodasys sp. 114a,1.918735892,no
Saccharina,Pabay_21_3_22_2,Pabay,NW,2,21_3_2022,21,3,2022,reads,2658,Lithodesmium undulatum.3,Chromista,Ochrophyta,Coscinodiscophyceae,Rhizosoleniales,Lithodesmiaceae,Lithodesmium,Lithodesmium undulatum,2.91572611,no
Saccharina,Pabay_21_3_22_2,Pabay,NW,2,21_3_2022,21,3,2022,reads,2658,Urodasys sp. 114a.6,Animalia,Gastrotricha,Macrodasyida,Macrodasyoidea,Urodasidae,Urodasys,Urodasys sp. 114a,1.918735892,no
Alaria,Pabay_21_3_22_3,Pabay,Mid,3,21_3_2022,21,3,2022,reads,2908.5,Skeletonema marinoi,Chromista,Ochrophyta,Bacillariophyceae,Thalassiosirales,Skeletonemataceae,Skeletonema,Skeletonema marinoi,0.53292075,no
Alaria,Pabay_21_3_22_3,Pabay,Mid,3,21_3_2022,21,3,2022,reads,2908.5,Skeletonema menzelii.3,Chromista,Ochrophyta,Bacillariophyceae,Thalassiosirales,Skeletonemataceae,Skeletonema,Skeletonema menzelii,0.154718927,no
Alaria,Pabay_21_3_22_3,Pabay,Mid,3,21_3_2022,21,3,2022,reads,2908.5,Thalassionema nitzschioides,Chromista,Ochrophyta,Bacillariophyceae,Thalassionematales,Thalassionemataceae,Thalassionema,Thalassionema nitzschioides,0.257864879,no
Alaria,Pabay_21_3_22_3,Pabay,Mid,3,21_3_2022,21,3,2022,reads,2908.5,Ditylum brightwellii.4,Chromista,Ochrophyta,Coscinodiscophyceae,Rhizosoleniales,Lithodesmiaceae,Ditylum,Ditylum brightwellii,0.240673887,no
Alaria,Pabay_21_3_22_3,Pabay,Mid,3,21_3_2022,21,3,2022,reads,2908.5,Cassiopea xamachana,Animalia,Cnidaria,Scyphozoa,Rhizostomeae,Cassiopeidae,Cassiopea,Cassiopea xamachana,0.309437855,no
Alaria,Pabay_21_3_22_3,Pabay,Mid,3,21_3_2022,21,3,2022,reads,2908.5,Urodasys sp. 114a.1,Animalia,Gastrotricha,Macrodasyida,Macrodasyoidea,Urodasidae,Urodasys,Urodasys sp. 114a,0.395392814,no
Alaria,Pabay_21_3_22_3,Pabay,Mid,3,21_3_2022,21,3,2022,reads,2908.5,Urodasys sp. 114a.6,Animalia,Gastrotricha,Macrodasyida,Macrodasyoidea,Urodasidae,Urodasys,Urodasys sp. 114a,0.80797662,no
Alaria,Pabay_21_3_22_3,Pabay,Mid,3,21_3_2022,21,3,2022,reads,2908.5,Urodasys sp. 114a.11,Animalia,Gastrotricha,Macrodasyida,Macrodasyoidea,Urodasidae,Urodasys,Urodasys sp. 114a,0.464156782,no
Alaria,Pabay_21_3_22_3,Pabay,Mid,3,21_3_2022,21,3,2022,reads,2908.5,Urodasys sp. 114a.12,Animalia,Gastrotricha,Macrodasyida,Macrodasyoidea,Urodasidae,Urodasys,Urodasys sp. 114a,0.36101083,no
Alaria,Pabay_21_3_22_3,Pabay,Mid,3,21_3_2022,21,3,2022,reads,2908.5,Urodasys sp. 114a.14,Animalia,Gastrotricha,Macrodasyida,Macrodasyoidea,Urodasidae,Urodasys,Urodasys sp. 114a,0.292246863,no
Alaria,Pabay_21_3_22_3,Pabay,Mid,3,21_3_2022,21,3,2022,reads,2908.5,Urodasys sp. 114a.25,Animalia,Gastrotricha,Macrodasyida,Macrodasyoidea,Urodasidae,Urodasys,Urodasys sp. 114a,0.068763968,no
Alaria,Pabay_21_3_22_3,Pabay,Mid,3,21_3_2022,21,3,2022,reads,2908.5,Monostilifera sp..6,Animalia,Nemertea,Anopla,Monostilifera,Monostylifera,Monostilifera,Monostilifera sp.,0.051572976,no
Alaria,Pabay_21_3_22_3,Pabay,Mid,3,21_3_2022,21,3,2022,reads,2908.5,invertebrate environmental sample,,,,,,,,25.04727523,no
Saccharina,Pabay_21_3_22_3,Pabay,Mid,3,21_3_2022,21,3,2022,reads,2908.5,Skeletonema marinoi,Chromista,Ochrophyta,Bacillariophyceae,Thalassiosirales,Skeletonemataceae,Skeletonema,Skeletonema marinoi,0.53292075,no
Saccharina,Pabay_21_3_22_3,Pabay,Mid,3,21_3_2022,21,3,2022,reads,2908.5,Skeletonema menzelii.3,Chromista,Ochrophyta,Bacillariophyceae,Thalassiosirales,Skeletonemataceae,Skeletonema,Skeletonema menzelii,0.154718927,no
Saccharina,Pabay_21_3_22_3,Pabay,Mid,3,21_3_2022,21,3,2022,reads,2908.5,Thalassionema nitzschioides,Chromista,Ochrophyta,Bacillariophyceae,Thalassionematales,Thalassionemataceae,Thalassionema,Thalassionema nitzschioides,0.257864879,no
Saccharina,Pabay_21_3_22_3,Pabay,Mid,3,21_3_2022,21,3,2022,reads,2908.5,Ditylum brightwellii.4,Chromista,Ochrophyta,Coscinodiscophyceae,Rhizosoleniales,Lithodesmiaceae,Ditylum,Ditylum brightwellii,0.240673887,no
Saccharina,Pabay_21_3_22_3,Pabay,Mid,3,21_3_2022,21,3,2022,reads,2908.5,Cassiopea xamachana,Animalia,Cnidaria,Scyphozoa,Rhizostomeae,Cassiopeidae,Cassiopea,Cassiopea xamachana,0.309437855,no
Saccharina,Pabay_21_3_22_3,Pabay,Mid,3,21_3_2022,21,3,2022,reads,2908.5,Urodasys sp. 114a.1,Animalia,Gastrotricha,Macrodasyida,Macrodasyoidea,Urodasidae,Urodasys,Urodasys sp. 114a,0.395392814,no
Saccharina,Pabay_21_3_22_3,Pabay,Mid,3,21_3_2022,21,3,2022,reads,2908.5,Urodasys sp. 114a.6,Animalia,Gastrotricha,Macrodasyida,Macrodasyoidea,Urodasidae,Urodasys,Urodasys sp. 114a,0.80797662,no
Saccharina,Pabay_21_3_22_3,Pabay,Mid,3,21_3_2022,21,3,2022,reads,2908.5,Urodasys sp. 114a.11,Animalia,Gastrotricha,Macrodasyida,Macrodasyoidea,Urodasidae,Urodasys,Urodasys sp. 114a,0.464156782,no
Saccharina,Pabay_21_3_22_3,Pabay,Mid,3,21_3_2022,21,3,2022,reads,2908.5,Urodasys sp. 114a.12,Animalia,Gastrotricha,Macrodasyida,Macrodasyoidea,Urodasidae,Urodasys,Urodasys sp. 114a,0.36101083,no
Saccharina,Pabay_21_3_22_3,Pabay,Mid,3,21_3_2022,21,3,2022,reads,2908.5,Urodasys sp. 114a.14,Animalia,Gastrotricha,Macrodasyida,Macrodasyoidea,Urodasidae,Urodasys,Urodasys sp. 114a,0.292246863,no
Saccharina,Pabay_21_3_22_3,Pabay,Mid,3,21_3_2022,21,3,2022,reads,2908.5,Urodasys sp. 114a.25,Animalia,Gastrotricha,Macrodasyida,Macrodasyoidea,Urodasidae,Urodasys,Urodasys sp. 114a,0.068763968,no
Saccharina,Pabay_21_3_22_3,Pabay,Mid,3,21_3_2022,21,3,2022,reads,2908.5,Monostilifera sp..6,Animalia,Nemertea,Anopla,Monostilifera,Monostylifera,Monostilifera,Monostilifera sp.,0.051572976,no
Saccharina,Pabay_21_3_22_3,Pabay,Mid,3,21_3_2022,21,3,2022,reads,2908.5,invertebrate environmental sample,,,,,,,,25.04727523,no
Alaria,Pabay_22_5_22_1,Pabay,NE,1,22_5_2022,22,5,2022,reads,5717,Thalassiosira rotula.8,Chromista,Ochrophyta,Bacillariophyceae,Thalassiosirales,Thalassiosiraceae,Thalassiosira,Thalassiosira rotula,0.026237537,no
Alaria,Pabay_22_5_22_1,Pabay,NE,1,22_5_2022,22,5,2022,reads,5717,Thalassiosira rotula.10,Chromista,Ochrophyta,Bacillariophyceae,Thalassiosirales,Thalassiosiraceae,Thalassiosira,Thalassiosira rotula,0.008745846,no
Alaria,Pabay_22_5_22_1,Pabay,NE,1,22_5_2022,22,5,2022,reads,5717,invertebrate environmental sample,,,,,,,,2.273919888,no
Saccharina,Pabay_22_5_22_1,Pabay,NE,1,22_5_2022,22,5,2022,reads,5717,Thalassiosira rotula.8,Chromista,Ochrophyta,Bacillariophyceae,Thalassiosirales,Thalassiosiraceae,Thalassiosira,Thalassiosira rotula,0.026237537,no
Saccharina,Pabay_22_5_22_1,Pabay,NE,1,22_5_2022,22,5,2022,reads,5717,Thalassiosira rotula.10,Chromista,Ochrophyta,Bacillariophyceae,Thalassiosirales,Thalassiosiraceae,Thalassiosira,Thalassiosira rotula,0.008745846,no
Saccharina,Pabay_22_5_22_1,Pabay,NE,1,22_5_2022,22,5,2022,reads,5717,invertebrate environmental sample,,,,,,,,2.273919888,no
Alaria,Pabay_22_5_22_2,Pabay,NW,2,22_5_2022,22,5,2022,reads,46114.5,Hemiaulus sinensis.2,Chromista,Ochrophyta,Mediophyceae,Hemiaulales,Hemiaulaceae,Hemiaulus,Hemiaulus sinensis,0.003252773,no
Alaria,Pabay_22_5_22_2,Pabay,NW,2,22_5_2022,22,5,2022,reads,46114.5,Chrysochromulina tobinii.1,Chromista,Haptophyta,Coccolithophyceae,Prymnesiales,Chrysochromulinaceae,Chrysochromulina,Chrysochromulina tobinii,0.053128625,no
Alaria,Pabay_22_5_22_2,Pabay,NW,2,22_5_2022,22,5,2022,reads,46114.5,Phaeocystis globosa,Chromista,Haptophyta,Coccolithophyceae,Phaeocystales,Phaeocystaceae,Phaeocystis,Phaeocystis globosa,0.011926834,no
Alaria,Pabay_22_5_22_2,Pabay,NW,2,22_5_2022,22,5,2022,reads,46114.5,Skeletonema menzelii,Chromista,Ochrophyta,Bacillariophyceae,Thalassiosirales,Skeletonemataceae,Skeletonema,Skeletonema menzelii,0.221188563,no
Alaria,Pabay_22_5_22_2,Pabay,NW,2,22_5_2022,22,5,2022,reads,46114.5,Pedospumella sinomuralis.1,Chromista,Ochrophyta,Chrysophyceae,Chromulinales,Paraphysomonadaceae,Pedospumella,Pedospumella sinomuralis,0.06505546,no
Alaria,Pabay_22_5_22_2,Pabay,NW,2,22_5_2022,22,5,2022,reads,46114.5,Chaetoceros tenuissimus,Chromista,Ochrophyta,Mediophyceae,Chaetocerotales,Chaetocerotaceae,Chaetoceros,Chaetoceros tenuissimus,1.683852151,no
Alaria,Pabay_22_5_22_2,Pabay,NW,2,22_5_2022,22,5,2022,reads,46114.5,Guinardia delicatula,Chromista,Ochrophyta,Coscinodiscophyceae,Rhizosoleniales,Rhizosoleniaceae,Guinardia,Guinardia delicatula,0.190829349,no
Alaria,Pabay_22_5_22_2,Pabay,NW,2,22_5_2022,22,5,2022,reads,46114.5,Guinardia delicatula.1,Chromista,Ochrophyta,Coscinodiscophyceae,Rhizosoleniales,Rhizosoleniaceae,Guinardia,Guinardia delicatula,0.112762797,no
Alaria,Pabay_22_5_22_2,Pabay,NW,2,22_5_2022,22,5,2022,reads,46114.5,Aureococcus anophagefferens,Chromista,Ochrophyta,Pelagophyceae,Pelagomonadales,Pelagomonadaceae,Aureococcus,Aureococcus anophagefferens,0.01409535,no
Alaria,Pabay_22_5_22_2,Pabay,NW,2,22_5_2022,22,5,2022,reads,46114.5,Guinardia delicatula.2,Chromista,Ochrophyta,Coscinodiscophyceae,Rhizosoleniales,Rhizosoleniaceae,Guinardia,Guinardia delicatula,0.210345987,no
Alaria,Pabay_22_5_22_2,Pabay,NW,2,22_5_2022,22,5,2022,reads,46114.5,Skeletonema marinoi,Chromista,Ochrophyta,Bacillariophyceae,Thalassiosirales,Skeletonemataceae,Skeletonema,Skeletonema marinoi,0.011926834,no
Alaria,Pabay_22_5_22_2,Pabay,NW,2,22_5_2022,22,5,2022,reads,46114.5,Chaetoceros socialis,Chromista,Ochrophyta,Mediophyceae,Chaetocerotales,Chaetocerotaceae,Chaetoceros,Chaetoceros socialis,0.173481226,no
Alaria,Pabay_22_5_22_2,Pabay,NW,2,22_5_2022,22,5,2022,reads,46114.5,Chaetoceros tenuissimus.1,Chromista,Ochrophyta,Mediophyceae,Chaetocerotales,Chaetocerotaceae,Chaetoceros,Chaetoceros tenuissimus,0.168059938,no
Alaria,Pabay_22_5_22_2,Pabay,NW,2,22_5_2022,22,5,2022,reads,46114.5,Guinardia striata,Chromista,Ochrophyta,Coscinodiscophyceae,Rhizosoleniales,Rhizosoleniaceae,Guinardia,Guinardia striata,0.044454564,no
Alaria,Pabay_22_5_22_2,Pabay,NW,2,22_5_2022,22,5,2022,reads,46114.5,Guinardia striata.1,Chromista,Ochrophyta,Coscinodiscophyceae,Rhizosoleniales,Rhizosoleniaceae,Guinardia,Guinardia striata,0.119268343,no
Alaria,Pabay_22_5_22_2,Pabay,NW,2,22_5_2022,22,5,2022,reads,46114.5,Guinardia delicatula.4,Chromista,Ochrophyta,Coscinodiscophyceae,Rhizosoleniales,Rhizosoleniaceae,Guinardia,Guinardia delicatula,0.085656355,no
Alaria,Pabay_22_5_22_2,Pabay,NW,2,22_5_2022,22,5,2022,reads,46114.5,Thalassionema nitzschioides,Chromista,Ochrophyta,Bacillariophyceae,Thalassionematales,Thalassionemataceae,Thalassionema,Thalassionema nitzschioides,8.76405469,no
Alaria,Pabay_22_5_22_2,Pabay,NW,2,22_5_2022,22,5,2022,reads,46114.5,Thalassionema nitzschioides.1,Chromista,Ochrophyta,Bacillariophyceae,Thalassionematales,Thalassionemataceae,Thalassionema,Thalassionema nitzschioides,0.222272821,no
Alaria,Pabay_22_5_22_2,Pabay,NW,2,22_5_2022,22,5,2022,reads,46114.5,Ditylum brightwellii.3,Chromista,Ochrophyta,Coscinodiscophyceae,Rhizosoleniales,Lithodesmiaceae,Ditylum,Ditylum brightwellii,0.686335101,no
Alaria,Pabay_22_5_22_2,Pabay,NW,2,22_5_2022,22,5,2022,reads,46114.5,Lithodesmium undulatum.4,Chromista,Ochrophyta,Coscinodiscophyceae,Rhizosoleniales,Lithodesmiaceae,Lithodesmium,Lithodesmium undulatum,0.10192022,no
Alaria,Pabay_22_5_22_2,Pabay,NW,2,22_5_2022,22,5,2022,reads,46114.5,Psathyrometra cf. fragilis,Animalia,Echinodermata,Crinoidea,Comatulida,Psathyrometridae,Psathyrometra,Psathyrometra cf. fragilis,0.25046352,no
Alaria,Pabay_22_5_22_2,Pabay,NW,2,22_5_2022,22,5,2022,reads,46114.5,Urodasys sp. 114a,Animalia,Gastrotricha,Macrodasyida,Macrodasyoidea,Urodasidae,Urodasys,Urodasys sp. 114a,0.361057802,no
Alaria,Pabay_22_5_22_2,Pabay,NW,2,22_5_2022,22,5,2022,reads,46114.5,Urodasys sp. 114a.3,Animalia,Gastrotricha,Macrodasyida,Macrodasyoidea,Urodasidae,Urodasys,Urodasys sp. 114a,0.095414674,no
Alaria,Pabay_22_5_22_2,Pabay,NW,2,22_5_2022,22,5,2022,reads,46114.5,Urodasys sp. 114a.5,Animalia,Gastrotricha,Macrodasyida,Macrodasyoidea,Urodasidae,Urodasys,Urodasys sp. 114a,0.200587668,no
Alaria,Pabay_22_5_22_2,Pabay,NW,2,22_5_2022,22,5,2022,reads,46114.5,Chromadoridae sp. 09PROBE-01551,Animalia,Nematoda,Chromadorea,Chromadorida,Chromadoridae,Chromadoridae,Chromadoridae sp. 09PROBE-01551,0.200587668,no
Alaria,Pabay_22_5_22_2,Pabay,NW,2,22_5_2022,22,5,2022,reads,46114.5,Monostilifera sp.,Animalia,Nemertea,Anopla,Monostilifera,Monostylifera,Monostilifera,Monostilifera sp.,0.762233137,no
Alaria,Pabay_22_5_22_2,Pabay,NW,2,22_5_2022,22,5,2022,reads,46114.5,Monostilifera sp..1,Animalia,Nemertea,Anopla,Monostilifera,Monostylifera,Monostilifera,Monostilifera sp.,0.701514708,no
Alaria,Pabay_22_5_22_2,Pabay,NW,2,22_5_2022,22,5,2022,reads,46114.5,Monostilifera sp..2,Animalia,Nemertea,Anopla,Monostilifera,Monostylifera,Monostilifera,Monostilifera sp.,0.13444795,no
Alaria,Pabay_22_5_22_2,Pabay,NW,2,22_5_2022,22,5,2022,reads,46114.5,Monostilifera sp..3,Animalia,Nemertea,Anopla,Monostilifera,Monostylifera,Monostilifera,Monostilifera sp.,0.200587668,no
Alaria,Pabay_22_5_22_2,Pabay,NW,2,22_5_2022,22,5,2022,reads,46114.5,Asplanchna sieboldii.1,Animalia,Rotifera,Eurotatoria,Ploima,Asplanchnidae,Asplanchna,Asplanchna sieboldii,0.313350465,no
Alaria,Pabay_22_5_22_2,Pabay,NW,2,22_5_2022,22,5,2022,reads,46114.5,Euchlanis dilatata.3,Animalia,Rotifera,Eurotatoria,Ploima,Euchlanidae,Euchlanis,Euchlanis dilatata,0.027106442,no
Alaria,Pabay_22_5_22_2,Pabay,NW,2,22_5_2022,22,5,2022,reads,46114.5,invertebrate environmental sample,,,,,,,,0.092161901,no
Alaria,Pabay_22_5_22_2,Pabay,NW,2,22_5_2022,22,5,2022,reads,46114.5,invertebrate environmental sample.3,,,,,,,,0.274317189,no
Alaria,Pabay_22_5_22_2,Pabay,NW,2,22_5_2022,22,5,2022,reads,46114.5,Parasagitta setosa,Animalia,Chaetognatha,Sagittoidea,Aphragmophora,Sagittidae,Parasagitta,Parasagitta setosa,0.031443472,no
Alaria,Pabay_22_5_22_2,Pabay,NW,2,22_5_2022,22,5,2022,reads,46114.5,Chaetognatha environmental sample,,,,,,,,0.577909334,no
Saccharina,Pabay_22_5_22_2,Pabay,NW,2,22_5_2022,22,5,2022,reads,46114.5,Hemiaulus sinensis.2,Chromista,Ochrophyta,Mediophyceae,Hemiaulales,Hemiaulaceae,Hemiaulus,Hemiaulus sinensis,0.003252773,no
Saccharina,Pabay_22_5_22_2,Pabay,NW,2,22_5_2022,22,5,2022,reads,46114.5,Chrysochromulina tobinii.1,Chromista,Haptophyta,Coccolithophyceae,Prymnesiales,Chrysochromulinaceae,Chrysochromulina,Chrysochromulina tobinii,0.053128625,no
Saccharina,Pabay_22_5_22_2,Pabay,NW,2,22_5_2022,22,5,2022,reads,46114.5,Phaeocystis globosa,Chromista,Haptophyta,Coccolithophyceae,Phaeocystales,Phaeocystaceae,Phaeocystis,Phaeocystis globosa,0.011926834,no
Saccharina,Pabay_22_5_22_2,Pabay,NW,2,22_5_2022,22,5,2022,reads,46114.5,Skeletonema menzelii,Chromista,Ochrophyta,Bacillariophyceae,Thalassiosirales,Skeletonemataceae,Skeletonema,Skeletonema menzelii,0.221188563,no
Saccharina,Pabay_22_5_22_2,Pabay,NW,2,22_5_2022,22,5,2022,reads,46114.5,Pedospumella sinomuralis.1,Chromista,Ochrophyta,Chrysophyceae,Chromulinales,Paraphysomonadaceae,Pedospumella,Pedospumella sinomuralis,0.06505546,no
Saccharina,Pabay_22_5_22_2,Pabay,NW,2,22_5_2022,22,5,2022,reads,46114.5,Chaetoceros tenuissimus,Chromista,Ochrophyta,Mediophyceae,Chaetocerotales,Chaetocerotaceae,Chaetoceros,Chaetoceros tenuissimus,1.683852151,no
Saccharina,Pabay_22_5_22_2,Pabay,NW,2,22_5_2022,22,5,2022,reads,46114.5,Guinardia delicatula,Chromista,Ochrophyta,Coscinodiscophyceae,Rhizosoleniales,Rhizosoleniaceae,Guinardia,Guinardia delicatula,0.190829349,no
Saccharina,Pabay_22_5_22_2,Pabay,NW,2,22_5_2022,22,5,2022,reads,46114.5,Guinardia delicatula.1,Chromista,Ochrophyta,Coscinodiscophyceae,Rhizosoleniales,Rhizosoleniaceae,Guinardia,Guinardia delicatula,0.112762797,no
Saccharina,Pabay_22_5_22_2,Pabay,NW,2,22_5_2022,22,5,2022,reads,46114.5,Aureococcus anophagefferens,Chromista,Ochrophyta,Pelagophyceae,Pelagomonadales,Pelagomonadaceae,Aureococcus,Aureococcus anophagefferens,0.01409535,no
Saccharina,Pabay_22_5_22_2,Pabay,NW,2,22_5_2022,22,5,2022,reads,46114.5,Guinardia delicatula.2,Chromista,Ochrophyta,Coscinodiscophyceae,Rhizosoleniales,Rhizosoleniaceae,Guinardia,Guinardia delicatula,0.210345987,no
Saccharina,Pabay_22_5_22_2,Pabay,NW,2,22_5_2022,22,5,2022,reads,46114.5,Skeletonema marinoi,Chromista,Ochrophyta,Bacillariophyceae,Thalassiosirales,Skeletonemataceae,Skeletonema,Skeletonema marinoi,0.011926834,no
Saccharina,Pabay_22_5_22_2,Pabay,NW,2,22_5_2022,22,5,2022,reads,46114.5,Chaetoceros socialis,Chromista,Ochrophyta,Mediophyceae,Chaetocerotales,Chaetocerotaceae,Chaetoceros,Chaetoceros socialis,0.173481226,no
Saccharina,Pabay_22_5_22_2,Pabay,NW,2,22_5_2022,22,5,2022,reads,46114.5,Chaetoceros tenuissimus.1,Chromista,Ochrophyta,Mediophyceae,Chaetocerotales,Chaetocerotaceae,Chaetoceros,Chaetoceros tenuissimus,0.168059938,no
Saccharina,Pabay_22_5_22_2,Pabay,NW,2,22_5_2022,22,5,2022,reads,46114.5,Guinardia striata,Chromista,Ochrophyta,Coscinodiscophyceae,Rhizosoleniales,Rhizosoleniaceae,Guinardia,Guinardia striata,0.044454564,no
Saccharina,Pabay_22_5_22_2,Pabay,NW,2,22_5_2022,22,5,2022,reads,46114.5,Guinardia striata.1,Chromista,Ochrophyta,Coscinodiscophyceae,Rhizosoleniales,Rhizosoleniaceae,Guinardia,Guinardia striata,0.119268343,no
Saccharina,Pabay_22_5_22_2,Pabay,NW,2,22_5_2022,22,5,2022,reads,46114.5,Guinardia delicatula.4,Chromista,Ochrophyta,Coscinodiscophyceae,Rhizosoleniales,Rhizosoleniaceae,Guinardia,Guinardia delicatula,0.085656355,no
Saccharina,Pabay_22_5_22_2,Pabay,NW,2,22_5_2022,22,5,2022,reads,46114.5,Thalassionema nitzschioides,Chromista,Ochrophyta,Bacillariophyceae,Thalassionematales,Thalassionemataceae,Thalassionema,Thalassionema nitzschioides,8.76405469,no
Saccharina,Pabay_22_5_22_2,Pabay,NW,2,22_5_2022,22,5,2022,reads,46114.5,Thalassionema nitzschioides.1,Chromista,Ochrophyta,Bacillariophyceae,Thalassionematales,Thalassionemataceae,Thalassionema,Thalassionema nitzschioides,0.222272821,no
Saccharina,Pabay_22_5_22_2,Pabay,NW,2,22_5_2022,22,5,2022,reads,46114.5,Ditylum brightwellii.3,Chromista,Ochrophyta,Coscinodiscophyceae,Rhizosoleniales,Lithodesmiaceae,Ditylum,Ditylum brightwellii,0.686335101,no
Saccharina,Pabay_22_5_22_2,Pabay,NW,2,22_5_2022,22,5,2022,reads,46114.5,Lithodesmium undulatum.4,Chromista,Ochrophyta,Coscinodiscophyceae,Rhizosoleniales,Lithodesmiaceae,Lithodesmium,Lithodesmium undulatum,0.10192022,no
Saccharina,Pabay_22_5_22_2,Pabay,NW,2,22_5_2022,22,5,2022,reads,46114.5,Psathyrometra cf. fragilis,Animalia,Echinodermata,Crinoidea,Comatulida,Psathyrometridae,Psathyrometra,Psathyrometra cf. fragilis,0.25046352,no
Saccharina,Pabay_22_5_22_2,Pabay,NW,2,22_5_2022,22,5,2022,reads,46114.5,Urodasys sp. 114a,Animalia,Gastrotricha,Macrodasyida,Macrodasyoidea,Urodasidae,Urodasys,Urodasys sp. 114a,0.361057802,no
Saccharina,Pabay_22_5_22_2,Pabay,NW,2,22_5_2022,22,5,2022,reads,46114.5,Urodasys sp. 114a.3,Animalia,Gastrotricha,Macrodasyida,Macrodasyoidea,Urodasidae,Urodasys,Urodasys sp. 114a,0.095414674,no
Saccharina,Pabay_22_5_22_2,Pabay,NW,2,22_5_2022,22,5,2022,reads,46114.5,Urodasys sp. 114a.5,Animalia,Gastrotricha,Macrodasyida,Macrodasyoidea,Urodasidae,Urodasys,Urodasys sp. 114a,0.200587668,no
Saccharina,Pabay_22_5_22_2,Pabay,NW,2,22_5_2022,22,5,2022,reads,46114.5,Chromadoridae sp. 09PROBE-01551,Animalia,Nematoda,Chromadorea,Chromadorida,Chromadoridae,Chromadoridae,Chromadoridae sp. 09PROBE-01551,0.200587668,no
Saccharina,Pabay_22_5_22_2,Pabay,NW,2,22_5_2022,22,5,2022,reads,46114.5,Monostilifera sp.,Animalia,Nemertea,Anopla,Monostilifera,Monostylifera,Monostilifera,Monostilifera sp.,0.762233137,no
Saccharina,Pabay_22_5_22_2,Pabay,NW,2,22_5_2022,22,5,2022,reads,46114.5,Monostilifera sp..1,Animalia,Nemertea,Anopla,Monostilifera,Monostylifera,Monostilifera,Monostilifera sp.,0.701514708,no
Saccharina,Pabay_22_5_22_2,Pabay,NW,2,22_5_2022,22,5,2022,reads,46114.5,Monostilifera sp..2,Animalia,Nemertea,Anopla,Monostilifera,Monostylifera,Monostilifera,Monostilifera sp.,0.13444795,no
Saccharina,Pabay_22_5_22_2,Pabay,NW,2,22_5_2022,22,5,2022,reads,46114.5,Monostilifera sp..3,Animalia,Nemertea,Anopla,Monostilifera,Monostylifera,Monostilifera,Monostilifera sp.,0.200587668,no
Saccharina,Pabay_22_5_22_2,Pabay,NW,2,22_5_2022,22,5,2022,reads,46114.5,Asplanchna sieboldii.1,Animalia,Rotifera,Eurotatoria,Ploima,Asplanchnidae,Asplanchna,Asplanchna sieboldii,0.313350465,no
Saccharina,Pabay_22_5_22_2,Pabay,NW,2,22_5_2022,22,5,2022,reads,46114.5,Euchlanis dilatata.3,Animalia,Rotifera,Eurotatoria,Ploima,Euchlanidae,Euchlanis,Euchlanis dilatata,0.027106442,no
Saccharina,Pabay_22_5_22_2,Pabay,NW,2,22_5_2022,22,5,2022,reads,46114.5,invertebrate environmental sample,,,,,,,,0.092161901,no
Saccharina,Pabay_22_5_22_2,Pabay,NW,2,22_5_2022,22,5,2022,reads,46114.5,invertebrate environmental sample.3,,,,,,,,0.274317189,no
Saccharina,Pabay_22_5_22_2,Pabay,NW,2,22_5_2022,22,5,2022,reads,46114.5,Parasagitta setosa,Animalia,Chaetognatha,Sagittoidea,Aphragmophora,Sagittidae,Parasagitta,Parasagitta setosa,0.031443472,no
Saccharina,Pabay_22_5_22_2,Pabay,NW,2,22_5_2022,22,5,2022,reads,46114.5,Chaetognatha environmental sample,,,,,,,,0.577909334,no
Alaria,Pabay_22_5_22_3,Pabay,Mid,3,22_5_2022,22,5,2022,reads,3883.5,Chaetoceros tenuissimus.3,Chromista,Ochrophyta,Mediophyceae,Chaetocerotales,Chaetocerotaceae,Chaetoceros,Chaetoceros tenuissimus,0.29612463,no
Alaria,Pabay_22_5_22_3,Pabay,Mid,3,22_5_2022,22,5,2022,reads,3883.5,Thalassionema nitzschioides,Chromista,Ochrophyta,Bacillariophyceae,Thalassionematales,Thalassionemataceae,Thalassionema,Thalassionema nitzschioides,0.386249517,no
Alaria,Pabay_22_5_22_3,Pabay,Mid,3,22_5_2022,22,5,2022,reads,3883.5,Monostilifera sp.,Animalia,Nemertea,Anopla,Monostilifera,Monostylifera,Monostilifera,Monostilifera sp.,0.141624823,no
Saccharina,Pabay_22_5_22_3,Pabay,Mid,3,22_5_2022,22,5,2022,reads,3883.5,Chaetoceros tenuissimus.3,Chromista,Ochrophyta,Mediophyceae,Chaetocerotales,Chaetocerotaceae,Chaetoceros,Chaetoceros tenuissimus,0.29612463,no
Saccharina,Pabay_22_5_22_3,Pabay,Mid,3,22_5_2022,22,5,2022,reads,3883.5,Thalassionema nitzschioides,Chromista,Ochrophyta,Bacillariophyceae,Thalassionematales,Thalassionemataceae,Thalassionema,Thalassionema nitzschioides,0.386249517,no
Saccharina,Pabay_22_5_22_3,Pabay,Mid,3,22_5_2022,22,5,2022,reads,3883.5,Monostilifera sp.,Animalia,Nemertea,Anopla,Monostilifera,Monostylifera,Monostilifera,Monostilifera sp.,0.141624823,no
Alaria,Pabay_25_2_22_1,Pabay,NE,1,25_2_2022,25,2,2022,reads,7907,Skeletonema menzelii,Chromista,Ochrophyta,Bacillariophyceae,Thalassiosirales,Skeletonemataceae,Skeletonema,Skeletonema menzelii,6.06424687,no
Alaria,Pabay_25_2_22_1,Pabay,NE,1,25_2_2022,25,2,2022,reads,7907,Skeletonema potamos,Chromista,Ochrophyta,Bacillariophyceae,Thalassiosirales,Skeletonemataceae,Skeletonema,Skeletonema potamos,0.031617554,no
Alaria,Pabay_25_2_22_1,Pabay,NE,1,25_2_2022,25,2,2022,reads,7907,invertebrate environmental sample,,,,,,,,9.554824839,no
Saccharina,Pabay_25_2_22_1,Pabay,NE,1,25_2_2022,25,2,2022,reads,7907,Skeletonema menzelii,Chromista,Ochrophyta,Bacillariophyceae,Thalassiosirales,Skeletonemataceae,Skeletonema,Skeletonema menzelii,6.06424687,no
Saccharina,Pabay_25_2_22_1,Pabay,NE,1,25_2_2022,25,2,2022,reads,7907,Skeletonema potamos,Chromista,Ochrophyta,Bacillariophyceae,Thalassiosirales,Skeletonemataceae,Skeletonema,Skeletonema potamos,0.031617554,no
Saccharina,Pabay_25_2_22_1,Pabay,NE,1,25_2_2022,25,2,2022,reads,7907,invertebrate environmental sample,,,,,,,,9.554824839,no
Alaria,Pabay_25_2_22_2,Pabay,NW,2,25_2_2022,25,2,2022,reads,12847.5,Lithodesmium intricatum.2,Chromista,Ochrophyta,Coscinodiscophyceae,Rhizosoleniales,Lithodesmiaceae,Lithodesmium,Lithodesmium intricatum,0.015567231,no
Alaria,Pabay_25_2_22_2,Pabay,NW,2,25_2_2022,25,2,2022,reads,12847.5,Emiliania huxleyi,Chromista,Haptophyta,Coccolithophyceae,Isochrysidales,Noelaerhabdaceae,Emiliania,Emiliania huxleyi,0.019459039,no
Alaria,Pabay_25_2_22_2,Pabay,NW,2,25_2_2022,25,2,2022,reads,12847.5,Skeletonema menzelii,Chromista,Ochrophyta,Bacillariophyceae,Thalassiosirales,Skeletonemataceae,Skeletonema,Skeletonema menzelii,0.179023156,no
Alaria,Pabay_25_2_22_2,Pabay,NW,2,25_2_2022,25,2,2022,reads,12847.5,Phaeocystis globosa.3,Chromista,Haptophyta,Coccolithophyceae,Phaeocystales,Phaeocystaceae,Phaeocystis,Phaeocystis globosa,0.015567231,no
Alaria,Pabay_25_2_22_2,Pabay,NW,2,25_2_2022,25,2,2022,reads,12847.5,Minutocellus polymorphus.8,Chromista,Ochrophyta,Coscinodiscophyceae,Coscinodiscales,Helminthophoraceae,Minutocellus,Minutocellus polymorphus,0.058377116,no
Alaria,Pabay_25_2_22_2,Pabay,NW,2,25_2_2022,25,2,2022,reads,12847.5,Lithodesmium intricatum.3,Chromista,Ochrophyta,Coscinodiscophyceae,Rhizosoleniales,Lithodesmiaceae,Lithodesmium,Lithodesmium intricatum,0.848414088,no
Alaria,Pabay_25_2_22_2,Pabay,NW,2,25_2_2022,25,2,2022,reads,12847.5,Lithodesmium intricatum.4,Chromista,Ochrophyta,Coscinodiscophyceae,Rhizosoleniales,Lithodesmiaceae,Lithodesmium,Lithodesmium intricatum,0.315236427,no
Saccharina,Pabay_25_2_22_2,Pabay,NW,2,25_2_2022,25,2,2022,reads,12847.5,Lithodesmium intricatum.2,Chromista,Ochrophyta,Coscinodiscophyceae,Rhizosoleniales,Lithodesmiaceae,Lithodesmium,Lithodesmium intricatum,0.015567231,no
Saccharina,Pabay_25_2_22_2,Pabay,NW,2,25_2_2022,25,2,2022,reads,12847.5,Emiliania huxleyi,Chromista,Haptophyta,Coccolithophyceae,Isochrysidales,Noelaerhabdaceae,Emiliania,Emiliania huxleyi,0.019459039,no
Saccharina,Pabay_25_2_22_2,Pabay,NW,2,25_2_2022,25,2,2022,reads,12847.5,Skeletonema menzelii,Chromista,Ochrophyta,Bacillariophyceae,Thalassiosirales,Skeletonemataceae,Skeletonema,Skeletonema menzelii,0.179023156,no
Saccharina,Pabay_25_2_22_2,Pabay,NW,2,25_2_2022,25,2,2022,reads,12847.5,Phaeocystis globosa.3,Chromista,Haptophyta,Coccolithophyceae,Phaeocystales,Phaeocystaceae,Phaeocystis,Phaeocystis globosa,0.015567231,no
Saccharina,Pabay_25_2_22_2,Pabay,NW,2,25_2_2022,25,2,2022,reads,12847.5,Minutocellus polymorphus.8,Chromista,Ochrophyta,Coscinodiscophyceae,Coscinodiscales,Helminthophoraceae,Minutocellus,Minutocellus polymorphus,0.058377116,no
Saccharina,Pabay_25_2_22_2,Pabay,NW,2,25_2_2022,25,2,2022,reads,12847.5,Lithodesmium intricatum.3,Chromista,Ochrophyta,Coscinodiscophyceae,Rhizosoleniales,Lithodesmiaceae,Lithodesmium,Lithodesmium intricatum,0.848414088,no
Saccharina,Pabay_25_2_22_2,Pabay,NW,2,25_2_2022,25,2,2022,reads,12847.5,Lithodesmium intricatum.4,Chromista,Ochrophyta,Coscinodiscophyceae,Rhizosoleniales,Lithodesmiaceae,Lithodesmium,Lithodesmium intricatum,0.315236427,no
Alaria,Pabay_25_2_22_3,Pabay,Mid,3,25_2_2022,25,2,2022,reads,6863.5,Skeletonema menzelii,Chromista,Ochrophyta,Bacillariophyceae,Thalassiosirales,Skeletonemataceae,Skeletonema,Skeletonema menzelii,1.005317986,no
Alaria,Pabay_25_2_22_3,Pabay,Mid,3,25_2_2022,25,2,2022,reads,6863.5,Monostilifera sp.,Animalia,Nemertea,Anopla,Monostilifera,Monostylifera,Monostilifera,Monostilifera sp.,0.080134042,no
Alaria,Pabay_25_2_22_3,Pabay,Mid,3,25_2_2022,25,2,2022,reads,6863.5,Asplanchna sieboldii.4,Animalia,Rotifera,Eurotatoria,Ploima,Asplanchnidae,Asplanchna,Asplanchna sieboldii,0.036424565,no
Alaria,Pabay_25_2_22_3,Pabay,Mid,3,25_2_2022,25,2,2022,reads,6863.5,invertebrate environmental sample,,,,,,,,0.131128433,no
Saccharina,Pabay_25_2_22_3,Pabay,Mid,3,25_2_2022,25,2,2022,reads,6863.5,Skeletonema menzelii,Chromista,Ochrophyta,Bacillariophyceae,Thalassiosirales,Skeletonemataceae,Skeletonema,Skeletonema menzelii,1.005317986,no
Saccharina,Pabay_25_2_22_3,Pabay,Mid,3,25_2_2022,25,2,2022,reads,6863.5,Monostilifera sp.,Animalia,Nemertea,Anopla,Monostilifera,Monostylifera,Monostilifera,Monostilifera sp.,0.080134042,no
Saccharina,Pabay_25_2_22_3,Pabay,Mid,3,25_2_2022,25,2,2022,reads,6863.5,Asplanchna sieboldii.4,Animalia,Rotifera,Eurotatoria,Ploima,Asplanchnidae,Asplanchna,Asplanchna sieboldii,0.036424565,no
Saccharina,Pabay_25_2_22_3,Pabay,Mid,3,25_2_2022,25,2,2022,reads,6863.5,invertebrate environmental sample,,,,,,,,0.131128433,no
Alaria,Pabay_29_11_21_1,Pabay,NE,1,29_11_2021,29,11,2021,reads,10058.75,Dimeregramma acutum.1,Chromista,Ochrophyta,Bacillariophyceae,Cymbellales,Cymbellaceae,Dimeregramma,Dimeregramma acutum,0.029824779,no
Alaria,Pabay_29_11_21_1,Pabay,NE,1,29_11_2021,29,11,2021,reads,10058.75,Lithodesmium intricatum,Chromista,Ochrophyta,Coscinodiscophyceae,Rhizosoleniales,Lithodesmiaceae,Lithodesmium,Lithodesmium intricatum,0.019883186,no
Alaria,Pabay_29_11_21_1,Pabay,NE,1,29_11_2021,29,11,2021,reads,10058.75,Emiliania huxleyi,Chromista,Haptophyta,Coccolithophyceae,Isochrysidales,Noelaerhabdaceae,Emiliania,Emiliania huxleyi,0.134211507,no
Alaria,Pabay_29_11_21_1,Pabay,NE,1,29_11_2021,29,11,2021,reads,10058.75,Skeletonema menzelii,Chromista,Ochrophyta,Bacillariophyceae,Thalassiosirales,Skeletonemataceae,Skeletonema,Skeletonema menzelii,5.293898347,no
Alaria,Pabay_29_11_21_1,Pabay,NE,1,29_11_2021,29,11,2021,reads,10058.75,Pedospumella sinomuralis.1,Chromista,Ochrophyta,Chrysophyceae,Chromulinales,Paraphysomonadaceae,Pedospumella,Pedospumella sinomuralis,0.027339381,no
Alaria,Pabay_29_11_21_1,Pabay,NE,1,29_11_2021,29,11,2021,reads,10058.75,Pedospumella sp. JBM19,,,,,,Pedospumella,Pedospumella sp. JBM19,0.062134957,no
Alaria,Pabay_29_11_21_1,Pabay,NE,1,29_11_2021,29,11,2021,reads,10058.75,Pedospumella sinomuralis.2,Chromista,Ochrophyta,Chrysophyceae,Chromulinales,Paraphysomonadaceae,Pedospumella,Pedospumella sinomuralis,0.019883186,no
Alaria,Pabay_29_11_21_1,Pabay,NE,1,29_11_2021,29,11,2021,reads,10058.75,Chaetoceros tenuissimus,Chromista,Ochrophyta,Mediophyceae,Chaetocerotales,Chaetocerotaceae,Chaetoceros,Chaetoceros tenuissimus,0.07207655,no
Alaria,Pabay_29_11_21_1,Pabay,NE,1,29_11_2021,29,11,2021,reads,10058.75,Pseudochattonella verruculosa,Chromista,Ochrophyta,Dictyochophyceae,Dictyochales,Chattonellaceae,Pseudochattonella,Pseudochattonella verruculosa,0.079532745,no
Alaria,Pabay_29_11_21_1,Pabay,NE,1,29_11_2021,29,11,2021,reads,10058.75,uncultured dinoflagellate,,,,,,uncultured,uncultured dinoflagellate,0.037280974,no
Alaria,Pabay_29_11_21_1,Pabay,NE,1,29_11_2021,29,11,2021,reads,10058.75,Ministeria vibrans,Opisthokonta,Holozoa,Filasterea,Ministeriida,Ministeriidae,Ministeria,Ministeria vibrans,0.074561949,no
Alaria,Pabay_29_11_21_1,Pabay,NE,1,29_11_2021,29,11,2021,reads,10058.75,Skeletonema potamos,Chromista,Ochrophyta,Bacillariophyceae,Thalassiosirales,Skeletonemataceae,Skeletonema,Skeletonema potamos,0.104386728,no
Alaria,Pabay_29_11_21_1,Pabay,NE,1,29_11_2021,29,11,2021,reads,10058.75,Cyclotella cryptica,Chromista,Ochrophyta,Mediophyceae,Thalassiosirales,Stephanodiscaceae,Cyclotella,Cyclotella cryptica,0.390207531,no
Alaria,Pabay_29_11_21_1,Pabay,NE,1,29_11_2021,29,11,2021,reads,10058.75,Thalassiosira rotula.1,Chromista,Ochrophyta,Bacillariophyceae,Thalassiosirales,Thalassiosiraceae,Thalassiosira,Thalassiosira rotula,0.084503542,no
Alaria,Pabay_29_11_21_1,Pabay,NE,1,29_11_2021,29,11,2021,reads,10058.75,Thalassiosira punctigera.1,Chromista,Ochrophyta,Bacillariophyceae,Thalassiosirales,Thalassiosiraceae,Thalassiosira,Thalassiosira punctigera,0.074561949,no
Alaria,Pabay_29_11_21_1,Pabay,NE,1,29_11_2021,29,11,2021,reads,10058.75,Pleurosigma inscriptura.2,Chromista,Ochrophyta,Bacillariophyceae,Naviculales,Pleurosigmataceae,Pleurosigma,Pleurosigma inscriptura,0.059649559,no
Alaria,Pabay_29_11_21_1,Pabay,NE,1,29_11_2021,29,11,2021,reads,10058.75,Skeletonema subsalsum,Chromista,Ochrophyta,Bacillariophyceae,Thalassiosirales,Skeletonemataceae,Skeletonema,Skeletonema subsalsum,0.027339381,no
Alaria,Pabay_29_11_21_1,Pabay,NE,1,29_11_2021,29,11,2021,reads,10058.75,Thalassionema nitzschioides,Chromista,Ochrophyta,Bacillariophyceae,Thalassionematales,Thalassionemataceae,Thalassionema,Thalassionema nitzschioides,0.208773456,no
Alaria,Pabay_29_11_21_1,Pabay,NE,1,29_11_2021,29,11,2021,reads,10058.75,Minutocellus polymorphus.7,Chromista,Ochrophyta,Coscinodiscophyceae,Coscinodiscales,Helminthophoraceae,Minutocellus,Minutocellus polymorphus,2.430719523,no
Alaria,Pabay_29_11_21_1,Pabay,NE,1,29_11_2021,29,11,2021,reads,10058.75,Minutocellus polymorphus.8,Chromista,Ochrophyta,Coscinodiscophyceae,Coscinodiscales,Helminthophoraceae,Minutocellus,Minutocellus polymorphus,0.382751336,no
Alaria,Pabay_29_11_21_1,Pabay,NE,1,29_11_2021,29,11,2021,reads,10058.75,Minutocellus polymorphus.9,Chromista,Ochrophyta,Coscinodiscophyceae,Coscinodiscales,Helminthophoraceae,Minutocellus,Minutocellus polymorphus,0.810239841,no
Alaria,Pabay_29_11_21_1,Pabay,NE,1,29_11_2021,29,11,2021,reads,10058.75,Minutocellus polymorphus.11,Chromista,Ochrophyta,Coscinodiscophyceae,Coscinodiscales,Helminthophoraceae,Minutocellus,Minutocellus polymorphus,0.221200447,no
Alaria,Pabay_29_11_21_1,Pabay,NE,1,29_11_2021,29,11,2021,reads,10058.75,Minutocellus polymorphus.12,Chromista,Ochrophyta,Coscinodiscophyceae,Coscinodiscales,Helminthophoraceae,Minutocellus,Minutocellus polymorphus,0.820181434,no
Alaria,Pabay_29_11_21_1,Pabay,NE,1,29_11_2021,29,11,2021,reads,10058.75,Minutocellus polymorphus.14,Chromista,Ochrophyta,Coscinodiscophyceae,Coscinodiscales,Helminthophoraceae,Minutocellus,Minutocellus polymorphus,0.288306201,no
Alaria,Pabay_29_11_21_1,Pabay,NE,1,29_11_2021,29,11,2021,reads,10058.75,Ditylum brightwellii.4,Chromista,Ochrophyta,Coscinodiscophyceae,Rhizosoleniales,Lithodesmiaceae,Ditylum,Ditylum brightwellii,0.415061514,no
Alaria,Pabay_29_11_21_1,Pabay,NE,1,29_11_2021,29,11,2021,reads,10058.75,Dimeregramma acutum.2,Chromista,Ochrophyta,Bacillariophyceae,Cymbellales,Cymbellaceae,Dimeregramma,Dimeregramma acutum,0.084503542,no
Alaria,Pabay_29_11_21_1,Pabay,NE,1,29_11_2021,29,11,2021,reads,10058.75,Minutocellus polymorphus.21,Chromista,Ochrophyta,Coscinodiscophyceae,Coscinodiscales,Helminthophoraceae,Minutocellus,Minutocellus polymorphus,0.062134957,no
Alaria,Pabay_29_11_21_1,Pabay,NE,1,29_11_2021,29,11,2021,reads,10058.75,Hemiaulus sinensis.3,Chromista,Ochrophyta,Mediophyceae,Hemiaulales,Hemiaulaceae,Hemiaulus,Hemiaulus sinensis,0.057164161,no
Alaria,Pabay_29_11_21_1,Pabay,NE,1,29_11_2021,29,11,2021,reads,10058.75,Cassiopea xamachana,Animalia,Cnidaria,Scyphozoa,Rhizostomeae,Cassiopeidae,Cassiopea,Cassiopea xamachana,11.53970424,no
Alaria,Pabay_29_11_21_1,Pabay,NE,1,29_11_2021,29,11,2021,reads,10058.75,Aurelia sp. 11 sensu Dawson et al. (2005),,,,,,Aurelia,Aurelia sp. 11 sensu Dawson et al. (2005),0.042251771,no
Alaria,Pabay_29_11_21_1,Pabay,NE,1,29_11_2021,29,11,2021,reads,10058.75,Aurelia aurita,Animalia,Cnidaria,Scyphozoa,Semaeostomeae,Ulmaridae,Aurelia,Aurelia aurita,0.047222567,no
Alaria,Pabay_29_11_21_1,Pabay,NE,1,29_11_2021,29,11,2021,reads,10058.75,Cassiopea sp. PGNIMCP,,,,,,Cassiopea,Cassiopea sp. PGNIMCP,0.017397788,no
Alaria,Pabay_29_11_21_1,Pabay,NE,1,29_11_2021,29,11,2021,reads,10058.75,Aurelia sp. 11 sensu Dawson et al. (2005).1,,,,,,Aurelia,Aurelia sp. 11 sensu Dawson et al. (2005),0.019883186,no
Alaria,Pabay_29_11_21_1,Pabay,NE,1,29_11_2021,29,11,2021,reads,10058.75,Asterias rubens.3,Animalia,Echinodermata,Asteroidea,Forcipulatida,Asteriidae,Asterias,Asterias rubens,0.01491239,no
Alaria,Pabay_29_11_21_1,Pabay,NE,1,29_11_2021,29,11,2021,reads,10058.75,Endoxocrinus parrae,Animalia,Echinodermata,Crinoidea,Comatulida,Endoxocrinidae,Endoxocrinus,Endoxocrinus parrae,0.049707966,no
Alaria,Pabay_29_11_21_1,Pabay,NE,1,29_11_2021,29,11,2021,reads,10058.75,Ophiothrix fragilis,Animalia,Echinodermata,Ophiuroidea,Ophiurida,Ophiothricidae,Ophiothrix,Ophiothrix fragilis,0.032310178,no
Alaria,Pabay_29_11_21_1,Pabay,NE,1,29_11_2021,29,11,2021,reads,10058.75,Urodasys sp. 114a.1,Animalia,Gastrotricha,Macrodasyida,Macrodasyoidea,Urodasidae,Urodasys,Urodasys sp. 114a,0.71082391,no
Alaria,Pabay_29_11_21_1,Pabay,NE,1,29_11_2021,29,11,2021,reads,10058.75,Urodasys sp. 114a.2,Animalia,Gastrotricha,Macrodasyida,Macrodasyoidea,Urodasidae,Urodasys,Urodasys sp. 114a,0.069591152,no
Alaria,Pabay_29_11_21_1,Pabay,NE,1,29_11_2021,29,11,2021,reads,10058.75,Urodasys sp. 114a.3,Animalia,Gastrotricha,Macrodasyida,Macrodasyoidea,Urodasidae,Urodasys,Urodasys sp. 114a,0.166521685,no
Alaria,Pabay_29_11_21_1,Pabay,NE,1,29_11_2021,29,11,2021,reads,10058.75,Urodasys sp. 114a.7,Animalia,Gastrotricha,Macrodasyida,Macrodasyoidea,Urodasidae,Urodasys,Urodasys sp. 114a,0.151609295,no
Alaria,Pabay_29_11_21_1,Pabay,NE,1,29_11_2021,29,11,2021,reads,10058.75,Urodasys sp. 114a.8,Animalia,Gastrotricha,Macrodasyida,Macrodasyoidea,Urodasidae,Urodasys,Urodasys sp. 114a,0.313160184,no
Alaria,Pabay_29_11_21_1,Pabay,NE,1,29_11_2021,29,11,2021,reads,10058.75,Urodasys sp. 114a.16,Animalia,Gastrotricha,Macrodasyida,Macrodasyoidea,Urodasidae,Urodasys,Urodasys sp. 114a,0.032310178,no
Alaria,Pabay_29_11_21_1,Pabay,NE,1,29_11_2021,29,11,2021,reads,10058.75,Urodasys sp. 114a.17,Animalia,Gastrotricha,Macrodasyida,Macrodasyoidea,Urodasidae,Urodasys,Urodasys sp. 114a,0.032310178,no
Alaria,Pabay_29_11_21_1,Pabay,NE,1,29_11_2021,29,11,2021,reads,10058.75,Urodasys sp. 114a.24,Animalia,Gastrotricha,Macrodasyida,Macrodasyoidea,Urodasidae,Urodasys,Urodasys sp. 114a,0.009941593,no
Alaria,Pabay_29_11_21_1,Pabay,NE,1,29_11_2021,29,11,2021,reads,10058.75,Hyleoglomeris sp.,Animalia,Arthropoda,Diplopoda,Glomerida,Glomeridae,Hyleoglomeris,Hyleoglomeris sp.,0.169007083,no
Alaria,Pabay_29_11_21_1,Pabay,NE,1,29_11_2021,29,11,2021,reads,10058.75,Bursaphelenchus cocophilus,Animalia,Nematoda,Chromadorea,Tylenchida,Parasitaphelenchidae,Bursaphelenchus,Bursaphelenchus cocophilus,0.10190133,no
Alaria,Pabay_29_11_21_1,Pabay,NE,1,29_11_2021,29,11,2021,reads,10058.75,Monostilifera sp.,Animalia,Nemertea,Anopla,Monostilifera,Monostylifera,Monostilifera,Monostilifera sp.,0.146638499,no
Alaria,Pabay_29_11_21_1,Pabay,NE,1,29_11_2021,29,11,2021,reads,10058.75,Monostilifera sp..1,Animalia,Nemertea,Anopla,Monostilifera,Monostylifera,Monostilifera,Monostilifera sp.,0.131726109,no
Alaria,Pabay_29_11_21_1,Pabay,NE,1,29_11_2021,29,11,2021,reads,10058.75,Scopalina ruetzleri,Animalia,Porifera,Demospongiae,Scopalinida,Scopalinidae,Scopalina,Scopalina ruetzleri,0.022368585,no
Alaria,Pabay_29_11_21_1,Pabay,NE,1,29_11_2021,29,11,2021,reads,10058.75,Echinodictyum mesenterinum,Animalia,Porifera,Demospongiae,Hadromerida,Clionaidae,Echinodictyum,Echinodictyum mesenterinum,0.01491239,no
Alaria,Pabay_29_11_21_1,Pabay,NE,1,29_11_2021,29,11,2021,reads,10058.75,Hymedesmia hibernica,Animalia,Porifera,Demospongiae,Poecilosclerida,Hymedesmiidae,Hymedesmia,Hymedesmia hibernica,0.009941593,no
Alaria,Pabay_29_11_21_1,Pabay,NE,1,29_11_2021,29,11,2021,reads,10058.75,Asplanchna sieboldii.3,Animalia,Rotifera,Eurotatoria,Ploima,Asplanchnidae,Asplanchna,Asplanchna sieboldii,0.064620355,no
Alaria,Pabay_29_11_21_1,Pabay,NE,1,29_11_2021,29,11,2021,reads,10058.75,Tubificoides sp. CED,,,,,,Tubificoides,Tubificoides sp. CED,0.146638499,no
Alaria,Pabay_29_11_21_1,Pabay,NE,1,29_11_2021,29,11,2021,reads,10058.75,Tripleuchlanis plicata.1,Animalia,Rotifera,Eurotatoria,Ploima,Euchlanidae,Tripleuchlanis,Tripleuchlanis plicata,0.017397788,no
Alaria,Pabay_29_11_21_1,Pabay,NE,1,29_11_2021,29,11,2021,reads,10058.75,invertebrate environmental sample,,,,,,,,0.019883186,no
Alaria,Pabay_29_11_21_1,Pabay,NE,1,29_11_2021,29,11,2021,reads,10058.75,invertebrate environmental sample.2,,,,,,,,0.062134957,no
Alaria,Pabay_29_11_21_1,Pabay,NE,1,29_11_2021,29,11,2021,reads,10058.75,invertebrate environmental sample.4,,,,,,,,0.154094694,no
Alaria,Pabay_29_11_21_1,Pabay,NE,1,29_11_2021,29,11,2021,reads,10058.75,invertebrate environmental sample.6,,,,,,,,0.017397788,no
Alaria,Pabay_29_11_21_1,Pabay,NE,1,29_11_2021,29,11,2021,reads,10058.75,invertebrate environmental sample.17,,,,,,,,0.039766373,no
Alaria,Pabay_29_11_21_1,Pabay,NE,1,29_11_2021,29,11,2021,reads,10058.75,Tubificoides benedii,Animalia,Annelida,Clitellata,Naidida,Naididae,Tubificoides,Tubificoides benedii,0.116813719,no
Alaria,Pabay_29_11_21_1,Pabay,NE,1,29_11_2021,29,11,2021,reads,10058.75,Hormogaster redii,Animalia,Annelida,Clitellata,Crassiclitellata,Hormogastridae,Hormogaster,Hormogaster redii,0.07207655,no
Alaria,Pabay_29_11_21_1,Pabay,NE,1,29_11_2021,29,11,2021,reads,10058.75,Enchytraeus albidus,Animalia,Annelida,Clitellata,Enchytraeida,Enchytraeidae,Enchytraeus,Enchytraeus albidus,0.044737169,no
Saccharina,Pabay_29_11_21_1,Pabay,NE,1,29_11_2021,29,11,2021,reads,10058.75,Dimeregramma acutum.1,Chromista,Ochrophyta,Bacillariophyceae,Cymbellales,Cymbellaceae,Dimeregramma,Dimeregramma acutum,0.029824779,no
Saccharina,Pabay_29_11_21_1,Pabay,NE,1,29_11_2021,29,11,2021,reads,10058.75,Lithodesmium intricatum,Chromista,Ochrophyta,Coscinodiscophyceae,Rhizosoleniales,Lithodesmiaceae,Lithodesmium,Lithodesmium intricatum,0.019883186,no
Saccharina,Pabay_29_11_21_1,Pabay,NE,1,29_11_2021,29,11,2021,reads,10058.75,Emiliania huxleyi,Chromista,Haptophyta,Coccolithophyceae,Isochrysidales,Noelaerhabdaceae,Emiliania,Emiliania huxleyi,0.134211507,no
Saccharina,Pabay_29_11_21_1,Pabay,NE,1,29_11_2021,29,11,2021,reads,10058.75,Skeletonema menzelii,Chromista,Ochrophyta,Bacillariophyceae,Thalassiosirales,Skeletonemataceae,Skeletonema,Skeletonema menzelii,5.293898347,no
Saccharina,Pabay_29_11_21_1,Pabay,NE,1,29_11_2021,29,11,2021,reads,10058.75,Pedospumella sinomuralis.1,Chromista,Ochrophyta,Chrysophyceae,Chromulinales,Paraphysomonadaceae,Pedospumella,Pedospumella sinomuralis,0.027339381,no
Saccharina,Pabay_29_11_21_1,Pabay,NE,1,29_11_2021,29,11,2021,reads,10058.75,Pedospumella sp. JBM19,,,,,,Pedospumella,Pedospumella sp. JBM19,0.062134957,no
Saccharina,Pabay_29_11_21_1,Pabay,NE,1,29_11_2021,29,11,2021,reads,10058.75,Pedospumella sinomuralis.2,Chromista,Ochrophyta,Chrysophyceae,Chromulinales,Paraphysomonadaceae,Pedospumella,Pedospumella sinomuralis,0.019883186,no
Saccharina,Pabay_29_11_21_1,Pabay,NE,1,29_11_2021,29,11,2021,reads,10058.75,Chaetoceros tenuissimus,Chromista,Ochrophyta,Mediophyceae,Chaetocerotales,Chaetocerotaceae,Chaetoceros,Chaetoceros tenuissimus,0.07207655,no
Saccharina,Pabay_29_11_21_1,Pabay,NE,1,29_11_2021,29,11,2021,reads,10058.75,Pseudochattonella verruculosa,Chromista,Ochrophyta,Dictyochophyceae,Dictyochales,Chattonellaceae,Pseudochattonella,Pseudochattonella verruculosa,0.079532745,no
Saccharina,Pabay_29_11_21_1,Pabay,NE,1,29_11_2021,29,11,2021,reads,10058.75,uncultured dinoflagellate,,,,,,uncultured,uncultured dinoflagellate,0.037280974,no
Saccharina,Pabay_29_11_21_1,Pabay,NE,1,29_11_2021,29,11,2021,reads,10058.75,Ministeria vibrans,Opisthokonta,Holozoa,Filasterea,Ministeriida,Ministeriidae,Ministeria,Ministeria vibrans,0.074561949,no
Saccharina,Pabay_29_11_21_1,Pabay,NE,1,29_11_2021,29,11,2021,reads,10058.75,Skeletonema potamos,Chromista,Ochrophyta,Bacillariophyceae,Thalassiosirales,Skeletonemataceae,Skeletonema,Skeletonema potamos,0.104386728,no
Saccharina,Pabay_29_11_21_1,Pabay,NE,1,29_11_2021,29,11,2021,reads,10058.75,Cyclotella cryptica,Chromista,Ochrophyta,Mediophyceae,Thalassiosirales,Stephanodiscaceae,Cyclotella,Cyclotella cryptica,0.390207531,no
Saccharina,Pabay_29_11_21_1,Pabay,NE,1,29_11_2021,29,11,2021,reads,10058.75,Thalassiosira rotula.1,Chromista,Ochrophyta,Bacillariophyceae,Thalassiosirales,Thalassiosiraceae,Thalassiosira,Thalassiosira rotula,0.084503542,no
Saccharina,Pabay_29_11_21_1,Pabay,NE,1,29_11_2021,29,11,2021,reads,10058.75,Thalassiosira punctigera.1,Chromista,Ochrophyta,Bacillariophyceae,Thalassiosirales,Thalassiosiraceae,Thalassiosira,Thalassiosira punctigera,0.074561949,no
Saccharina,Pabay_29_11_21_1,Pabay,NE,1,29_11_2021,29,11,2021,reads,10058.75,Pleurosigma inscriptura.2,Chromista,Ochrophyta,Bacillariophyceae,Naviculales,Pleurosigmataceae,Pleurosigma,Pleurosigma inscriptura,0.059649559,no
Saccharina,Pabay_29_11_21_1,Pabay,NE,1,29_11_2021,29,11,2021,reads,10058.75,Skeletonema subsalsum,Chromista,Ochrophyta,Bacillariophyceae,Thalassiosirales,Skeletonemataceae,Skeletonema,Skeletonema subsalsum,0.027339381,no
Saccharina,Pabay_29_11_21_1,Pabay,NE,1,29_11_2021,29,11,2021,reads,10058.75,Thalassionema nitzschioides,Chromista,Ochrophyta,Bacillariophyceae,Thalassionematales,Thalassionemataceae,Thalassionema,Thalassionema nitzschioides,0.208773456,no
Saccharina,Pabay_29_11_21_1,Pabay,NE,1,29_11_2021,29,11,2021,reads,10058.75,Minutocellus polymorphus.7,Chromista,Ochrophyta,Coscinodiscophyceae,Coscinodiscales,Helminthophoraceae,Minutocellus,Minutocellus polymorphus,2.430719523,no
Saccharina,Pabay_29_11_21_1,Pabay,NE,1,29_11_2021,29,11,2021,reads,10058.75,Minutocellus polymorphus.8,Chromista,Ochrophyta,Coscinodiscophyceae,Coscinodiscales,Helminthophoraceae,Minutocellus,Minutocellus polymorphus,0.382751336,no
Saccharina,Pabay_29_11_21_1,Pabay,NE,1,29_11_2021,29,11,2021,reads,10058.75,Minutocellus polymorphus.9,Chromista,Ochrophyta,Coscinodiscophyceae,Coscinodiscales,Helminthophoraceae,Minutocellus,Minutocellus polymorphus,0.810239841,no
Saccharina,Pabay_29_11_21_1,Pabay,NE,1,29_11_2021,29,11,2021,reads,10058.75,Minutocellus polymorphus.11,Chromista,Ochrophyta,Coscinodiscophyceae,Coscinodiscales,Helminthophoraceae,Minutocellus,Minutocellus polymorphus,0.221200447,no
Saccharina,Pabay_29_11_21_1,Pabay,NE,1,29_11_2021,29,11,2021,reads,10058.75,Minutocellus polymorphus.12,Chromista,Ochrophyta,Coscinodiscophyceae,Coscinodiscales,Helminthophoraceae,Minutocellus,Minutocellus polymorphus,0.820181434,no
Saccharina,Pabay_29_11_21_1,Pabay,NE,1,29_11_2021,29,11,2021,reads,10058.75,Minutocellus polymorphus.14,Chromista,Ochrophyta,Coscinodiscophyceae,Coscinodiscales,Helminthophoraceae,Minutocellus,Minutocellus polymorphus,0.288306201,no
Saccharina,Pabay_29_11_21_1,Pabay,NE,1,29_11_2021,29,11,2021,reads,10058.75,Ditylum brightwellii.4,Chromista,Ochrophyta,Coscinodiscophyceae,Rhizosoleniales,Lithodesmiaceae,Ditylum,Ditylum brightwellii,0.415061514,no
Saccharina,Pabay_29_11_21_1,Pabay,NE,1,29_11_2021,29,11,2021,reads,10058.75,Dimeregramma acutum.2,Chromista,Ochrophyta,Bacillariophyceae,Cymbellales,Cymbellaceae,Dimeregramma,Dimeregramma acutum,0.084503542,no
Saccharina,Pabay_29_11_21_1,Pabay,NE,1,29_11_2021,29,11,2021,reads,10058.75,Minutocellus polymorphus.21,Chromista,Ochrophyta,Coscinodiscophyceae,Coscinodiscales,Helminthophoraceae,Minutocellus,Minutocellus polymorphus,0.062134957,no
Saccharina,Pabay_29_11_21_1,Pabay,NE,1,29_11_2021,29,11,2021,reads,10058.75,Hemiaulus sinensis.3,Chromista,Ochrophyta,Mediophyceae,Hemiaulales,Hemiaulaceae,Hemiaulus,Hemiaulus sinensis,0.057164161,no
Saccharina,Pabay_29_11_21_1,Pabay,NE,1,29_11_2021,29,11,2021,reads,10058.75,Cassiopea xamachana,Animalia,Cnidaria,Scyphozoa,Rhizostomeae,Cassiopeidae,Cassiopea,Cassiopea xamachana,11.53970424,no
Saccharina,Pabay_29_11_21_1,Pabay,NE,1,29_11_2021,29,11,2021,reads,10058.75,Aurelia sp. 11 sensu Dawson et al. (2005),,,,,,Aurelia,Aurelia sp. 11 sensu Dawson et al. (2005),0.042251771,no
Saccharina,Pabay_29_11_21_1,Pabay,NE,1,29_11_2021,29,11,2021,reads,10058.75,Aurelia aurita,Animalia,Cnidaria,Scyphozoa,Semaeostomeae,Ulmaridae,Aurelia,Aurelia aurita,0.047222567,no
Saccharina,Pabay_29_11_21_1,Pabay,NE,1,29_11_2021,29,11,2021,reads,10058.75,Cassiopea sp. PGNIMCP,,,,,,Cassiopea,Cassiopea sp. PGNIMCP,0.017397788,no
Saccharina,Pabay_29_11_21_1,Pabay,NE,1,29_11_2021,29,11,2021,reads,10058.75,Aurelia sp. 11 sensu Dawson et al. (2005).1,,,,,,Aurelia,Aurelia sp. 11 sensu Dawson et al. (2005),0.019883186,no
Saccharina,Pabay_29_11_21_1,Pabay,NE,1,29_11_2021,29,11,2021,reads,10058.75,Asterias rubens.3,Animalia,Echinodermata,Asteroidea,Forcipulatida,Asteriidae,Asterias,Asterias rubens,0.01491239,no
Saccharina,Pabay_29_11_21_1,Pabay,NE,1,29_11_2021,29,11,2021,reads,10058.75,Endoxocrinus parrae,Animalia,Echinodermata,Crinoidea,Comatulida,Endoxocrinidae,Endoxocrinus,Endoxocrinus parrae,0.049707966,no
Saccharina,Pabay_29_11_21_1,Pabay,NE,1,29_11_2021,29,11,2021,reads,10058.75,Ophiothrix fragilis,Animalia,Echinodermata,Ophiuroidea,Ophiurida,Ophiothricidae,Ophiothrix,Ophiothrix fragilis,0.032310178,no
Saccharina,Pabay_29_11_21_1,Pabay,NE,1,29_11_2021,29,11,2021,reads,10058.75,Urodasys sp. 114a.1,Animalia,Gastrotricha,Macrodasyida,Macrodasyoidea,Urodasidae,Urodasys,Urodasys sp. 114a,0.71082391,no
Saccharina,Pabay_29_11_21_1,Pabay,NE,1,29_11_2021,29,11,2021,reads,10058.75,Urodasys sp. 114a.2,Animalia,Gastrotricha,Macrodasyida,Macrodasyoidea,Urodasidae,Urodasys,Urodasys sp. 114a,0.069591152,no
Saccharina,Pabay_29_11_21_1,Pabay,NE,1,29_11_2021,29,11,2021,reads,10058.75,Urodasys sp. 114a.3,Animalia,Gastrotricha,Macrodasyida,Macrodasyoidea,Urodasidae,Urodasys,Urodasys sp. 114a,0.166521685,no
Saccharina,Pabay_29_11_21_1,Pabay,NE,1,29_11_2021,29,11,2021,reads,10058.75,Urodasys sp. 114a.7,Animalia,Gastrotricha,Macrodasyida,Macrodasyoidea,Urodasidae,Urodasys,Urodasys sp. 114a,0.151609295,no
Saccharina,Pabay_29_11_21_1,Pabay,NE,1,29_11_2021,29,11,2021,reads,10058.75,Urodasys sp. 114a.8,Animalia,Gastrotricha,Macrodasyida,Macrodasyoidea,Urodasidae,Urodasys,Urodasys sp. 114a,0.313160184,no
Saccharina,Pabay_29_11_21_1,Pabay,NE,1,29_11_2021,29,11,2021,reads,10058.75,Urodasys sp. 114a.16,Animalia,Gastrotricha,Macrodasyida,Macrodasyoidea,Urodasidae,Urodasys,Urodasys sp. 114a,0.032310178,no
Saccharina,Pabay_29_11_21_1,Pabay,NE,1,29_11_2021,29,11,2021,reads,10058.75,Urodasys sp. 114a.17,Animalia,Gastrotricha,Macrodasyida,Macrodasyoidea,Urodasidae,Urodasys,Urodasys sp. 114a,0.032310178,no
Saccharina,Pabay_29_11_21_1,Pabay,NE,1,29_11_2021,29,11,2021,reads,10058.75,Urodasys sp. 114a.24,Animalia,Gastrotricha,Macrodasyida,Macrodasyoidea,Urodasidae,Urodasys,Urodasys sp. 114a,0.009941593,no
Saccharina,Pabay_29_11_21_1,Pabay,NE,1,29_11_2021,29,11,2021,reads,10058.75,Hyleoglomeris sp.,Animalia,Arthropoda,Diplopoda,Glomerida,Glomeridae,Hyleoglomeris,Hyleoglomeris sp.,0.169007083,no
Saccharina,Pabay_29_11_21_1,Pabay,NE,1,29_11_2021,29,11,2021,reads,10058.75,Bursaphelenchus cocophilus,Animalia,Nematoda,Chromadorea,Tylenchida,Parasitaphelenchidae,Bursaphelenchus,Bursaphelenchus cocophilus,0.10190133,no
Saccharina,Pabay_29_11_21_1,Pabay,NE,1,29_11_2021,29,11,2021,reads,10058.75,Monostilifera sp.,Animalia,Nemertea,Anopla,Monostilifera,Monostylifera,Monostilifera,Monostilifera sp.,0.146638499,no
Saccharina,Pabay_29_11_21_1,Pabay,NE,1,29_11_2021,29,11,2021,reads,10058.75,Monostilifera sp..1,Animalia,Nemertea,Anopla,Monostilifera,Monostylifera,Monostilifera,Monostilifera sp.,0.131726109,no
Saccharina,Pabay_29_11_21_1,Pabay,NE,1,29_11_2021,29,11,2021,reads,10058.75,Scopalina ruetzleri,Animalia,Porifera,Demospongiae,Scopalinida,Scopalinidae,Scopalina,Scopalina ruetzleri,0.022368585,no
Saccharina,Pabay_29_11_21_1,Pabay,NE,1,29_11_2021,29,11,2021,reads,10058.75,Echinodictyum mesenterinum,Animalia,Porifera,Demospongiae,Hadromerida,Clionaidae,Echinodictyum,Echinodictyum mesenterinum,0.01491239,no
Saccharina,Pabay_29_11_21_1,Pabay,NE,1,29_11_2021,29,11,2021,reads,10058.75,Hymedesmia hibernica,Animalia,Porifera,Demospongiae,Poecilosclerida,Hymedesmiidae,Hymedesmia,Hymedesmia hibernica,0.009941593,no
Saccharina,Pabay_29_11_21_1,Pabay,NE,1,29_11_2021,29,11,2021,reads,10058.75,Asplanchna sieboldii.3,Animalia,Rotifera,Eurotatoria,Ploima,Asplanchnidae,Asplanchna,Asplanchna sieboldii,0.064620355,no
Saccharina,Pabay_29_11_21_1,Pabay,NE,1,29_11_2021,29,11,2021,reads,10058.75,Tubificoides sp. CED,,,,,,Tubificoides,Tubificoides sp. CED,0.146638499,no
Saccharina,Pabay_29_11_21_1,Pabay,NE,1,29_11_2021,29,11,2021,reads,10058.75,Tripleuchlanis plicata.1,Animalia,Rotifera,Eurotatoria,Ploima,Euchlanidae,Tripleuchlanis,Tripleuchlanis plicata,0.017397788,no
Saccharina,Pabay_29_11_21_1,Pabay,NE,1,29_11_2021,29,11,2021,reads,10058.75,invertebrate environmental sample,,,,,,,,0.019883186,no
Saccharina,Pabay_29_11_21_1,Pabay,NE,1,29_11_2021,29,11,2021,reads,10058.75,invertebrate environmental sample.2,,,,,,,,0.062134957,no
Saccharina,Pabay_29_11_21_1,Pabay,NE,1,29_11_2021,29,11,2021,reads,10058.75,invertebrate environmental sample.4,,,,,,,,0.154094694,no
Saccharina,Pabay_29_11_21_1,Pabay,NE,1,29_11_2021,29,11,2021,reads,10058.75,invertebrate environmental sample.6,,,,,,,,0.017397788,no
Saccharina,Pabay_29_11_21_1,Pabay,NE,1,29_11_2021,29,11,2021,reads,10058.75,invertebrate environmental sample.17,,,,,,,,0.039766373,no
Saccharina,Pabay_29_11_21_1,Pabay,NE,1,29_11_2021,29,11,2021,reads,10058.75,Tubificoides benedii,Animalia,Annelida,Clitellata,Naidida,Naididae,Tubificoides,Tubificoides benedii,0.116813719,no
Saccharina,Pabay_29_11_21_1,Pabay,NE,1,29_11_2021,29,11,2021,reads,10058.75,Hormogaster redii,Animalia,Annelida,Clitellata,Crassiclitellata,Hormogastridae,Hormogaster,Hormogaster redii,0.07207655,no
Saccharina,Pabay_29_11_21_1,Pabay,NE,1,29_11_2021,29,11,2021,reads,10058.75,Enchytraeus albidus,Animalia,Annelida,Clitellata,Enchytraeida,Enchytraeidae,Enchytraeus,Enchytraeus albidus,0.044737169,no
Alaria,Pabay_29_11_21_2,Pabay,NW,2,29_11_2021,29,11,2021,reads,4580,Dimeregramma acutum.1,Chromista,Ochrophyta,Bacillariophyceae,Cymbellales,Cymbellaceae,Dimeregramma,Dimeregramma acutum,0.131004367,no
Alaria,Pabay_29_11_21_2,Pabay,NW,2,29_11_2021,29,11,2021,reads,4580,Skeletonema menzelii,Chromista,Ochrophyta,Bacillariophyceae,Thalassiosirales,Skeletonemataceae,Skeletonema,Skeletonema menzelii,3.024017467,no
Alaria,Pabay_29_11_21_2,Pabay,NW,2,29_11_2021,29,11,2021,reads,4580,Pedospumella sinomuralis.1,Chromista,Ochrophyta,Chrysophyceae,Chromulinales,Paraphysomonadaceae,Pedospumella,Pedospumella sinomuralis,0.120087336,no
Alaria,Pabay_29_11_21_2,Pabay,NW,2,29_11_2021,29,11,2021,reads,4580,Ministeria vibrans,Opisthokonta,Holozoa,Filasterea,Ministeriida,Ministeriidae,Ministeria,Ministeria vibrans,0.327510917,no
Alaria,Pabay_29_11_21_2,Pabay,NW,2,29_11_2021,29,11,2021,reads,4580,Skeletonema potamos,Chromista,Ochrophyta,Bacillariophyceae,Thalassiosirales,Skeletonemataceae,Skeletonema,Skeletonema potamos,0.087336245,no
Alaria,Pabay_29_11_21_2,Pabay,NW,2,29_11_2021,29,11,2021,reads,4580,Cyclotella cryptica,Chromista,Ochrophyta,Mediophyceae,Thalassiosirales,Stephanodiscaceae,Cyclotella,Cyclotella cryptica,0.163755459,no
Alaria,Pabay_29_11_21_2,Pabay,NW,2,29_11_2021,29,11,2021,reads,4580,Pleurosigma inscriptura.2,Chromista,Ochrophyta,Bacillariophyceae,Naviculales,Pleurosigmataceae,Pleurosigma,Pleurosigma inscriptura,0.262008734,no
Alaria,Pabay_29_11_21_2,Pabay,NW,2,29_11_2021,29,11,2021,reads,4580,Minutocellus polymorphus.7,Chromista,Ochrophyta,Coscinodiscophyceae,Coscinodiscales,Helminthophoraceae,Minutocellus,Minutocellus polymorphus,3.613537118,no
Alaria,Pabay_29_11_21_2,Pabay,NW,2,29_11_2021,29,11,2021,reads,4580,Minutocellus polymorphus.11,Chromista,Ochrophyta,Coscinodiscophyceae,Coscinodiscales,Helminthophoraceae,Minutocellus,Minutocellus polymorphus,0.600436681,no
Alaria,Pabay_29_11_21_2,Pabay,NW,2,29_11_2021,29,11,2021,reads,4580,Minutocellus polymorphus.12,Chromista,Ochrophyta,Coscinodiscophyceae,Coscinodiscales,Helminthophoraceae,Minutocellus,Minutocellus polymorphus,1.080786026,no
Alaria,Pabay_29_11_21_2,Pabay,NW,2,29_11_2021,29,11,2021,reads,4580,Minutocellus polymorphus.14,Chromista,Ochrophyta,Coscinodiscophyceae,Coscinodiscales,Helminthophoraceae,Minutocellus,Minutocellus polymorphus,0.796943231,no
Alaria,Pabay_29_11_21_2,Pabay,NW,2,29_11_2021,29,11,2021,reads,4580,Ditylum brightwellii.4,Chromista,Ochrophyta,Coscinodiscophyceae,Rhizosoleniales,Lithodesmiaceae,Ditylum,Ditylum brightwellii,1.244541485,no
Alaria,Pabay_29_11_21_2,Pabay,NW,2,29_11_2021,29,11,2021,reads,4580,Cassiopea xamachana,Animalia,Cnidaria,Scyphozoa,Rhizostomeae,Cassiopeidae,Cassiopea,Cassiopea xamachana,3.515283843,no
Alaria,Pabay_29_11_21_2,Pabay,NW,2,29_11_2021,29,11,2021,reads,4580,Aurelia aurita,Animalia,Cnidaria,Scyphozoa,Semaeostomeae,Ulmaridae,Aurelia,Aurelia aurita,0.207423581,no
Alaria,Pabay_29_11_21_2,Pabay,NW,2,29_11_2021,29,11,2021,reads,4580,Cassiopea sp. PGNIMCP,,,,,,Cassiopea,Cassiopea sp. PGNIMCP,0.032751092,no
Alaria,Pabay_29_11_21_2,Pabay,NW,2,29_11_2021,29,11,2021,reads,4580,Urodasys sp. 114a.2,Animalia,Gastrotricha,Macrodasyida,Macrodasyoidea,Urodasidae,Urodasys,Urodasys sp. 114a,0.305676856,no
Alaria,Pabay_29_11_21_2,Pabay,NW,2,29_11_2021,29,11,2021,reads,4580,Urodasys sp. 114a.3,Animalia,Gastrotricha,Macrodasyida,Macrodasyoidea,Urodasidae,Urodasys,Urodasys sp. 114a,0.109170306,no
Alaria,Pabay_29_11_21_2,Pabay,NW,2,29_11_2021,29,11,2021,reads,4580,Urodasys sp. 114a.7,Animalia,Gastrotricha,Macrodasyida,Macrodasyoidea,Urodasidae,Urodasys,Urodasys sp. 114a,0.403930131,no
Alaria,Pabay_29_11_21_2,Pabay,NW,2,29_11_2021,29,11,2021,reads,4580,Urodasys sp. 114a.16,Animalia,Gastrotricha,Macrodasyida,Macrodasyoidea,Urodasidae,Urodasys,Urodasys sp. 114a,0.141921397,no
Alaria,Pabay_29_11_21_2,Pabay,NW,2,29_11_2021,29,11,2021,reads,4580,Urodasys sp. 114a.17,Animalia,Gastrotricha,Macrodasyida,Macrodasyoidea,Urodasidae,Urodasys,Urodasys sp. 114a,0.141921397,no
Alaria,Pabay_29_11_21_2,Pabay,NW,2,29_11_2021,29,11,2021,reads,4580,Bursaphelenchus cocophilus,Animalia,Nematoda,Chromadorea,Tylenchida,Parasitaphelenchidae,Bursaphelenchus,Bursaphelenchus cocophilus,0.447598253,no
Alaria,Pabay_29_11_21_2,Pabay,NW,2,29_11_2021,29,11,2021,reads,4580,Monostilifera sp..1,Animalia,Nemertea,Anopla,Monostilifera,Monostylifera,Monostilifera,Monostilifera sp.,0.57860262,no
Alaria,Pabay_29_11_21_2,Pabay,NW,2,29_11_2021,29,11,2021,reads,4580,Hymedesmia hibernica,Animalia,Porifera,Demospongiae,Poecilosclerida,Hymedesmiidae,Hymedesmia,Hymedesmia hibernica,0.043668122,no
Alaria,Pabay_29_11_21_2,Pabay,NW,2,29_11_2021,29,11,2021,reads,4580,invertebrate environmental sample,,,,,,,,0.087336245,no
Alaria,Pabay_29_11_21_2,Pabay,NW,2,29_11_2021,29,11,2021,reads,4580,invertebrate environmental sample.2,,,,,,,,0.272925764,no
Alaria,Pabay_29_11_21_2,Pabay,NW,2,29_11_2021,29,11,2021,reads,4580,invertebrate environmental sample.4,,,,,,,,0.131004367,no
Alaria,Pabay_29_11_21_2,Pabay,NW,2,29_11_2021,29,11,2021,reads,4580,invertebrate environmental sample.6,,,,,,,,0.076419214,no
Alaria,Pabay_29_11_21_2,Pabay,NW,2,29_11_2021,29,11,2021,reads,4580,Hormogaster redii,Animalia,Annelida,Clitellata,Crassiclitellata,Hormogastridae,Hormogaster,Hormogaster redii,0.316593886,no
Saccharina,Pabay_29_11_21_2,Pabay,NW,2,29_11_2021,29,11,2021,reads,4580,Dimeregramma acutum.1,Chromista,Ochrophyta,Bacillariophyceae,Cymbellales,Cymbellaceae,Dimeregramma,Dimeregramma acutum,0.131004367,no
Saccharina,Pabay_29_11_21_2,Pabay,NW,2,29_11_2021,29,11,2021,reads,4580,Skeletonema menzelii,Chromista,Ochrophyta,Bacillariophyceae,Thalassiosirales,Skeletonemataceae,Skeletonema,Skeletonema menzelii,3.024017467,no
Saccharina,Pabay_29_11_21_2,Pabay,NW,2,29_11_2021,29,11,2021,reads,4580,Pedospumella sinomuralis.1,Chromista,Ochrophyta,Chrysophyceae,Chromulinales,Paraphysomonadaceae,Pedospumella,Pedospumella sinomuralis,0.120087336,no
Saccharina,Pabay_29_11_21_2,Pabay,NW,2,29_11_2021,29,11,2021,reads,4580,Ministeria vibrans,Opisthokonta,Holozoa,Filasterea,Ministeriida,Ministeriidae,Ministeria,Ministeria vibrans,0.327510917,no
Saccharina,Pabay_29_11_21_2,Pabay,NW,2,29_11_2021,29,11,2021,reads,4580,Skeletonema potamos,Chromista,Ochrophyta,Bacillariophyceae,Thalassiosirales,Skeletonemataceae,Skeletonema,Skeletonema potamos,0.087336245,no
Saccharina,Pabay_29_11_21_2,Pabay,NW,2,29_11_2021,29,11,2021,reads,4580,Cyclotella cryptica,Chromista,Ochrophyta,Mediophyceae,Thalassiosirales,Stephanodiscaceae,Cyclotella,Cyclotella cryptica,0.163755459,no
Saccharina,Pabay_29_11_21_2,Pabay,NW,2,29_11_2021,29,11,2021,reads,4580,Pleurosigma inscriptura.2,Chromista,Ochrophyta,Bacillariophyceae,Naviculales,Pleurosigmataceae,Pleurosigma,Pleurosigma inscriptura,0.262008734,no
Saccharina,Pabay_29_11_21_2,Pabay,NW,2,29_11_2021,29,11,2021,reads,4580,Minutocellus polymorphus.7,Chromista,Ochrophyta,Coscinodiscophyceae,Coscinodiscales,Helminthophoraceae,Minutocellus,Minutocellus polymorphus,3.613537118,no
Saccharina,Pabay_29_11_21_2,Pabay,NW,2,29_11_2021,29,11,2021,reads,4580,Minutocellus polymorphus.11,Chromista,Ochrophyta,Coscinodiscophyceae,Coscinodiscales,Helminthophoraceae,Minutocellus,Minutocellus polymorphus,0.600436681,no
Saccharina,Pabay_29_11_21_2,Pabay,NW,2,29_11_2021,29,11,2021,reads,4580,Minutocellus polymorphus.12,Chromista,Ochrophyta,Coscinodiscophyceae,Coscinodiscales,Helminthophoraceae,Minutocellus,Minutocellus polymorphus,1.080786026,no
Saccharina,Pabay_29_11_21_2,Pabay,NW,2,29_11_2021,29,11,2021,reads,4580,Minutocellus polymorphus.14,Chromista,Ochrophyta,Coscinodiscophyceae,Coscinodiscales,Helminthophoraceae,Minutocellus,Minutocellus polymorphus,0.796943231,no
Saccharina,Pabay_29_11_21_2,Pabay,NW,2,29_11_2021,29,11,2021,reads,4580,Ditylum brightwellii.4,Chromista,Ochrophyta,Coscinodiscophyceae,Rhizosoleniales,Lithodesmiaceae,Ditylum,Ditylum brightwellii,1.244541485,no
Saccharina,Pabay_29_11_21_2,Pabay,NW,2,29_11_2021,29,11,2021,reads,4580,Cassiopea xamachana,Animalia,Cnidaria,Scyphozoa,Rhizostomeae,Cassiopeidae,Cassiopea,Cassiopea xamachana,3.515283843,no
Saccharina,Pabay_29_11_21_2,Pabay,NW,2,29_11_2021,29,11,2021,reads,4580,Aurelia aurita,Animalia,Cnidaria,Scyphozoa,Semaeostomeae,Ulmaridae,Aurelia,Aurelia aurita,0.207423581,no
Saccharina,Pabay_29_11_21_2,Pabay,NW,2,29_11_2021,29,11,2021,reads,4580,Cassiopea sp. PGNIMCP,,,,,,Cassiopea,Cassiopea sp. PGNIMCP,0.032751092,no
Saccharina,Pabay_29_11_21_2,Pabay,NW,2,29_11_2021,29,11,2021,reads,4580,Urodasys sp. 114a.2,Animalia,Gastrotricha,Macrodasyida,Macrodasyoidea,Urodasidae,Urodasys,Urodasys sp. 114a,0.305676856,no
Saccharina,Pabay_29_11_21_2,Pabay,NW,2,29_11_2021,29,11,2021,reads,4580,Urodasys sp. 114a.3,Animalia,Gastrotricha,Macrodasyida,Macrodasyoidea,Urodasidae,Urodasys,Urodasys sp. 114a,0.109170306,no
Saccharina,Pabay_29_11_21_2,Pabay,NW,2,29_11_2021,29,11,2021,reads,4580,Urodasys sp. 114a.7,Animalia,Gastrotricha,Macrodasyida,Macrodasyoidea,Urodasidae,Urodasys,Urodasys sp. 114a,0.403930131,no
Saccharina,Pabay_29_11_21_2,Pabay,NW,2,29_11_2021,29,11,2021,reads,4580,Urodasys sp. 114a.16,Animalia,Gastrotricha,Macrodasyida,Macrodasyoidea,Urodasidae,Urodasys,Urodasys sp. 114a,0.141921397,no
Saccharina,Pabay_29_11_21_2,Pabay,NW,2,29_11_2021,29,11,2021,reads,4580,Urodasys sp. 114a.17,Animalia,Gastrotricha,Macrodasyida,Macrodasyoidea,Urodasidae,Urodasys,Urodasys sp. 114a,0.141921397,no
Saccharina,Pabay_29_11_21_2,Pabay,NW,2,29_11_2021,29,11,2021,reads,4580,Bursaphelenchus cocophilus,Animalia,Nematoda,Chromadorea,Tylenchida,Parasitaphelenchidae,Bursaphelenchus,Bursaphelenchus cocophilus,0.447598253,no
Saccharina,Pabay_29_11_21_2,Pabay,NW,2,29_11_2021,29,11,2021,reads,4580,Monostilifera sp..1,Animalia,Nemertea,Anopla,Monostilifera,Monostylifera,Monostilifera,Monostilifera sp.,0.57860262,no
Saccharina,Pabay_29_11_21_2,Pabay,NW,2,29_11_2021,29,11,2021,reads,4580,Hymedesmia hibernica,Animalia,Porifera,Demospongiae,Poecilosclerida,Hymedesmiidae,Hymedesmia,Hymedesmia hibernica,0.043668122,no
Saccharina,Pabay_29_11_21_2,Pabay,NW,2,29_11_2021,29,11,2021,reads,4580,invertebrate environmental sample,,,,,,,,0.087336245,no
Saccharina,Pabay_29_11_21_2,Pabay,NW,2,29_11_2021,29,11,2021,reads,4580,invertebrate environmental sample.2,,,,,,,,0.272925764,no
Saccharina,Pabay_29_11_21_2,Pabay,NW,2,29_11_2021,29,11,2021,reads,4580,invertebrate environmental sample.4,,,,,,,,0.131004367,no
Saccharina,Pabay_29_11_21_2,Pabay,NW,2,29_11_2021,29,11,2021,reads,4580,invertebrate environmental sample.6,,,,,,,,0.076419214,no
Saccharina,Pabay_29_11_21_2,Pabay,NW,2,29_11_2021,29,11,2021,reads,4580,Hormogaster redii,Animalia,Annelida,Clitellata,Crassiclitellata,Hormogastridae,Hormogaster,Hormogaster redii,0.316593886,no
Alaria,Pabay_29_11_21_3,Pabay,Mid,3,29_11_2021,29,11,2021,reads,15537.5,Lithodesmium intricatum,Chromista,Ochrophyta,Coscinodiscophyceae,Rhizosoleniales,Lithodesmiaceae,Lithodesmium,Lithodesmium intricatum,0.025744167,no
Alaria,Pabay_29_11_21_3,Pabay,Mid,3,29_11_2021,29,11,2021,reads,15537.5,Emiliania huxleyi,Chromista,Haptophyta,Coccolithophyceae,Isochrysidales,Noelaerhabdaceae,Emiliania,Emiliania huxleyi,0.17377313,no
Alaria,Pabay_29_11_21_3,Pabay,Mid,3,29_11_2021,29,11,2021,reads,15537.5,Skeletonema menzelii,Chromista,Ochrophyta,Bacillariophyceae,Thalassiosirales,Skeletonemataceae,Skeletonema,Skeletonema menzelii,5.962992759,no
Alaria,Pabay_29_11_21_3,Pabay,Mid,3,29_11_2021,29,11,2021,reads,15537.5,Pedospumella sp. JBM19,,,,,,Pedospumella,Pedospumella sp. JBM19,0.080450523,no
Alaria,Pabay_29_11_21_3,Pabay,Mid,3,29_11_2021,29,11,2021,reads,15537.5,Pedospumella sinomuralis.2,Chromista,Ochrophyta,Chrysophyceae,Chromulinales,Paraphysomonadaceae,Pedospumella,Pedospumella sinomuralis,0.025744167,no
Alaria,Pabay_29_11_21_3,Pabay,Mid,3,29_11_2021,29,11,2021,reads,15537.5,Chaetoceros tenuissimus,Chromista,Ochrophyta,Mediophyceae,Chaetocerotales,Chaetocerotaceae,Chaetoceros,Chaetoceros tenuissimus,0.093322607,no
Alaria,Pabay_29_11_21_3,Pabay,Mid,3,29_11_2021,29,11,2021,reads,15537.5,Pseudochattonella verruculosa,Chromista,Ochrophyta,Dictyochophyceae,Dictyochales,Chattonellaceae,Pseudochattonella,Pseudochattonella verruculosa,0.102976669,no
Alaria,Pabay_29_11_21_3,Pabay,Mid,3,29_11_2021,29,11,2021,reads,15537.5,uncultured dinoflagellate,,,,,,uncultured,uncultured dinoflagellate,0.048270314,no
Alaria,Pabay_29_11_21_3,Pabay,Mid,3,29_11_2021,29,11,2021,reads,15537.5,Skeletonema potamos,Chromista,Ochrophyta,Bacillariophyceae,Thalassiosirales,Skeletonemataceae,Skeletonema,Skeletonema potamos,0.109412711,no
Alaria,Pabay_29_11_21_3,Pabay,Mid,3,29_11_2021,29,11,2021,reads,15537.5,Cyclotella cryptica,Chromista,Ochrophyta,Mediophyceae,Thalassiosirales,Stephanodiscaceae,Cyclotella,Cyclotella cryptica,0.45695897,no
Alaria,Pabay_29_11_21_3,Pabay,Mid,3,29_11_2021,29,11,2021,reads,15537.5,Thalassiosira rotula.1,Chromista,Ochrophyta,Bacillariophyceae,Thalassiosirales,Thalassiosiraceae,Thalassiosira,Thalassiosira rotula,0.109412711,no
Alaria,Pabay_29_11_21_3,Pabay,Mid,3,29_11_2021,29,11,2021,reads,15537.5,Thalassiosira punctigera.1,Chromista,Ochrophyta,Bacillariophyceae,Thalassiosirales,Thalassiosiraceae,Thalassiosira,Thalassiosira punctigera,0.096540628,no
Alaria,Pabay_29_11_21_3,Pabay,Mid,3,29_11_2021,29,11,2021,reads,15537.5,Skeletonema subsalsum,Chromista,Ochrophyta,Bacillariophyceae,Thalassiosirales,Skeletonemataceae,Skeletonema,Skeletonema subsalsum,0.03539823,no
Alaria,Pabay_29_11_21_3,Pabay,Mid,3,29_11_2021,29,11,2021,reads,15537.5,Thalassionema nitzschioides,Chromista,Ochrophyta,Bacillariophyceae,Thalassionematales,Thalassionemataceae,Thalassionema,Thalassionema nitzschioides,0.270313757,no
Alaria,Pabay_29_11_21_3,Pabay,Mid,3,29_11_2021,29,11,2021,reads,15537.5,Minutocellus polymorphus.7,Chromista,Ochrophyta,Coscinodiscophyceae,Coscinodiscales,Helminthophoraceae,Minutocellus,Minutocellus polymorphus,2.082059533,no
Alaria,Pabay_29_11_21_3,Pabay,Mid,3,29_11_2021,29,11,2021,reads,15537.5,Minutocellus polymorphus.8,Chromista,Ochrophyta,Coscinodiscophyceae,Coscinodiscales,Helminthophoraceae,Minutocellus,Minutocellus polymorphus,0.495575221,no
Alaria,Pabay_29_11_21_3,Pabay,Mid,3,29_11_2021,29,11,2021,reads,15537.5,Minutocellus polymorphus.9,Chromista,Ochrophyta,Coscinodiscophyceae,Coscinodiscales,Helminthophoraceae,Minutocellus,Minutocellus polymorphus,1.049074819,no
Alaria,Pabay_29_11_21_3,Pabay,Mid,3,29_11_2021,29,11,2021,reads,15537.5,Minutocellus polymorphus.11,Chromista,Ochrophyta,Coscinodiscophyceae,Coscinodiscales,Helminthophoraceae,Minutocellus,Minutocellus polymorphus,0.109412711,no
Alaria,Pabay_29_11_21_3,Pabay,Mid,3,29_11_2021,29,11,2021,reads,15537.5,Minutocellus polymorphus.12,Chromista,Ochrophyta,Coscinodiscophyceae,Coscinodiscales,Helminthophoraceae,Minutocellus,Minutocellus polymorphus,0.743362832,no
Alaria,Pabay_29_11_21_3,Pabay,Mid,3,29_11_2021,29,11,2021,reads,15537.5,Minutocellus polymorphus.14,Chromista,Ochrophyta,Coscinodiscophyceae,Coscinodiscales,Helminthophoraceae,Minutocellus,Minutocellus polymorphus,0.138374899,no
Alaria,Pabay_29_11_21_3,Pabay,Mid,3,29_11_2021,29,11,2021,reads,15537.5,Ditylum brightwellii.4,Chromista,Ochrophyta,Coscinodiscophyceae,Rhizosoleniales,Lithodesmiaceae,Ditylum,Ditylum brightwellii,0.170555109,no
Alaria,Pabay_29_11_21_3,Pabay,Mid,3,29_11_2021,29,11,2021,reads,15537.5,Dimeregramma acutum.2,Chromista,Ochrophyta,Bacillariophyceae,Cymbellales,Cymbellaceae,Dimeregramma,Dimeregramma acutum,0.109412711,no
Alaria,Pabay_29_11_21_3,Pabay,Mid,3,29_11_2021,29,11,2021,reads,15537.5,Minutocellus polymorphus.21,Chromista,Ochrophyta,Coscinodiscophyceae,Coscinodiscales,Helminthophoraceae,Minutocellus,Minutocellus polymorphus,0.080450523,no
Alaria,Pabay_29_11_21_3,Pabay,Mid,3,29_11_2021,29,11,2021,reads,15537.5,Hemiaulus sinensis.3,Chromista,Ochrophyta,Mediophyceae,Hemiaulales,Hemiaulaceae,Hemiaulus,Hemiaulus sinensis,0.074014481,no
Alaria,Pabay_29_11_21_3,Pabay,Mid,3,29_11_2021,29,11,2021,reads,15537.5,Cassiopea xamachana,Animalia,Cnidaria,Scyphozoa,Rhizostomeae,Cassiopeidae,Cassiopea,Cassiopea xamachana,13.90506838,no
Alaria,Pabay_29_11_21_3,Pabay,Mid,3,29_11_2021,29,11,2021,reads,15537.5,Aurelia sp. 11 sensu Dawson et al. (2005),,,,,,Aurelia,Aurelia sp. 11 sensu Dawson et al. (2005),0.054706356,no
Alaria,Pabay_29_11_21_3,Pabay,Mid,3,29_11_2021,29,11,2021,reads,15537.5,Cassiopea sp. PGNIMCP,,,,,,Cassiopea,Cassiopea sp. PGNIMCP,0.012872084,no
Alaria,Pabay_29_11_21_3,Pabay,Mid,3,29_11_2021,29,11,2021,reads,15537.5,Aurelia sp. 11 sensu Dawson et al. (2005).1,,,,,,Aurelia,Aurelia sp. 11 sensu Dawson et al. (2005),0.025744167,no
Alaria,Pabay_29_11_21_3,Pabay,Mid,3,29_11_2021,29,11,2021,reads,15537.5,Asterias rubens.3,Animalia,Echinodermata,Asteroidea,Forcipulatida,Asteriidae,Asterias,Asterias rubens,0.019308126,no
Alaria,Pabay_29_11_21_3,Pabay,Mid,3,29_11_2021,29,11,2021,reads,15537.5,Endoxocrinus parrae,Animalia,Echinodermata,Crinoidea,Comatulida,Endoxocrinidae,Endoxocrinus,Endoxocrinus parrae,0.064360418,no
Alaria,Pabay_29_11_21_3,Pabay,Mid,3,29_11_2021,29,11,2021,reads,15537.5,Ophiothrix fragilis,Animalia,Echinodermata,Ophiuroidea,Ophiurida,Ophiothricidae,Ophiothrix,Ophiothrix fragilis,0.041834272,no
Alaria,Pabay_29_11_21_3,Pabay,Mid,3,29_11_2021,29,11,2021,reads,15537.5,Urodasys sp. 114a.1,Animalia,Gastrotricha,Macrodasyida,Macrodasyoidea,Urodasidae,Urodasys,Urodasys sp. 114a,0.920353982,no
Alaria,Pabay_29_11_21_3,Pabay,Mid,3,29_11_2021,29,11,2021,reads,15537.5,Urodasys sp. 114a.3,Animalia,Gastrotricha,Macrodasyida,Macrodasyoidea,Urodasidae,Urodasys,Urodasys sp. 114a,0.183427192,no
Alaria,Pabay_29_11_21_3,Pabay,Mid,3,29_11_2021,29,11,2021,reads,15537.5,Urodasys sp. 114a.7,Animalia,Gastrotricha,Macrodasyida,Macrodasyoidea,Urodasidae,Urodasys,Urodasys sp. 114a,0.077232502,no
Alaria,Pabay_29_11_21_3,Pabay,Mid,3,29_11_2021,29,11,2021,reads,15537.5,Urodasys sp. 114a.8,Animalia,Gastrotricha,Macrodasyida,Macrodasyoidea,Urodasidae,Urodasys,Urodasys sp. 114a,0.405470636,no
Alaria,Pabay_29_11_21_3,Pabay,Mid,3,29_11_2021,29,11,2021,reads,15537.5,Urodasys sp. 114a.24,Animalia,Gastrotricha,Macrodasyida,Macrodasyoidea,Urodasidae,Urodasys,Urodasys sp. 114a,0.012872084,no
Alaria,Pabay_29_11_21_3,Pabay,Mid,3,29_11_2021,29,11,2021,reads,15537.5,Hyleoglomeris sp.,Animalia,Arthropoda,Diplopoda,Glomerida,Glomeridae,Hyleoglomeris,Hyleoglomeris sp.,0.218825422,no
Alaria,Pabay_29_11_21_3,Pabay,Mid,3,29_11_2021,29,11,2021,reads,15537.5,Monostilifera sp.,Animalia,Nemertea,Anopla,Monostilifera,Monostylifera,Monostilifera,Monostilifera sp.,0.189863234,no
Alaria,Pabay_29_11_21_3,Pabay,Mid,3,29_11_2021,29,11,2021,reads,15537.5,Scopalina ruetzleri,Animalia,Porifera,Demospongiae,Scopalinida,Scopalinidae,Scopalina,Scopalina ruetzleri,0.028962188,no
Alaria,Pabay_29_11_21_3,Pabay,Mid,3,29_11_2021,29,11,2021,reads,15537.5,Echinodictyum mesenterinum,Animalia,Porifera,Demospongiae,Hadromerida,Clionaidae,Echinodictyum,Echinodictyum mesenterinum,0.019308126,no
Alaria,Pabay_29_11_21_3,Pabay,Mid,3,29_11_2021,29,11,2021,reads,15537.5,Asplanchna sieboldii.3,Animalia,Rotifera,Eurotatoria,Ploima,Asplanchnidae,Asplanchna,Asplanchna sieboldii,0.083668544,no
Alaria,Pabay_29_11_21_3,Pabay,Mid,3,29_11_2021,29,11,2021,reads,15537.5,Tubificoides sp. CED,,,,,,Tubificoides,Tubificoides sp. CED,0.189863234,no
Alaria,Pabay_29_11_21_3,Pabay,Mid,3,29_11_2021,29,11,2021,reads,15537.5,Tripleuchlanis plicata.1,Animalia,Rotifera,Eurotatoria,Ploima,Euchlanidae,Tripleuchlanis,Tripleuchlanis plicata,0.022526146,no
Alaria,Pabay_29_11_21_3,Pabay,Mid,3,29_11_2021,29,11,2021,reads,15537.5,invertebrate environmental sample.4,,,,,,,,0.160901046,no
Alaria,Pabay_29_11_21_3,Pabay,Mid,3,29_11_2021,29,11,2021,reads,15537.5,invertebrate environmental sample.17,,,,,,,,0.051488335,no
Alaria,Pabay_29_11_21_3,Pabay,Mid,3,29_11_2021,29,11,2021,reads,15537.5,Tubificoides benedii,Animalia,Annelida,Clitellata,Naidida,Naididae,Tubificoides,Tubificoides benedii,0.151246983,no
Alaria,Pabay_29_11_21_3,Pabay,Mid,3,29_11_2021,29,11,2021,reads,15537.5,Enchytraeus albidus,Animalia,Annelida,Clitellata,Enchytraeida,Enchytraeidae,Enchytraeus,Enchytraeus albidus,0.057924377,no
Saccharina,Pabay_29_11_21_3,Pabay,Mid,3,29_11_2021,29,11,2021,reads,15537.5,Lithodesmium intricatum,Chromista,Ochrophyta,Coscinodiscophyceae,Rhizosoleniales,Lithodesmiaceae,Lithodesmium,Lithodesmium intricatum,0.025744167,no
Saccharina,Pabay_29_11_21_3,Pabay,Mid,3,29_11_2021,29,11,2021,reads,15537.5,Emiliania huxleyi,Chromista,Haptophyta,Coccolithophyceae,Isochrysidales,Noelaerhabdaceae,Emiliania,Emiliania huxleyi,0.17377313,no
Saccharina,Pabay_29_11_21_3,Pabay,Mid,3,29_11_2021,29,11,2021,reads,15537.5,Skeletonema menzelii,Chromista,Ochrophyta,Bacillariophyceae,Thalassiosirales,Skeletonemataceae,Skeletonema,Skeletonema menzelii,5.962992759,no
Saccharina,Pabay_29_11_21_3,Pabay,Mid,3,29_11_2021,29,11,2021,reads,15537.5,Pedospumella sp. JBM19,,,,,,Pedospumella,Pedospumella sp. JBM19,0.080450523,no
Saccharina,Pabay_29_11_21_3,Pabay,Mid,3,29_11_2021,29,11,2021,reads,15537.5,Pedospumella sinomuralis.2,Chromista,Ochrophyta,Chrysophyceae,Chromulinales,Paraphysomonadaceae,Pedospumella,Pedospumella sinomuralis,0.025744167,no
Saccharina,Pabay_29_11_21_3,Pabay,Mid,3,29_11_2021,29,11,2021,reads,15537.5,Chaetoceros tenuissimus,Chromista,Ochrophyta,Mediophyceae,Chaetocerotales,Chaetocerotaceae,Chaetoceros,Chaetoceros tenuissimus,0.093322607,no
Saccharina,Pabay_29_11_21_3,Pabay,Mid,3,29_11_2021,29,11,2021,reads,15537.5,Pseudochattonella verruculosa,Chromista,Ochrophyta,Dictyochophyceae,Dictyochales,Chattonellaceae,Pseudochattonella,Pseudochattonella verruculosa,0.102976669,no
Saccharina,Pabay_29_11_21_3,Pabay,Mid,3,29_11_2021,29,11,2021,reads,15537.5,uncultured dinoflagellate,,,,,,uncultured,uncultured dinoflagellate,0.048270314,no
Saccharina,Pabay_29_11_21_3,Pabay,Mid,3,29_11_2021,29,11,2021,reads,15537.5,Skeletonema potamos,Chromista,Ochrophyta,Bacillariophyceae,Thalassiosirales,Skeletonemataceae,Skeletonema,Skeletonema potamos,0.109412711,no
Saccharina,Pabay_29_11_21_3,Pabay,Mid,3,29_11_2021,29,11,2021,reads,15537.5,Cyclotella cryptica,Chromista,Ochrophyta,Mediophyceae,Thalassiosirales,Stephanodiscaceae,Cyclotella,Cyclotella cryptica,0.45695897,no
Saccharina,Pabay_29_11_21_3,Pabay,Mid,3,29_11_2021,29,11,2021,reads,15537.5,Thalassiosira rotula.1,Chromista,Ochrophyta,Bacillariophyceae,Thalassiosirales,Thalassiosiraceae,Thalassiosira,Thalassiosira rotula,0.109412711,no
Saccharina,Pabay_29_11_21_3,Pabay,Mid,3,29_11_2021,29,11,2021,reads,15537.5,Thalassiosira punctigera.1,Chromista,Ochrophyta,Bacillariophyceae,Thalassiosirales,Thalassiosiraceae,Thalassiosira,Thalassiosira punctigera,0.096540628,no
Saccharina,Pabay_29_11_21_3,Pabay,Mid,3,29_11_2021,29,11,2021,reads,15537.5,Skeletonema subsalsum,Chromista,Ochrophyta,Bacillariophyceae,Thalassiosirales,Skeletonemataceae,Skeletonema,Skeletonema subsalsum,0.03539823,no
Saccharina,Pabay_29_11_21_3,Pabay,Mid,3,29_11_2021,29,11,2021,reads,15537.5,Thalassionema nitzschioides,Chromista,Ochrophyta,Bacillariophyceae,Thalassionematales,Thalassionemataceae,Thalassionema,Thalassionema nitzschioides,0.270313757,no
Saccharina,Pabay_29_11_21_3,Pabay,Mid,3,29_11_2021,29,11,2021,reads,15537.5,Minutocellus polymorphus.7,Chromista,Ochrophyta,Coscinodiscophyceae,Coscinodiscales,Helminthophoraceae,Minutocellus,Minutocellus polymorphus,2.082059533,no
Saccharina,Pabay_29_11_21_3,Pabay,Mid,3,29_11_2021,29,11,2021,reads,15537.5,Minutocellus polymorphus.8,Chromista,Ochrophyta,Coscinodiscophyceae,Coscinodiscales,Helminthophoraceae,Minutocellus,Minutocellus polymorphus,0.495575221,no
Saccharina,Pabay_29_11_21_3,Pabay,Mid,3,29_11_2021,29,11,2021,reads,15537.5,Minutocellus polymorphus.9,Chromista,Ochrophyta,Coscinodiscophyceae,Coscinodiscales,Helminthophoraceae,Minutocellus,Minutocellus polymorphus,1.049074819,no
Saccharina,Pabay_29_11_21_3,Pabay,Mid,3,29_11_2021,29,11,2021,reads,15537.5,Minutocellus polymorphus.11,Chromista,Ochrophyta,Coscinodiscophyceae,Coscinodiscales,Helminthophoraceae,Minutocellus,Minutocellus polymorphus,0.109412711,no
Saccharina,Pabay_29_11_21_3,Pabay,Mid,3,29_11_2021,29,11,2021,reads,15537.5,Minutocellus polymorphus.12,Chromista,Ochrophyta,Coscinodiscophyceae,Coscinodiscales,Helminthophoraceae,Minutocellus,Minutocellus polymorphus,0.743362832,no
Saccharina,Pabay_29_11_21_3,Pabay,Mid,3,29_11_2021,29,11,2021,reads,15537.5,Minutocellus polymorphus.14,Chromista,Ochrophyta,Coscinodiscophyceae,Coscinodiscales,Helminthophoraceae,Minutocellus,Minutocellus polymorphus,0.138374899,no
Saccharina,Pabay_29_11_21_3,Pabay,Mid,3,29_11_2021,29,11,2021,reads,15537.5,Ditylum brightwellii.4,Chromista,Ochrophyta,Coscinodiscophyceae,Rhizosoleniales,Lithodesmiaceae,Ditylum,Ditylum brightwellii,0.170555109,no
Saccharina,Pabay_29_11_21_3,Pabay,Mid,3,29_11_2021,29,11,2021,reads,15537.5,Dimeregramma acutum.2,Chromista,Ochrophyta,Bacillariophyceae,Cymbellales,Cymbellaceae,Dimeregramma,Dimeregramma acutum,0.109412711,no
Saccharina,Pabay_29_11_21_3,Pabay,Mid,3,29_11_2021,29,11,2021,reads,15537.5,Minutocellus polymorphus.21,Chromista,Ochrophyta,Coscinodiscophyceae,Coscinodiscales,Helminthophoraceae,Minutocellus,Minutocellus polymorphus,0.080450523,no
Saccharina,Pabay_29_11_21_3,Pabay,Mid,3,29_11_2021,29,11,2021,reads,15537.5,Hemiaulus sinensis.3,Chromista,Ochrophyta,Mediophyceae,Hemiaulales,Hemiaulaceae,Hemiaulus,Hemiaulus sinensis,0.074014481,no
Saccharina,Pabay_29_11_21_3,Pabay,Mid,3,29_11_2021,29,11,2021,reads,15537.5,Cassiopea xamachana,Animalia,Cnidaria,Scyphozoa,Rhizostomeae,Cassiopeidae,Cassiopea,Cassiopea xamachana,13.90506838,no
Saccharina,Pabay_29_11_21_3,Pabay,Mid,3,29_11_2021,29,11,2021,reads,15537.5,Aurelia sp. 11 sensu Dawson et al. (2005),,,,,,Aurelia,Aurelia sp. 11 sensu Dawson et al. (2005),0.054706356,no
Saccharina,Pabay_29_11_21_3,Pabay,Mid,3,29_11_2021,29,11,2021,reads,15537.5,Cassiopea sp. PGNIMCP,,,,,,Cassiopea,Cassiopea sp. PGNIMCP,0.012872084,no
Saccharina,Pabay_29_11_21_3,Pabay,Mid,3,29_11_2021,29,11,2021,reads,15537.5,Aurelia sp. 11 sensu Dawson et al. (2005).1,,,,,,Aurelia,Aurelia sp. 11 sensu Dawson et al. (2005),0.025744167,no
Saccharina,Pabay_29_11_21_3,Pabay,Mid,3,29_11_2021,29,11,2021,reads,15537.5,Asterias rubens.3,Animalia,Echinodermata,Asteroidea,Forcipulatida,Asteriidae,Asterias,Asterias rubens,0.019308126,no
Saccharina,Pabay_29_11_21_3,Pabay,Mid,3,29_11_2021,29,11,2021,reads,15537.5,Endoxocrinus parrae,Animalia,Echinodermata,Crinoidea,Comatulida,Endoxocrinidae,Endoxocrinus,Endoxocrinus parrae,0.064360418,no
Saccharina,Pabay_29_11_21_3,Pabay,Mid,3,29_11_2021,29,11,2021,reads,15537.5,Ophiothrix fragilis,Animalia,Echinodermata,Ophiuroidea,Ophiurida,Ophiothricidae,Ophiothrix,Ophiothrix fragilis,0.041834272,no
Saccharina,Pabay_29_11_21_3,Pabay,Mid,3,29_11_2021,29,11,2021,reads,15537.5,Urodasys sp. 114a.1,Animalia,Gastrotricha,Macrodasyida,Macrodasyoidea,Urodasidae,Urodasys,Urodasys sp. 114a,0.920353982,no
Saccharina,Pabay_29_11_21_3,Pabay,Mid,3,29_11_2021,29,11,2021,reads,15537.5,Urodasys sp. 114a.3,Animalia,Gastrotricha,Macrodasyida,Macrodasyoidea,Urodasidae,Urodasys,Urodasys sp. 114a,0.183427192,no
Saccharina,Pabay_29_11_21_3,Pabay,Mid,3,29_11_2021,29,11,2021,reads,15537.5,Urodasys sp. 114a.7,Animalia,Gastrotricha,Macrodasyida,Macrodasyoidea,Urodasidae,Urodasys,Urodasys sp. 114a,0.077232502,no
Saccharina,Pabay_29_11_21_3,Pabay,Mid,3,29_11_2021,29,11,2021,reads,15537.5,Urodasys sp. 114a.8,Animalia,Gastrotricha,Macrodasyida,Macrodasyoidea,Urodasidae,Urodasys,Urodasys sp. 114a,0.405470636,no
Saccharina,Pabay_29_11_21_3,Pabay,Mid,3,29_11_2021,29,11,2021,reads,15537.5,Urodasys sp. 114a.24,Animalia,Gastrotricha,Macrodasyida,Macrodasyoidea,Urodasidae,Urodasys,Urodasys sp. 114a,0.012872084,no
Saccharina,Pabay_29_11_21_3,Pabay,Mid,3,29_11_2021,29,11,2021,reads,15537.5,Hyleoglomeris sp.,Animalia,Arthropoda,Diplopoda,Glomerida,Glomeridae,Hyleoglomeris,Hyleoglomeris sp.,0.218825422,no
Saccharina,Pabay_29_11_21_3,Pabay,Mid,3,29_11_2021,29,11,2021,reads,15537.5,Monostilifera sp.,Animalia,Nemertea,Anopla,Monostilifera,Monostylifera,Monostilifera,Monostilifera sp.,0.189863234,no
Saccharina,Pabay_29_11_21_3,Pabay,Mid,3,29_11_2021,29,11,2021,reads,15537.5,Scopalina ruetzleri,Animalia,Porifera,Demospongiae,Scopalinida,Scopalinidae,Scopalina,Scopalina ruetzleri,0.028962188,no
Saccharina,Pabay_29_11_21_3,Pabay,Mid,3,29_11_2021,29,11,2021,reads,15537.5,Echinodictyum mesenterinum,Animalia,Porifera,Demospongiae,Hadromerida,Clionaidae,Echinodictyum,Echinodictyum mesenterinum,0.019308126,no
Saccharina,Pabay_29_11_21_3,Pabay,Mid,3,29_11_2021,29,11,2021,reads,15537.5,Asplanchna sieboldii.3,Animalia,Rotifera,Eurotatoria,Ploima,Asplanchnidae,Asplanchna,Asplanchna sieboldii,0.083668544,no
Saccharina,Pabay_29_11_21_3,Pabay,Mid,3,29_11_2021,29,11,2021,reads,15537.5,Tubificoides sp. CED,,,,,,Tubificoides,Tubificoides sp. CED,0.189863234,no
Saccharina,Pabay_29_11_21_3,Pabay,Mid,3,29_11_2021,29,11,2021,reads,15537.5,Tripleuchlanis plicata.1,Animalia,Rotifera,Eurotatoria,Ploima,Euchlanidae,Tripleuchlanis,Tripleuchlanis plicata,0.022526146,no
Saccharina,Pabay_29_11_21_3,Pabay,Mid,3,29_11_2021,29,11,2021,reads,15537.5,invertebrate environmental sample.4,,,,,,,,0.160901046,no
Saccharina,Pabay_29_11_21_3,Pabay,Mid,3,29_11_2021,29,11,2021,reads,15537.5,invertebrate environmental sample.17,,,,,,,,0.051488335,no
Saccharina,Pabay_29_11_21_3,Pabay,Mid,3,29_11_2021,29,11,2021,reads,15537.5,Tubificoides benedii,Animalia,Annelida,Clitellata,Naidida,Naididae,Tubificoides,Tubificoides benedii,0.151246983,no
Saccharina,Pabay_29_11_21_3,Pabay,Mid,3,29_11_2021,29,11,2021,reads,15537.5,Enchytraeus albidus,Animalia,Annelida,Clitellata,Enchytraeida,Enchytraeidae,Enchytraeus,Enchytraeus albidus,0.057924377,no
Alaria,Pabay_30_10_21_1,Pabay,NE,1,30_10_2021,30,10,2021,reads,491,Ditylum brightwellii,Chromista,Ochrophyta,Coscinodiscophyceae,Rhizosoleniales,Lithodesmiaceae,Ditylum,Ditylum brightwellii,1.120162933,no
Alaria,Pabay_30_10_21_1,Pabay,NE,1,30_10_2021,30,10,2021,reads,491,Guinardia delicatula.7,Chromista,Ochrophyta,Coscinodiscophyceae,Rhizosoleniales,Rhizosoleniaceae,Guinardia,Guinardia delicatula,1.221995927,no
Alaria,Pabay_30_10_21_1,Pabay,NE,1,30_10_2021,30,10,2021,reads,491,Chaetoceros socialis.2,Chromista,Ochrophyta,Mediophyceae,Chaetocerotales,Chaetocerotaceae,Chaetoceros,Chaetoceros socialis,1.018329939,no
Alaria,Pabay_30_10_21_1,Pabay,NE,1,30_10_2021,30,10,2021,reads,491,Minutocellus polymorphus.7,Chromista,Ochrophyta,Coscinodiscophyceae,Coscinodiscales,Helminthophoraceae,Minutocellus,Minutocellus polymorphus,0.814663951,no
Alaria,Pabay_30_10_21_1,Pabay,NE,1,30_10_2021,30,10,2021,reads,491,Cassiopea xamachana.3,Animalia,Cnidaria,Scyphozoa,Rhizostomeae,Cassiopeidae,Cassiopea,Cassiopea xamachana,0.916496945,no
Alaria,Pabay_30_10_21_1,Pabay,NE,1,30_10_2021,30,10,2021,reads,491,Urodasys sp. 114a.2,Animalia,Gastrotricha,Macrodasyida,Macrodasyoidea,Urodasidae,Urodasys,Urodasys sp. 114a,4.582484725,no
Alaria,Pabay_30_10_21_1,Pabay,NE,1,30_10_2021,30,10,2021,reads,491,Monostilifera sp.,Animalia,Nemertea,Anopla,Monostilifera,Monostylifera,Monostilifera,Monostilifera sp.,3.054989817,no
Alaria,Pabay_30_10_21_1,Pabay,NE,1,30_10_2021,30,10,2021,reads,491,Monogononta sp. R35_CoastL,,,,,,Monogononta,Monogononta sp. R35 CoastL,1.120162933,no
Alaria,Pabay_30_10_21_1,Pabay,NE,1,30_10_2021,30,10,2021,reads,491,Tripleuchlanis plicata,Animalia,Rotifera,Eurotatoria,Ploima,Euchlanidae,Tripleuchlanis,Tripleuchlanis plicata,1.018329939,no
Saccharina,Pabay_30_10_21_1,Pabay,NE,1,30_10_2021,30,10,2021,reads,491,Ditylum brightwellii,Chromista,Ochrophyta,Coscinodiscophyceae,Rhizosoleniales,Lithodesmiaceae,Ditylum,Ditylum brightwellii,1.120162933,no
Saccharina,Pabay_30_10_21_1,Pabay,NE,1,30_10_2021,30,10,2021,reads,491,Guinardia delicatula.7,Chromista,Ochrophyta,Coscinodiscophyceae,Rhizosoleniales,Rhizosoleniaceae,Guinardia,Guinardia delicatula,1.221995927,no
Saccharina,Pabay_30_10_21_1,Pabay,NE,1,30_10_2021,30,10,2021,reads,491,Chaetoceros socialis.2,Chromista,Ochrophyta,Mediophyceae,Chaetocerotales,Chaetocerotaceae,Chaetoceros,Chaetoceros socialis,1.018329939,no
Saccharina,Pabay_30_10_21_1,Pabay,NE,1,30_10_2021,30,10,2021,reads,491,Minutocellus polymorphus.7,Chromista,Ochrophyta,Coscinodiscophyceae,Coscinodiscales,Helminthophoraceae,Minutocellus,Minutocellus polymorphus,0.814663951,no
Saccharina,Pabay_30_10_21_1,Pabay,NE,1,30_10_2021,30,10,2021,reads,491,Cassiopea xamachana.3,Animalia,Cnidaria,Scyphozoa,Rhizostomeae,Cassiopeidae,Cassiopea,Cassiopea xamachana,0.916496945,no
Saccharina,Pabay_30_10_21_1,Pabay,NE,1,30_10_2021,30,10,2021,reads,491,Urodasys sp. 114a.2,Animalia,Gastrotricha,Macrodasyida,Macrodasyoidea,Urodasidae,Urodasys,Urodasys sp. 114a,4.582484725,no
Saccharina,Pabay_30_10_21_1,Pabay,NE,1,30_10_2021,30,10,2021,reads,491,Monostilifera sp.,Animalia,Nemertea,Anopla,Monostilifera,Monostylifera,Monostilifera,Monostilifera sp.,3.054989817,no
Saccharina,Pabay_30_10_21_1,Pabay,NE,1,30_10_2021,30,10,2021,reads,491,Monogononta sp. R35_CoastL,,,,,,Monogononta,Monogononta sp. R35 CoastL,1.120162933,no
Saccharina,Pabay_30_10_21_1,Pabay,NE,1,30_10_2021,30,10,2021,reads,491,Tripleuchlanis plicata,Animalia,Rotifera,Eurotatoria,Ploima,Euchlanidae,Tripleuchlanis,Tripleuchlanis plicata,1.018329939,no
Alaria,Pabay_30_10_21_3,Pabay,Mid,3,30_10_2021,30,10,2021,reads,11803.5,Chaetoceros tenuissimus.5,Chromista,Ochrophyta,Mediophyceae,Chaetocerotales,Chaetocerotaceae,Chaetoceros,Chaetoceros tenuissimus,0.008472063,no
Alaria,Pabay_30_10_21_3,Pabay,Mid,3,30_10_2021,30,10,2021,reads,11803.5,Minutocellus polymorphus.7,Chromista,Ochrophyta,Coscinodiscophyceae,Coscinodiscales,Helminthophoraceae,Minutocellus,Minutocellus polymorphus,0.059304444,no
Alaria,Pabay_30_10_21_3,Pabay,Mid,3,30_10_2021,30,10,2021,reads,11803.5,Asterias rubens.2,Animalia,Echinodermata,Asteroidea,Forcipulatida,Asteriidae,Asterias,Asterias rubens,0.029652222,no
Alaria,Pabay_30_10_21_3,Pabay,Mid,3,30_10_2021,30,10,2021,reads,11803.5,Urodasys sp. 114a.3,Animalia,Gastrotricha,Macrodasyida,Macrodasyoidea,Urodasidae,Urodasys,Urodasys sp. 114a,0.059304444,no
Alaria,Pabay_30_10_21_3,Pabay,Mid,3,30_10_2021,30,10,2021,reads,11803.5,Urodasys sp. 114a.15,Animalia,Gastrotricha,Macrodasyida,Macrodasyoidea,Urodasidae,Urodasys,Urodasys sp. 114a,0.055068412,no
Alaria,Pabay_30_10_21_3,Pabay,Mid,3,30_10_2021,30,10,2021,reads,11803.5,Urodasys sp. 114a.23,Animalia,Gastrotricha,Macrodasyida,Macrodasyoidea,Urodasidae,Urodasys,Urodasys sp. 114a,0.021180158,no
Alaria,Pabay_30_10_21_3,Pabay,Mid,3,30_10_2021,30,10,2021,reads,11803.5,Monostilifera sp..5,Animalia,Nemertea,Anopla,Monostilifera,Monostylifera,Monostilifera,Monostilifera sp.,0.097428729,no
Alaria,Pabay_30_10_21_3,Pabay,Mid,3,30_10_2021,30,10,2021,reads,11803.5,Synchaeta vorax,Animalia,Rotifera,Eurotatoria,Ploima,Synchaetidae,Synchaeta,Synchaeta vorax,0.033888253,no
Alaria,Pabay_30_10_21_3,Pabay,Mid,3,30_10_2021,30,10,2021,reads,11803.5,Brachionus rubens,Animalia,Rotifera,Eurotatoria,Ploima,Brachionidae,Brachionus,Brachionus rubens,0.012708095,no
Alaria,Pabay_30_10_21_3,Pabay,Mid,3,30_10_2021,30,10,2021,reads,11803.5,Crustacea environmental sample,,,,,,,,0.008472063,no
Saccharina,Pabay_30_10_21_3,Pabay,Mid,3,30_10_2021,30,10,2021,reads,11803.5,Chaetoceros tenuissimus.5,Chromista,Ochrophyta,Mediophyceae,Chaetocerotales,Chaetocerotaceae,Chaetoceros,Chaetoceros tenuissimus,0.008472063,no
Saccharina,Pabay_30_10_21_3,Pabay,Mid,3,30_10_2021,30,10,2021,reads,11803.5,Minutocellus polymorphus.7,Chromista,Ochrophyta,Coscinodiscophyceae,Coscinodiscales,Helminthophoraceae,Minutocellus,Minutocellus polymorphus,0.059304444,no
Saccharina,Pabay_30_10_21_3,Pabay,Mid,3,30_10_2021,30,10,2021,reads,11803.5,Asterias rubens.2,Animalia,Echinodermata,Asteroidea,Forcipulatida,Asteriidae,Asterias,Asterias rubens,0.029652222,no
Saccharina,Pabay_30_10_21_3,Pabay,Mid,3,30_10_2021,30,10,2021,reads,11803.5,Urodasys sp. 114a.3,Animalia,Gastrotricha,Macrodasyida,Macrodasyoidea,Urodasidae,Urodasys,Urodasys sp. 114a,0.059304444,no
Saccharina,Pabay_30_10_21_3,Pabay,Mid,3,30_10_2021,30,10,2021,reads,11803.5,Urodasys sp. 114a.15,Animalia,Gastrotricha,Macrodasyida,Macrodasyoidea,Urodasidae,Urodasys,Urodasys sp. 114a,0.055068412,no
Saccharina,Pabay_30_10_21_3,Pabay,Mid,3,30_10_2021,30,10,2021,reads,11803.5,Urodasys sp. 114a.23,Animalia,Gastrotricha,Macrodasyida,Macrodasyoidea,Urodasidae,Urodasys,Urodasys sp. 114a,0.021180158,no
Saccharina,Pabay_30_10_21_3,Pabay,Mid,3,30_10_2021,30,10,2021,reads,11803.5,Monostilifera sp..5,Animalia,Nemertea,Anopla,Monostilifera,Monostylifera,Monostilifera,Monostilifera sp.,0.097428729,no
Saccharina,Pabay_30_10_21_3,Pabay,Mid,3,30_10_2021,30,10,2021,reads,11803.5,Synchaeta vorax,Animalia,Rotifera,Eurotatoria,Ploima,Synchaetidae,Synchaeta,Synchaeta vorax,0.033888253,no
Saccharina,Pabay_30_10_21_3,Pabay,Mid,3,30_10_2021,30,10,2021,reads,11803.5,Brachionus rubens,Animalia,Rotifera,Eurotatoria,Ploima,Brachionidae,Brachionus,Brachionus rubens,0.012708095,no
Saccharina,Pabay_30_10_21_3,Pabay,Mid,3,30_10_2021,30,10,2021,reads,11803.5,Crustacea environmental sample,,,,,,,,0.008472063,no
Alaria,Pabay_30_6_22_1,Pabay,NE,1,30_6_2022,30,6,2022,reads,60441.5,Ditylum brightwellii.1,Chromista,Ochrophyta,Coscinodiscophyceae,Rhizosoleniales,Lithodesmiaceae,Ditylum,Ditylum brightwellii,0.002481739,no
Alaria,Pabay_30_6_22_1,Pabay,NE,1,30_6_2022,30,6,2022,reads,60441.5,Pinnularia subanglica,Chromista,Ochrophyta,Bacillariophyceae,Naviculales,Pinnulariaceae,Pinnularia,Pinnularia subanglica,0.001654492,no
Alaria,Pabay_30_6_22_1,Pabay,NE,1,30_6_2022,30,6,2022,reads,60441.5,Emiliania huxleyi,Chromista,Haptophyta,Coccolithophyceae,Isochrysidales,Noelaerhabdaceae,Emiliania,Emiliania huxleyi,0.091824326,no
Alaria,Pabay_30_6_22_1,Pabay,NE,1,30_6_2022,30,6,2022,reads,60441.5,Skeletonema menzelii,Chromista,Ochrophyta,Bacillariophyceae,Thalassiosirales,Skeletonemataceae,Skeletonema,Skeletonema menzelii,0.658487959,no
Alaria,Pabay_30_6_22_1,Pabay,NE,1,30_6_2022,30,6,2022,reads,60441.5,Dinobryon cylindricollarium,Chromista,Ochrophyta,Chrysophyceae,Chromulinales,Dinobryaceae,Dinobryon,Dinobryon cylindricollarium,0.002481739,no
Alaria,Pabay_30_6_22_1,Pabay,NE,1,30_6_2022,30,6,2022,reads,60441.5,Skeletonema potamos,Chromista,Ochrophyta,Bacillariophyceae,Thalassiosirales,Skeletonemataceae,Skeletonema,Skeletonema potamos,0.009099708,no
Alaria,Pabay_30_6_22_1,Pabay,NE,1,30_6_2022,30,6,2022,reads,60441.5,Skeletonema marinoi,Chromista,Ochrophyta,Bacillariophyceae,Thalassiosirales,Skeletonemataceae,Skeletonema,Skeletonema marinoi,0.004136231,no
Alaria,Pabay_30_6_22_1,Pabay,NE,1,30_6_2022,30,6,2022,reads,60441.5,Thalassiosira punctigera,Chromista,Ochrophyta,Bacillariophyceae,Thalassiosirales,Thalassiosiraceae,Thalassiosira,Thalassiosira punctigera,0.008272462,no
Alaria,Pabay_30_6_22_1,Pabay,NE,1,30_6_2022,30,6,2022,reads,60441.5,Skeletonema menzelii.3,Chromista,Ochrophyta,Bacillariophyceae,Thalassiosirales,Skeletonemataceae,Skeletonema,Skeletonema menzelii,0.004963477,no
Alaria,Pabay_30_6_22_1,Pabay,NE,1,30_6_2022,30,6,2022,reads,60441.5,Thalassionema nitzschioides,Chromista,Ochrophyta,Bacillariophyceae,Thalassionematales,Thalassionemataceae,Thalassionema,Thalassionema nitzschioides,0.059561725,no
Alaria,Pabay_30_6_22_1,Pabay,NE,1,30_6_2022,30,6,2022,reads,60441.5,Ditylum brightwellii.3,Chromista,Ochrophyta,Coscinodiscophyceae,Rhizosoleniales,Lithodesmiaceae,Ditylum,Ditylum brightwellii,0.675860129,no
Alaria,Pabay_30_6_22_1,Pabay,NE,1,30_6_2022,30,6,2022,reads,60441.5,Cassiopea xamachana,Animalia,Cnidaria,Scyphozoa,Rhizostomeae,Cassiopeidae,Cassiopea,Cassiopea xamachana,0.508756401,no
Alaria,Pabay_30_6_22_1,Pabay,NE,1,30_6_2022,30,6,2022,reads,60441.5,Urodasys sp. 114a.2,Animalia,Gastrotricha,Macrodasyida,Macrodasyoidea,Urodasidae,Urodasys,Urodasys sp. 114a,0.011581447,no
Alaria,Pabay_30_6_22_1,Pabay,NE,1,30_6_2022,30,6,2022,reads,60441.5,Microstomum compositum,Animalia,Platyhelminthes,Rhabditophora,Macrostomida,Microstomidae,Microstomum,Microstomum compositum,0.031435355,no
Alaria,Pabay_30_6_22_1,Pabay,NE,1,30_6_2022,30,6,2022,reads,60441.5,Trichocerca capucina,Animalia,Rotifera,Eurotatoria,Ploima,Trichocercidae,Trichocerca,Trichocerca capucina,0.055425494,no
Alaria,Pabay_30_6_22_1,Pabay,NE,1,30_6_2022,30,6,2022,reads,60441.5,Monogononta sp. R35_CoastL.2,,,,,,Monogononta,Monogononta sp. R35 CoastL,0.004963477,no
Alaria,Pabay_30_6_22_1,Pabay,NE,1,30_6_2022,30,6,2022,reads,60441.5,invertebrate environmental sample,,,,,,,,0.470703077,no
Alaria,Pabay_30_6_22_1,Pabay,NE,1,30_6_2022,30,6,2022,reads,60441.5,invertebrate environmental sample.26,,,,,,,,0.006617969,no
Saccharina,Pabay_30_6_22_1,Pabay,NE,1,30_6_2022,30,6,2022,reads,60441.5,Ditylum brightwellii.1,Chromista,Ochrophyta,Coscinodiscophyceae,Rhizosoleniales,Lithodesmiaceae,Ditylum,Ditylum brightwellii,0.002481739,no
Saccharina,Pabay_30_6_22_1,Pabay,NE,1,30_6_2022,30,6,2022,reads,60441.5,Pinnularia subanglica,Chromista,Ochrophyta,Bacillariophyceae,Naviculales,Pinnulariaceae,Pinnularia,Pinnularia subanglica,0.001654492,no
Saccharina,Pabay_30_6_22_1,Pabay,NE,1,30_6_2022,30,6,2022,reads,60441.5,Emiliania huxleyi,Chromista,Haptophyta,Coccolithophyceae,Isochrysidales,Noelaerhabdaceae,Emiliania,Emiliania huxleyi,0.091824326,no
Saccharina,Pabay_30_6_22_1,Pabay,NE,1,30_6_2022,30,6,2022,reads,60441.5,Skeletonema menzelii,Chromista,Ochrophyta,Bacillariophyceae,Thalassiosirales,Skeletonemataceae,Skeletonema,Skeletonema menzelii,0.658487959,no
Saccharina,Pabay_30_6_22_1,Pabay,NE,1,30_6_2022,30,6,2022,reads,60441.5,Dinobryon cylindricollarium,Chromista,Ochrophyta,Chrysophyceae,Chromulinales,Dinobryaceae,Dinobryon,Dinobryon cylindricollarium,0.002481739,no
Saccharina,Pabay_30_6_22_1,Pabay,NE,1,30_6_2022,30,6,2022,reads,60441.5,Skeletonema potamos,Chromista,Ochrophyta,Bacillariophyceae,Thalassiosirales,Skeletonemataceae,Skeletonema,Skeletonema potamos,0.009099708,no
Saccharina,Pabay_30_6_22_1,Pabay,NE,1,30_6_2022,30,6,2022,reads,60441.5,Skeletonema marinoi,Chromista,Ochrophyta,Bacillariophyceae,Thalassiosirales,Skeletonemataceae,Skeletonema,Skeletonema marinoi,0.004136231,no
Saccharina,Pabay_30_6_22_1,Pabay,NE,1,30_6_2022,30,6,2022,reads,60441.5,Thalassiosira punctigera,Chromista,Ochrophyta,Bacillariophyceae,Thalassiosirales,Thalassiosiraceae,Thalassiosira,Thalassiosira punctigera,0.008272462,no
Saccharina,Pabay_30_6_22_1,Pabay,NE,1,30_6_2022,30,6,2022,reads,60441.5,Skeletonema menzelii.3,Chromista,Ochrophyta,Bacillariophyceae,Thalassiosirales,Skeletonemataceae,Skeletonema,Skeletonema menzelii,0.004963477,no
Saccharina,Pabay_30_6_22_1,Pabay,NE,1,30_6_2022,30,6,2022,reads,60441.5,Thalassionema nitzschioides,Chromista,Ochrophyta,Bacillariophyceae,Thalassionematales,Thalassionemataceae,Thalassionema,Thalassionema nitzschioides,0.059561725,no
Saccharina,Pabay_30_6_22_1,Pabay,NE,1,30_6_2022,30,6,2022,reads,60441.5,Ditylum brightwellii.3,Chromista,Ochrophyta,Coscinodiscophyceae,Rhizosoleniales,Lithodesmiaceae,Ditylum,Ditylum brightwellii,0.675860129,no
Saccharina,Pabay_30_6_22_1,Pabay,NE,1,30_6_2022,30,6,2022,reads,60441.5,Cassiopea xamachana,Animalia,Cnidaria,Scyphozoa,Rhizostomeae,Cassiopeidae,Cassiopea,Cassiopea xamachana,0.508756401,no
Saccharina,Pabay_30_6_22_1,Pabay,NE,1,30_6_2022,30,6,2022,reads,60441.5,Urodasys sp. 114a.2,Animalia,Gastrotricha,Macrodasyida,Macrodasyoidea,Urodasidae,Urodasys,Urodasys sp. 114a,0.011581447,no
Saccharina,Pabay_30_6_22_1,Pabay,NE,1,30_6_2022,30,6,2022,reads,60441.5,Microstomum compositum,Animalia,Platyhelminthes,Rhabditophora,Macrostomida,Microstomidae,Microstomum,Microstomum compositum,0.031435355,no
Saccharina,Pabay_30_6_22_1,Pabay,NE,1,30_6_2022,30,6,2022,reads,60441.5,Trichocerca capucina,Animalia,Rotifera,Eurotatoria,Ploima,Trichocercidae,Trichocerca,Trichocerca capucina,0.055425494,no
Saccharina,Pabay_30_6_22_1,Pabay,NE,1,30_6_2022,30,6,2022,reads,60441.5,Monogononta sp. R35_CoastL.2,,,,,,Monogononta,Monogononta sp. R35 CoastL,0.004963477,no
Saccharina,Pabay_30_6_22_1,Pabay,NE,1,30_6_2022,30,6,2022,reads,60441.5,invertebrate environmental sample,,,,,,,,0.470703077,no
Saccharina,Pabay_30_6_22_1,Pabay,NE,1,30_6_2022,30,6,2022,reads,60441.5,invertebrate environmental sample.26,,,,,,,,0.006617969,no
Alaria,Pabay_30_7_22_2,Pabay,NW,2,30_7_2022,30,7,2022,reads,22251,Minutocellus polymorphus.9,Chromista,Ochrophyta,Coscinodiscophyceae,Coscinodiscales,Helminthophoraceae,Minutocellus,Minutocellus polymorphus,0.0224709,no
Alaria,Pabay_30_7_22_2,Pabay,NW,2,30_7_2022,30,7,2022,reads,22251,Dimeregramma acutum.2,Chromista,Ochrophyta,Bacillariophyceae,Cymbellales,Cymbellaceae,Dimeregramma,Dimeregramma acutum,0.05168307,no
Alaria,Pabay_30_7_22_2,Pabay,NW,2,30_7_2022,30,7,2022,reads,22251,Cassiopea xamachana,Animalia,Cnidaria,Scyphozoa,Rhizostomeae,Cassiopeidae,Cassiopea,Cassiopea xamachana,0.01348254,no
Alaria,Pabay_30_7_22_2,Pabay,NW,2,30_7_2022,30,7,2022,reads,22251,Urodasys sp. 114a.21,Animalia,Gastrotricha,Macrodasyida,Macrodasyoidea,Urodasidae,Urodasys,Urodasys sp. 114a,0.01348254,no
Alaria,Pabay_30_7_22_2,Pabay,NW,2,30_7_2022,30,7,2022,reads,22251,Urodasys sp. 114a.27,Animalia,Gastrotricha,Macrodasyida,Macrodasyoidea,Urodasidae,Urodasys,Urodasys sp. 114a,0.00449418,no
Alaria,Pabay_30_7_22_2,Pabay,NW,2,30_7_2022,30,7,2022,reads,22251,invertebrate environmental sample,,,,,,,,5.244708103,no
Alaria,Pabay_30_7_22_2,Pabay,NW,2,30_7_2022,30,7,2022,reads,22251,invertebrate environmental sample.1,,,,,,,,0.087636511,no
Saccharina,Pabay_30_7_22_2,Pabay,NW,2,30_7_2022,30,7,2022,reads,22251,Minutocellus polymorphus.9,Chromista,Ochrophyta,Coscinodiscophyceae,Coscinodiscales,Helminthophoraceae,Minutocellus,Minutocellus polymorphus,0.0224709,no
Saccharina,Pabay_30_7_22_2,Pabay,NW,2,30_7_2022,30,7,2022,reads,22251,Dimeregramma acutum.2,Chromista,Ochrophyta,Bacillariophyceae,Cymbellales,Cymbellaceae,Dimeregramma,Dimeregramma acutum,0.05168307,no
Saccharina,Pabay_30_7_22_2,Pabay,NW,2,30_7_2022,30,7,2022,reads,22251,Cassiopea xamachana,Animalia,Cnidaria,Scyphozoa,Rhizostomeae,Cassiopeidae,Cassiopea,Cassiopea xamachana,0.01348254,no
Saccharina,Pabay_30_7_22_2,Pabay,NW,2,30_7_2022,30,7,2022,reads,22251,Urodasys sp. 114a.21,Animalia,Gastrotricha,Macrodasyida,Macrodasyoidea,Urodasidae,Urodasys,Urodasys sp. 114a,0.01348254,no
Saccharina,Pabay_30_7_22_2,Pabay,NW,2,30_7_2022,30,7,2022,reads,22251,Urodasys sp. 114a.27,Animalia,Gastrotricha,Macrodasyida,Macrodasyoidea,Urodasidae,Urodasys,Urodasys sp. 114a,0.00449418,no
Saccharina,Pabay_30_7_22_2,Pabay,NW,2,30_7_2022,30,7,2022,reads,22251,invertebrate environmental sample,,,,,,,,5.244708103,no
Saccharina,Pabay_30_7_22_2,Pabay,NW,2,30_7_2022,30,7,2022,reads,22251,invertebrate environmental sample.1,,,,,,,,0.087636511,no
Alaria,Pabay_30_7_22_3,Pabay,Mid,3,30_7_2022,30,7,2022,reads,39995,Phaeocystis globosa.2,Chromista,Haptophyta,Coccolithophyceae,Phaeocystales,Phaeocystaceae,Phaeocystis,Phaeocystis globosa,0.008751094,no
Alaria,Pabay_30_7_22_3,Pabay,Mid,3,30_7_2022,30,7,2022,reads,39995,Skeletonema menzelii,Chromista,Ochrophyta,Bacillariophyceae,Thalassiosirales,Skeletonemataceae,Skeletonema,Skeletonema menzelii,3.207900988,no
Alaria,Pabay_30_7_22_3,Pabay,Mid,3,30_7_2022,30,7,2022,reads,39995,Cyclotella cryptica.1,Chromista,Ochrophyta,Mediophyceae,Thalassiosirales,Stephanodiscaceae,Cyclotella,Cyclotella cryptica,0.141267658,no
Alaria,Pabay_30_7_22_3,Pabay,Mid,3,30_7_2022,30,7,2022,reads,39995,Thalassiosira nordenskioeldii,Chromista,Ochrophyta,Bacillariophyceae,Thalassiosirales,Thalassiosiraceae,Thalassiosira,Thalassiosira nordenskioeldii,0.005000625,no
Alaria,Pabay_30_7_22_3,Pabay,Mid,3,30_7_2022,30,7,2022,reads,39995,Cyclotella cryptica.2,Chromista,Ochrophyta,Mediophyceae,Thalassiosirales,Stephanodiscaceae,Cyclotella,Cyclotella cryptica,0.056257032,no
Alaria,Pabay_30_7_22_3,Pabay,Mid,3,30_7_2022,30,7,2022,reads,39995,Skeletonema potamos.1,Chromista,Ochrophyta,Bacillariophyceae,Thalassiosirales,Skeletonemataceae,Skeletonema,Skeletonema potamos,0.011251406,no
Alaria,Pabay_30_7_22_3,Pabay,Mid,3,30_7_2022,30,7,2022,reads,39995,Minutocellus polymorphus.7,Chromista,Ochrophyta,Coscinodiscophyceae,Coscinodiscales,Helminthophoraceae,Minutocellus,Minutocellus polymorphus,3.680460058,no
Alaria,Pabay_30_7_22_3,Pabay,Mid,3,30_7_2022,30,7,2022,reads,39995,Ditylum brightwellii.3,Chromista,Ochrophyta,Coscinodiscophyceae,Rhizosoleniales,Lithodesmiaceae,Ditylum,Ditylum brightwellii,0.301287661,no
Alaria,Pabay_30_7_22_3,Pabay,Mid,3,30_7_2022,30,7,2022,reads,39995,Minutocellus polymorphus.8,Chromista,Ochrophyta,Coscinodiscophyceae,Coscinodiscales,Helminthophoraceae,Minutocellus,Minutocellus polymorphus,1.512689086,no
Alaria,Pabay_30_7_22_3,Pabay,Mid,3,30_7_2022,30,7,2022,reads,39995,Minutocellus polymorphus.10,Chromista,Ochrophyta,Coscinodiscophyceae,Coscinodiscales,Helminthophoraceae,Minutocellus,Minutocellus polymorphus,0.758844856,no
Alaria,Pabay_30_7_22_3,Pabay,Mid,3,30_7_2022,30,7,2022,reads,39995,Minutocellus polymorphus.11,Chromista,Ochrophyta,Coscinodiscophyceae,Coscinodiscales,Helminthophoraceae,Minutocellus,Minutocellus polymorphus,0.283785473,no
Alaria,Pabay_30_7_22_3,Pabay,Mid,3,30_7_2022,30,7,2022,reads,39995,Minutocellus polymorphus.12,Chromista,Ochrophyta,Coscinodiscophyceae,Coscinodiscales,Helminthophoraceae,Minutocellus,Minutocellus polymorphus,0.688836105,no
Alaria,Pabay_30_7_22_3,Pabay,Mid,3,30_7_2022,30,7,2022,reads,39995,Minutocellus polymorphus.15,Chromista,Ochrophyta,Coscinodiscophyceae,Coscinodiscales,Helminthophoraceae,Minutocellus,Minutocellus polymorphus,0.198774847,no
Alaria,Pabay_30_7_22_3,Pabay,Mid,3,30_7_2022,30,7,2022,reads,39995,invertebrate environmental sample,,,,,,,,0.128766096,no
Alaria,Pabay_30_7_22_3,Pabay,Mid,3,30_7_2022,30,7,2022,reads,39995,invertebrate environmental sample.1,,,,,,,,9.82247781,no
Alaria,Pabay_30_7_22_3,Pabay,Mid,3,30_7_2022,30,7,2022,reads,39995,invertebrate environmental sample.6,,,,,,,,0.008751094,no
Alaria,Pabay_30_7_22_3,Pabay,Mid,3,30_7_2022,30,7,2022,reads,39995,invertebrate environmental sample.10,,,,,,,,0.036254532,no
Saccharina,Pabay_30_7_22_3,Pabay,Mid,3,30_7_2022,30,7,2022,reads,39995,Phaeocystis globosa.2,Chromista,Haptophyta,Coccolithophyceae,Phaeocystales,Phaeocystaceae,Phaeocystis,Phaeocystis globosa,0.008751094,no
Saccharina,Pabay_30_7_22_3,Pabay,Mid,3,30_7_2022,30,7,2022,reads,39995,Skeletonema menzelii,Chromista,Ochrophyta,Bacillariophyceae,Thalassiosirales,Skeletonemataceae,Skeletonema,Skeletonema menzelii,3.207900988,no
Saccharina,Pabay_30_7_22_3,Pabay,Mid,3,30_7_2022,30,7,2022,reads,39995,Cyclotella cryptica.1,Chromista,Ochrophyta,Mediophyceae,Thalassiosirales,Stephanodiscaceae,Cyclotella,Cyclotella cryptica,0.141267658,no
Saccharina,Pabay_30_7_22_3,Pabay,Mid,3,30_7_2022,30,7,2022,reads,39995,Thalassiosira nordenskioeldii,Chromista,Ochrophyta,Bacillariophyceae,Thalassiosirales,Thalassiosiraceae,Thalassiosira,Thalassiosira nordenskioeldii,0.005000625,no
Saccharina,Pabay_30_7_22_3,Pabay,Mid,3,30_7_2022,30,7,2022,reads,39995,Cyclotella cryptica.2,Chromista,Ochrophyta,Mediophyceae,Thalassiosirales,Stephanodiscaceae,Cyclotella,Cyclotella cryptica,0.056257032,no
Saccharina,Pabay_30_7_22_3,Pabay,Mid,3,30_7_2022,30,7,2022,reads,39995,Skeletonema potamos.1,Chromista,Ochrophyta,Bacillariophyceae,Thalassiosirales,Skeletonemataceae,Skeletonema,Skeletonema potamos,0.011251406,no
Saccharina,Pabay_30_7_22_3,Pabay,Mid,3,30_7_2022,30,7,2022,reads,39995,Minutocellus polymorphus.7,Chromista,Ochrophyta,Coscinodiscophyceae,Coscinodiscales,Helminthophoraceae,Minutocellus,Minutocellus polymorphus,3.680460058,no
Saccharina,Pabay_30_7_22_3,Pabay,Mid,3,30_7_2022,30,7,2022,reads,39995,Ditylum brightwellii.3,Chromista,Ochrophyta,Coscinodiscophyceae,Rhizosoleniales,Lithodesmiaceae,Ditylum,Ditylum brightwellii,0.301287661,no
Saccharina,Pabay_30_7_22_3,Pabay,Mid,3,30_7_2022,30,7,2022,reads,39995,Minutocellus polymorphus.8,Chromista,Ochrophyta,Coscinodiscophyceae,Coscinodiscales,Helminthophoraceae,Minutocellus,Minutocellus polymorphus,1.512689086,no
Saccharina,Pabay_30_7_22_3,Pabay,Mid,3,30_7_2022,30,7,2022,reads,39995,Minutocellus polymorphus.10,Chromista,Ochrophyta,Coscinodiscophyceae,Coscinodiscales,Helminthophoraceae,Minutocellus,Minutocellus polymorphus,0.758844856,no
Saccharina,Pabay_30_7_22_3,Pabay,Mid,3,30_7_2022,30,7,2022,reads,39995,Minutocellus polymorphus.11,Chromista,Ochrophyta,Coscinodiscophyceae,Coscinodiscales,Helminthophoraceae,Minutocellus,Minutocellus polymorphus,0.283785473,no
Saccharina,Pabay_30_7_22_3,Pabay,Mid,3,30_7_2022,30,7,2022,reads,39995,Minutocellus polymorphus.12,Chromista,Ochrophyta,Coscinodiscophyceae,Coscinodiscales,Helminthophoraceae,Minutocellus,Minutocellus polymorphus,0.688836105,no
Saccharina,Pabay_30_7_22_3,Pabay,Mid,3,30_7_2022,30,7,2022,reads,39995,Minutocellus polymorphus.15,Chromista,Ochrophyta,Coscinodiscophyceae,Coscinodiscales,Helminthophoraceae,Minutocellus,Minutocellus polymorphus,0.198774847,no
Saccharina,Pabay_30_7_22_3,Pabay,Mid,3,30_7_2022,30,7,2022,reads,39995,invertebrate environmental sample,,,,,,,,0.128766096,no
Saccharina,Pabay_30_7_22_3,Pabay,Mid,3,30_7_2022,30,7,2022,reads,39995,invertebrate environmental sample.1,,,,,,,,9.82247781,no
Saccharina,Pabay_30_7_22_3,Pabay,Mid,3,30_7_2022,30,7,2022,reads,39995,invertebrate environmental sample.6,,,,,,,,0.008751094,no
Saccharina,Pabay_30_7_22_3,Pabay,Mid,3,30_7_2022,30,7,2022,reads,39995,invertebrate environmental sample.10,,,,,,,,0.036254532,no
Alaria,Pabay_7_5_22_1,Pabay,NE,1,7_5_2022,7,5,2022,reads,16931.5,Emiliania huxleyi.1,Chromista,Haptophyta,Coccolithophyceae,Isochrysidales,Noelaerhabdaceae,Emiliania,Emiliania huxleyi,0.044296134,no
Alaria,Pabay_7_5_22_1,Pabay,NE,1,7_5_2022,7,5,2022,reads,16931.5,Chaetoceros tenuissimus,Chromista,Ochrophyta,Mediophyceae,Chaetocerotales,Chaetocerotaceae,Chaetoceros,Chaetoceros tenuissimus,0.307119865,no
Alaria,Pabay_7_5_22_1,Pabay,NE,1,7_5_2022,7,5,2022,reads,16931.5,Guinardia delicatula,Chromista,Ochrophyta,Coscinodiscophyceae,Rhizosoleniales,Rhizosoleniaceae,Guinardia,Guinardia delicatula,0.171278386,no
Alaria,Pabay_7_5_22_1,Pabay,NE,1,7_5_2022,7,5,2022,reads,16931.5,Guinardia delicatula.2,Chromista,Ochrophyta,Coscinodiscophyceae,Rhizosoleniales,Rhizosoleniaceae,Guinardia,Guinardia delicatula,0.109263798,no
Alaria,Pabay_7_5_22_1,Pabay,NE,1,7_5_2022,7,5,2022,reads,16931.5,Guinardia striata,Chromista,Ochrophyta,Coscinodiscophyceae,Rhizosoleniales,Rhizosoleniaceae,Guinardia,Guinardia striata,0.109263798,no
Alaria,Pabay_7_5_22_1,Pabay,NE,1,7_5_2022,7,5,2022,reads,16931.5,Guinardia striata.2,Chromista,Ochrophyta,Coscinodiscophyceae,Rhizosoleniales,Rhizosoleniaceae,Guinardia,Guinardia striata,0.005906151,no
Alaria,Pabay_7_5_22_1,Pabay,NE,1,7_5_2022,7,5,2022,reads,16931.5,Ditylum brightwellii.3,Chromista,Ochrophyta,Coscinodiscophyceae,Rhizosoleniales,Lithodesmiaceae,Ditylum,Ditylum brightwellii,0.017718454,no
Alaria,Pabay_7_5_22_1,Pabay,NE,1,7_5_2022,7,5,2022,reads,16931.5,Cassiopea xamachana,Animalia,Cnidaria,Scyphozoa,Rhizostomeae,Cassiopeidae,Cassiopea,Cassiopea xamachana,0.564037445,no
Alaria,Pabay_7_5_22_1,Pabay,NE,1,7_5_2022,7,5,2022,reads,16931.5,Cassiopea xamachana.1,Animalia,Cnidaria,Scyphozoa,Rhizostomeae,Cassiopeidae,Cassiopea,Cassiopea xamachana,0.313026017,no
Alaria,Pabay_7_5_22_1,Pabay,NE,1,7_5_2022,7,5,2022,reads,16931.5,Asplanchna sieboldii,Animalia,Rotifera,Eurotatoria,Ploima,Asplanchnidae,Asplanchna,Asplanchna sieboldii,3.363553141,no
Alaria,Pabay_7_5_22_1,Pabay,NE,1,7_5_2022,7,5,2022,reads,16931.5,Monogononta sp. R35_CoastL.1,,,,,,Monogononta,Monogononta sp. R35 CoastL,0.026577681,no
Alaria,Pabay_7_5_22_1,Pabay,NE,1,7_5_2022,7,5,2022,reads,16931.5,invertebrate environmental sample,,,,,,,,10.08770635,no
Saccharina,Pabay_7_5_22_1,Pabay,NE,1,7_5_2022,7,5,2022,reads,16931.5,Emiliania huxleyi.1,Chromista,Haptophyta,Coccolithophyceae,Isochrysidales,Noelaerhabdaceae,Emiliania,Emiliania huxleyi,0.044296134,no
Saccharina,Pabay_7_5_22_1,Pabay,NE,1,7_5_2022,7,5,2022,reads,16931.5,Chaetoceros tenuissimus,Chromista,Ochrophyta,Mediophyceae,Chaetocerotales,Chaetocerotaceae,Chaetoceros,Chaetoceros tenuissimus,0.307119865,no
Saccharina,Pabay_7_5_22_1,Pabay,NE,1,7_5_2022,7,5,2022,reads,16931.5,Guinardia delicatula,Chromista,Ochrophyta,Coscinodiscophyceae,Rhizosoleniales,Rhizosoleniaceae,Guinardia,Guinardia delicatula,0.171278386,no
Saccharina,Pabay_7_5_22_1,Pabay,NE,1,7_5_2022,7,5,2022,reads,16931.5,Guinardia delicatula.2,Chromista,Ochrophyta,Coscinodiscophyceae,Rhizosoleniales,Rhizosoleniaceae,Guinardia,Guinardia delicatula,0.109263798,no
Saccharina,Pabay_7_5_22_1,Pabay,NE,1,7_5_2022,7,5,2022,reads,16931.5,Guinardia striata,Chromista,Ochrophyta,Coscinodiscophyceae,Rhizosoleniales,Rhizosoleniaceae,Guinardia,Guinardia striata,0.109263798,no
Saccharina,Pabay_7_5_22_1,Pabay,NE,1,7_5_2022,7,5,2022,reads,16931.5,Guinardia striata.2,Chromista,Ochrophyta,Coscinodiscophyceae,Rhizosoleniales,Rhizosoleniaceae,Guinardia,Guinardia striata,0.005906151,no
Saccharina,Pabay_7_5_22_1,Pabay,NE,1,7_5_2022,7,5,2022,reads,16931.5,Ditylum brightwellii.3,Chromista,Ochrophyta,Coscinodiscophyceae,Rhizosoleniales,Lithodesmiaceae,Ditylum,Ditylum brightwellii,0.017718454,no
Saccharina,Pabay_7_5_22_1,Pabay,NE,1,7_5_2022,7,5,2022,reads,16931.5,Cassiopea xamachana,Animalia,Cnidaria,Scyphozoa,Rhizostomeae,Cassiopeidae,Cassiopea,Cassiopea xamachana,0.564037445,no
Saccharina,Pabay_7_5_22_1,Pabay,NE,1,7_5_2022,7,5,2022,reads,16931.5,Cassiopea xamachana.1,Animalia,Cnidaria,Scyphozoa,Rhizostomeae,Cassiopeidae,Cassiopea,Cassiopea xamachana,0.313026017,no
Saccharina,Pabay_7_5_22_1,Pabay,NE,1,7_5_2022,7,5,2022,reads,16931.5,Asplanchna sieboldii,Animalia,Rotifera,Eurotatoria,Ploima,Asplanchnidae,Asplanchna,Asplanchna sieboldii,3.363553141,no
Saccharina,Pabay_7_5_22_1,Pabay,NE,1,7_5_2022,7,5,2022,reads,16931.5,Monogononta sp. R35_CoastL.1,,,,,,Monogononta,Monogononta sp. R35 CoastL,0.026577681,no
Saccharina,Pabay_7_5_22_1,Pabay,NE,1,7_5_2022,7,5,2022,reads,16931.5,invertebrate environmental sample,,,,,,,,10.08770635,no
Alaria,Pabay_7_5_22_2,Pabay,NW,2,7_5_2022,7,5,2022,reads,9577.5,Dimeregramma acutum,Chromista,Ochrophyta,Bacillariophyceae,Cymbellales,Cymbellaceae,Dimeregramma,Dimeregramma acutum,0.078308536,no
Alaria,Pabay_7_5_22_2,Pabay,NW,2,7_5_2022,7,5,2022,reads,9577.5,Minutocellus polymorphus,Chromista,Ochrophyta,Coscinodiscophyceae,Coscinodiscales,Helminthophoraceae,Minutocellus,Minutocellus polymorphus,0.078308536,no
Alaria,Pabay_7_5_22_2,Pabay,NW,2,7_5_2022,7,5,2022,reads,9577.5,Minutocellus polymorphus.4,Chromista,Ochrophyta,Coscinodiscophyceae,Coscinodiscales,Helminthophoraceae,Minutocellus,Minutocellus polymorphus,0.041764552,no
Alaria,Pabay_7_5_22_2,Pabay,NW,2,7_5_2022,7,5,2022,reads,9577.5,Chaetoceros tenuissimus,Chromista,Ochrophyta,Mediophyceae,Chaetocerotales,Chaetocerotaceae,Chaetoceros,Chaetoceros tenuissimus,0.015661707,no
Alaria,Pabay_7_5_22_2,Pabay,NW,2,7_5_2022,7,5,2022,reads,9577.5,Guinardia delicatula.1,Chromista,Ochrophyta,Coscinodiscophyceae,Rhizosoleniales,Rhizosoleniaceae,Guinardia,Guinardia delicatula,0.031323414,no
Alaria,Pabay_7_5_22_2,Pabay,NW,2,7_5_2022,7,5,2022,reads,9577.5,Stephanodiscus cf. minutulus.1,Chromista,Ochrophyta,Mediophyceae,Thalassiosirales,Stephanodiscaceae,Stephanodiscus,Stephanodiscus cf. minutulus,0.015661707,no
Alaria,Pabay_7_5_22_2,Pabay,NW,2,7_5_2022,7,5,2022,reads,9577.5,Lithodesmium intricatum.3,Chromista,Ochrophyta,Coscinodiscophyceae,Rhizosoleniales,Lithodesmiaceae,Lithodesmium,Lithodesmium intricatum,0.031323414,no
Alaria,Pabay_7_5_22_2,Pabay,NW,2,7_5_2022,7,5,2022,reads,9577.5,Ceriantharia gen. n. sp. n. US-2023,Animalia,Cnidaria,Anthozoa,Ceriantharia,Cerianthidae,Ceriantharia,Ceriantharia gen. n. sp. n. US-2023,0.245366745,no
Alaria,Pabay_7_5_22_2,Pabay,NW,2,7_5_2022,7,5,2022,reads,9577.5,Cassiopea xamachana,Animalia,Cnidaria,Scyphozoa,Rhizostomeae,Cassiopeidae,Cassiopea,Cassiopea xamachana,0.083529105,no
Alaria,Pabay_7_5_22_2,Pabay,NW,2,7_5_2022,7,5,2022,reads,9577.5,Urodasys sp. 114a.19,Animalia,Gastrotricha,Macrodasyida,Macrodasyoidea,Urodasidae,Urodasys,Urodasys sp. 114a,0.046985121,no
Alaria,Pabay_7_5_22_2,Pabay,NW,2,7_5_2022,7,5,2022,reads,9577.5,Monostilifera sp.,Animalia,Nemertea,Anopla,Monostilifera,Monostylifera,Monostilifera,Monostilifera sp.,0.495954059,no
Alaria,Pabay_7_5_22_2,Pabay,NW,2,7_5_2022,7,5,2022,reads,9577.5,Monostilifera sp..1,Animalia,Nemertea,Anopla,Monostilifera,Monostylifera,Monostilifera,Monostilifera sp.,0.589924302,no
Alaria,Pabay_7_5_22_2,Pabay,NW,2,7_5_2022,7,5,2022,reads,9577.5,Monostilifera sp..4,Animalia,Nemertea,Anopla,Monostilifera,Monostylifera,Monostilifera,Monostilifera sp.,0.589924302,no
Alaria,Pabay_7_5_22_2,Pabay,NW,2,7_5_2022,7,5,2022,reads,9577.5,Svenzea sp. 1 PRT-2020,Animalia,Porifera,Demospongiae,Suberitida,Halichondriidae,Svenzea,Svenzea sp. 1 PRT-2020,0.020882276,no
Alaria,Pabay_7_5_22_2,Pabay,NW,2,7_5_2022,7,5,2022,reads,9577.5,Polyarthra dolichoptera complex sp. UO-2013,,,,,,Polyarthra,Polyarthra dolichoptera complex sp. UO-2013,0.041764552,no
Saccharina,Pabay_7_5_22_2,Pabay,NW,2,7_5_2022,7,5,2022,reads,9577.5,Dimeregramma acutum,Chromista,Ochrophyta,Bacillariophyceae,Cymbellales,Cymbellaceae,Dimeregramma,Dimeregramma acutum,0.078308536,no
Saccharina,Pabay_7_5_22_2,Pabay,NW,2,7_5_2022,7,5,2022,reads,9577.5,Minutocellus polymorphus,Chromista,Ochrophyta,Coscinodiscophyceae,Coscinodiscales,Helminthophoraceae,Minutocellus,Minutocellus polymorphus,0.078308536,no
Saccharina,Pabay_7_5_22_2,Pabay,NW,2,7_5_2022,7,5,2022,reads,9577.5,Minutocellus polymorphus.4,Chromista,Ochrophyta,Coscinodiscophyceae,Coscinodiscales,Helminthophoraceae,Minutocellus,Minutocellus polymorphus,0.041764552,no
Saccharina,Pabay_7_5_22_2,Pabay,NW,2,7_5_2022,7,5,2022,reads,9577.5,Chaetoceros tenuissimus,Chromista,Ochrophyta,Mediophyceae,Chaetocerotales,Chaetocerotaceae,Chaetoceros,Chaetoceros tenuissimus,0.015661707,no
Saccharina,Pabay_7_5_22_2,Pabay,NW,2,7_5_2022,7,5,2022,reads,9577.5,Guinardia delicatula.1,Chromista,Ochrophyta,Coscinodiscophyceae,Rhizosoleniales,Rhizosoleniaceae,Guinardia,Guinardia delicatula,0.031323414,no
Saccharina,Pabay_7_5_22_2,Pabay,NW,2,7_5_2022,7,5,2022,reads,9577.5,Stephanodiscus cf. minutulus.1,Chromista,Ochrophyta,Mediophyceae,Thalassiosirales,Stephanodiscaceae,Stephanodiscus,Stephanodiscus cf. minutulus,0.015661707,no
Saccharina,Pabay_7_5_22_2,Pabay,NW,2,7_5_2022,7,5,2022,reads,9577.5,Lithodesmium intricatum.3,Chromista,Ochrophyta,Coscinodiscophyceae,Rhizosoleniales,Lithodesmiaceae,Lithodesmium,Lithodesmium intricatum,0.031323414,no
Saccharina,Pabay_7_5_22_2,Pabay,NW,2,7_5_2022,7,5,2022,reads,9577.5,Ceriantharia gen. n. sp. n. US-2023,Animalia,Cnidaria,Anthozoa,Ceriantharia,Cerianthidae,Ceriantharia,Ceriantharia gen. n. sp. n. US-2023,0.245366745,no
Saccharina,Pabay_7_5_22_2,Pabay,NW,2,7_5_2022,7,5,2022,reads,9577.5,Cassiopea xamachana,Animalia,Cnidaria,Scyphozoa,Rhizostomeae,Cassiopeidae,Cassiopea,Cassiopea xamachana,0.083529105,no
Saccharina,Pabay_7_5_22_2,Pabay,NW,2,7_5_2022,7,5,2022,reads,9577.5,Urodasys sp. 114a.19,Animalia,Gastrotricha,Macrodasyida,Macrodasyoidea,Urodasidae,Urodasys,Urodasys sp. 114a,0.046985121,no
Saccharina,Pabay_7_5_22_2,Pabay,NW,2,7_5_2022,7,5,2022,reads,9577.5,Monostilifera sp.,Animalia,Nemertea,Anopla,Monostilifera,Monostylifera,Monostilifera,Monostilifera sp.,0.495954059,no
Saccharina,Pabay_7_5_22_2,Pabay,NW,2,7_5_2022,7,5,2022,reads,9577.5,Monostilifera sp..1,Animalia,Nemertea,Anopla,Monostilifera,Monostylifera,Monostilifera,Monostilifera sp.,0.589924302,no
Saccharina,Pabay_7_5_22_2,Pabay,NW,2,7_5_2022,7,5,2022,reads,9577.5,Monostilifera sp..4,Animalia,Nemertea,Anopla,Monostilifera,Monostylifera,Monostilifera,Monostilifera sp.,0.589924302,no
Saccharina,Pabay_7_5_22_2,Pabay,NW,2,7_5_2022,7,5,2022,reads,9577.5,Svenzea sp. 1 PRT-2020,Animalia,Porifera,Demospongiae,Suberitida,Halichondriidae,Svenzea,Svenzea sp. 1 PRT-2020,0.020882276,no
Saccharina,Pabay_7_5_22_2,Pabay,NW,2,7_5_2022,7,5,2022,reads,9577.5,Polyarthra dolichoptera complex sp. UO-2013,,,,,,Polyarthra,Polyarthra dolichoptera complex sp. UO-2013,0.041764552,no
Alaria,Pabay_8_2_22_1,Pabay,NE,1,8_2_2022,8,2,2022,reads,8453,Minutocellus polymorphus.2,Chromista,Ochrophyta,Coscinodiscophyceae,Coscinodiscales,Helminthophoraceae,Minutocellus,Minutocellus polymorphus,0.053235538,no
Alaria,Pabay_8_2_22_1,Pabay,NE,1,8_2_2022,8,2,2022,reads,8453,Skeletonema menzelii,Chromista,Ochrophyta,Bacillariophyceae,Thalassiosirales,Skeletonemataceae,Skeletonema,Skeletonema menzelii,0.46728972,no
Alaria,Pabay_8_2_22_1,Pabay,NE,1,8_2_2022,8,2,2022,reads,8453,Thalassionema nitzschioides,Chromista,Ochrophyta,Bacillariophyceae,Thalassionematales,Thalassionemataceae,Thalassionema,Thalassionema nitzschioides,7.435230096,no
Alaria,Pabay_8_2_22_1,Pabay,NE,1,8_2_2022,8,2,2022,reads,8453,Minutocellus polymorphus.7,Chromista,Ochrophyta,Coscinodiscophyceae,Coscinodiscales,Helminthophoraceae,Minutocellus,Minutocellus polymorphus,0.153791553,no
Alaria,Pabay_8_2_22_1,Pabay,NE,1,8_2_2022,8,2,2022,reads,8453,Minutocellus polymorphus.14,Chromista,Ochrophyta,Coscinodiscophyceae,Coscinodiscales,Helminthophoraceae,Minutocellus,Minutocellus polymorphus,0.289837927,no
Alaria,Pabay_8_2_22_1,Pabay,NE,1,8_2_2022,8,2,2022,reads,8453,Monostilifera sp.,Animalia,Nemertea,Anopla,Monostilifera,Monostylifera,Monostilifera,Monostilifera sp.,3.288773217,no
Alaria,Pabay_8_2_22_1,Pabay,NE,1,8_2_2022,8,2,2022,reads,8453,Asplanchna sieboldii,Animalia,Rotifera,Eurotatoria,Ploima,Asplanchnidae,Asplanchna,Asplanchna sieboldii,0.703892109,no
Alaria,Pabay_8_2_22_1,Pabay,NE,1,8_2_2022,8,2,2022,reads,8453,invertebrate environmental sample,,,,,,,,0.035490358,no
Alaria,Pabay_8_2_22_1,Pabay,NE,1,8_2_2022,8,2,2022,reads,8453,invertebrate environmental sample.30,,,,,,,,0.011830119,no
Alaria,Pabay_8_2_22_1,Pabay,NE,1,8_2_2022,8,2,2022,reads,8453,Crustacea environmental sample,,,,,,,,5.335383887,no
Saccharina,Pabay_8_2_22_1,Pabay,NE,1,8_2_2022,8,2,2022,reads,8453,Minutocellus polymorphus.2,Chromista,Ochrophyta,Coscinodiscophyceae,Coscinodiscales,Helminthophoraceae,Minutocellus,Minutocellus polymorphus,0.053235538,no
Saccharina,Pabay_8_2_22_1,Pabay,NE,1,8_2_2022,8,2,2022,reads,8453,Skeletonema menzelii,Chromista,Ochrophyta,Bacillariophyceae,Thalassiosirales,Skeletonemataceae,Skeletonema,Skeletonema menzelii,0.46728972,no
Saccharina,Pabay_8_2_22_1,Pabay,NE,1,8_2_2022,8,2,2022,reads,8453,Thalassionema nitzschioides,Chromista,Ochrophyta,Bacillariophyceae,Thalassionematales,Thalassionemataceae,Thalassionema,Thalassionema nitzschioides,7.435230096,no
Saccharina,Pabay_8_2_22_1,Pabay,NE,1,8_2_2022,8,2,2022,reads,8453,Minutocellus polymorphus.7,Chromista,Ochrophyta,Coscinodiscophyceae,Coscinodiscales,Helminthophoraceae,Minutocellus,Minutocellus polymorphus,0.153791553,no
Saccharina,Pabay_8_2_22_1,Pabay,NE,1,8_2_2022,8,2,2022,reads,8453,Minutocellus polymorphus.14,Chromista,Ochrophyta,Coscinodiscophyceae,Coscinodiscales,Helminthophoraceae,Minutocellus,Minutocellus polymorphus,0.289837927,no
Saccharina,Pabay_8_2_22_1,Pabay,NE,1,8_2_2022,8,2,2022,reads,8453,Monostilifera sp.,Animalia,Nemertea,Anopla,Monostilifera,Monostylifera,Monostilifera,Monostilifera sp.,3.288773217,no
Saccharina,Pabay_8_2_22_1,Pabay,NE,1,8_2_2022,8,2,2022,reads,8453,Asplanchna sieboldii,Animalia,Rotifera,Eurotatoria,Ploima,Asplanchnidae,Asplanchna,Asplanchna sieboldii,0.703892109,no
Saccharina,Pabay_8_2_22_1,Pabay,NE,1,8_2_2022,8,2,2022,reads,8453,invertebrate environmental sample,,,,,,,,0.035490358,no
Saccharina,Pabay_8_2_22_1,Pabay,NE,1,8_2_2022,8,2,2022,reads,8453,invertebrate environmental sample.30,,,,,,,,0.011830119,no
Saccharina,Pabay_8_2_22_1,Pabay,NE,1,8_2_2022,8,2,2022,reads,8453,Crustacea environmental sample,,,,,,,,5.335383887,no
Alaria,Pabay_8_2_22_2,Pabay,NW,2,8_2_2022,8,2,2022,reads,3594.5,Thalassiosira rotula,Chromista,Ochrophyta,Bacillariophyceae,Thalassiosirales,Thalassiosiraceae,Thalassiosira,Thalassiosira rotula,0.417304215,no
Alaria,Pabay_8_2_22_2,Pabay,NW,2,8_2_2022,8,2,2022,reads,3594.5,Thalassiosira rotula.2,Chromista,Ochrophyta,Bacillariophyceae,Thalassiosirales,Thalassiosiraceae,Thalassiosira,Thalassiosira rotula,0.27820281,no
Alaria,Pabay_8_2_22_2,Pabay,NW,2,8_2_2022,8,2,2022,reads,3594.5,Thalassiosira rotula.9,Chromista,Ochrophyta,Bacillariophyceae,Thalassiosirales,Thalassiosiraceae,Thalassiosira,Thalassiosira rotula,0.041730421,no
Alaria,Pabay_8_2_22_2,Pabay,NW,2,8_2_2022,8,2,2022,reads,3594.5,Thalassionema nitzschioides,Chromista,Ochrophyta,Bacillariophyceae,Thalassionematales,Thalassionemataceae,Thalassionema,Thalassionema nitzschioides,0.598136041,no
Alaria,Pabay_8_2_22_2,Pabay,NW,2,8_2_2022,8,2,2022,reads,3594.5,Monostilifera sp.,Animalia,Nemertea,Anopla,Monostilifera,Monostylifera,Monostilifera,Monostilifera sp.,0.083460843,no
Alaria,Pabay_8_2_22_2,Pabay,NW,2,8_2_2022,8,2,2022,reads,3594.5,Crustacea environmental sample,,,,,,,,2.225622479,no
Saccharina,Pabay_8_2_22_2,Pabay,NW,2,8_2_2022,8,2,2022,reads,3594.5,Thalassiosira rotula,Chromista,Ochrophyta,Bacillariophyceae,Thalassiosirales,Thalassiosiraceae,Thalassiosira,Thalassiosira rotula,0.417304215,no
Saccharina,Pabay_8_2_22_2,Pabay,NW,2,8_2_2022,8,2,2022,reads,3594.5,Thalassiosira rotula.2,Chromista,Ochrophyta,Bacillariophyceae,Thalassiosirales,Thalassiosiraceae,Thalassiosira,Thalassiosira rotula,0.27820281,no
Saccharina,Pabay_8_2_22_2,Pabay,NW,2,8_2_2022,8,2,2022,reads,3594.5,Thalassiosira rotula.9,Chromista,Ochrophyta,Bacillariophyceae,Thalassiosirales,Thalassiosiraceae,Thalassiosira,Thalassiosira rotula,0.041730421,no
Saccharina,Pabay_8_2_22_2,Pabay,NW,2,8_2_2022,8,2,2022,reads,3594.5,Thalassionema nitzschioides,Chromista,Ochrophyta,Bacillariophyceae,Thalassionematales,Thalassionemataceae,Thalassionema,Thalassionema nitzschioides,0.598136041,no
Saccharina,Pabay_8_2_22_2,Pabay,NW,2,8_2_2022,8,2,2022,reads,3594.5,Monostilifera sp.,Animalia,Nemertea,Anopla,Monostilifera,Monostylifera,Monostilifera,Monostilifera sp.,0.083460843,no
Saccharina,Pabay_8_2_22_2,Pabay,NW,2,8_2_2022,8,2,2022,reads,3594.5,Crustacea environmental sample,,,,,,,,2.225622479,no
Alaria,Pabay_8_2_22_3,Pabay,Mid,3,8_2_2022,8,2,2022,reads,5686,Skeletonema menzelii,Chromista,Ochrophyta,Bacillariophyceae,Thalassiosirales,Skeletonemataceae,Skeletonema,Skeletonema menzelii,0.589166374,no
Alaria,Pabay_8_2_22_3,Pabay,Mid,3,8_2_2022,8,2,2022,reads,5686,Thalassiosira rotula.5,Chromista,Ochrophyta,Bacillariophyceae,Thalassiosirales,Thalassiosiraceae,Thalassiosira,Thalassiosira rotula,0.105522336,no
Alaria,Pabay_8_2_22_3,Pabay,Mid,3,8_2_2022,8,2,2022,reads,5686,Thalassionema nitzschioides,Chromista,Ochrophyta,Bacillariophyceae,Thalassionematales,Thalassionemataceae,Thalassionema,Thalassionema nitzschioides,6.8237777,no
Alaria,Pabay_8_2_22_3,Pabay,Mid,3,8_2_2022,8,2,2022,reads,5686,Minutocellus polymorphus.7,Chromista,Ochrophyta,Coscinodiscophyceae,Coscinodiscales,Helminthophoraceae,Minutocellus,Minutocellus polymorphus,0.43088287,no
Alaria,Pabay_8_2_22_3,Pabay,Mid,3,8_2_2022,8,2,2022,reads,5686,Minutocellus polymorphus.20,Chromista,Ochrophyta,Coscinodiscophyceae,Coscinodiscales,Helminthophoraceae,Minutocellus,Minutocellus polymorphus,0.307773479,no
Alaria,Pabay_8_2_22_3,Pabay,Mid,3,8_2_2022,8,2,2022,reads,5686,Monostilifera sp.,Animalia,Nemertea,Anopla,Monostilifera,Monostylifera,Monostilifera,Monostilifera sp.,0.940907492,no
Alaria,Pabay_8_2_22_3,Pabay,Mid,3,8_2_2022,8,2,2022,reads,5686,Asplanchna sieboldii,Animalia,Rotifera,Eurotatoria,Ploima,Asplanchnidae,Asplanchna,Asplanchna sieboldii,0.932113964,no
Alaria,Pabay_8_2_22_3,Pabay,Mid,3,8_2_2022,8,2,2022,reads,5686,Crustacea environmental sample,,,,,,,,1.55645445,no
Saccharina,Pabay_8_2_22_3,Pabay,Mid,3,8_2_2022,8,2,2022,reads,5686,Skeletonema menzelii,Chromista,Ochrophyta,Bacillariophyceae,Thalassiosirales,Skeletonemataceae,Skeletonema,Skeletonema menzelii,0.589166374,no
Saccharina,Pabay_8_2_22_3,Pabay,Mid,3,8_2_2022,8,2,2022,reads,5686,Thalassiosira rotula.5,Chromista,Ochrophyta,Bacillariophyceae,Thalassiosirales,Thalassiosiraceae,Thalassiosira,Thalassiosira rotula,0.105522336,no
Saccharina,Pabay_8_2_22_3,Pabay,Mid,3,8_2_2022,8,2,2022,reads,5686,Thalassionema nitzschioides,Chromista,Ochrophyta,Bacillariophyceae,Thalassionematales,Thalassionemataceae,Thalassionema,Thalassionema nitzschioides,6.8237777,no
Saccharina,Pabay_8_2_22_3,Pabay,Mid,3,8_2_2022,8,2,2022,reads,5686,Minutocellus polymorphus.7,Chromista,Ochrophyta,Coscinodiscophyceae,Coscinodiscales,Helminthophoraceae,Minutocellus,Minutocellus polymorphus,0.43088287,no
Saccharina,Pabay_8_2_22_3,Pabay,Mid,3,8_2_2022,8,2,2022,reads,5686,Minutocellus polymorphus.20,Chromista,Ochrophyta,Coscinodiscophyceae,Coscinodiscales,Helminthophoraceae,Minutocellus,Minutocellus polymorphus,0.307773479,no
Saccharina,Pabay_8_2_22_3,Pabay,Mid,3,8_2_2022,8,2,2022,reads,5686,Monostilifera sp.,Animalia,Nemertea,Anopla,Monostilifera,Monostylifera,Monostilifera,Monostilifera sp.,0.940907492,no
Saccharina,Pabay_8_2_22_3,Pabay,Mid,3,8_2_2022,8,2,2022,reads,5686,Asplanchna sieboldii,Animalia,Rotifera,Eurotatoria,Ploima,Asplanchnidae,Asplanchna,Asplanchna sieboldii,0.932113964,no
Saccharina,Pabay_8_2_22_3,Pabay,Mid,3,8_2_2022,8,2,2022,reads,5686,Crustacea environmental sample,,,,,,,,1.55645445,no
Alaria,Pabay_8_3_22_1,Pabay,NE,1,8_3_2022,8,3,2022,reads,18127.5,Pleurosigma inscriptura,Chromista,Ochrophyta,Bacillariophyceae,Naviculales,Pleurosigmataceae,Pleurosigma,Pleurosigma inscriptura,0.551648049,no
Alaria,Pabay_8_3_22_1,Pabay,NE,1,8_3_2022,8,3,2022,reads,18127.5,Skeletonema menzelii,Chromista,Ochrophyta,Bacillariophyceae,Thalassiosirales,Skeletonemataceae,Skeletonema,Skeletonema menzelii,0.289615225,no
Alaria,Pabay_8_3_22_1,Pabay,NE,1,8_3_2022,8,3,2022,reads,18127.5,Pedospumella sinomuralis,Chromista,Ochrophyta,Chrysophyceae,Chromulinales,Paraphysomonadaceae,Pedospumella,Pedospumella sinomuralis,0.060681285,no
Alaria,Pabay_8_3_22_1,Pabay,NE,1,8_3_2022,8,3,2022,reads,18127.5,uncultured Kareniaceae,,,,,,uncultured,uncultured Kareniaceae,0.085505448,no
Alaria,Pabay_8_3_22_1,Pabay,NE,1,8_3_2022,8,3,2022,reads,18127.5,Rhizosolenia setigera,Chromista,Ochrophyta,Coscinodiscophyceae,Rhizosoleniales,Rhizosoleniaceae,Rhizosolenia,Rhizosolenia setigera,0.157219694,no
Alaria,Pabay_8_3_22_1,Pabay,NE,1,8_3_2022,8,3,2022,reads,18127.5,Haslea ostrearia,Chromista,Ochrophyta,Bacillariophyceae,Naviculales,Naviculaceae,Haslea,Haslea ostrearia,0.038615363,no
Alaria,Pabay_8_3_22_1,Pabay,NE,1,8_3_2022,8,3,2022,reads,18127.5,Minutocellus polymorphus.11,Chromista,Ochrophyta,Coscinodiscophyceae,Coscinodiscales,Helminthophoraceae,Minutocellus,Minutocellus polymorphus,1.514273893,no
Alaria,Pabay_8_3_22_1,Pabay,NE,1,8_3_2022,8,3,2022,reads,18127.5,Lithodesmium intricatum.3,Chromista,Ochrophyta,Coscinodiscophyceae,Rhizosoleniales,Lithodesmiaceae,Lithodesmium,Lithodesmium intricatum,0.049648324,no
Alaria,Pabay_8_3_22_1,Pabay,NE,1,8_3_2022,8,3,2022,reads,18127.5,Cassiopea xamachana,Animalia,Cnidaria,Scyphozoa,Rhizostomeae,Cassiopeidae,Cassiopea,Cassiopea xamachana,0.035857123,no
Alaria,Pabay_8_3_22_1,Pabay,NE,1,8_3_2022,8,3,2022,reads,18127.5,Hyleoglomeris sp.,Animalia,Arthropoda,Diplopoda,Glomerida,Glomeridae,Hyleoglomeris,Hyleoglomeris sp.,0.157219694,no
Alaria,Pabay_8_3_22_1,Pabay,NE,1,8_3_2022,8,3,2022,reads,18127.5,Monostilifera sp.,Animalia,Nemertea,Anopla,Monostilifera,Monostylifera,Monostilifera,Monostilifera sp.,0.198593297,no
Alaria,Pabay_8_3_22_1,Pabay,NE,1,8_3_2022,8,3,2022,reads,18127.5,invertebrate environmental sample,,,,,,,,0.220659219,no
Saccharina,Pabay_8_3_22_1,Pabay,NE,1,8_3_2022,8,3,2022,reads,18127.5,Pleurosigma inscriptura,Chromista,Ochrophyta,Bacillariophyceae,Naviculales,Pleurosigmataceae,Pleurosigma,Pleurosigma inscriptura,0.551648049,no
Saccharina,Pabay_8_3_22_1,Pabay,NE,1,8_3_2022,8,3,2022,reads,18127.5,Skeletonema menzelii,Chromista,Ochrophyta,Bacillariophyceae,Thalassiosirales,Skeletonemataceae,Skeletonema,Skeletonema menzelii,0.289615225,no
Saccharina,Pabay_8_3_22_1,Pabay,NE,1,8_3_2022,8,3,2022,reads,18127.5,Pedospumella sinomuralis,Chromista,Ochrophyta,Chrysophyceae,Chromulinales,Paraphysomonadaceae,Pedospumella,Pedospumella sinomuralis,0.060681285,no
Saccharina,Pabay_8_3_22_1,Pabay,NE,1,8_3_2022,8,3,2022,reads,18127.5,uncultured Kareniaceae,,,,,,uncultured,uncultured Kareniaceae,0.085505448,no
Saccharina,Pabay_8_3_22_1,Pabay,NE,1,8_3_2022,8,3,2022,reads,18127.5,Rhizosolenia setigera,Chromista,Ochrophyta,Coscinodiscophyceae,Rhizosoleniales,Rhizosoleniaceae,Rhizosolenia,Rhizosolenia setigera,0.157219694,no
Saccharina,Pabay_8_3_22_1,Pabay,NE,1,8_3_2022,8,3,2022,reads,18127.5,Haslea ostrearia,Chromista,Ochrophyta,Bacillariophyceae,Naviculales,Naviculaceae,Haslea,Haslea ostrearia,0.038615363,no
Saccharina,Pabay_8_3_22_1,Pabay,NE,1,8_3_2022,8,3,2022,reads,18127.5,Minutocellus polymorphus.11,Chromista,Ochrophyta,Coscinodiscophyceae,Coscinodiscales,Helminthophoraceae,Minutocellus,Minutocellus polymorphus,1.514273893,no
Saccharina,Pabay_8_3_22_1,Pabay,NE,1,8_3_2022,8,3,2022,reads,18127.5,Lithodesmium intricatum.3,Chromista,Ochrophyta,Coscinodiscophyceae,Rhizosoleniales,Lithodesmiaceae,Lithodesmium,Lithodesmium intricatum,0.049648324,no
Saccharina,Pabay_8_3_22_1,Pabay,NE,1,8_3_2022,8,3,2022,reads,18127.5,Cassiopea xamachana,Animalia,Cnidaria,Scyphozoa,Rhizostomeae,Cassiopeidae,Cassiopea,Cassiopea xamachana,0.035857123,no
Saccharina,Pabay_8_3_22_1,Pabay,NE,1,8_3_2022,8,3,2022,reads,18127.5,Hyleoglomeris sp.,Animalia,Arthropoda,Diplopoda,Glomerida,Glomeridae,Hyleoglomeris,Hyleoglomeris sp.,0.157219694,no
Saccharina,Pabay_8_3_22_1,Pabay,NE,1,8_3_2022,8,3,2022,reads,18127.5,Monostilifera sp.,Animalia,Nemertea,Anopla,Monostilifera,Monostylifera,Monostilifera,Monostilifera sp.,0.198593297,no
Saccharina,Pabay_8_3_22_1,Pabay,NE,1,8_3_2022,8,3,2022,reads,18127.5,invertebrate environmental sample,,,,,,,,0.220659219,no
Alaria,Pabay_8_3_22_2,Pabay,NW,2,8_3_2022,8,3,2022,reads,12718,Skeletonema menzelii,Chromista,Ochrophyta,Bacillariophyceae,Thalassiosirales,Skeletonemataceae,Skeletonema,Skeletonema menzelii,2.087592389,no
Alaria,Pabay_8_3_22_2,Pabay,NW,2,8_3_2022,8,3,2022,reads,12718,Minutocellus polymorphus.10,Chromista,Ochrophyta,Coscinodiscophyceae,Coscinodiscales,Helminthophoraceae,Minutocellus,Minutocellus polymorphus,0.023588615,no
Alaria,Pabay_8_3_22_2,Pabay,NW,2,8_3_2022,8,3,2022,reads,12718,Minutocellus polymorphus.11,Chromista,Ochrophyta,Coscinodiscophyceae,Coscinodiscales,Helminthophoraceae,Minutocellus,Minutocellus polymorphus,0.015725743,no
Alaria,Pabay_8_3_22_2,Pabay,NW,2,8_3_2022,8,3,2022,reads,12718,Ditylum brightwellii.4,Chromista,Ochrophyta,Coscinodiscophyceae,Rhizosoleniales,Lithodesmiaceae,Ditylum,Ditylum brightwellii,0.047177229,no
Alaria,Pabay_8_3_22_2,Pabay,NW,2,8_3_2022,8,3,2022,reads,12718,Cassiopea xamachana,Animalia,Cnidaria,Scyphozoa,Rhizostomeae,Cassiopeidae,Cassiopea,Cassiopea xamachana,0.043245793,no
Alaria,Pabay_8_3_22_2,Pabay,NW,2,8_3_2022,8,3,2022,reads,12718,Cassiopea sp. PGNIMCP,,,,,,Cassiopea,Cassiopea sp. PGNIMCP,0.007862872,no
Alaria,Pabay_8_3_22_2,Pabay,NW,2,8_3_2022,8,3,2022,reads,12718,Urodasys sp. 114a.9,Animalia,Gastrotricha,Macrodasyida,Macrodasyoidea,Urodasidae,Urodasys,Urodasys sp. 114a,0.420663626,no
Alaria,Pabay_8_3_22_2,Pabay,NW,2,8_3_2022,8,3,2022,reads,12718,Antichiropus sp. DIP147,Animalia,Arthropoda,Diplopoda,Polydesmida,Paradoxosomatidae,Antichiropus,Antichiropus sp. DIP147,0.047177229,no
Alaria,Pabay_8_3_22_2,Pabay,NW,2,8_3_2022,8,3,2022,reads,12718,Monostilifera sp.,Animalia,Nemertea,Anopla,Monostilifera,Monostylifera,Monostilifera,Monostilifera sp.,0.058971536,no
Alaria,Pabay_8_3_22_2,Pabay,NW,2,8_3_2022,8,3,2022,reads,12718,Monostilifera sp..1,Animalia,Nemertea,Anopla,Monostilifera,Monostylifera,Monostilifera,Monostilifera sp.,0.121874509,no
Alaria,Pabay_8_3_22_2,Pabay,NW,2,8_3_2022,8,3,2022,reads,12718,invertebrate environmental sample,,,,,,,,9.172039629,no
Alaria,Pabay_8_3_22_2,Pabay,NW,2,8_3_2022,8,3,2022,reads,12718,Cernosvitoviella minor.1,Animalia,Annelida,Clitellata,Enchytraeida,Enchytraeidae,Cernosvitoviella,Cernosvitoviella minor,0.062902972,no
Alaria,Pabay_8_3_22_2,Pabay,NW,2,8_3_2022,8,3,2022,reads,12718,Cernosvitoviella pusilla,Animalia,Annelida,Clitellata,Enchytraeida,Enchytraeidae,Cernosvitoviella,Cernosvitoviella pusilla,0.023588615,no
Saccharina,Pabay_8_3_22_2,Pabay,NW,2,8_3_2022,8,3,2022,reads,12718,Skeletonema menzelii,Chromista,Ochrophyta,Bacillariophyceae,Thalassiosirales,Skeletonemataceae,Skeletonema,Skeletonema menzelii,2.087592389,no
Saccharina,Pabay_8_3_22_2,Pabay,NW,2,8_3_2022,8,3,2022,reads,12718,Minutocellus polymorphus.10,Chromista,Ochrophyta,Coscinodiscophyceae,Coscinodiscales,Helminthophoraceae,Minutocellus,Minutocellus polymorphus,0.023588615,no
Saccharina,Pabay_8_3_22_2,Pabay,NW,2,8_3_2022,8,3,2022,reads,12718,Minutocellus polymorphus.11,Chromista,Ochrophyta,Coscinodiscophyceae,Coscinodiscales,Helminthophoraceae,Minutocellus,Minutocellus polymorphus,0.015725743,no
Saccharina,Pabay_8_3_22_2,Pabay,NW,2,8_3_2022,8,3,2022,reads,12718,Ditylum brightwellii.4,Chromista,Ochrophyta,Coscinodiscophyceae,Rhizosoleniales,Lithodesmiaceae,Ditylum,Ditylum brightwellii,0.047177229,no
Saccharina,Pabay_8_3_22_2,Pabay,NW,2,8_3_2022,8,3,2022,reads,12718,Cassiopea xamachana,Animalia,Cnidaria,Scyphozoa,Rhizostomeae,Cassiopeidae,Cassiopea,Cassiopea xamachana,0.043245793,no
Saccharina,Pabay_8_3_22_2,Pabay,NW,2,8_3_2022,8,3,2022,reads,12718,Cassiopea sp. PGNIMCP,,,,,,Cassiopea,Cassiopea sp. PGNIMCP,0.007862872,no
Saccharina,Pabay_8_3_22_2,Pabay,NW,2,8_3_2022,8,3,2022,reads,12718,Urodasys sp. 114a.9,Animalia,Gastrotricha,Macrodasyida,Macrodasyoidea,Urodasidae,Urodasys,Urodasys sp. 114a,0.420663626,no
Saccharina,Pabay_8_3_22_2,Pabay,NW,2,8_3_2022,8,3,2022,reads,12718,Antichiropus sp. DIP147,Animalia,Arthropoda,Diplopoda,Polydesmida,Paradoxosomatidae,Antichiropus,Antichiropus sp. DIP147,0.047177229,no
Saccharina,Pabay_8_3_22_2,Pabay,NW,2,8_3_2022,8,3,2022,reads,12718,Monostilifera sp.,Animalia,Nemertea,Anopla,Monostilifera,Monostylifera,Monostilifera,Monostilifera sp.,0.058971536,no
Saccharina,Pabay_8_3_22_2,Pabay,NW,2,8_3_2022,8,3,2022,reads,12718,Monostilifera sp..1,Animalia,Nemertea,Anopla,Monostilifera,Monostylifera,Monostilifera,Monostilifera sp.,0.121874509,no
Saccharina,Pabay_8_3_22_2,Pabay,NW,2,8_3_2022,8,3,2022,reads,12718,invertebrate environmental sample,,,,,,,,9.172039629,no
Saccharina,Pabay_8_3_22_2,Pabay,NW,2,8_3_2022,8,3,2022,reads,12718,Cernosvitoviella minor.1,Animalia,Annelida,Clitellata,Enchytraeida,Enchytraeidae,Cernosvitoviella,Cernosvitoviella minor,0.062902972,no
Saccharina,Pabay_8_3_22_2,Pabay,NW,2,8_3_2022,8,3,2022,reads,12718,Cernosvitoviella pusilla,Animalia,Annelida,Clitellata,Enchytraeida,Enchytraeidae,Cernosvitoviella,Cernosvitoviella pusilla,0.023588615,no
Alaria,Pabay_8_3_22_3,Pabay,Mid,3,8_3_2022,8,3,2022,reads,27323,Hemiaulus sinensis,Chromista,Ochrophyta,Mediophyceae,Hemiaulales,Hemiaulaceae,Hemiaulus,Hemiaulus sinensis,0.025619441,no
Alaria,Pabay_8_3_22_3,Pabay,Mid,3,8_3_2022,8,3,2022,reads,27323,Lithodesmium intricatum.1,Chromista,Ochrophyta,Coscinodiscophyceae,Rhizosoleniales,Lithodesmiaceae,Lithodesmium,Lithodesmium intricatum,0.014639681,no
Alaria,Pabay_8_3_22_3,Pabay,Mid,3,8_3_2022,8,3,2022,reads,27323,Hemiaulus sinensis.1,Chromista,Ochrophyta,Mediophyceae,Hemiaulales,Hemiaulaceae,Hemiaulus,Hemiaulus sinensis,0.010979761,no
Alaria,Pabay_8_3_22_3,Pabay,Mid,3,8_3_2022,8,3,2022,reads,27323,Skeletonema menzelii,Chromista,Ochrophyta,Bacillariophyceae,Thalassiosirales,Skeletonemataceae,Skeletonema,Skeletonema menzelii,4.099110639,no
Alaria,Pabay_8_3_22_3,Pabay,Mid,3,8_3_2022,8,3,2022,reads,27323,Pedospumella sinomuralis,Chromista,Ochrophyta,Chrysophyceae,Chromulinales,Paraphysomonadaceae,Pedospumella,Pedospumella sinomuralis,0.133587088,no
Alaria,Pabay_8_3_22_3,Pabay,Mid,3,8_3_2022,8,3,2022,reads,27323,Pedospumella sp.,,,,,,Pedospumella,Pedospumella sp.,0.034769242,no
Alaria,Pabay_8_3_22_3,Pabay,Mid,3,8_3_2022,8,3,2022,reads,27323,Pedospumella sp..1,,,,,,Pedospumella,Pedospumella sp.,0.031109322,no
Alaria,Pabay_8_3_22_3,Pabay,Mid,3,8_3_2022,8,3,2022,reads,27323,Pedospumella sp..2,,,,,,Pedospumella,Pedospumella sp.,0.029279362,no
Alaria,Pabay_8_3_22_3,Pabay,Mid,3,8_3_2022,8,3,2022,reads,27323,Pedospumella sp..3,,,,,,Pedospumella,Pedospumella sp.,0.023789481,no
Alaria,Pabay_8_3_22_3,Pabay,Mid,3,8_3_2022,8,3,2022,reads,27323,Pedospumella sp..4,,,,,,Pedospumella,Pedospumella sp.,0.00182996,no
Alaria,Pabay_8_3_22_3,Pabay,Mid,3,8_3_2022,8,3,2022,reads,27323,Pedospumella sp..5,,,,,,Pedospumella,Pedospumella sp.,0.00182996,no
Alaria,Pabay_8_3_22_3,Pabay,Mid,3,8_3_2022,8,3,2022,reads,27323,Skeletonema potamos,Chromista,Ochrophyta,Bacillariophyceae,Thalassiosirales,Skeletonemataceae,Skeletonema,Skeletonema potamos,0.192145811,no
Alaria,Pabay_8_3_22_3,Pabay,Mid,3,8_3_2022,8,3,2022,reads,27323,Skeletonema marinoi,Chromista,Ochrophyta,Bacillariophyceae,Thalassiosirales,Skeletonemataceae,Skeletonema,Skeletonema marinoi,0.020129561,no
Alaria,Pabay_8_3_22_3,Pabay,Mid,3,8_3_2022,8,3,2022,reads,27323,Pleurosigma inscriptura.1,Chromista,Ochrophyta,Bacillariophyceae,Naviculales,Pleurosigmataceae,Pleurosigma,Pleurosigma inscriptura,0.064048604,no
Alaria,Pabay_8_3_22_3,Pabay,Mid,3,8_3_2022,8,3,2022,reads,27323,Pleurosigma sp. mgcode 4,Eukaryota,Ochrophyta,Bacillariophyceae,Naviculales,Pleurosigmataceae,Pleurosigma,Pleurosigma sp. mgcode 4,0.060388684,no
Alaria,Pabay_8_3_22_3,Pabay,Mid,3,8_3_2022,8,3,2022,reads,27323,Skeletonema menzelii.2,Chromista,Ochrophyta,Bacillariophyceae,Thalassiosirales,Skeletonemataceae,Skeletonema,Skeletonema menzelii,0.058558723,no
Alaria,Pabay_8_3_22_3,Pabay,Mid,3,8_3_2022,8,3,2022,reads,27323,Cyclotella cryptica.3,Chromista,Ochrophyta,Mediophyceae,Thalassiosirales,Stephanodiscaceae,Cyclotella,Cyclotella cryptica,0.034769242,no
Alaria,Pabay_8_3_22_3,Pabay,Mid,3,8_3_2022,8,3,2022,reads,27323,Skeletonema menzelii.4,Chromista,Ochrophyta,Bacillariophyceae,Thalassiosirales,Skeletonemataceae,Skeletonema,Skeletonema menzelii,0.016469641,no
Alaria,Pabay_8_3_22_3,Pabay,Mid,3,8_3_2022,8,3,2022,reads,27323,Skeletonema menzelii.6,Chromista,Ochrophyta,Bacillariophyceae,Thalassiosirales,Skeletonemataceae,Skeletonema,Skeletonema menzelii,0.00182996,no
Alaria,Pabay_8_3_22_3,Pabay,Mid,3,8_3_2022,8,3,2022,reads,27323,Minutocellus polymorphus.7,Chromista,Ochrophyta,Coscinodiscophyceae,Coscinodiscales,Helminthophoraceae,Minutocellus,Minutocellus polymorphus,0.053068843,no
Alaria,Pabay_8_3_22_3,Pabay,Mid,3,8_3_2022,8,3,2022,reads,27323,Ditylum brightwellii.3,Chromista,Ochrophyta,Coscinodiscophyceae,Rhizosoleniales,Lithodesmiaceae,Ditylum,Ditylum brightwellii,0.042089082,no
Alaria,Pabay_8_3_22_3,Pabay,Mid,3,8_3_2022,8,3,2022,reads,27323,Minutocellus polymorphus.10,Chromista,Ochrophyta,Coscinodiscophyceae,Coscinodiscales,Helminthophoraceae,Minutocellus,Minutocellus polymorphus,0.161036489,no
Alaria,Pabay_8_3_22_3,Pabay,Mid,3,8_3_2022,8,3,2022,reads,27323,Minutocellus polymorphus.11,Chromista,Ochrophyta,Coscinodiscophyceae,Coscinodiscales,Helminthophoraceae,Minutocellus,Minutocellus polymorphus,0.144566848,no
Alaria,Pabay_8_3_22_3,Pabay,Mid,3,8_3_2022,8,3,2022,reads,27323,Minutocellus polymorphus.14,Chromista,Ochrophyta,Coscinodiscophyceae,Coscinodiscales,Helminthophoraceae,Minutocellus,Minutocellus polymorphus,0.056728763,no
Alaria,Pabay_8_3_22_3,Pabay,Mid,3,8_3_2022,8,3,2022,reads,27323,Cassiopea xamachana,Animalia,Cnidaria,Scyphozoa,Rhizostomeae,Cassiopeidae,Cassiopea,Cassiopea xamachana,0.060388684,no
Alaria,Pabay_8_3_22_3,Pabay,Mid,3,8_3_2022,8,3,2022,reads,27323,Cassiopea xamachana.1,Animalia,Cnidaria,Scyphozoa,Rhizostomeae,Cassiopeidae,Cassiopea,Cassiopea xamachana,0.274494016,no
Alaria,Pabay_8_3_22_3,Pabay,Mid,3,8_3_2022,8,3,2022,reads,27323,Urodasys sp. 114a.2,Animalia,Gastrotricha,Macrodasyida,Macrodasyoidea,Urodasidae,Urodasys,Urodasys sp. 114a,0.036599202,no
Alaria,Pabay_8_3_22_3,Pabay,Mid,3,8_3_2022,8,3,2022,reads,27323,Urodasys sp. 114a.3,Animalia,Gastrotricha,Macrodasyida,Macrodasyoidea,Urodasidae,Urodasys,Urodasys sp. 114a,0.020129561,no
Alaria,Pabay_8_3_22_3,Pabay,Mid,3,8_3_2022,8,3,2022,reads,27323,Urodasys sp. 114a.10,Animalia,Gastrotricha,Macrodasyida,Macrodasyoidea,Urodasidae,Urodasys,Urodasys sp. 114a,0.089668045,no
Alaria,Pabay_8_3_22_3,Pabay,Mid,3,8_3_2022,8,3,2022,reads,27323,Chromadoridae sp. 09PROBE-01551,Animalia,Nematoda,Chromadorea,Chromadorida,Chromadoridae,Chromadoridae,Chromadoridae sp. 09PROBE-01551,0.254364455,no
Alaria,Pabay_8_3_22_3,Pabay,Mid,3,8_3_2022,8,3,2022,reads,27323,Monostilifera sp..1,Animalia,Nemertea,Anopla,Monostilifera,Monostylifera,Monostilifera,Monostilifera sp.,0.666105479,no
Alaria,Pabay_8_3_22_3,Pabay,Mid,3,8_3_2022,8,3,2022,reads,27323,Euchlanis dilatata.1,Animalia,Rotifera,Eurotatoria,Ploima,Euchlanidae,Euchlanis,Euchlanis dilatata,0.075028364,no
Alaria,Pabay_8_3_22_3,Pabay,Mid,3,8_3_2022,8,3,2022,reads,27323,invertebrate environmental sample,,,,,,,,18.82845954,no
Alaria,Pabay_8_3_22_3,Pabay,Mid,3,8_3_2022,8,3,2022,reads,27323,invertebrate environmental sample.5,,,,,,,,0.161036489,no
Alaria,Pabay_8_3_22_3,Pabay,Mid,3,8_3_2022,8,3,2022,reads,27323,invertebrate environmental sample.7,,,,,,,,0.093327965,no
Alaria,Pabay_8_3_22_3,Pabay,Mid,3,8_3_2022,8,3,2022,reads,27323,invertebrate environmental sample.8,,,,,,,,0.087838085,no
Alaria,Pabay_8_3_22_3,Pabay,Mid,3,8_3_2022,8,3,2022,reads,27323,invertebrate environmental sample.11,,,,,,,,0.049408923,no
Alaria,Pabay_8_3_22_3,Pabay,Mid,3,8_3_2022,8,3,2022,reads,27323,invertebrate environmental sample.12,,,,,,,,0.047578963,no
Alaria,Pabay_8_3_22_3,Pabay,Mid,3,8_3_2022,8,3,2022,reads,27323,invertebrate environmental sample.13,,,,,,,,0.047578963,no
Alaria,Pabay_8_3_22_3,Pabay,Mid,3,8_3_2022,8,3,2022,reads,27323,invertebrate environmental sample.15,,,,,,,,0.040259122,no
Alaria,Pabay_8_3_22_3,Pabay,Mid,3,8_3_2022,8,3,2022,reads,27323,invertebrate environmental sample.16,,,,,,,,0.031109322,no
Alaria,Pabay_8_3_22_3,Pabay,Mid,3,8_3_2022,8,3,2022,reads,27323,invertebrate environmental sample.18,,,,,,,,0.029279362,no
Alaria,Pabay_8_3_22_3,Pabay,Mid,3,8_3_2022,8,3,2022,reads,27323,invertebrate environmental sample.21,,,,,,,,0.021959521,no
Alaria,Pabay_8_3_22_3,Pabay,Mid,3,8_3_2022,8,3,2022,reads,27323,invertebrate environmental sample.22,,,,,,,,0.020129561,no
Alaria,Pabay_8_3_22_3,Pabay,Mid,3,8_3_2022,8,3,2022,reads,27323,invertebrate environmental sample.24,,,,,,,,0.016469641,no
Alaria,Pabay_8_3_22_3,Pabay,Mid,3,8_3_2022,8,3,2022,reads,27323,invertebrate environmental sample.25,,,,,,,,0.016469641,no
Alaria,Pabay_8_3_22_3,Pabay,Mid,3,8_3_2022,8,3,2022,reads,27323,invertebrate environmental sample.29,,,,,,,,0.009149801,no
Alaria,Pabay_8_3_22_3,Pabay,Mid,3,8_3_2022,8,3,2022,reads,27323,invertebrate environmental sample.31,,,,,,,,0.00365992,no
Alaria,Pabay_8_3_22_3,Pabay,Mid,3,8_3_2022,8,3,2022,reads,27323,invertebrate environmental sample.32,,,,,,,,0.00182996,no
Alaria,Pabay_8_3_22_3,Pabay,Mid,3,8_3_2022,8,3,2022,reads,27323,invertebrate environmental sample.33,,,,,,,,0.00182996,no
Alaria,Pabay_8_3_22_3,Pabay,Mid,3,8_3_2022,8,3,2022,reads,27323,invertebrate environmental sample.34,,,,,,,,0.00182996,no
Alaria,Pabay_8_3_22_3,Pabay,Mid,3,8_3_2022,8,3,2022,reads,27323,invertebrate environmental sample.35,,,,,,,,0.00182996,no
Alaria,Pabay_8_3_22_3,Pabay,Mid,3,8_3_2022,8,3,2022,reads,27323,invertebrate environmental sample.36,,,,,,,,0.00182996,no
Alaria,Pabay_8_3_22_3,Pabay,Mid,3,8_3_2022,8,3,2022,reads,27323,invertebrate environmental sample.37,,,,,,,,0.00182996,no
Alaria,Pabay_8_3_22_3,Pabay,Mid,3,8_3_2022,8,3,2022,reads,27323,invertebrate environmental sample.38,,,,,,,,0.00182996,no
Alaria,Pabay_8_3_22_3,Pabay,Mid,3,8_3_2022,8,3,2022,reads,27323,invertebrate environmental sample.39,,,,,,,,0.00182996,no
Saccharina,Pabay_8_3_22_3,Pabay,Mid,3,8_3_2022,8,3,2022,reads,27323,Hemiaulus sinensis,Chromista,Ochrophyta,Mediophyceae,Hemiaulales,Hemiaulaceae,Hemiaulus,Hemiaulus sinensis,0.025619441,no
Saccharina,Pabay_8_3_22_3,Pabay,Mid,3,8_3_2022,8,3,2022,reads,27323,Lithodesmium intricatum.1,Chromista,Ochrophyta,Coscinodiscophyceae,Rhizosoleniales,Lithodesmiaceae,Lithodesmium,Lithodesmium intricatum,0.014639681,no
Saccharina,Pabay_8_3_22_3,Pabay,Mid,3,8_3_2022,8,3,2022,reads,27323,Hemiaulus sinensis.1,Chromista,Ochrophyta,Mediophyceae,Hemiaulales,Hemiaulaceae,Hemiaulus,Hemiaulus sinensis,0.010979761,no
Saccharina,Pabay_8_3_22_3,Pabay,Mid,3,8_3_2022,8,3,2022,reads,27323,Skeletonema menzelii,Chromista,Ochrophyta,Bacillariophyceae,Thalassiosirales,Skeletonemataceae,Skeletonema,Skeletonema menzelii,4.099110639,no
Saccharina,Pabay_8_3_22_3,Pabay,Mid,3,8_3_2022,8,3,2022,reads,27323,Pedospumella sinomuralis,Chromista,Ochrophyta,Chrysophyceae,Chromulinales,Paraphysomonadaceae,Pedospumella,Pedospumella sinomuralis,0.133587088,no
Saccharina,Pabay_8_3_22_3,Pabay,Mid,3,8_3_2022,8,3,2022,reads,27323,Pedospumella sp.,,,,,,Pedospumella,Pedospumella sp.,0.034769242,no
Saccharina,Pabay_8_3_22_3,Pabay,Mid,3,8_3_2022,8,3,2022,reads,27323,Pedospumella sp..1,,,,,,Pedospumella,Pedospumella sp.,0.031109322,no
Saccharina,Pabay_8_3_22_3,Pabay,Mid,3,8_3_2022,8,3,2022,reads,27323,Pedospumella sp..2,,,,,,Pedospumella,Pedospumella sp.,0.029279362,no
Saccharina,Pabay_8_3_22_3,Pabay,Mid,3,8_3_2022,8,3,2022,reads,27323,Pedospumella sp..3,,,,,,Pedospumella,Pedospumella sp.,0.023789481,no
Saccharina,Pabay_8_3_22_3,Pabay,Mid,3,8_3_2022,8,3,2022,reads,27323,Pedospumella sp..4,,,,,,Pedospumella,Pedospumella sp.,0.00182996,no
Saccharina,Pabay_8_3_22_3,Pabay,Mid,3,8_3_2022,8,3,2022,reads,27323,Pedospumella sp..5,,,,,,Pedospumella,Pedospumella sp.,0.00182996,no
Saccharina,Pabay_8_3_22_3,Pabay,Mid,3,8_3_2022,8,3,2022,reads,27323,Skeletonema potamos,Chromista,Ochrophyta,Bacillariophyceae,Thalassiosirales,Skeletonemataceae,Skeletonema,Skeletonema potamos,0.192145811,no
Saccharina,Pabay_8_3_22_3,Pabay,Mid,3,8_3_2022,8,3,2022,reads,27323,Skeletonema marinoi,Chromista,Ochrophyta,Bacillariophyceae,Thalassiosirales,Skeletonemataceae,Skeletonema,Skeletonema marinoi,0.020129561,no
Saccharina,Pabay_8_3_22_3,Pabay,Mid,3,8_3_2022,8,3,2022,reads,27323,Pleurosigma inscriptura.1,Chromista,Ochrophyta,Bacillariophyceae,Naviculales,Pleurosigmataceae,Pleurosigma,Pleurosigma inscriptura,0.064048604,no
Saccharina,Pabay_8_3_22_3,Pabay,Mid,3,8_3_2022,8,3,2022,reads,27323,Pleurosigma sp. mgcode 4,Eukaryota,Ochrophyta,Bacillariophyceae,Naviculales,Pleurosigmataceae,Pleurosigma,Pleurosigma sp. mgcode 4,0.060388684,no
Saccharina,Pabay_8_3_22_3,Pabay,Mid,3,8_3_2022,8,3,2022,reads,27323,Skeletonema menzelii.2,Chromista,Ochrophyta,Bacillariophyceae,Thalassiosirales,Skeletonemataceae,Skeletonema,Skeletonema menzelii,0.058558723,no
Saccharina,Pabay_8_3_22_3,Pabay,Mid,3,8_3_2022,8,3,2022,reads,27323,Cyclotella cryptica.3,Chromista,Ochrophyta,Mediophyceae,Thalassiosirales,Stephanodiscaceae,Cyclotella,Cyclotella cryptica,0.034769242,no
Saccharina,Pabay_8_3_22_3,Pabay,Mid,3,8_3_2022,8,3,2022,reads,27323,Skeletonema menzelii.4,Chromista,Ochrophyta,Bacillariophyceae,Thalassiosirales,Skeletonemataceae,Skeletonema,Skeletonema menzelii,0.016469641,no
Saccharina,Pabay_8_3_22_3,Pabay,Mid,3,8_3_2022,8,3,2022,reads,27323,Skeletonema menzelii.6,Chromista,Ochrophyta,Bacillariophyceae,Thalassiosirales,Skeletonemataceae,Skeletonema,Skeletonema menzelii,0.00182996,no
Saccharina,Pabay_8_3_22_3,Pabay,Mid,3,8_3_2022,8,3,2022,reads,27323,Minutocellus polymorphus.7,Chromista,Ochrophyta,Coscinodiscophyceae,Coscinodiscales,Helminthophoraceae,Minutocellus,Minutocellus polymorphus,0.053068843,no
Saccharina,Pabay_8_3_22_3,Pabay,Mid,3,8_3_2022,8,3,2022,reads,27323,Ditylum brightwellii.3,Chromista,Ochrophyta,Coscinodiscophyceae,Rhizosoleniales,Lithodesmiaceae,Ditylum,Ditylum brightwellii,0.042089082,no
Saccharina,Pabay_8_3_22_3,Pabay,Mid,3,8_3_2022,8,3,2022,reads,27323,Minutocellus polymorphus.10,Chromista,Ochrophyta,Coscinodiscophyceae,Coscinodiscales,Helminthophoraceae,Minutocellus,Minutocellus polymorphus,0.161036489,no
Saccharina,Pabay_8_3_22_3,Pabay,Mid,3,8_3_2022,8,3,2022,reads,27323,Minutocellus polymorphus.11,Chromista,Ochrophyta,Coscinodiscophyceae,Coscinodiscales,Helminthophoraceae,Minutocellus,Minutocellus polymorphus,0.144566848,no
Saccharina,Pabay_8_3_22_3,Pabay,Mid,3,8_3_2022,8,3,2022,reads,27323,Minutocellus polymorphus.14,Chromista,Ochrophyta,Coscinodiscophyceae,Coscinodiscales,Helminthophoraceae,Minutocellus,Minutocellus polymorphus,0.056728763,no
Saccharina,Pabay_8_3_22_3,Pabay,Mid,3,8_3_2022,8,3,2022,reads,27323,Cassiopea xamachana,Animalia,Cnidaria,Scyphozoa,Rhizostomeae,Cassiopeidae,Cassiopea,Cassiopea xamachana,0.060388684,no
Saccharina,Pabay_8_3_22_3,Pabay,Mid,3,8_3_2022,8,3,2022,reads,27323,Cassiopea xamachana.1,Animalia,Cnidaria,Scyphozoa,Rhizostomeae,Cassiopeidae,Cassiopea,Cassiopea xamachana,0.274494016,no
Saccharina,Pabay_8_3_22_3,Pabay,Mid,3,8_3_2022,8,3,2022,reads,27323,Urodasys sp. 114a.2,Animalia,Gastrotricha,Macrodasyida,Macrodasyoidea,Urodasidae,Urodasys,Urodasys sp. 114a,0.036599202,no
Saccharina,Pabay_8_3_22_3,Pabay,Mid,3,8_3_2022,8,3,2022,reads,27323,Urodasys sp. 114a.3,Animalia,Gastrotricha,Macrodasyida,Macrodasyoidea,Urodasidae,Urodasys,Urodasys sp. 114a,0.020129561,no
Saccharina,Pabay_8_3_22_3,Pabay,Mid,3,8_3_2022,8,3,2022,reads,27323,Urodasys sp. 114a.10,Animalia,Gastrotricha,Macrodasyida,Macrodasyoidea,Urodasidae,Urodasys,Urodasys sp. 114a,0.089668045,no
Saccharina,Pabay_8_3_22_3,Pabay,Mid,3,8_3_2022,8,3,2022,reads,27323,Chromadoridae sp. 09PROBE-01551,Animalia,Nematoda,Chromadorea,Chromadorida,Chromadoridae,Chromadoridae,Chromadoridae sp. 09PROBE-01551,0.254364455,no
Saccharina,Pabay_8_3_22_3,Pabay,Mid,3,8_3_2022,8,3,2022,reads,27323,Monostilifera sp..1,Animalia,Nemertea,Anopla,Monostilifera,Monostylifera,Monostilifera,Monostilifera sp.,0.666105479,no
Saccharina,Pabay_8_3_22_3,Pabay,Mid,3,8_3_2022,8,3,2022,reads,27323,Euchlanis dilatata.1,Animalia,Rotifera,Eurotatoria,Ploima,Euchlanidae,Euchlanis,Euchlanis dilatata,0.075028364,no
Saccharina,Pabay_8_3_22_3,Pabay,Mid,3,8_3_2022,8,3,2022,reads,27323,invertebrate environmental sample,,,,,,,,18.82845954,no
Saccharina,Pabay_8_3_22_3,Pabay,Mid,3,8_3_2022,8,3,2022,reads,27323,invertebrate environmental sample.5,,,,,,,,0.161036489,no
Saccharina,Pabay_8_3_22_3,Pabay,Mid,3,8_3_2022,8,3,2022,reads,27323,invertebrate environmental sample.7,,,,,,,,0.093327965,no
Saccharina,Pabay_8_3_22_3,Pabay,Mid,3,8_3_2022,8,3,2022,reads,27323,invertebrate environmental sample.8,,,,,,,,0.087838085,no
Saccharina,Pabay_8_3_22_3,Pabay,Mid,3,8_3_2022,8,3,2022,reads,27323,invertebrate environmental sample.11,,,,,,,,0.049408923,no
Saccharina,Pabay_8_3_22_3,Pabay,Mid,3,8_3_2022,8,3,2022,reads,27323,invertebrate environmental sample.12,,,,,,,,0.047578963,no
Saccharina,Pabay_8_3_22_3,Pabay,Mid,3,8_3_2022,8,3,2022,reads,27323,invertebrate environmental sample.13,,,,,,,,0.047578963,no
Saccharina,Pabay_8_3_22_3,Pabay,Mid,3,8_3_2022,8,3,2022,reads,27323,invertebrate environmental sample.15,,,,,,,,0.040259122,no
Saccharina,Pabay_8_3_22_3,Pabay,Mid,3,8_3_2022,8,3,2022,reads,27323,invertebrate environmental sample.16,,,,,,,,0.031109322,no
Saccharina,Pabay_8_3_22_3,Pabay,Mid,3,8_3_2022,8,3,2022,reads,27323,invertebrate environmental sample.18,,,,,,,,0.029279362,no
Saccharina,Pabay_8_3_22_3,Pabay,Mid,3,8_3_2022,8,3,2022,reads,27323,invertebrate environmental sample.21,,,,,,,,0.021959521,no
Saccharina,Pabay_8_3_22_3,Pabay,Mid,3,8_3_2022,8,3,2022,reads,27323,invertebrate environmental sample.22,,,,,,,,0.020129561,no
Saccharina,Pabay_8_3_22_3,Pabay,Mid,3,8_3_2022,8,3,2022,reads,27323,invertebrate environmental sample.24,,,,,,,,0.016469641,no
Saccharina,Pabay_8_3_22_3,Pabay,Mid,3,8_3_2022,8,3,2022,reads,27323,invertebrate environmental sample.25,,,,,,,,0.016469641,no
Saccharina,Pabay_8_3_22_3,Pabay,Mid,3,8_3_2022,8,3,2022,reads,27323,invertebrate environmental sample.29,,,,,,,,0.009149801,no
Saccharina,Pabay_8_3_22_3,Pabay,Mid,3,8_3_2022,8,3,2022,reads,27323,invertebrate environmental sample.31,,,,,,,,0.00365992,no
Saccharina,Pabay_8_3_22_3,Pabay,Mid,3,8_3_2022,8,3,2022,reads,27323,invertebrate environmental sample.32,,,,,,,,0.00182996,no
Saccharina,Pabay_8_3_22_3,Pabay,Mid,3,8_3_2022,8,3,2022,reads,27323,invertebrate environmental sample.33,,,,,,,,0.00182996,no
Saccharina,Pabay_8_3_22_3,Pabay,Mid,3,8_3_2022,8,3,2022,reads,27323,invertebrate environmental sample.34,,,,,,,,0.00182996,no
Saccharina,Pabay_8_3_22_3,Pabay,Mid,3,8_3_2022,8,3,2022,reads,27323,invertebrate environmental sample.35,,,,,,,,0.00182996,no
Saccharina,Pabay_8_3_22_3,Pabay,Mid,3,8_3_2022,8,3,2022,reads,27323,invertebrate environmental sample.36,,,,,,,,0.00182996,no
Saccharina,Pabay_8_3_22_3,Pabay,Mid,3,8_3_2022,8,3,2022,reads,27323,invertebrate environmental sample.37,,,,,,,,0.00182996,no
Saccharina,Pabay_8_3_22_3,Pabay,Mid,3,8_3_2022,8,3,2022,reads,27323,invertebrate environmental sample.38,,,,,,,,0.00182996,no
Saccharina,Pabay_8_3_22_3,Pabay,Mid,3,8_3_2022,8,3,2022,reads,27323,invertebrate environmental sample.39,,,,,,,,0.00182996,no
Alaria,Scalpay_15_6_21_1,Scalpay,SW,1,15_6_2021,15,6,2021,reads,9594,Emiliania huxleyi,Chromista,Haptophyta,Coccolithophyceae,Isochrysidales,Noelaerhabdaceae,Emiliania,Emiliania huxleyi,2.418178028,no
Alaria,Scalpay_15_6_21_1,Scalpay,SW,1,15_6_2021,15,6,2021,reads,9594,Emiliania huxleyi.1,Chromista,Haptophyta,Coccolithophyceae,Isochrysidales,Noelaerhabdaceae,Emiliania,Emiliania huxleyi,0.317907025,no
Saccharina,Scalpay_15_6_21_1,Scalpay,SW,1,15_6_2021,15,6,2021,reads,9594,Emiliania huxleyi,Chromista,Haptophyta,Coccolithophyceae,Isochrysidales,Noelaerhabdaceae,Emiliania,Emiliania huxleyi,2.418178028,no
Saccharina,Scalpay_15_6_21_1,Scalpay,SW,1,15_6_2021,15,6,2021,reads,9594,Emiliania huxleyi.1,Chromista,Haptophyta,Coccolithophyceae,Isochrysidales,Noelaerhabdaceae,Emiliania,Emiliania huxleyi,0.317907025,no
Alaria,Scalpay_15_6_21_2,Scalpay,U,2,15_6_2021,15,6,2021,reads,36623,Emiliania huxleyi,Chromista,Haptophyta,Coccolithophyceae,Isochrysidales,Noelaerhabdaceae,Emiliania,Emiliania huxleyi,0.189771455,no
Alaria,Scalpay_15_6_21_2,Scalpay,U,2,15_6_2021,15,6,2021,reads,36623,Chaetoceros tenuissimus,Chromista,Ochrophyta,Mediophyceae,Chaetocerotales,Chaetocerotaceae,Chaetoceros,Chaetoceros tenuissimus,0.034131557,no
Alaria,Scalpay_15_6_21_2,Scalpay,U,2,15_6_2021,15,6,2021,reads,36623,Durinskia baltica,Chromista,Myzozoa,Dinophyceae,Peridiniales,Peridinaceae,Durinskia,Durinskia baltica,0.002730525,no
Alaria,Scalpay_15_6_21_2,Scalpay,U,2,15_6_2021,15,6,2021,reads,36623,Guinardia delicatula.1,Chromista,Ochrophyta,Coscinodiscophyceae,Rhizosoleniales,Rhizosoleniaceae,Guinardia,Guinardia delicatula,0.006826311,no
Alaria,Scalpay_15_6_21_2,Scalpay,U,2,15_6_2021,15,6,2021,reads,36623,Psammechinus miliaris,Animalia,Echinodermata,Echinoidea,Camarodonta,Parechinidae,Psammechinus,Psammechinus miliaris,0.013652623,no
Saccharina,Scalpay_15_6_21_2,Scalpay,U,2,15_6_2021,15,6,2021,reads,36623,Emiliania huxleyi,Chromista,Haptophyta,Coccolithophyceae,Isochrysidales,Noelaerhabdaceae,Emiliania,Emiliania huxleyi,0.189771455,no
Saccharina,Scalpay_15_6_21_2,Scalpay,U,2,15_6_2021,15,6,2021,reads,36623,Chaetoceros tenuissimus,Chromista,Ochrophyta,Mediophyceae,Chaetocerotales,Chaetocerotaceae,Chaetoceros,Chaetoceros tenuissimus,0.034131557,no
Saccharina,Scalpay_15_6_21_2,Scalpay,U,2,15_6_2021,15,6,2021,reads,36623,Durinskia baltica,Chromista,Myzozoa,Dinophyceae,Peridiniales,Peridinaceae,Durinskia,Durinskia baltica,0.002730525,no
Saccharina,Scalpay_15_6_21_2,Scalpay,U,2,15_6_2021,15,6,2021,reads,36623,Guinardia delicatula.1,Chromista,Ochrophyta,Coscinodiscophyceae,Rhizosoleniales,Rhizosoleniaceae,Guinardia,Guinardia delicatula,0.006826311,no
Saccharina,Scalpay_15_6_21_2,Scalpay,U,2,15_6_2021,15,6,2021,reads,36623,Psammechinus miliaris,Animalia,Echinodermata,Echinoidea,Camarodonta,Parechinidae,Psammechinus,Psammechinus miliaris,0.013652623,no
Alaria,Scalpay_15_6_21_3,Scalpay,NW,3,15_6_2021,15,6,2021,reads,30199,Minutocellus polymorphus.6,Chromista,Ochrophyta,Coscinodiscophyceae,Coscinodiscales,Helminthophoraceae,Minutocellus,Minutocellus polymorphus,0.003311368,no
Alaria,Scalpay_15_6_21_3,Scalpay,NW,3,15_6_2021,15,6,2021,reads,30199,Emiliania huxleyi,Chromista,Haptophyta,Coccolithophyceae,Isochrysidales,Noelaerhabdaceae,Emiliania,Emiliania huxleyi,2.731878539,no
Alaria,Scalpay_15_6_21_3,Scalpay,NW,3,15_6_2021,15,6,2021,reads,30199,Emiliania huxleyi.1,Chromista,Haptophyta,Coccolithophyceae,Isochrysidales,Noelaerhabdaceae,Emiliania,Emiliania huxleyi,0.432133514,no
Alaria,Scalpay_15_6_21_3,Scalpay,NW,3,15_6_2021,15,6,2021,reads,30199,Phaeocystis antarctica,Chromista,Haptophyta,Coccolithophyceae,Phaeocystales,Phaeocystaceae,Phaeocystis,Phaeocystis antarctica,0.009934104,no
Alaria,Scalpay_15_6_21_3,Scalpay,NW,3,15_6_2021,15,6,2021,reads,30199,Chaetoceros tenuissimus,Chromista,Ochrophyta,Mediophyceae,Chaetocerotales,Chaetocerotaceae,Chaetoceros,Chaetoceros tenuissimus,0.508294977,no
Alaria,Scalpay_15_6_21_3,Scalpay,NW,3,15_6_2021,15,6,2021,reads,30199,Guinardia delicatula.1,Chromista,Ochrophyta,Coscinodiscophyceae,Rhizosoleniales,Rhizosoleniaceae,Guinardia,Guinardia delicatula,0.139077453,no
Alaria,Scalpay_15_6_21_3,Scalpay,NW,3,15_6_2021,15,6,2021,reads,30199,Guinardia striata,Chromista,Ochrophyta,Coscinodiscophyceae,Rhizosoleniales,Rhizosoleniaceae,Guinardia,Guinardia striata,0.038080731,no
Alaria,Scalpay_15_6_21_3,Scalpay,NW,3,15_6_2021,15,6,2021,reads,30199,Guinardia delicatula.5,Chromista,Ochrophyta,Coscinodiscophyceae,Rhizosoleniales,Rhizosoleniaceae,Guinardia,Guinardia delicatula,0.105963774,no
Alaria,Scalpay_15_6_21_3,Scalpay,NW,3,15_6_2021,15,6,2021,reads,30199,Chaetoceros tenuissimus.4,Chromista,Ochrophyta,Mediophyceae,Chaetocerotales,Chaetocerotaceae,Chaetoceros,Chaetoceros tenuissimus,0.00827842,no
Alaria,Scalpay_15_6_21_3,Scalpay,NW,3,15_6_2021,15,6,2021,reads,30199,Guinardia delicatula.8,Chromista,Ochrophyta,Coscinodiscophyceae,Rhizosoleniales,Rhizosoleniaceae,Guinardia,Guinardia delicatula,0.004967052,no
Alaria,Scalpay_15_6_21_3,Scalpay,NW,3,15_6_2021,15,6,2021,reads,30199,Minutocellus polymorphus.8,Chromista,Ochrophyta,Coscinodiscophyceae,Coscinodiscales,Helminthophoraceae,Minutocellus,Minutocellus polymorphus,0.013245472,no
Alaria,Scalpay_15_6_21_3,Scalpay,NW,3,15_6_2021,15,6,2021,reads,30199,Minutocellus polymorphus.9,Chromista,Ochrophyta,Coscinodiscophyceae,Coscinodiscales,Helminthophoraceae,Minutocellus,Minutocellus polymorphus,0.152322925,no
Alaria,Scalpay_15_6_21_3,Scalpay,NW,3,15_6_2021,15,6,2021,reads,30199,Minutocellus polymorphus.19,Chromista,Ochrophyta,Coscinodiscophyceae,Coscinodiscales,Helminthophoraceae,Minutocellus,Minutocellus polymorphus,0.139077453,no
Alaria,Scalpay_15_6_21_3,Scalpay,NW,3,15_6_2021,15,6,2021,reads,30199,Hyleoglomeris sp.,Animalia,Arthropoda,Diplopoda,Glomerida,Glomeridae,Hyleoglomeris,Hyleoglomeris sp.,0.018212524,no
Saccharina,Scalpay_15_6_21_3,Scalpay,NW,3,15_6_2021,15,6,2021,reads,30199,Minutocellus polymorphus.6,Chromista,Ochrophyta,Coscinodiscophyceae,Coscinodiscales,Helminthophoraceae,Minutocellus,Minutocellus polymorphus,0.003311368,no
Saccharina,Scalpay_15_6_21_3,Scalpay,NW,3,15_6_2021,15,6,2021,reads,30199,Emiliania huxleyi,Chromista,Haptophyta,Coccolithophyceae,Isochrysidales,Noelaerhabdaceae,Emiliania,Emiliania huxleyi,2.731878539,no
Saccharina,Scalpay_15_6_21_3,Scalpay,NW,3,15_6_2021,15,6,2021,reads,30199,Emiliania huxleyi.1,Chromista,Haptophyta,Coccolithophyceae,Isochrysidales,Noelaerhabdaceae,Emiliania,Emiliania huxleyi,0.432133514,no
Saccharina,Scalpay_15_6_21_3,Scalpay,NW,3,15_6_2021,15,6,2021,reads,30199,Phaeocystis antarctica,Chromista,Haptophyta,Coccolithophyceae,Phaeocystales,Phaeocystaceae,Phaeocystis,Phaeocystis antarctica,0.009934104,no
Saccharina,Scalpay_15_6_21_3,Scalpay,NW,3,15_6_2021,15,6,2021,reads,30199,Chaetoceros tenuissimus,Chromista,Ochrophyta,Mediophyceae,Chaetocerotales,Chaetocerotaceae,Chaetoceros,Chaetoceros tenuissimus,0.508294977,no
Saccharina,Scalpay_15_6_21_3,Scalpay,NW,3,15_6_2021,15,6,2021,reads,30199,Guinardia delicatula.1,Chromista,Ochrophyta,Coscinodiscophyceae,Rhizosoleniales,Rhizosoleniaceae,Guinardia,Guinardia delicatula,0.139077453,no
Saccharina,Scalpay_15_6_21_3,Scalpay,NW,3,15_6_2021,15,6,2021,reads,30199,Guinardia striata,Chromista,Ochrophyta,Coscinodiscophyceae,Rhizosoleniales,Rhizosoleniaceae,Guinardia,Guinardia striata,0.038080731,no
Saccharina,Scalpay_15_6_21_3,Scalpay,NW,3,15_6_2021,15,6,2021,reads,30199,Guinardia delicatula.5,Chromista,Ochrophyta,Coscinodiscophyceae,Rhizosoleniales,Rhizosoleniaceae,Guinardia,Guinardia delicatula,0.105963774,no
Saccharina,Scalpay_15_6_21_3,Scalpay,NW,3,15_6_2021,15,6,2021,reads,30199,Chaetoceros tenuissimus.4,Chromista,Ochrophyta,Mediophyceae,Chaetocerotales,Chaetocerotaceae,Chaetoceros,Chaetoceros tenuissimus,0.00827842,no
Saccharina,Scalpay_15_6_21_3,Scalpay,NW,3,15_6_2021,15,6,2021,reads,30199,Guinardia delicatula.8,Chromista,Ochrophyta,Coscinodiscophyceae,Rhizosoleniales,Rhizosoleniaceae,Guinardia,Guinardia delicatula,0.004967052,no
Saccharina,Scalpay_15_6_21_3,Scalpay,NW,3,15_6_2021,15,6,2021,reads,30199,Minutocellus polymorphus.8,Chromista,Ochrophyta,Coscinodiscophyceae,Coscinodiscales,Helminthophoraceae,Minutocellus,Minutocellus polymorphus,0.013245472,no
Saccharina,Scalpay_15_6_21_3,Scalpay,NW,3,15_6_2021,15,6,2021,reads,30199,Minutocellus polymorphus.9,Chromista,Ochrophyta,Coscinodiscophyceae,Coscinodiscales,Helminthophoraceae,Minutocellus,Minutocellus polymorphus,0.152322925,no
Saccharina,Scalpay_15_6_21_3,Scalpay,NW,3,15_6_2021,15,6,2021,reads,30199,Minutocellus polymorphus.19,Chromista,Ochrophyta,Coscinodiscophyceae,Coscinodiscales,Helminthophoraceae,Minutocellus,Minutocellus polymorphus,0.139077453,no
Saccharina,Scalpay_15_6_21_3,Scalpay,NW,3,15_6_2021,15,6,2021,reads,30199,Hyleoglomeris sp.,Animalia,Arthropoda,Diplopoda,Glomerida,Glomeridae,Hyleoglomeris,Hyleoglomeris sp.,0.018212524,no
Alaria,Scalpay_15_6_21_4,Scalpay,4,4,15_6_2021,15,6,2021,reads,11373.5,Emiliania huxleyi,Chromista,Haptophyta,Coccolithophyceae,Isochrysidales,Noelaerhabdaceae,Emiliania,Emiliania huxleyi,0.106675606,no
Alaria,Scalpay_15_6_21_4,Scalpay,4,4,15_6_2021,15,6,2021,reads,11373.5,Emiliania huxleyi.2,Chromista,Haptophyta,Coccolithophyceae,Isochrysidales,Noelaerhabdaceae,Emiliania,Emiliania huxleyi,0.001458984,no
Alaria,Scalpay_15_6_21_4,Scalpay,4,4,15_6_2021,15,6,2021,reads,11373.5,Chrysophyceae sp.,Eukaryota,Ochrophyta,Chrysophyceae,,,Chrysophyceae,Chrysophyceae sp.,0.00364746,no
Alaria,Scalpay_15_6_21_4,Scalpay,4,4,15_6_2021,15,6,2021,reads,11373.5,uncultured Kareniaceae.1,,,,,,uncultured,uncultured Kareniaceae,0.000198952,no
Alaria,Scalpay_15_6_21_4,Scalpay,4,4,15_6_2021,15,6,2021,reads,11373.5,Chaetoceros tenuissimus.2,Chromista,Ochrophyta,Mediophyceae,Chaetocerotales,Chaetocerotaceae,Chaetoceros,Chaetoceros tenuissimus,0.000812389,no
Alaria,Scalpay_15_6_21_4,Scalpay,4,4,15_6_2021,15,6,2021,reads,11373.5,Lithodesmium intricatum.3,Chromista,Ochrophyta,Coscinodiscophyceae,Rhizosoleniales,Lithodesmiaceae,Lithodesmium,Lithodesmium intricatum,0.001691095,no
Alaria,Scalpay_15_6_21_4,Scalpay,4,4,15_6_2021,15,6,2021,reads,11373.5,Lithodesmium intricatum.4,Chromista,Ochrophyta,Coscinodiscophyceae,Rhizosoleniales,Lithodesmiaceae,Lithodesmium,Lithodesmium intricatum,0.001359508,no
Alaria,Scalpay_15_6_21_4,Scalpay,4,4,15_6_2021,15,6,2021,reads,11373.5,Amynthas sp. EWBC-3,Animalia,Annelida,Clitellata,Crassiclitellata,Megascolecidae,Amynthas,Amynthas sp. EWBC-3,0.259374863,no
Alaria,Scalpay_15_6_21_4,Scalpay,4,4,15_6_2021,15,6,2021,reads,11373.5,Synchaeta vorax,Animalia,Rotifera,Eurotatoria,Ploima,Synchaetidae,Synchaeta,Synchaeta vorax,0.115058132,no
Alaria,Scalpay_15_6_21_4,Scalpay,4,4,15_6_2021,15,6,2021,reads,11373.5,Synchaeta vorax.1,Animalia,Rotifera,Eurotatoria,Ploima,Synchaetidae,Synchaeta,Synchaeta vorax,0.001409246,no
Saccharina,Scalpay_15_6_21_4,Scalpay,4,4,15_6_2021,15,6,2021,reads,11373.5,Emiliania huxleyi,Chromista,Haptophyta,Coccolithophyceae,Isochrysidales,Noelaerhabdaceae,Emiliania,Emiliania huxleyi,0.106675606,no
Saccharina,Scalpay_15_6_21_4,Scalpay,4,4,15_6_2021,15,6,2021,reads,11373.5,Emiliania huxleyi.2,Chromista,Haptophyta,Coccolithophyceae,Isochrysidales,Noelaerhabdaceae,Emiliania,Emiliania huxleyi,0.001458984,no
Saccharina,Scalpay_15_6_21_4,Scalpay,4,4,15_6_2021,15,6,2021,reads,11373.5,Chrysophyceae sp.,Eukaryota,Ochrophyta,Chrysophyceae,,,Chrysophyceae,Chrysophyceae sp.,0.00364746,no
Saccharina,Scalpay_15_6_21_4,Scalpay,4,4,15_6_2021,15,6,2021,reads,11373.5,uncultured Kareniaceae.1,,,,,,uncultured,uncultured Kareniaceae,0.000198952,no
Saccharina,Scalpay_15_6_21_4,Scalpay,4,4,15_6_2021,15,6,2021,reads,11373.5,Chaetoceros tenuissimus.2,Chromista,Ochrophyta,Mediophyceae,Chaetocerotales,Chaetocerotaceae,Chaetoceros,Chaetoceros tenuissimus,0.000812389,no
Saccharina,Scalpay_15_6_21_4,Scalpay,4,4,15_6_2021,15,6,2021,reads,11373.5,Lithodesmium intricatum.3,Chromista,Ochrophyta,Coscinodiscophyceae,Rhizosoleniales,Lithodesmiaceae,Lithodesmium,Lithodesmium intricatum,0.001691095,no
Saccharina,Scalpay_15_6_21_4,Scalpay,4,4,15_6_2021,15,6,2021,reads,11373.5,Lithodesmium intricatum.4,Chromista,Ochrophyta,Coscinodiscophyceae,Rhizosoleniales,Lithodesmiaceae,Lithodesmium,Lithodesmium intricatum,0.001359508,no
Saccharina,Scalpay_15_6_21_4,Scalpay,4,4,15_6_2021,15,6,2021,reads,11373.5,Amynthas sp. EWBC-3,Animalia,Annelida,Clitellata,Crassiclitellata,Megascolecidae,Amynthas,Amynthas sp. EWBC-3,0.259374863,no
Saccharina,Scalpay_15_6_21_4,Scalpay,4,4,15_6_2021,15,6,2021,reads,11373.5,Synchaeta vorax,Animalia,Rotifera,Eurotatoria,Ploima,Synchaetidae,Synchaeta,Synchaeta vorax,0.115058132,no
Saccharina,Scalpay_15_6_21_4,Scalpay,4,4,15_6_2021,15,6,2021,reads,11373.5,Synchaeta vorax.1,Animalia,Rotifera,Eurotatoria,Ploima,Synchaetidae,Synchaeta,Synchaeta vorax,0.001409246,no
Alaria,Scalpay_15_6_21_5,Scalpay,5,5,15_6_2021,15,6,2021,reads,62.5,Emiliania huxleyi,Chromista,Haptophyta,Coccolithophyceae,Isochrysidales,Noelaerhabdaceae,Emiliania,Emiliania huxleyi,0.51037182,no
Saccharina,Scalpay_15_6_21_5,Scalpay,5,5,15_6_2021,15,6,2021,reads,62.5,Emiliania huxleyi,Chromista,Haptophyta,Coccolithophyceae,Isochrysidales,Noelaerhabdaceae,Emiliania,Emiliania huxleyi,0.51037182,no
Alaria,Scalpay_21_12_21_1,Scalpay,SW,1,21_12_2021,21,12,2021,reads,1740,Thalassiosira rotula,Chromista,Ochrophyta,Bacillariophyceae,Thalassiosirales,Thalassiosiraceae,Thalassiosira,Thalassiosira rotula,1.954022989,no
Alaria,Scalpay_21_12_21_1,Scalpay,SW,1,21_12_2021,21,12,2021,reads,1740,invertebrate environmental sample,,,,,,,,0.172413793,no
Saccharina,Scalpay_21_12_21_1,Scalpay,SW,1,21_12_2021,21,12,2021,reads,1740,Thalassiosira rotula,Chromista,Ochrophyta,Bacillariophyceae,Thalassiosirales,Thalassiosiraceae,Thalassiosira,Thalassiosira rotula,1.954022989,no
Saccharina,Scalpay_21_12_21_1,Scalpay,SW,1,21_12_2021,21,12,2021,reads,1740,invertebrate environmental sample,,,,,,,,0.172413793,no
Alaria,Scalpay_21_12_21_2,Scalpay,Mid,2,21_12_2021,21,12,2021,reads,5846.5,Skeletonema menzelii,Chromista,Ochrophyta,Bacillariophyceae,Thalassiosirales,Skeletonemataceae,Skeletonema,Skeletonema menzelii,0.461814761,no
Alaria,Scalpay_21_12_21_2,Scalpay,Mid,2,21_12_2021,21,12,2021,reads,5846.5,Thalassionema nitzschioides,Chromista,Ochrophyta,Bacillariophyceae,Thalassionematales,Thalassionemataceae,Thalassionema,Thalassionema nitzschioides,0.41050201,no
Alaria,Scalpay_21_12_21_2,Scalpay,Mid,2,21_12_2021,21,12,2021,reads,5846.5,Minutocellus polymorphus.7,Chromista,Ochrophyta,Coscinodiscophyceae,Coscinodiscales,Helminthophoraceae,Minutocellus,Minutocellus polymorphus,0.068417002,no
Alaria,Scalpay_21_12_21_2,Scalpay,Mid,2,21_12_2021,21,12,2021,reads,5846.5,Cassiopea xamachana,Animalia,Cnidaria,Scyphozoa,Rhizostomeae,Cassiopeidae,Cassiopea,Cassiopea xamachana,0.102625502,no
Alaria,Scalpay_21_12_21_2,Scalpay,Mid,2,21_12_2021,21,12,2021,reads,5846.5,Urodasys sp. 114a.28,Animalia,Gastrotricha,Macrodasyida,Macrodasyoidea,Urodasidae,Urodasys,Urodasys sp. 114a,0.01710425,no
Alaria,Scalpay_21_12_21_2,Scalpay,Mid,2,21_12_2021,21,12,2021,reads,5846.5,Monostilifera sp.,Animalia,Nemertea,Anopla,Monostilifera,Monostylifera,Monostilifera,Monostilifera sp.,0.051312751,no
Saccharina,Scalpay_21_12_21_2,Scalpay,Mid,2,21_12_2021,21,12,2021,reads,5846.5,Skeletonema menzelii,Chromista,Ochrophyta,Bacillariophyceae,Thalassiosirales,Skeletonemataceae,Skeletonema,Skeletonema menzelii,0.461814761,no
Saccharina,Scalpay_21_12_21_2,Scalpay,Mid,2,21_12_2021,21,12,2021,reads,5846.5,Thalassionema nitzschioides,Chromista,Ochrophyta,Bacillariophyceae,Thalassionematales,Thalassionemataceae,Thalassionema,Thalassionema nitzschioides,0.41050201,no
Saccharina,Scalpay_21_12_21_2,Scalpay,Mid,2,21_12_2021,21,12,2021,reads,5846.5,Minutocellus polymorphus.7,Chromista,Ochrophyta,Coscinodiscophyceae,Coscinodiscales,Helminthophoraceae,Minutocellus,Minutocellus polymorphus,0.068417002,no
Saccharina,Scalpay_21_12_21_2,Scalpay,Mid,2,21_12_2021,21,12,2021,reads,5846.5,Cassiopea xamachana,Animalia,Cnidaria,Scyphozoa,Rhizostomeae,Cassiopeidae,Cassiopea,Cassiopea xamachana,0.102625502,no
Saccharina,Scalpay_21_12_21_2,Scalpay,Mid,2,21_12_2021,21,12,2021,reads,5846.5,Urodasys sp. 114a.28,Animalia,Gastrotricha,Macrodasyida,Macrodasyoidea,Urodasidae,Urodasys,Urodasys sp. 114a,0.01710425,no
Saccharina,Scalpay_21_12_21_2,Scalpay,Mid,2,21_12_2021,21,12,2021,reads,5846.5,Monostilifera sp.,Animalia,Nemertea,Anopla,Monostilifera,Monostylifera,Monostilifera,Monostilifera sp.,0.051312751,no
Alaria,Scalpay_21_12_21_3,Scalpay,NW,3,21_12_2021,21,12,2021,reads,11647,Ditylum brightwellii.2,Chromista,Ochrophyta,Coscinodiscophyceae,Rhizosoleniales,Lithodesmiaceae,Ditylum,Ditylum brightwellii,0.008585902,no
Alaria,Scalpay_21_12_21_3,Scalpay,NW,3,21_12_2021,21,12,2021,reads,11647,Thalassionema nitzschioides,Chromista,Ochrophyta,Bacillariophyceae,Thalassionematales,Thalassionemataceae,Thalassionema,Thalassionema nitzschioides,0.163132137,no
Alaria,Scalpay_21_12_21_3,Scalpay,NW,3,21_12_2021,21,12,2021,reads,11647,Urodasys sp. 114a.26,Animalia,Gastrotricha,Macrodasyida,Macrodasyoidea,Urodasidae,Urodasys,Urodasys sp. 114a,0.012878853,no
Saccharina,Scalpay_21_12_21_3,Scalpay,NW,3,21_12_2021,21,12,2021,reads,11647,Ditylum brightwellii.2,Chromista,Ochrophyta,Coscinodiscophyceae,Rhizosoleniales,Lithodesmiaceae,Ditylum,Ditylum brightwellii,0.008585902,no
Saccharina,Scalpay_21_12_21_3,Scalpay,NW,3,21_12_2021,21,12,2021,reads,11647,Thalassionema nitzschioides,Chromista,Ochrophyta,Bacillariophyceae,Thalassionematales,Thalassionemataceae,Thalassionema,Thalassionema nitzschioides,0.163132137,no
Saccharina,Scalpay_21_12_21_3,Scalpay,NW,3,21_12_2021,21,12,2021,reads,11647,Urodasys sp. 114a.26,Animalia,Gastrotricha,Macrodasyida,Macrodasyoidea,Urodasidae,Urodasys,Urodasys sp. 114a,0.012878853,no
Alaria,Pabay_10_4_22_1,Pabay,NE,1,10_4_2022,10,4,2022,reads,4566,Dasybranchus sp. DH1.1,Animalia,Annelida,Polychaeta,Capitellida,Capitellidae,Dasybranchus,Dasybranchus sp. DH1,0.186158563,Polychaet
Saccharina,Pabay_10_4_22_1,Pabay,NE,1,10_4_2022,10,4,2022,reads,4566,Dasybranchus sp. DH1.1,Animalia,Annelida,Polychaeta,Capitellida,Capitellidae,Dasybranchus,Dasybranchus sp. DH1,0.186158563,Polychaet
Alaria,Pabay_14_1_22_1,Pabay,NE,1,14_1_2022,14,1,2022,reads,9660.5,Travisia pupa,Animalia,Annelida,Polychaeta,Capitellida,Scalibregmatidae,Travisia,Travisia pupa,0.056932871,Polychaet
Saccharina,Pabay_14_1_22_1,Pabay,NE,1,14_1_2022,14,1,2022,reads,9660.5,Travisia pupa,Animalia,Annelida,Polychaeta,Capitellida,Scalibregmatidae,Travisia,Travisia pupa,0.056932871,Polychaet
Alaria,Pabay_14_1_22_3,Pabay,Mid,3,14_1_2022,14,1,2022,reads,9612.5,Travisia pupa,Animalia,Annelida,Polychaeta,Capitellida,Scalibregmatidae,Travisia,Travisia pupa,0.028608583,Polychaet
Saccharina,Pabay_14_1_22_3,Pabay,Mid,3,14_1_2022,14,1,2022,reads,9612.5,Travisia pupa,Animalia,Annelida,Polychaeta,Capitellida,Scalibregmatidae,Travisia,Travisia pupa,0.028608583,Polychaet
Alaria,Pabay_15_7_22_2,Pabay,NW,2,15_7_2022,15,7,2022,reads,15381.5,Prionospio fallax,Animalia,Annelida,Polychaeta,Spionida,Spionidae,Prionospio,Prionospio fallax,5.474108507,Polychaet
Saccharina,Pabay_15_7_22_2,Pabay,NW,2,15_7_2022,15,7,2022,reads,15381.5,Prionospio fallax,Animalia,Annelida,Polychaeta,Spionida,Spionidae,Prionospio,Prionospio fallax,5.474108507,Polychaet
Alaria,Pabay_29_11_21_1,Pabay,NE,1,29_11_2021,29,11,2021,reads,10058.75,Trichobranchus glacialis,Animalia,Annelida,Polychaeta,Terebellida,Terebellidae,Trichobranchus,Trichobranchus glacialis,0.109357525,Polychaet
Saccharina,Pabay_29_11_21_1,Pabay,NE,1,29_11_2021,29,11,2021,reads,10058.75,Trichobranchus glacialis,Animalia,Annelida,Polychaeta,Terebellida,Terebellidae,Trichobranchus,Trichobranchus glacialis,0.109357525,Polychaet
Alaria,Pabay_29_11_21_3,Pabay,Mid,3,29_11_2021,29,11,2021,reads,15537.5,Trichobranchus glacialis,Animalia,Annelida,Polychaeta,Terebellida,Terebellidae,Trichobranchus,Trichobranchus glacialis,0.14159292,Polychaet
Saccharina,Pabay_29_11_21_3,Pabay,Mid,3,29_11_2021,29,11,2021,reads,15537.5,Trichobranchus glacialis,Animalia,Annelida,Polychaeta,Terebellida,Terebellidae,Trichobranchus,Trichobranchus glacialis,0.14159292,Polychaet
Alaria,Pabay_8_3_22_1,Pabay,NE,1,8_3_2022,8,3,2022,reads,18127.5,Rhizorhagium arenosum,Animalia,Annelida,Polychaeta,Terebellida,Terebellidae,Rhizorhagium,Rhizorhagium arenosum,0.044131844,Polychaet
Saccharina,Pabay_8_3_22_1,Pabay,NE,1,8_3_2022,8,3,2022,reads,18127.5,Rhizorhagium arenosum,Animalia,Annelida,Polychaeta,Terebellida,Terebellidae,Rhizorhagium,Rhizorhagium arenosum,0.044131844,Polychaet
Alaria,Pabay_8_3_22_2,Pabay,NW,2,8_3_2022,8,3,2022,reads,12718,Lanice conchilega,Animalia,Annelida,Polychaeta,Terebellida,Terebellidae,Lanice,Lanice conchilega,0.538606699,Polychaet
Alaria,Pabay_8_3_22_2,Pabay,NW,2,8_3_2022,8,3,2022,reads,12718,Lanice conchilega.3,Animalia,Annelida,Polychaeta,Terebellida,Terebellidae,Lanice,Lanice conchilega,0.243749017,Polychaet
Saccharina,Pabay_8_3_22_2,Pabay,NW,2,8_3_2022,8,3,2022,reads,12718,Lanice conchilega,Animalia,Annelida,Polychaeta,Terebellida,Terebellidae,Lanice,Lanice conchilega,0.538606699,Polychaet
Saccharina,Pabay_8_3_22_2,Pabay,NW,2,8_3_2022,8,3,2022,reads,12718,Lanice conchilega.3,Animalia,Annelida,Polychaeta,Terebellida,Terebellidae,Lanice,Lanice conchilega,0.243749017,Polychaet
Alaria,Pabay_8_3_22_3,Pabay,Mid,3,8_3_2022,8,3,2022,reads,27323,Lanice conchilega.1,Animalia,Annelida,Polychaeta,Terebellida,Terebellidae,Lanice,Lanice conchilega,0.17933609,Polychaet
Alaria,Pabay_8_3_22_3,Pabay,Mid,3,8_3_2022,8,3,2022,reads,27323,Lanice conchilega.2,Animalia,Annelida,Polychaeta,Terebellida,Terebellidae,Lanice,Lanice conchilega,0.133587088,Polychaet
Alaria,Pabay_8_3_22_3,Pabay,Mid,3,8_3_2022,8,3,2022,reads,27323,Lanice conchilega.4,Animalia,Annelida,Polychaeta,Terebellida,Terebellidae,Lanice,Lanice conchilega,0.069538484,Polychaet
Saccharina,Pabay_8_3_22_3,Pabay,Mid,3,8_3_2022,8,3,2022,reads,27323,Lanice conchilega.1,Animalia,Annelida,Polychaeta,Terebellida,Terebellidae,Lanice,Lanice conchilega,0.17933609,Polychaet
Saccharina,Pabay_8_3_22_3,Pabay,Mid,3,8_3_2022,8,3,2022,reads,27323,Lanice conchilega.2,Animalia,Annelida,Polychaeta,Terebellida,Terebellidae,Lanice,Lanice conchilega,0.133587088,Polychaet
Saccharina,Pabay_8_3_22_3,Pabay,Mid,3,8_3_2022,8,3,2022,reads,27323,Lanice conchilega.4,Animalia,Annelida,Polychaeta,Terebellida,Terebellidae,Lanice,Lanice conchilega,0.069538484,Polychaet
Alaria,Scalpay_15_6_21_1,Scalpay,SW,1,15_6_2021,15,6,2021,reads,9594,Malacoceros cf. fuliginosus ZMBN 130837,Animalia,Annelida,Polychaeta,Spionida,Spionidae,Malacoceros,Malacoceros cf. fuliginosus ZMBN 130837,0.135501355,Polychaet
Saccharina,Scalpay_15_6_21_1,Scalpay,SW,1,15_6_2021,15,6,2021,reads,9594,Malacoceros cf. fuliginosus ZMBN 130837,Animalia,Annelida,Polychaeta,Spionida,Spionidae,Malacoceros,Malacoceros cf. fuliginosus ZMBN 130837,0.135501355,Polychaet
Alaria,Scalpay_15_6_21_2,Scalpay,U,2,15_6_2021,15,6,2021,reads,36623,Dasybranchus sp. DH1,Animalia,Annelida,Polychaeta,Capitellida,Capitellidae,Dasybranchus,Dasybranchus sp. DH1,0.232094585,Polychaet
Saccharina,Scalpay_15_6_21_2,Scalpay,U,2,15_6_2021,15,6,2021,reads,36623,Dasybranchus sp. DH1,Animalia,Annelida,Polychaeta,Capitellida,Capitellidae,Dasybranchus,Dasybranchus sp. DH1,0.232094585,Polychaet
Alaria,Scalpay_15_6_21_5,Scalpay,5,5,15_6_2021,15,6,2021,reads,62.5,Nonparahalosydna pleiolepis,Animalia,Annelida,Polychaeta,Phyllodocida,Polynoidae,Nonparahalosydna,Nonparahalosydna pleiolepis,0.025048924,Polychaet
Saccharina,Scalpay_15_6_21_5,Scalpay,5,5,15_6_2021,15,6,2021,reads,62.5,Nonparahalosydna pleiolepis,Animalia,Annelida,Polychaeta,Phyllodocida,Polynoidae,Nonparahalosydna,Nonparahalosydna pleiolepis,0.025048924,Polychaet
