seaweed,sample_code,site,date,day,month,year,sample_type,total_sample_abund,Group_precise,abundance,,taxa,,,,,,,
Alaria,Pabay_10_12_21_1,Pabay,10_12_2021,10,12,2021,zooplankton,178,Bivalvia,17,,bivalvia,,,,,,,
Alaria,Pabay_10_12_21_1,Pabay,10_12_2021,10,12,2021,zooplankton,178,Bryozoa,17,,bryozoa,,,,,,,
Alaria,Pabay_10_12_21_1,Pabay,10_12_2021,10,12,2021,zooplankton,178,copepod_nauplii,85,,copepod_nauplii,,,,,,,
Alaria,Pabay_10_12_21_1,Pabay,10_12_2021,10,12,2021,zooplankton,178,copepods,34,,copepods,,,,,,,
Alaria,Pabay_10_12_21_1,Pabay,10_12_2021,10,12,2021,zooplankton,178,fish_egg,2,,fish_egg,,,,,,,
Alaria,Pabay_10_12_21_1,Pabay,10_12_2021,10,12,2021,zooplankton,178,Gastropoda,2,,gastropoda,,,,,,,
Alaria,Pabay_10_12_21_1,Pabay,10_12_2021,10,12,2021,zooplankton,178,holoplankton,140,,holoplankton,,,,,,,
Alaria,Pabay_10_12_21_1,Pabay,10_12_2021,10,12,2021,zooplankton,178,meroplankton,38,,meroplankton,,,,,,,
Alaria,Pabay_10_12_21_1,Pabay,10_12_2021,10,12,2021,zooplankton,178,microfibers,2,,microfibers,,,,,,,
Alaria,Pabay_10_12_21_1,Pabay,10_12_2021,10,12,2021,zooplankton,178,podon,2,,podon,,,,,,,
Alaria,Pabay_10_12_21_1,Pabay,10_12_2021,10,12,2021,zooplankton,178,sabellariidae,2,,sabellariidae,,,,,,,
Alaria,Pabay_10_12_21_1,Pabay,10_12_2021,10,12,2021,zooplankton,178,Branchiopoda,2,,Branchiopoda,,,,,,,
Alaria,Pabay_10_12_21_1,Pabay,10_12_2021,10,12,2021,zooplankton,178,Copepoda,119,,total_copepoda,,,,,,,
Alaria,Pabay_10_12_21_1,Pabay,10_12_2021,10,12,2021,zooplankton,178,Polychaeta,2,,total_polychaeta,,,,,,,
Saccharina,Pabay_10_12_21_1,Pabay,10_12_2021,10,12,2021,zooplankton,178,Bivalvia,17,,bivalvia,,,,,,,
Saccharina,Pabay_10_12_21_1,Pabay,10_12_2021,10,12,2021,zooplankton,178,Bryozoa,17,,bryozoa,,,,,,,
Saccharina,Pabay_10_12_21_1,Pabay,10_12_2021,10,12,2021,zooplankton,178,copepod_nauplii,85,,copepod_nauplii,,,,,,,
Saccharina,Pabay_10_12_21_1,Pabay,10_12_2021,10,12,2021,zooplankton,178,copepods,34,,copepods,,,,,,,
Saccharina,Pabay_10_12_21_1,Pabay,10_12_2021,10,12,2021,zooplankton,178,fish_egg,2,,fish_egg,,,,,,,
Saccharina,Pabay_10_12_21_1,Pabay,10_12_2021,10,12,2021,zooplankton,178,Gastropoda,2,,gastropoda,,,,,,,
Saccharina,Pabay_10_12_21_1,Pabay,10_12_2021,10,12,2021,zooplankton,178,holoplankton,140,,holoplankton,,,,,,,
Saccharina,Pabay_10_12_21_1,Pabay,10_12_2021,10,12,2021,zooplankton,178,meroplankton,38,,meroplankton,,,,,,,
Saccharina,Pabay_10_12_21_1,Pabay,10_12_2021,10,12,2021,zooplankton,178,microfibers,2,,microfibers,,,,,,,
Saccharina,Pabay_10_12_21_1,Pabay,10_12_2021,10,12,2021,zooplankton,178,podon,2,,podon,,,,,,,
Saccharina,Pabay_10_12_21_1,Pabay,10_12_2021,10,12,2021,zooplankton,178,sabellariidae,2,,sabellariidae,,,,,,,
Saccharina,Pabay_10_12_21_1,Pabay,10_12_2021,10,12,2021,zooplankton,178,Branchiopoda,2,,Branchiopoda,,,,,,,
Saccharina,Pabay_10_12_21_1,Pabay,10_12_2021,10,12,2021,zooplankton,178,Copepoda,119,,total_copepoda,,,,,,,
Saccharina,Pabay_10_12_21_1,Pabay,10_12_2021,10,12,2021,zooplankton,178,Polychaeta,2,,total_polychaeta,,,,,,,
Alaria,Pabay_10_12_21_2,Pabay,10_12_2021,10,12,2021,zooplankton,462,Bivalvia,2,,bivalvia,,,,,,,
Alaria,Pabay_10_12_21_2,Pabay,10_12_2021,10,12,2021,zooplankton,462,Bryozoa,34,,bryozoa,,,,,,,
Alaria,Pabay_10_12_21_2,Pabay,10_12_2021,10,12,2021,zooplankton,462,copepod_nauplii,204,,copepod_nauplii,,,,,,,
Alaria,Pabay_10_12_21_2,Pabay,10_12_2021,10,12,2021,zooplankton,462,copepods,153,,copepods,,,,,,,
Alaria,Pabay_10_12_21_2,Pabay,10_12_2021,10,12,2021,zooplankton,462,fish_egg,17,,fish_egg,,,,,,,
Alaria,Pabay_10_12_21_2,Pabay,10_12_2021,10,12,2021,zooplankton,462,Gastropoda,34,,gastropoda,,,,,,,
Alaria,Pabay_10_12_21_2,Pabay,10_12_2021,10,12,2021,zooplankton,462,holoplankton,376,,holoplankton,,,,,,,
Alaria,Pabay_10_12_21_2,Pabay,10_12_2021,10,12,2021,zooplankton,462,meroplankton,87,,meroplankton,,,,,,,
Alaria,Pabay_10_12_21_2,Pabay,10_12_2021,10,12,2021,zooplankton,462,microfibers,2,,microfibers,,,,,,,
Alaria,Pabay_10_12_21_2,Pabay,10_12_2021,10,12,2021,zooplankton,462,mp_fragments,2,,mp_fragments,,,,,,,
Alaria,Pabay_10_12_21_2,Pabay,10_12_2021,10,12,2021,zooplankton,462,sabellariidae,17,,sabellariidae,,,,,,,
Alaria,Pabay_10_12_21_2,Pabay,10_12_2021,10,12,2021,zooplankton,462,Copepoda,357,,total_copepoda,,,,,,,
Alaria,Pabay_10_12_21_2,Pabay,10_12_2021,10,12,2021,zooplankton,462,Polychaeta,17,,total_polychaeta,,,,,,,
Saccharina,Pabay_10_12_21_2,Pabay,10_12_2021,10,12,2021,zooplankton,462,Bivalvia,2,,bivalvia,,,,,,,
Saccharina,Pabay_10_12_21_2,Pabay,10_12_2021,10,12,2021,zooplankton,462,Bryozoa,34,,bryozoa,,,,,,,
Saccharina,Pabay_10_12_21_2,Pabay,10_12_2021,10,12,2021,zooplankton,462,copepod_nauplii,204,,copepod_nauplii,,,,,,,
Saccharina,Pabay_10_12_21_2,Pabay,10_12_2021,10,12,2021,zooplankton,462,copepods,153,,copepods,,,,,,,
Saccharina,Pabay_10_12_21_2,Pabay,10_12_2021,10,12,2021,zooplankton,462,fish_egg,17,,fish_egg,,,,,,,
Saccharina,Pabay_10_12_21_2,Pabay,10_12_2021,10,12,2021,zooplankton,462,Gastropoda,34,,gastropoda,,,,,,,
Saccharina,Pabay_10_12_21_2,Pabay,10_12_2021,10,12,2021,zooplankton,462,holoplankton,376,,holoplankton,,,,,,,
Saccharina,Pabay_10_12_21_2,Pabay,10_12_2021,10,12,2021,zooplankton,462,meroplankton,87,,meroplankton,,,,,,,
Saccharina,Pabay_10_12_21_2,Pabay,10_12_2021,10,12,2021,zooplankton,462,microfibers,2,,microfibers,,,,,,,
Saccharina,Pabay_10_12_21_2,Pabay,10_12_2021,10,12,2021,zooplankton,462,mp_fragments,2,,mp_fragments,,,,,,,
Saccharina,Pabay_10_12_21_2,Pabay,10_12_2021,10,12,2021,zooplankton,462,sabellariidae,17,,sabellariidae,,,,,,,
Saccharina,Pabay_10_12_21_2,Pabay,10_12_2021,10,12,2021,zooplankton,462,Copepoda,357,,total_copepoda,,,,,,,
Saccharina,Pabay_10_12_21_2,Pabay,10_12_2021,10,12,2021,zooplankton,462,Polychaeta,17,,total_polychaeta,,,,,,,
Alaria,Pabay_10_12_21_3,Pabay,10_12_2021,10,12,2021,zooplankton,106,Bivalvia,17,,bivalvia,,,,,,,
Alaria,Pabay_10_12_21_3,Pabay,10_12_2021,10,12,2021,zooplankton,106,Bryozoa,2,,bryozoa,,,,,,,
Alaria,Pabay_10_12_21_3,Pabay,10_12_2021,10,12,2021,zooplankton,106,copepod_nauplii,34,,copepod_nauplii,,,,,,,
Alaria,Pabay_10_12_21_3,Pabay,10_12_2021,10,12,2021,zooplankton,106,copepods,17,,copepods,,,,,,,
Alaria,Pabay_10_12_21_3,Pabay,10_12_2021,10,12,2021,zooplankton,106,Gastropoda,2,,gastropoda,,,,,,,
Alaria,Pabay_10_12_21_3,Pabay,10_12_2021,10,12,2021,zooplankton,106,holoplankton,68,,holoplankton,,,,,,,
Alaria,Pabay_10_12_21_3,Pabay,10_12_2021,10,12,2021,zooplankton,106,meroplankton,38,,meroplankton,,,,,,,
Alaria,Pabay_10_12_21_3,Pabay,10_12_2021,10,12,2021,zooplankton,106,microfibers,17,,microfibers,,,,,,,
Alaria,Pabay_10_12_21_3,Pabay,10_12_2021,10,12,2021,zooplankton,106,ophiura_larvae,17,,ophiura_larvae,,,,,,,
Alaria,Pabay_10_12_21_3,Pabay,10_12_2021,10,12,2021,zooplankton,106,Copepoda,51,,total_copepoda,,,,,,,
Saccharina,Pabay_10_12_21_3,Pabay,10_12_2021,10,12,2021,zooplankton,106,Bivalvia,17,,bivalvia,,,,,,,
Saccharina,Pabay_10_12_21_3,Pabay,10_12_2021,10,12,2021,zooplankton,106,Bryozoa,2,,bryozoa,,,,,,,
Saccharina,Pabay_10_12_21_3,Pabay,10_12_2021,10,12,2021,zooplankton,106,copepod_nauplii,34,,copepod_nauplii,,,,,,,
Saccharina,Pabay_10_12_21_3,Pabay,10_12_2021,10,12,2021,zooplankton,106,copepods,17,,copepods,,,,,,,
Saccharina,Pabay_10_12_21_3,Pabay,10_12_2021,10,12,2021,zooplankton,106,Gastropoda,2,,gastropoda,,,,,,,
Saccharina,Pabay_10_12_21_3,Pabay,10_12_2021,10,12,2021,zooplankton,106,holoplankton,68,,holoplankton,,,,,,,
Saccharina,Pabay_10_12_21_3,Pabay,10_12_2021,10,12,2021,zooplankton,106,meroplankton,38,,meroplankton,,,,,,,
Saccharina,Pabay_10_12_21_3,Pabay,10_12_2021,10,12,2021,zooplankton,106,microfibers,17,,microfibers,,,,,,,
Saccharina,Pabay_10_12_21_3,Pabay,10_12_2021,10,12,2021,zooplankton,106,ophiura_larvae,17,,ophiura_larvae,,,,,,,
Saccharina,Pabay_10_12_21_3,Pabay,10_12_2021,10,12,2021,zooplankton,106,Copepoda,51,,total_copepoda,,,,,,,
Alaria,Pabay_10_4_22_1,Pabay,10_4_2022,10,4,2022,zooplankton,878,Bivalvia,2,,bivalvia,,,,,,,
Alaria,Pabay_10_4_22_1,Pabay,10_4_2022,10,4,2022,zooplankton,878,copepod_nauplii,127,,copepod_nauplii,,,,,,,
Alaria,Pabay_10_4_22_1,Pabay,10_4_2022,10,4,2022,zooplankton,878,copepods,229,,copepods,,,,,,,
Alaria,Pabay_10_4_22_1,Pabay,10_4_2022,10,4,2022,zooplankton,878,decapoda_larvae,2,,decapoda_larvae,,,,,,,
Alaria,Pabay_10_4_22_1,Pabay,10_4_2022,10,4,2022,zooplankton,878,evadne,204,,evadne,,,,,,,
Alaria,Pabay_10_4_22_1,Pabay,10_4_2022,10,4,2022,zooplankton,878,fish_egg,25,,fish_egg,,,,,,,
Alaria,Pabay_10_4_22_1,Pabay,10_4_2022,10,4,2022,zooplankton,878,Gastropoda,2,,gastropoda,,,,,,,
Alaria,Pabay_10_4_22_1,Pabay,10_4_2022,10,4,2022,zooplankton,878,holoplankton,789,,holoplankton,,,,,,,
Alaria,Pabay_10_4_22_1,Pabay,10_4_2022,10,4,2022,zooplankton,878,meroplankton,89,,meroplankton,,,,,,,
Alaria,Pabay_10_4_22_1,Pabay,10_4_2022,10,4,2022,zooplankton,878,obelia,2,,obelia,,,,,,,
Alaria,Pabay_10_4_22_1,Pabay,10_4_2022,10,4,2022,zooplankton,878,other_polychaetae_larvae,76,,other_polychaetae_larvae,,,,,,,
Alaria,Pabay_10_4_22_1,Pabay,10_4_2022,10,4,2022,zooplankton,878,podon,25,,podon,,,,,,,
Alaria,Pabay_10_4_22_1,Pabay,10_4_2022,10,4,2022,zooplankton,878,sea_urchin_larvae,2,,sea_urchin_larvae,,,,,,,
Alaria,Pabay_10_4_22_1,Pabay,10_4_2022,10,4,2022,zooplankton,878,Balanoida,76,,total_balanoida,,,,,,,
Alaria,Pabay_10_4_22_1,Pabay,10_4_2022,10,4,2022,zooplankton,878,Branchiopoda,229,,Branchiopoda,,,,,,,
Alaria,Pabay_10_4_22_1,Pabay,10_4_2022,10,4,2022,zooplankton,878,Copepoda,357,,total_copepoda,,,,,,,
Alaria,Pabay_10_4_22_1,Pabay,10_4_2022,10,4,2022,zooplankton,878,Hydrozoa,2,,total_hydrozoa,,,,,,,
Alaria,Pabay_10_4_22_1,Pabay,10_4_2022,10,4,2022,zooplankton,878,Malacostraca,2,,Malacostraca,,,,,,,
Alaria,Pabay_10_4_22_1,Pabay,10_4_2022,10,4,2022,zooplankton,878,Polychaeta,76,,total_polychaeta,,,,,,,
Saccharina,Pabay_10_4_22_1,Pabay,10_4_2022,10,4,2022,zooplankton,878,Bivalvia,2,,bivalvia,,,,,,,
Saccharina,Pabay_10_4_22_1,Pabay,10_4_2022,10,4,2022,zooplankton,878,copepod_nauplii,127,,copepod_nauplii,,,,,,,
Saccharina,Pabay_10_4_22_1,Pabay,10_4_2022,10,4,2022,zooplankton,878,copepods,229,,copepods,,,,,,,
Saccharina,Pabay_10_4_22_1,Pabay,10_4_2022,10,4,2022,zooplankton,878,decapoda_larvae,2,,decapoda_larvae,,,,,,,
Saccharina,Pabay_10_4_22_1,Pabay,10_4_2022,10,4,2022,zooplankton,878,evadne,204,,evadne,,,,,,,
Saccharina,Pabay_10_4_22_1,Pabay,10_4_2022,10,4,2022,zooplankton,878,fish_egg,25,,fish_egg,,,,,,,
Saccharina,Pabay_10_4_22_1,Pabay,10_4_2022,10,4,2022,zooplankton,878,Gastropoda,2,,gastropoda,,,,,,,
Saccharina,Pabay_10_4_22_1,Pabay,10_4_2022,10,4,2022,zooplankton,878,holoplankton,789,,holoplankton,,,,,,,
Saccharina,Pabay_10_4_22_1,Pabay,10_4_2022,10,4,2022,zooplankton,878,meroplankton,89,,meroplankton,,,,,,,
Saccharina,Pabay_10_4_22_1,Pabay,10_4_2022,10,4,2022,zooplankton,878,obelia,2,,obelia,,,,,,,
Saccharina,Pabay_10_4_22_1,Pabay,10_4_2022,10,4,2022,zooplankton,878,other_polychaetae_larvae,76,,other_polychaetae_larvae,,,,,,,
Saccharina,Pabay_10_4_22_1,Pabay,10_4_2022,10,4,2022,zooplankton,878,podon,25,,podon,,,,,,,
Saccharina,Pabay_10_4_22_1,Pabay,10_4_2022,10,4,2022,zooplankton,878,sea_urchin_larvae,2,,sea_urchin_larvae,,,,,,,
Saccharina,Pabay_10_4_22_1,Pabay,10_4_2022,10,4,2022,zooplankton,878,Balanoida,76,,total_balanoida,,,,,,,
Saccharina,Pabay_10_4_22_1,Pabay,10_4_2022,10,4,2022,zooplankton,878,Branchiopoda,229,,Branchiopoda,,,,,,,
Saccharina,Pabay_10_4_22_1,Pabay,10_4_2022,10,4,2022,zooplankton,878,Copepoda,357,,total_copepoda,,,,,,,
Saccharina,Pabay_10_4_22_1,Pabay,10_4_2022,10,4,2022,zooplankton,878,Hydrozoa,2,,total_hydrozoa,,,,,,,
Saccharina,Pabay_10_4_22_1,Pabay,10_4_2022,10,4,2022,zooplankton,878,Malacostraca,2,,Malacostraca,,,,,,,
Saccharina,Pabay_10_4_22_1,Pabay,10_4_2022,10,4,2022,zooplankton,878,Polychaeta,76,,total_polychaeta,,,,,,,
Alaria,Pabay_10_4_22_2,Pabay,10_4_2022,10,4,2022,zooplankton,437,copepod_nauplii,51,,copepod_nauplii,,,,,,,
Alaria,Pabay_10_4_22_2,Pabay,10_4_2022,10,4,2022,zooplankton,437,copepods,255,,copepods,,,,,,,
Alaria,Pabay_10_4_22_2,Pabay,10_4_2022,10,4,2022,zooplankton,437,decapoda_larvae,51,,decapoda_larvae,,,,,,,
Alaria,Pabay_10_4_22_2,Pabay,10_4_2022,10,4,2022,zooplankton,437,evadne,2,,evadne,,,,,,,
Alaria,Pabay_10_4_22_2,Pabay,10_4_2022,10,4,2022,zooplankton,437,fish_egg,2,,fish_egg,,,,,,,
Alaria,Pabay_10_4_22_2,Pabay,10_4_2022,10,4,2022,zooplankton,437,holoplankton,361,,holoplankton,,,,,,,
Alaria,Pabay_10_4_22_2,Pabay,10_4_2022,10,4,2022,zooplankton,437,meroplankton,76,,meroplankton,,,,,,,
Alaria,Pabay_10_4_22_2,Pabay,10_4_2022,10,4,2022,zooplankton,437,other_polychaetae_larvae,25,,other_polychaetae_larvae,,,,,,,
Alaria,Pabay_10_4_22_2,Pabay,10_4_2022,10,4,2022,zooplankton,437,Balanoida,51,,total_balanoida,,,,,,,
Alaria,Pabay_10_4_22_2,Pabay,10_4_2022,10,4,2022,zooplankton,437,Branchiopoda,2,,Branchiopoda,,,,,,,
Alaria,Pabay_10_4_22_2,Pabay,10_4_2022,10,4,2022,zooplankton,437,Copepoda,306,,total_copepoda,,,,,,,
Alaria,Pabay_10_4_22_2,Pabay,10_4_2022,10,4,2022,zooplankton,437,Malacostraca,51,,Malacostraca,,,,,,,
Alaria,Pabay_10_4_22_2,Pabay,10_4_2022,10,4,2022,zooplankton,437,Polychaeta,25,,total_polychaeta,,,,,,,
Saccharina,Pabay_10_4_22_2,Pabay,10_4_2022,10,4,2022,zooplankton,437,copepod_nauplii,51,,copepod_nauplii,,,,,,,
Saccharina,Pabay_10_4_22_2,Pabay,10_4_2022,10,4,2022,zooplankton,437,copepods,255,,copepods,,,,,,,
Saccharina,Pabay_10_4_22_2,Pabay,10_4_2022,10,4,2022,zooplankton,437,decapoda_larvae,51,,decapoda_larvae,,,,,,,
Saccharina,Pabay_10_4_22_2,Pabay,10_4_2022,10,4,2022,zooplankton,437,evadne,2,,evadne,,,,,,,
Saccharina,Pabay_10_4_22_2,Pabay,10_4_2022,10,4,2022,zooplankton,437,fish_egg,2,,fish_egg,,,,,,,
Saccharina,Pabay_10_4_22_2,Pabay,10_4_2022,10,4,2022,zooplankton,437,holoplankton,361,,holoplankton,,,,,,,
Saccharina,Pabay_10_4_22_2,Pabay,10_4_2022,10,4,2022,zooplankton,437,meroplankton,76,,meroplankton,,,,,,,
Saccharina,Pabay_10_4_22_2,Pabay,10_4_2022,10,4,2022,zooplankton,437,other_polychaetae_larvae,25,,other_polychaetae_larvae,,,,,,,
Saccharina,Pabay_10_4_22_2,Pabay,10_4_2022,10,4,2022,zooplankton,437,Balanoida,51,,total_balanoida,,,,,,,
Saccharina,Pabay_10_4_22_2,Pabay,10_4_2022,10,4,2022,zooplankton,437,Branchiopoda,2,,Branchiopoda,,,,,,,
Saccharina,Pabay_10_4_22_2,Pabay,10_4_2022,10,4,2022,zooplankton,437,Copepoda,306,,total_copepoda,,,,,,,
Saccharina,Pabay_10_4_22_2,Pabay,10_4_2022,10,4,2022,zooplankton,437,Malacostraca,51,,Malacostraca,,,,,,,
Saccharina,Pabay_10_4_22_2,Pabay,10_4_2022,10,4,2022,zooplankton,437,Polychaeta,25,,total_polychaeta,,,,,,,
Alaria,Pabay_10_4_22_3,Pabay,10_4_2022,10,4,2022,zooplankton,1385,Bivalvia,25,,bivalvia,,,,,,,
Alaria,Pabay_10_4_22_3,Pabay,10_4_2022,10,4,2022,zooplankton,1385,clytia,17,,clytia,,,,,,,
Alaria,Pabay_10_4_22_3,Pabay,10_4_2022,10,4,2022,zooplankton,1385,copepod_nauplii,102,,copepod_nauplii,,,,,,,
Alaria,Pabay_10_4_22_3,Pabay,10_4_2022,10,4,2022,zooplankton,1385,copepods,178,,copepods,,,,,,,
Alaria,Pabay_10_4_22_3,Pabay,10_4_2022,10,4,2022,zooplankton,1385,decapoda_larvae,25,,decapoda_larvae,,,,,,,
Alaria,Pabay_10_4_22_3,Pabay,10_4_2022,10,4,2022,zooplankton,1385,evadne,255,,evadne,,,,,,,
Alaria,Pabay_10_4_22_3,Pabay,10_4_2022,10,4,2022,zooplankton,1385,fish_egg,25,,fish_egg,,,,,,,
Alaria,Pabay_10_4_22_3,Pabay,10_4_2022,10,4,2022,zooplankton,1385,Gastropoda,76,,gastropoda,,,,,,,
Alaria,Pabay_10_4_22_3,Pabay,10_4_2022,10,4,2022,zooplankton,1385,holoplankton,672,,holoplankton,,,,,,,
Alaria,Pabay_10_4_22_3,Pabay,10_4_2022,10,4,2022,zooplankton,1385,meroplankton,713,,meroplankton,,,,,,,
Alaria,Pabay_10_4_22_3,Pabay,10_4_2022,10,4,2022,zooplankton,1385,nemertini_larvae,2,,nemertini_larvae,,,,,,,
Alaria,Pabay_10_4_22_3,Pabay,10_4_2022,10,4,2022,zooplankton,1385,obelia,2,,obelia,,,,,,,
Alaria,Pabay_10_4_22_3,Pabay,10_4_2022,10,4,2022,zooplankton,1385,other_polychaetae_larvae,458,,other_polychaetae_larvae,,,,,,,
Alaria,Pabay_10_4_22_3,Pabay,10_4_2022,10,4,2022,zooplankton,1385,phoronida_larvae,2,,phoronida_larvae,,,,,,,
Alaria,Pabay_10_4_22_3,Pabay,10_4_2022,10,4,2022,zooplankton,1385,sea_urchin_larvae,102,,sea_urchin_larvae,,,,,,,
Alaria,Pabay_10_4_22_3,Pabay,10_4_2022,10,4,2022,zooplankton,1385,Balanoida,102,,total_balanoida,,,,,,,
Alaria,Pabay_10_4_22_3,Pabay,10_4_2022,10,4,2022,zooplankton,1385,Branchiopoda,255,,Branchiopoda,,,,,,,
Alaria,Pabay_10_4_22_3,Pabay,10_4_2022,10,4,2022,zooplankton,1385,Copepoda,280,,total_copepoda,,,,,,,
Alaria,Pabay_10_4_22_3,Pabay,10_4_2022,10,4,2022,zooplankton,1385,Hydrozoa,19,,total_hydrozoa,,,,,,,
Alaria,Pabay_10_4_22_3,Pabay,10_4_2022,10,4,2022,zooplankton,1385,Malacostraca,25,,Malacostraca,,,,,,,
Alaria,Pabay_10_4_22_3,Pabay,10_4_2022,10,4,2022,zooplankton,1385,Polychaeta,458,,total_polychaeta,,,,,,,
Saccharina,Pabay_10_4_22_3,Pabay,10_4_2022,10,4,2022,zooplankton,1385,Bivalvia,25,,bivalvia,,,,,,,
Saccharina,Pabay_10_4_22_3,Pabay,10_4_2022,10,4,2022,zooplankton,1385,clytia,17,,clytia,,,,,,,
Saccharina,Pabay_10_4_22_3,Pabay,10_4_2022,10,4,2022,zooplankton,1385,copepod_nauplii,102,,copepod_nauplii,,,,,,,
Saccharina,Pabay_10_4_22_3,Pabay,10_4_2022,10,4,2022,zooplankton,1385,copepods,178,,copepods,,,,,,,
Saccharina,Pabay_10_4_22_3,Pabay,10_4_2022,10,4,2022,zooplankton,1385,decapoda_larvae,25,,decapoda_larvae,,,,,,,
Saccharina,Pabay_10_4_22_3,Pabay,10_4_2022,10,4,2022,zooplankton,1385,evadne,255,,evadne,,,,,,,
Saccharina,Pabay_10_4_22_3,Pabay,10_4_2022,10,4,2022,zooplankton,1385,fish_egg,25,,fish_egg,,,,,,,
Saccharina,Pabay_10_4_22_3,Pabay,10_4_2022,10,4,2022,zooplankton,1385,Gastropoda,76,,gastropoda,,,,,,,
Saccharina,Pabay_10_4_22_3,Pabay,10_4_2022,10,4,2022,zooplankton,1385,holoplankton,672,,holoplankton,,,,,,,
Saccharina,Pabay_10_4_22_3,Pabay,10_4_2022,10,4,2022,zooplankton,1385,meroplankton,713,,meroplankton,,,,,,,
Saccharina,Pabay_10_4_22_3,Pabay,10_4_2022,10,4,2022,zooplankton,1385,nemertini_larvae,2,,nemertini_larvae,,,,,,,
Saccharina,Pabay_10_4_22_3,Pabay,10_4_2022,10,4,2022,zooplankton,1385,obelia,2,,obelia,,,,,,,
Saccharina,Pabay_10_4_22_3,Pabay,10_4_2022,10,4,2022,zooplankton,1385,other_polychaetae_larvae,458,,other_polychaetae_larvae,,,,,,,
Saccharina,Pabay_10_4_22_3,Pabay,10_4_2022,10,4,2022,zooplankton,1385,phoronida_larvae,2,,phoronida_larvae,,,,,,,
Saccharina,Pabay_10_4_22_3,Pabay,10_4_2022,10,4,2022,zooplankton,1385,sea_urchin_larvae,102,,sea_urchin_larvae,,,,,,,
Saccharina,Pabay_10_4_22_3,Pabay,10_4_2022,10,4,2022,zooplankton,1385,Balanoida,102,,total_balanoida,,,,,,,
Saccharina,Pabay_10_4_22_3,Pabay,10_4_2022,10,4,2022,zooplankton,1385,Branchiopoda,255,,Branchiopoda,,,,,,,
Saccharina,Pabay_10_4_22_3,Pabay,10_4_2022,10,4,2022,zooplankton,1385,Copepoda,280,,total_copepoda,,,,,,,
Saccharina,Pabay_10_4_22_3,Pabay,10_4_2022,10,4,2022,zooplankton,1385,Hydrozoa,19,,total_hydrozoa,,,,,,,
Saccharina,Pabay_10_4_22_3,Pabay,10_4_2022,10,4,2022,zooplankton,1385,Malacostraca,25,,Malacostraca,,,,,,,
Saccharina,Pabay_10_4_22_3,Pabay,10_4_2022,10,4,2022,zooplankton,1385,Polychaeta,458,,total_polychaeta,,,,,,,
Alaria,Pabay_13_11_21_1,Pabay,13_11_2021,13,11,2021,zooplankton,3145,Bivalvia,2,,bivalvia,,,,,,,
Alaria,Pabay_13_11_21_1,Pabay,13_11_2021,13,11,2021,zooplankton,3145,Bryozoa,85,,bryozoa,,,,,,,
Alaria,Pabay_13_11_21_1,Pabay,13_11_2021,13,11,2021,zooplankton,3145,copepod_nauplii,1392,,copepod_nauplii,,,,,,,
Alaria,Pabay_13_11_21_1,Pabay,13_11_2021,13,11,2021,zooplankton,3145,copepods,1460,,copepods,,,,,,,
Alaria,Pabay_13_11_21_1,Pabay,13_11_2021,13,11,2021,zooplankton,3145,fish_egg,2,,fish_egg,,,,,,,
Alaria,Pabay_13_11_21_1,Pabay,13_11_2021,13,11,2021,zooplankton,3145,Gastropoda,34,,gastropoda,,,,,,,
Alaria,Pabay_13_11_21_1,Pabay,13_11_2021,13,11,2021,zooplankton,3145,holoplankton,2956,,holoplankton,,,,,,,
Alaria,Pabay_13_11_21_1,Pabay,13_11_2021,13,11,2021,zooplankton,3145,meroplankton,189,,meroplankton,,,,,,,
Alaria,Pabay_13_11_21_1,Pabay,13_11_2021,13,11,2021,zooplankton,3145,sabellariidae,51,,sabellariidae,,,,,,,
Alaria,Pabay_13_11_21_1,Pabay,13_11_2021,13,11,2021,zooplankton,3145,Balanoida,34,,total_balanoida,,,,,,,
Alaria,Pabay_13_11_21_1,Pabay,13_11_2021,13,11,2021,zooplankton,3145,Copepoda,2852,,total_copepoda,,,,,,,
Alaria,Pabay_13_11_21_1,Pabay,13_11_2021,13,11,2021,zooplankton,3145,Polychaeta,51,,total_polychaeta,,,,,,,
Saccharina,Pabay_13_11_21_1,Pabay,13_11_2021,13,11,2021,zooplankton,3145,Bivalvia,2,,bivalvia,,,,,,,
Saccharina,Pabay_13_11_21_1,Pabay,13_11_2021,13,11,2021,zooplankton,3145,Bryozoa,85,,bryozoa,,,,,,,
Saccharina,Pabay_13_11_21_1,Pabay,13_11_2021,13,11,2021,zooplankton,3145,copepod_nauplii,1392,,copepod_nauplii,,,,,,,
Saccharina,Pabay_13_11_21_1,Pabay,13_11_2021,13,11,2021,zooplankton,3145,copepods,1460,,copepods,,,,,,,
Saccharina,Pabay_13_11_21_1,Pabay,13_11_2021,13,11,2021,zooplankton,3145,fish_egg,2,,fish_egg,,,,,,,
Saccharina,Pabay_13_11_21_1,Pabay,13_11_2021,13,11,2021,zooplankton,3145,Gastropoda,34,,gastropoda,,,,,,,
Saccharina,Pabay_13_11_21_1,Pabay,13_11_2021,13,11,2021,zooplankton,3145,holoplankton,2956,,holoplankton,,,,,,,
Saccharina,Pabay_13_11_21_1,Pabay,13_11_2021,13,11,2021,zooplankton,3145,meroplankton,189,,meroplankton,,,,,,,
Saccharina,Pabay_13_11_21_1,Pabay,13_11_2021,13,11,2021,zooplankton,3145,sabellariidae,51,,sabellariidae,,,,,,,
Saccharina,Pabay_13_11_21_1,Pabay,13_11_2021,13,11,2021,zooplankton,3145,Balanoida,34,,total_balanoida,,,,,,,
Saccharina,Pabay_13_11_21_1,Pabay,13_11_2021,13,11,2021,zooplankton,3145,Copepoda,2852,,total_copepoda,,,,,,,
Saccharina,Pabay_13_11_21_1,Pabay,13_11_2021,13,11,2021,zooplankton,3145,Polychaeta,51,,total_polychaeta,,,,,,,
Alaria,Pabay_13_11_21_2,Pabay,13_11_2021,13,11,2021,zooplankton,2096,Bivalvia,2,,bivalvia,,,,,,,
Alaria,Pabay_13_11_21_2,Pabay,13_11_2021,13,11,2021,zooplankton,2096,Bryozoa,85,,bryozoa,,,,,,,
Alaria,Pabay_13_11_21_2,Pabay,13_11_2021,13,11,2021,zooplankton,2096,copepod_nauplii,832,,copepod_nauplii,,,,,,,
Alaria,Pabay_13_11_21_2,Pabay,13_11_2021,13,11,2021,zooplankton,2096,copepods,1086,,copepods,,,,,,,
Alaria,Pabay_13_11_21_2,Pabay,13_11_2021,13,11,2021,zooplankton,2096,Gastropoda,34,,gastropoda,,,,,,,
Alaria,Pabay_13_11_21_2,Pabay,13_11_2021,13,11,2021,zooplankton,2096,holoplankton,1971,,holoplankton,,,,,,,
Alaria,Pabay_13_11_21_2,Pabay,13_11_2021,13,11,2021,zooplankton,2096,meroplankton,125,,meroplankton,,,,,,,
Alaria,Pabay_13_11_21_2,Pabay,13_11_2021,13,11,2021,zooplankton,2096,microfibers,2,,microfibers,,,,,,,
Alaria,Pabay_13_11_21_2,Pabay,13_11_2021,13,11,2021,zooplankton,2096,mp_fragments,2,,mp_fragments,,,,,,,
Alaria,Pabay_13_11_21_2,Pabay,13_11_2021,13,11,2021,zooplankton,2096,obelia,2,,obelia,,,,,,,
Alaria,Pabay_13_11_21_2,Pabay,13_11_2021,13,11,2021,zooplankton,2096,podon,2,,podon,,,,,,,
Alaria,Pabay_13_11_21_2,Pabay,13_11_2021,13,11,2021,zooplankton,2096,sabellariidae,2,,sabellariidae,,,,,,,
Alaria,Pabay_13_11_21_2,Pabay,13_11_2021,13,11,2021,zooplankton,2096,Branchiopoda,2,,Branchiopoda,,,,,,,
Alaria,Pabay_13_11_21_2,Pabay,13_11_2021,13,11,2021,zooplankton,2096,Copepoda,1918,,total_copepoda,,,,,,,
Alaria,Pabay_13_11_21_2,Pabay,13_11_2021,13,11,2021,zooplankton,2096,Hydrozoa,2,,total_hydrozoa,,,,,,,
Alaria,Pabay_13_11_21_2,Pabay,13_11_2021,13,11,2021,zooplankton,2096,Polychaeta,2,,total_polychaeta,,,,,,,
Saccharina,Pabay_13_11_21_2,Pabay,13_11_2021,13,11,2021,zooplankton,2096,Bivalvia,2,,bivalvia,,,,,,,
Saccharina,Pabay_13_11_21_2,Pabay,13_11_2021,13,11,2021,zooplankton,2096,Bryozoa,85,,bryozoa,,,,,,,
Saccharina,Pabay_13_11_21_2,Pabay,13_11_2021,13,11,2021,zooplankton,2096,copepod_nauplii,832,,copepod_nauplii,,,,,,,
Saccharina,Pabay_13_11_21_2,Pabay,13_11_2021,13,11,2021,zooplankton,2096,copepods,1086,,copepods,,,,,,,
Saccharina,Pabay_13_11_21_2,Pabay,13_11_2021,13,11,2021,zooplankton,2096,Gastropoda,34,,gastropoda,,,,,,,
Saccharina,Pabay_13_11_21_2,Pabay,13_11_2021,13,11,2021,zooplankton,2096,holoplankton,1971,,holoplankton,,,,,,,
Saccharina,Pabay_13_11_21_2,Pabay,13_11_2021,13,11,2021,zooplankton,2096,meroplankton,125,,meroplankton,,,,,,,
Saccharina,Pabay_13_11_21_2,Pabay,13_11_2021,13,11,2021,zooplankton,2096,microfibers,2,,microfibers,,,,,,,
Saccharina,Pabay_13_11_21_2,Pabay,13_11_2021,13,11,2021,zooplankton,2096,mp_fragments,2,,mp_fragments,,,,,,,
Saccharina,Pabay_13_11_21_2,Pabay,13_11_2021,13,11,2021,zooplankton,2096,obelia,2,,obelia,,,,,,,
Saccharina,Pabay_13_11_21_2,Pabay,13_11_2021,13,11,2021,zooplankton,2096,podon,2,,podon,,,,,,,
Saccharina,Pabay_13_11_21_2,Pabay,13_11_2021,13,11,2021,zooplankton,2096,sabellariidae,2,,sabellariidae,,,,,,,
Saccharina,Pabay_13_11_21_2,Pabay,13_11_2021,13,11,2021,zooplankton,2096,Branchiopoda,2,,Branchiopoda,,,,,,,
Saccharina,Pabay_13_11_21_2,Pabay,13_11_2021,13,11,2021,zooplankton,2096,Copepoda,1918,,total_copepoda,,,,,,,
Saccharina,Pabay_13_11_21_2,Pabay,13_11_2021,13,11,2021,zooplankton,2096,Hydrozoa,2,,total_hydrozoa,,,,,,,
Saccharina,Pabay_13_11_21_2,Pabay,13_11_2021,13,11,2021,zooplankton,2096,Polychaeta,2,,total_polychaeta,,,,,,,
Alaria,Pabay_13_11_21_3,Pabay,13_11_2021,13,11,2021,zooplankton,3412,Bivalvia,34,,bivalvia,,,,,,,
Alaria,Pabay_13_11_21_3,Pabay,13_11_2021,13,11,2021,zooplankton,3412,Bryozoa,102,,bryozoa,,,,,,,
Alaria,Pabay_13_11_21_3,Pabay,13_11_2021,13,11,2021,zooplankton,3412,copepod_nauplii,1409,,copepod_nauplii,,,,,,,
Alaria,Pabay_13_11_21_3,Pabay,13_11_2021,13,11,2021,zooplankton,3412,copepods,1613,,copepods,,,,,,,
Alaria,Pabay_13_11_21_3,Pabay,13_11_2021,13,11,2021,zooplankton,3412,fish_egg,34,,fish_egg,,,,,,,
Alaria,Pabay_13_11_21_3,Pabay,13_11_2021,13,11,2021,zooplankton,3412,Gastropoda,102,,gastropoda,,,,,,,
Alaria,Pabay_13_11_21_3,Pabay,13_11_2021,13,11,2021,zooplankton,3412,holoplankton,3090,,holoplankton,,,,,,,
Alaria,Pabay_13_11_21_3,Pabay,13_11_2021,13,11,2021,zooplankton,3412,meroplankton,323,,meroplankton,,,,,,,
Alaria,Pabay_13_11_21_3,Pabay,13_11_2021,13,11,2021,zooplankton,3412,microfibers,2,,microfibers,,,,,,,
Alaria,Pabay_13_11_21_3,Pabay,13_11_2021,13,11,2021,zooplankton,3412,ophiura_larvae,17,,ophiura_larvae,,,,,,,
Alaria,Pabay_13_11_21_3,Pabay,13_11_2021,13,11,2021,zooplankton,3412,sabellariidae,68,,sabellariidae,,,,,,,
Alaria,Pabay_13_11_21_3,Pabay,13_11_2021,13,11,2021,zooplankton,3412,Copepoda,3022,,total_copepoda,,,,,,,
Alaria,Pabay_13_11_21_3,Pabay,13_11_2021,13,11,2021,zooplankton,3412,Polychaeta,68,,total_polychaeta,,,,,,,
Saccharina,Pabay_13_11_21_3,Pabay,13_11_2021,13,11,2021,zooplankton,3412,Bivalvia,34,,bivalvia,,,,,,,
Saccharina,Pabay_13_11_21_3,Pabay,13_11_2021,13,11,2021,zooplankton,3412,Bryozoa,102,,bryozoa,,,,,,,
Saccharina,Pabay_13_11_21_3,Pabay,13_11_2021,13,11,2021,zooplankton,3412,copepod_nauplii,1409,,copepod_nauplii,,,,,,,
Saccharina,Pabay_13_11_21_3,Pabay,13_11_2021,13,11,2021,zooplankton,3412,copepods,1613,,copepods,,,,,,,
Saccharina,Pabay_13_11_21_3,Pabay,13_11_2021,13,11,2021,zooplankton,3412,fish_egg,34,,fish_egg,,,,,,,
Saccharina,Pabay_13_11_21_3,Pabay,13_11_2021,13,11,2021,zooplankton,3412,Gastropoda,102,,gastropoda,,,,,,,
Saccharina,Pabay_13_11_21_3,Pabay,13_11_2021,13,11,2021,zooplankton,3412,holoplankton,3090,,holoplankton,,,,,,,
Saccharina,Pabay_13_11_21_3,Pabay,13_11_2021,13,11,2021,zooplankton,3412,meroplankton,323,,meroplankton,,,,,,,
Saccharina,Pabay_13_11_21_3,Pabay,13_11_2021,13,11,2021,zooplankton,3412,microfibers,2,,microfibers,,,,,,,
Saccharina,Pabay_13_11_21_3,Pabay,13_11_2021,13,11,2021,zooplankton,3412,ophiura_larvae,17,,ophiura_larvae,,,,,,,
Saccharina,Pabay_13_11_21_3,Pabay,13_11_2021,13,11,2021,zooplankton,3412,sabellariidae,68,,sabellariidae,,,,,,,
Saccharina,Pabay_13_11_21_3,Pabay,13_11_2021,13,11,2021,zooplankton,3412,Copepoda,3022,,total_copepoda,,,,,,,
Saccharina,Pabay_13_11_21_3,Pabay,13_11_2021,13,11,2021,zooplankton,3412,Polychaeta,68,,total_polychaeta,,,,,,,
Alaria,Pabay_14_1_22_1,Pabay,14_1_2022,14,1,2022,zooplankton,1038,Bivalvia,153,,bivalvia,,,,,,,
Alaria,Pabay_14_1_22_1,Pabay,14_1_2022,14,1,2022,zooplankton,1038,Bryozoa,17,,bryozoa,,,,,,,
Alaria,Pabay_14_1_22_1,Pabay,14_1_2022,14,1,2022,zooplankton,1038,copepod_nauplii,102,,copepod_nauplii,,,,,,,
Alaria,Pabay_14_1_22_1,Pabay,14_1_2022,14,1,2022,zooplankton,1038,copepods,475,,copepods,,,,,,,
Alaria,Pabay_14_1_22_1,Pabay,14_1_2022,14,1,2022,zooplankton,1038,Gastropoda,34,,gastropoda,,,,,,,
Alaria,Pabay_14_1_22_1,Pabay,14_1_2022,14,1,2022,zooplankton,1038,holoplankton,613,,holoplankton,,,,,,,
Alaria,Pabay_14_1_22_1,Pabay,14_1_2022,14,1,2022,zooplankton,1038,meroplankton,424,,meroplankton,,,,,,,
Alaria,Pabay_14_1_22_1,Pabay,14_1_2022,14,1,2022,zooplankton,1038,microfibers,2,,microfibers,,,,,,,
Alaria,Pabay_14_1_22_1,Pabay,14_1_2022,14,1,2022,zooplankton,1038,mp_fragments,2,,mp_fragments,,,,,,,
Alaria,Pabay_14_1_22_1,Pabay,14_1_2022,14,1,2022,zooplankton,1038,sabellariidae,204,,sabellariidae,,,,,,,
Alaria,Pabay_14_1_22_1,Pabay,14_1_2022,14,1,2022,zooplankton,1038,sea_urchin_larvae,17,,sea_urchin_larvae,,,,,,,
Alaria,Pabay_14_1_22_1,Pabay,14_1_2022,14,1,2022,zooplankton,1038,Balanoida,2,,total_balanoida,,,,,,,
Alaria,Pabay_14_1_22_1,Pabay,14_1_2022,14,1,2022,zooplankton,1038,Copepoda,577,,total_copepoda,,,,,,,
Alaria,Pabay_14_1_22_1,Pabay,14_1_2022,14,1,2022,zooplankton,1038,Polychaeta,204,,total_polychaeta,,,,,,,
Saccharina,Pabay_14_1_22_1,Pabay,14_1_2022,14,1,2022,zooplankton,1038,Bivalvia,153,,bivalvia,,,,,,,
Saccharina,Pabay_14_1_22_1,Pabay,14_1_2022,14,1,2022,zooplankton,1038,Bryozoa,17,,bryozoa,,,,,,,
Saccharina,Pabay_14_1_22_1,Pabay,14_1_2022,14,1,2022,zooplankton,1038,copepod_nauplii,102,,copepod_nauplii,,,,,,,
Saccharina,Pabay_14_1_22_1,Pabay,14_1_2022,14,1,2022,zooplankton,1038,copepods,475,,copepods,,,,,,,
Saccharina,Pabay_14_1_22_1,Pabay,14_1_2022,14,1,2022,zooplankton,1038,Gastropoda,34,,gastropoda,,,,,,,
Saccharina,Pabay_14_1_22_1,Pabay,14_1_2022,14,1,2022,zooplankton,1038,holoplankton,613,,holoplankton,,,,,,,
Saccharina,Pabay_14_1_22_1,Pabay,14_1_2022,14,1,2022,zooplankton,1038,meroplankton,424,,meroplankton,,,,,,,
Saccharina,Pabay_14_1_22_1,Pabay,14_1_2022,14,1,2022,zooplankton,1038,microfibers,2,,microfibers,,,,,,,
Saccharina,Pabay_14_1_22_1,Pabay,14_1_2022,14,1,2022,zooplankton,1038,mp_fragments,2,,mp_fragments,,,,,,,
Saccharina,Pabay_14_1_22_1,Pabay,14_1_2022,14,1,2022,zooplankton,1038,sabellariidae,204,,sabellariidae,,,,,,,
Saccharina,Pabay_14_1_22_1,Pabay,14_1_2022,14,1,2022,zooplankton,1038,sea_urchin_larvae,17,,sea_urchin_larvae,,,,,,,
Saccharina,Pabay_14_1_22_1,Pabay,14_1_2022,14,1,2022,zooplankton,1038,Balanoida,2,,total_balanoida,,,,,,,
Saccharina,Pabay_14_1_22_1,Pabay,14_1_2022,14,1,2022,zooplankton,1038,Copepoda,577,,total_copepoda,,,,,,,
Saccharina,Pabay_14_1_22_1,Pabay,14_1_2022,14,1,2022,zooplankton,1038,Polychaeta,204,,total_polychaeta,,,,,,,
Alaria,Pabay_14_1_22_2,Pabay,14_1_2022,14,1,2022,zooplankton,1241,Bivalvia,238,,bivalvia,,,,,,,
Alaria,Pabay_14_1_22_2,Pabay,14_1_2022,14,1,2022,zooplankton,1241,Bryozoa,51,,bryozoa,,,,,,,
Alaria,Pabay_14_1_22_2,Pabay,14_1_2022,14,1,2022,zooplankton,1241,copepod_nauplii,136,,copepod_nauplii,,,,,,,
Alaria,Pabay_14_1_22_2,Pabay,14_1_2022,14,1,2022,zooplankton,1241,copepods,543,,copepods,,,,,,,
Alaria,Pabay_14_1_22_2,Pabay,14_1_2022,14,1,2022,zooplankton,1241,evadne,17,,evadne,,,,,,,
Alaria,Pabay_14_1_22_2,Pabay,14_1_2022,14,1,2022,zooplankton,1241,Gastropoda,68,,gastropoda,,,,,,,
Alaria,Pabay_14_1_22_2,Pabay,14_1_2022,14,1,2022,zooplankton,1241,holoplankton,713,,holoplankton,,,,,,,
Alaria,Pabay_14_1_22_2,Pabay,14_1_2022,14,1,2022,zooplankton,1241,meroplankton,528,,meroplankton,,,,,,,
Alaria,Pabay_14_1_22_2,Pabay,14_1_2022,14,1,2022,zooplankton,1241,microfibers,17,,microfibers,,,,,,,
Alaria,Pabay_14_1_22_2,Pabay,14_1_2022,14,1,2022,zooplankton,1241,sabellariidae,170,,sabellariidae,,,,,,,
Alaria,Pabay_14_1_22_2,Pabay,14_1_2022,14,1,2022,zooplankton,1241,Branchiopoda,17,,Branchiopoda,,,,,,,
Alaria,Pabay_14_1_22_2,Pabay,14_1_2022,14,1,2022,zooplankton,1241,Copepoda,679,,total_copepoda,,,,,,,
Alaria,Pabay_14_1_22_2,Pabay,14_1_2022,14,1,2022,zooplankton,1241,Polychaeta,170,,total_polychaeta,,,,,,,
Saccharina,Pabay_14_1_22_2,Pabay,14_1_2022,14,1,2022,zooplankton,1241,Bivalvia,238,,bivalvia,,,,,,,
Saccharina,Pabay_14_1_22_2,Pabay,14_1_2022,14,1,2022,zooplankton,1241,Bryozoa,51,,bryozoa,,,,,,,
Saccharina,Pabay_14_1_22_2,Pabay,14_1_2022,14,1,2022,zooplankton,1241,copepod_nauplii,136,,copepod_nauplii,,,,,,,
Saccharina,Pabay_14_1_22_2,Pabay,14_1_2022,14,1,2022,zooplankton,1241,copepods,543,,copepods,,,,,,,
Saccharina,Pabay_14_1_22_2,Pabay,14_1_2022,14,1,2022,zooplankton,1241,evadne,17,,evadne,,,,,,,
Saccharina,Pabay_14_1_22_2,Pabay,14_1_2022,14,1,2022,zooplankton,1241,Gastropoda,68,,gastropoda,,,,,,,
Saccharina,Pabay_14_1_22_2,Pabay,14_1_2022,14,1,2022,zooplankton,1241,holoplankton,713,,holoplankton,,,,,,,
Saccharina,Pabay_14_1_22_2,Pabay,14_1_2022,14,1,2022,zooplankton,1241,meroplankton,528,,meroplankton,,,,,,,
Saccharina,Pabay_14_1_22_2,Pabay,14_1_2022,14,1,2022,zooplankton,1241,microfibers,17,,microfibers,,,,,,,
Saccharina,Pabay_14_1_22_2,Pabay,14_1_2022,14,1,2022,zooplankton,1241,sabellariidae,170,,sabellariidae,,,,,,,
Saccharina,Pabay_14_1_22_2,Pabay,14_1_2022,14,1,2022,zooplankton,1241,Branchiopoda,17,,Branchiopoda,,,,,,,
Saccharina,Pabay_14_1_22_2,Pabay,14_1_2022,14,1,2022,zooplankton,1241,Copepoda,679,,total_copepoda,,,,,,,
Saccharina,Pabay_14_1_22_2,Pabay,14_1_2022,14,1,2022,zooplankton,1241,Polychaeta,170,,total_polychaeta,,,,,,,
Alaria,Pabay_14_1_22_3,Pabay,14_1_2022,14,1,2022,zooplankton,2568,Bivalvia,407,,bivalvia,,,,,,,
Alaria,Pabay_14_1_22_3,Pabay,14_1_2022,14,1,2022,zooplankton,2568,Bryozoa,2,,bryozoa,,,,,,,
Alaria,Pabay_14_1_22_3,Pabay,14_1_2022,14,1,2022,zooplankton,2568,copepod_nauplii,407,,copepod_nauplii,,,,,,,
Alaria,Pabay_14_1_22_3,Pabay,14_1_2022,14,1,2022,zooplankton,2568,copepods,1137,,copepods,,,,,,,
Alaria,Pabay_14_1_22_3,Pabay,14_1_2022,14,1,2022,zooplankton,2568,Gastropoda,102,,gastropoda,,,,,,,
Alaria,Pabay_14_1_22_3,Pabay,14_1_2022,14,1,2022,zooplankton,2568,holoplankton,1562,,holoplankton,,,,,,,
Alaria,Pabay_14_1_22_3,Pabay,14_1_2022,14,1,2022,zooplankton,2568,meroplankton,1006,,meroplankton,,,,,,,
Alaria,Pabay_14_1_22_3,Pabay,14_1_2022,14,1,2022,zooplankton,2568,mp_fragments,2,,mp_fragments,,,,,,,
Alaria,Pabay_14_1_22_3,Pabay,14_1_2022,14,1,2022,zooplankton,2568,sabellariidae,475,,sabellariidae,,,,,,,
Alaria,Pabay_14_1_22_3,Pabay,14_1_2022,14,1,2022,zooplankton,2568,sea_urchin_larvae,2,,sea_urchin_larvae,,,,,,,
Alaria,Pabay_14_1_22_3,Pabay,14_1_2022,14,1,2022,zooplankton,2568,Copepoda,1545,,total_copepoda,,,,,,,
Alaria,Pabay_14_1_22_3,Pabay,14_1_2022,14,1,2022,zooplankton,2568,Malacostraca,17,,Malacostraca,,,,,,,
Alaria,Pabay_14_1_22_3,Pabay,14_1_2022,14,1,2022,zooplankton,2568,Polychaeta,475,,total_polychaeta,,,,,,,
Saccharina,Pabay_14_1_22_3,Pabay,14_1_2022,14,1,2022,zooplankton,2568,Bivalvia,407,,bivalvia,,,,,,,
Saccharina,Pabay_14_1_22_3,Pabay,14_1_2022,14,1,2022,zooplankton,2568,Bryozoa,2,,bryozoa,,,,,,,
Saccharina,Pabay_14_1_22_3,Pabay,14_1_2022,14,1,2022,zooplankton,2568,copepod_nauplii,407,,copepod_nauplii,,,,,,,
Saccharina,Pabay_14_1_22_3,Pabay,14_1_2022,14,1,2022,zooplankton,2568,copepods,1137,,copepods,,,,,,,
Saccharina,Pabay_14_1_22_3,Pabay,14_1_2022,14,1,2022,zooplankton,2568,Gastropoda,102,,gastropoda,,,,,,,
Saccharina,Pabay_14_1_22_3,Pabay,14_1_2022,14,1,2022,zooplankton,2568,holoplankton,1562,,holoplankton,,,,,,,
Saccharina,Pabay_14_1_22_3,Pabay,14_1_2022,14,1,2022,zooplankton,2568,meroplankton,1006,,meroplankton,,,,,,,
Saccharina,Pabay_14_1_22_3,Pabay,14_1_2022,14,1,2022,zooplankton,2568,mp_fragments,2,,mp_fragments,,,,,,,
Saccharina,Pabay_14_1_22_3,Pabay,14_1_2022,14,1,2022,zooplankton,2568,sabellariidae,475,,sabellariidae,,,,,,,
Saccharina,Pabay_14_1_22_3,Pabay,14_1_2022,14,1,2022,zooplankton,2568,sea_urchin_larvae,2,,sea_urchin_larvae,,,,,,,
Saccharina,Pabay_14_1_22_3,Pabay,14_1_2022,14,1,2022,zooplankton,2568,Copepoda,1545,,total_copepoda,,,,,,,
Saccharina,Pabay_14_1_22_3,Pabay,14_1_2022,14,1,2022,zooplankton,2568,Malacostraca,17,,Malacostraca,,,,,,,
Saccharina,Pabay_14_1_22_3,Pabay,14_1_2022,14,1,2022,zooplankton,2568,Polychaeta,475,,total_polychaeta,,,,,,,
Alaria,Pabay_15_6_21_1,Pabay,15_6_2021,15,6,2021,zooplankton,2075,Bivalvia,2,,bivalvia,,,,,,,
Alaria,Pabay_15_6_21_1,Pabay,15_6_2021,15,6,2021,zooplankton,2075,copepod_nauplii,509,,copepod_nauplii,,,,,,,
Alaria,Pabay_15_6_21_1,Pabay,15_6_2021,15,6,2021,zooplankton,2075,copepods,1451,,copepods,,,,,,,
Alaria,Pabay_15_6_21_1,Pabay,15_6_2021,15,6,2021,zooplankton,2075,evadne,76,,evadne,,,,,,,
Alaria,Pabay_15_6_21_1,Pabay,15_6_2021,15,6,2021,zooplankton,2075,fish_egg,2,,fish_egg,,,,,,,
Alaria,Pabay_15_6_21_1,Pabay,15_6_2021,15,6,2021,zooplankton,2075,fish_larvae,2,,fish_larvae,,,,,,,
Alaria,Pabay_15_6_21_1,Pabay,15_6_2021,15,6,2021,zooplankton,2075,Gastropoda,2,,gastropoda,,,,,,,
Alaria,Pabay_15_6_21_1,Pabay,15_6_2021,15,6,2021,zooplankton,2075,holoplankton,2043,,holoplankton,,,,,,,
Alaria,Pabay_15_6_21_1,Pabay,15_6_2021,15,6,2021,zooplankton,2075,meroplankton,30,,meroplankton,,,,,,,
Alaria,Pabay_15_6_21_1,Pabay,15_6_2021,15,6,2021,zooplankton,2075,microfibers,25,,microfibers,,,,,,,
Alaria,Pabay_15_6_21_1,Pabay,15_6_2021,15,6,2021,zooplankton,2075,ophiura_larvae,25,,ophiura_larvae,,,,,,,
Alaria,Pabay_15_6_21_1,Pabay,15_6_2021,15,6,2021,zooplankton,2075,sabellariidae,52,,sabellariidae,,,,,,,
Alaria,Pabay_15_6_21_1,Pabay,15_6_2021,15,6,2021,zooplankton,2075,sagitta,2,,sagitta,,,,,,,
Alaria,Pabay_15_6_21_1,Pabay,15_6_2021,15,6,2021,zooplankton,2075,Branchiopoda,76,,Branchiopoda,,,,,,,
Alaria,Pabay_15_6_21_1,Pabay,15_6_2021,15,6,2021,zooplankton,2075,Copepoda,1961,,total_copepoda,,,,,,,
Alaria,Pabay_15_6_21_1,Pabay,15_6_2021,15,6,2021,zooplankton,2075,Polychaeta,52,,total_polychaeta,,,,,,,
Saccharina,Pabay_15_6_21_1,Pabay,15_6_2021,15,6,2021,zooplankton,2075,Bivalvia,2,,bivalvia,,,,,,,
Saccharina,Pabay_15_6_21_1,Pabay,15_6_2021,15,6,2021,zooplankton,2075,copepod_nauplii,509,,copepod_nauplii,,,,,,,
Saccharina,Pabay_15_6_21_1,Pabay,15_6_2021,15,6,2021,zooplankton,2075,copepods,1451,,copepods,,,,,,,
Saccharina,Pabay_15_6_21_1,Pabay,15_6_2021,15,6,2021,zooplankton,2075,evadne,76,,evadne,,,,,,,
Saccharina,Pabay_15_6_21_1,Pabay,15_6_2021,15,6,2021,zooplankton,2075,fish_egg,2,,fish_egg,,,,,,,
Saccharina,Pabay_15_6_21_1,Pabay,15_6_2021,15,6,2021,zooplankton,2075,fish_larvae,2,,fish_larvae,,,,,,,
Saccharina,Pabay_15_6_21_1,Pabay,15_6_2021,15,6,2021,zooplankton,2075,Gastropoda,2,,gastropoda,,,,,,,
Saccharina,Pabay_15_6_21_1,Pabay,15_6_2021,15,6,2021,zooplankton,2075,holoplankton,2043,,holoplankton,,,,,,,
Saccharina,Pabay_15_6_21_1,Pabay,15_6_2021,15,6,2021,zooplankton,2075,meroplankton,30,,meroplankton,,,,,,,
Saccharina,Pabay_15_6_21_1,Pabay,15_6_2021,15,6,2021,zooplankton,2075,microfibers,25,,microfibers,,,,,,,
Saccharina,Pabay_15_6_21_1,Pabay,15_6_2021,15,6,2021,zooplankton,2075,ophiura_larvae,25,,ophiura_larvae,,,,,,,
Saccharina,Pabay_15_6_21_1,Pabay,15_6_2021,15,6,2021,zooplankton,2075,sabellariidae,52,,sabellariidae,,,,,,,
Saccharina,Pabay_15_6_21_1,Pabay,15_6_2021,15,6,2021,zooplankton,2075,sagitta,2,,sagitta,,,,,,,
Saccharina,Pabay_15_6_21_1,Pabay,15_6_2021,15,6,2021,zooplankton,2075,Branchiopoda,76,,Branchiopoda,,,,,,,
Saccharina,Pabay_15_6_21_1,Pabay,15_6_2021,15,6,2021,zooplankton,2075,Copepoda,1961,,total_copepoda,,,,,,,
Saccharina,Pabay_15_6_21_1,Pabay,15_6_2021,15,6,2021,zooplankton,2075,Polychaeta,52,,total_polychaeta,,,,,,,
Alaria,Pabay_15_6_21_2,Pabay,15_6_2021,15,6,2021,zooplankton,13753,Bivalvia,3336,,bivalvia,,,,,,,
Alaria,Pabay_15_6_21_2,Pabay,15_6_2021,15,6,2021,zooplankton,13753,copepod_nauplii,6825,,copepod_nauplii,,,,,,,
Alaria,Pabay_15_6_21_2,Pabay,15_6_2021,15,6,2021,zooplankton,13753,copepods,2954,,copepods,,,,,,,
Alaria,Pabay_15_6_21_2,Pabay,15_6_2021,15,6,2021,zooplankton,13753,fish_egg,25,,fish_egg,,,,,,,
Alaria,Pabay_15_6_21_2,Pabay,15_6_2021,15,6,2021,zooplankton,13753,Gastropoda,509,,gastropoda,,,,,,,
Alaria,Pabay_15_6_21_2,Pabay,15_6_2021,15,6,2021,zooplankton,13753,holoplankton,9906,,holoplankton,,,,,,,
Alaria,Pabay_15_6_21_2,Pabay,15_6_2021,15,6,2021,zooplankton,13753,meroplankton,3847,,meroplankton,,,,,,,
Alaria,Pabay_15_6_21_2,Pabay,15_6_2021,15,6,2021,zooplankton,13753,microfibers,76,,microfibers,,,,,,,
Alaria,Pabay_15_6_21_2,Pabay,15_6_2021,15,6,2021,zooplankton,13753,mp_fragments,25,,mp_fragments,,,,,,,
Alaria,Pabay_15_6_21_2,Pabay,15_6_2021,15,6,2021,zooplankton,13753,sabellariidae,51,,sabellariidae,,,,,,,
Alaria,Pabay_15_6_21_2,Pabay,15_6_2021,15,6,2021,zooplankton,13753,spionida,2,,spionida,,,,,,,
Alaria,Pabay_15_6_21_2,Pabay,15_6_2021,15,6,2021,zooplankton,13753,Copepoda,9778,,total_copepoda,,,,,,,
Alaria,Pabay_15_6_21_2,Pabay,15_6_2021,15,6,2021,zooplankton,13753,Hydrozoa,2,,total_hydrozoa,,,,,,,
Alaria,Pabay_15_6_21_2,Pabay,15_6_2021,15,6,2021,zooplankton,13753,Polychaeta,53,,total_polychaeta,,,,,,,
Alaria,Pabay_15_6_21_2,Pabay,15_6_2021,15,6,2021,zooplankton,13753,unknown_jellies,2,,unknown_jellies,,,,,,,
Saccharina,Pabay_15_6_21_2,Pabay,15_6_2021,15,6,2021,zooplankton,13753,Bivalvia,3336,,bivalvia,,,,,,,
Saccharina,Pabay_15_6_21_2,Pabay,15_6_2021,15,6,2021,zooplankton,13753,copepod_nauplii,6825,,copepod_nauplii,,,,,,,
Saccharina,Pabay_15_6_21_2,Pabay,15_6_2021,15,6,2021,zooplankton,13753,copepods,2954,,copepods,,,,,,,
Saccharina,Pabay_15_6_21_2,Pabay,15_6_2021,15,6,2021,zooplankton,13753,fish_egg,25,,fish_egg,,,,,,,
Saccharina,Pabay_15_6_21_2,Pabay,15_6_2021,15,6,2021,zooplankton,13753,Gastropoda,509,,gastropoda,,,,,,,
Saccharina,Pabay_15_6_21_2,Pabay,15_6_2021,15,6,2021,zooplankton,13753,holoplankton,9906,,holoplankton,,,,,,,
Saccharina,Pabay_15_6_21_2,Pabay,15_6_2021,15,6,2021,zooplankton,13753,meroplankton,3847,,meroplankton,,,,,,,
Saccharina,Pabay_15_6_21_2,Pabay,15_6_2021,15,6,2021,zooplankton,13753,microfibers,76,,microfibers,,,,,,,
Saccharina,Pabay_15_6_21_2,Pabay,15_6_2021,15,6,2021,zooplankton,13753,mp_fragments,25,,mp_fragments,,,,,,,
Saccharina,Pabay_15_6_21_2,Pabay,15_6_2021,15,6,2021,zooplankton,13753,sabellariidae,51,,sabellariidae,,,,,,,
Saccharina,Pabay_15_6_21_2,Pabay,15_6_2021,15,6,2021,zooplankton,13753,spionida,2,,spionida,,,,,,,
Saccharina,Pabay_15_6_21_2,Pabay,15_6_2021,15,6,2021,zooplankton,13753,Copepoda,9778,,total_copepoda,,,,,,,
Saccharina,Pabay_15_6_21_2,Pabay,15_6_2021,15,6,2021,zooplankton,13753,Hydrozoa,2,,total_hydrozoa,,,,,,,
Saccharina,Pabay_15_6_21_2,Pabay,15_6_2021,15,6,2021,zooplankton,13753,Polychaeta,53,,total_polychaeta,,,,,,,
Saccharina,Pabay_15_6_21_2,Pabay,15_6_2021,15,6,2021,zooplankton,13753,unknown_jellies,2,,unknown_jellies,,,,,,,
Alaria,Pabay_15_6_21_3,Pabay,15_6_2021,15,6,2021,zooplankton,7914,Bivalvia,1669,,bivalvia,,,,,,,
Alaria,Pabay_15_6_21_3,Pabay,15_6_2021,15,6,2021,zooplankton,7914,copepod_nauplii,3667,,copepod_nauplii,,,,,,,
Alaria,Pabay_15_6_21_3,Pabay,15_6_2021,15,6,2021,zooplankton,7914,copepods,2202.5,,copepods,,,,,,,
Alaria,Pabay_15_6_21_3,Pabay,15_6_2021,15,6,2021,zooplankton,7914,evadne,38,,evadne,,,,,,,
Alaria,Pabay_15_6_21_3,Pabay,15_6_2021,15,6,2021,zooplankton,7914,fish_egg,13.5,,fish_egg,,,,,,,
Alaria,Pabay_15_6_21_3,Pabay,15_6_2021,15,6,2021,zooplankton,7914,fish_larvae,1,,fish_larvae,,,,,,,
Alaria,Pabay_15_6_21_3,Pabay,15_6_2021,15,6,2021,zooplankton,7914,Gastropoda,255.5,,gastropoda,,,,,,,
Alaria,Pabay_15_6_21_3,Pabay,15_6_2021,15,6,2021,zooplankton,7914,holoplankton,5974.5,,holoplankton,,,,,,,
Alaria,Pabay_15_6_21_3,Pabay,15_6_2021,15,6,2021,zooplankton,7914,meroplankton,1938.5,,meroplankton,,,,,,,
Alaria,Pabay_15_6_21_3,Pabay,15_6_2021,15,6,2021,zooplankton,7914,microfibers,50.5,,microfibers,,,,,,,
Alaria,Pabay_15_6_21_3,Pabay,15_6_2021,15,6,2021,zooplankton,7914,mp_fragments,12.5,,mp_fragments,,,,,,,
Alaria,Pabay_15_6_21_3,Pabay,15_6_2021,15,6,2021,zooplankton,7914,ophiura_larvae,12.5,,ophiura_larvae,,,,,,,
Alaria,Pabay_15_6_21_3,Pabay,15_6_2021,15,6,2021,zooplankton,7914,sabellariidae,51.5,,sabellariidae,,,,,,,
Alaria,Pabay_15_6_21_3,Pabay,15_6_2021,15,6,2021,zooplankton,7914,sagitta,1,,sagitta,,,,,,,
Alaria,Pabay_15_6_21_3,Pabay,15_6_2021,15,6,2021,zooplankton,7914,spionida,1,,spionida,,,,,,,
Alaria,Pabay_15_6_21_3,Pabay,15_6_2021,15,6,2021,zooplankton,7914,Branchiopoda,38,,Branchiopoda,,,,,,,
Alaria,Pabay_15_6_21_3,Pabay,15_6_2021,15,6,2021,zooplankton,7914,Copepoda,5869.5,,total_copepoda,,,,,,,
Alaria,Pabay_15_6_21_3,Pabay,15_6_2021,15,6,2021,zooplankton,7914,Hydrozoa,1,,total_hydrozoa,,,,,,,
Alaria,Pabay_15_6_21_3,Pabay,15_6_2021,15,6,2021,zooplankton,7914,Polychaeta,52.5,,total_polychaeta,,,,,,,
Alaria,Pabay_15_6_21_3,Pabay,15_6_2021,15,6,2021,zooplankton,7914,unknown_jellies,1,,unknown_jellies,,,,,,,
Saccharina,Pabay_15_6_21_3,Pabay,15_6_2021,15,6,2021,zooplankton,7914,Bivalvia,1669,,bivalvia,,,,,,,
Saccharina,Pabay_15_6_21_3,Pabay,15_6_2021,15,6,2021,zooplankton,7914,copepod_nauplii,3667,,copepod_nauplii,,,,,,,
Saccharina,Pabay_15_6_21_3,Pabay,15_6_2021,15,6,2021,zooplankton,7914,copepods,2202.5,,copepods,,,,,,,
Saccharina,Pabay_15_6_21_3,Pabay,15_6_2021,15,6,2021,zooplankton,7914,evadne,38,,evadne,,,,,,,
Saccharina,Pabay_15_6_21_3,Pabay,15_6_2021,15,6,2021,zooplankton,7914,fish_egg,13.5,,fish_egg,,,,,,,
Saccharina,Pabay_15_6_21_3,Pabay,15_6_2021,15,6,2021,zooplankton,7914,fish_larvae,1,,fish_larvae,,,,,,,
Saccharina,Pabay_15_6_21_3,Pabay,15_6_2021,15,6,2021,zooplankton,7914,Gastropoda,255.5,,gastropoda,,,,,,,
Saccharina,Pabay_15_6_21_3,Pabay,15_6_2021,15,6,2021,zooplankton,7914,holoplankton,5974.5,,holoplankton,,,,,,,
Saccharina,Pabay_15_6_21_3,Pabay,15_6_2021,15,6,2021,zooplankton,7914,meroplankton,1938.5,,meroplankton,,,,,,,
Saccharina,Pabay_15_6_21_3,Pabay,15_6_2021,15,6,2021,zooplankton,7914,microfibers,50.5,,microfibers,,,,,,,
Saccharina,Pabay_15_6_21_3,Pabay,15_6_2021,15,6,2021,zooplankton,7914,mp_fragments,12.5,,mp_fragments,,,,,,,
Saccharina,Pabay_15_6_21_3,Pabay,15_6_2021,15,6,2021,zooplankton,7914,ophiura_larvae,12.5,,ophiura_larvae,,,,,,,
Saccharina,Pabay_15_6_21_3,Pabay,15_6_2021,15,6,2021,zooplankton,7914,sabellariidae,51.5,,sabellariidae,,,,,,,
Saccharina,Pabay_15_6_21_3,Pabay,15_6_2021,15,6,2021,zooplankton,7914,sagitta,1,,sagitta,,,,,,,
Saccharina,Pabay_15_6_21_3,Pabay,15_6_2021,15,6,2021,zooplankton,7914,spionida,1,,spionida,,,,,,,
Saccharina,Pabay_15_6_21_3,Pabay,15_6_2021,15,6,2021,zooplankton,7914,Branchiopoda,38,,Branchiopoda,,,,,,,
Saccharina,Pabay_15_6_21_3,Pabay,15_6_2021,15,6,2021,zooplankton,7914,Copepoda,5869.5,,total_copepoda,,,,,,,
Saccharina,Pabay_15_6_21_3,Pabay,15_6_2021,15,6,2021,zooplankton,7914,Hydrozoa,1,,total_hydrozoa,,,,,,,
Saccharina,Pabay_15_6_21_3,Pabay,15_6_2021,15,6,2021,zooplankton,7914,Polychaeta,52.5,,total_polychaeta,,,,,,,
Saccharina,Pabay_15_6_21_3,Pabay,15_6_2021,15,6,2021,zooplankton,7914,unknown_jellies,1,,unknown_jellies,,,,,,,
Alaria,Pabay_15_7_22_1,Pabay,15_7_2022,15,7,2022,zooplankton,17412,Bivalvia,2785,,bivalvia,,,,,,,
Alaria,Pabay_15_7_22_1,Pabay,15_7_2022,15,7,2022,zooplankton,17412,Bryozoa,102,,bryozoa,,,,,,,
Alaria,Pabay_15_7_22_1,Pabay,15_7_2022,15,7,2022,zooplankton,17412,copepod_nauplii,1868,,copepod_nauplii,,,,,,,
Alaria,Pabay_15_7_22_1,Pabay,15_7_2022,15,7,2022,zooplankton,17412,copepods,8709,,copepods,,,,,,,
Alaria,Pabay_15_7_22_1,Pabay,15_7_2022,15,7,2022,zooplankton,17412,ctenophore,2,,ctenophore,,,,,,,
Alaria,Pabay_15_7_22_1,Pabay,15_7_2022,15,7,2022,zooplankton,17412,evadne,3005,,evadne,,,,,,,
Alaria,Pabay_15_7_22_1,Pabay,15_7_2022,15,7,2022,zooplankton,17412,fish_egg,2,,fish_egg,,,,,,,
Alaria,Pabay_15_7_22_1,Pabay,15_7_2022,15,7,2022,zooplankton,17412,Gastropoda,102,,gastropoda,,,,,,,
Alaria,Pabay_15_7_22_1,Pabay,15_7_2022,15,7,2022,zooplankton,17412,holoplankton,14195,,holoplankton,,,,,,,
Alaria,Pabay_15_7_22_1,Pabay,15_7_2022,15,7,2022,zooplankton,17412,hydroids,2,,hydroids,,,,,,,
Alaria,Pabay_15_7_22_1,Pabay,15_7_2022,15,7,2022,zooplankton,17412,lizzia_blondina,35,,lizzia_blondina,,,,,,,
Alaria,Pabay_15_7_22_1,Pabay,15_7_2022,15,7,2022,zooplankton,17412,meroplankton,3217,,meroplankton,,,,,,,
Alaria,Pabay_15_7_22_1,Pabay,15_7_2022,15,7,2022,zooplankton,17412,obelia,35,,obelia,,,,,,,
Alaria,Pabay_15_7_22_1,Pabay,15_7_2022,15,7,2022,zooplankton,17412,ophiura_larvae,2,,ophiura_larvae,,,,,,,
Alaria,Pabay_15_7_22_1,Pabay,15_7_2022,15,7,2022,zooplankton,17412,sabellariidae,51,,sabellariidae,,,,,,,
Alaria,Pabay_15_7_22_1,Pabay,15_7_2022,15,7,2022,zooplankton,17412,spionida,88,,spionida,,,,,,,
Alaria,Pabay_15_7_22_1,Pabay,15_7_2022,15,7,2022,zooplankton,17412,Balanoida,16,,total_balanoida,,,,,,,
Alaria,Pabay_15_7_22_1,Pabay,15_7_2022,15,7,2022,zooplankton,17412,Branchiopoda,3005,,Branchiopoda,,,,,,,
Alaria,Pabay_15_7_22_1,Pabay,15_7_2022,15,7,2022,zooplankton,17412,Copepoda,10577,,total_copepoda,,,,,,,
Alaria,Pabay_15_7_22_1,Pabay,15_7_2022,15,7,2022,zooplankton,17412,Hydrozoa,71,,total_hydrozoa,,,,,,,
Alaria,Pabay_15_7_22_1,Pabay,15_7_2022,15,7,2022,zooplankton,17412,Malacostraca,16,,Malacostraca,,,,,,,
Alaria,Pabay_15_7_22_1,Pabay,15_7_2022,15,7,2022,zooplankton,17412,Polychaeta,139,,total_polychaeta,,,,,,,
Saccharina,Pabay_15_7_22_1,Pabay,15_7_2022,15,7,2022,zooplankton,17412,Bivalvia,2785,,bivalvia,,,,,,,
Saccharina,Pabay_15_7_22_1,Pabay,15_7_2022,15,7,2022,zooplankton,17412,Bryozoa,102,,bryozoa,,,,,,,
Saccharina,Pabay_15_7_22_1,Pabay,15_7_2022,15,7,2022,zooplankton,17412,copepod_nauplii,1868,,copepod_nauplii,,,,,,,
Saccharina,Pabay_15_7_22_1,Pabay,15_7_2022,15,7,2022,zooplankton,17412,copepods,8709,,copepods,,,,,,,
Saccharina,Pabay_15_7_22_1,Pabay,15_7_2022,15,7,2022,zooplankton,17412,ctenophore,2,,ctenophore,,,,,,,
Saccharina,Pabay_15_7_22_1,Pabay,15_7_2022,15,7,2022,zooplankton,17412,evadne,3005,,evadne,,,,,,,
Saccharina,Pabay_15_7_22_1,Pabay,15_7_2022,15,7,2022,zooplankton,17412,fish_egg,2,,fish_egg,,,,,,,
Saccharina,Pabay_15_7_22_1,Pabay,15_7_2022,15,7,2022,zooplankton,17412,Gastropoda,102,,gastropoda,,,,,,,
Saccharina,Pabay_15_7_22_1,Pabay,15_7_2022,15,7,2022,zooplankton,17412,holoplankton,14195,,holoplankton,,,,,,,
Saccharina,Pabay_15_7_22_1,Pabay,15_7_2022,15,7,2022,zooplankton,17412,hydroids,2,,hydroids,,,,,,,
Saccharina,Pabay_15_7_22_1,Pabay,15_7_2022,15,7,2022,zooplankton,17412,lizzia_blondina,35,,lizzia_blondina,,,,,,,
Saccharina,Pabay_15_7_22_1,Pabay,15_7_2022,15,7,2022,zooplankton,17412,meroplankton,3217,,meroplankton,,,,,,,
Saccharina,Pabay_15_7_22_1,Pabay,15_7_2022,15,7,2022,zooplankton,17412,obelia,35,,obelia,,,,,,,
Saccharina,Pabay_15_7_22_1,Pabay,15_7_2022,15,7,2022,zooplankton,17412,ophiura_larvae,2,,ophiura_larvae,,,,,,,
Saccharina,Pabay_15_7_22_1,Pabay,15_7_2022,15,7,2022,zooplankton,17412,sabellariidae,51,,sabellariidae,,,,,,,
Saccharina,Pabay_15_7_22_1,Pabay,15_7_2022,15,7,2022,zooplankton,17412,spionida,88,,spionida,,,,,,,
Saccharina,Pabay_15_7_22_1,Pabay,15_7_2022,15,7,2022,zooplankton,17412,Balanoida,16,,total_balanoida,,,,,,,
Saccharina,Pabay_15_7_22_1,Pabay,15_7_2022,15,7,2022,zooplankton,17412,Branchiopoda,3005,,Branchiopoda,,,,,,,
Saccharina,Pabay_15_7_22_1,Pabay,15_7_2022,15,7,2022,zooplankton,17412,Copepoda,10577,,total_copepoda,,,,,,,
Saccharina,Pabay_15_7_22_1,Pabay,15_7_2022,15,7,2022,zooplankton,17412,Hydrozoa,71,,total_hydrozoa,,,,,,,
Saccharina,Pabay_15_7_22_1,Pabay,15_7_2022,15,7,2022,zooplankton,17412,Malacostraca,16,,Malacostraca,,,,,,,
Saccharina,Pabay_15_7_22_1,Pabay,15_7_2022,15,7,2022,zooplankton,17412,Polychaeta,139,,total_polychaeta,,,,,,,
Alaria,Pabay_15_7_22_2,Pabay,15_7_2022,15,7,2022,zooplankton,15621,Bivalvia,1833,,bivalvia,,,,,,,
Alaria,Pabay_15_7_22_2,Pabay,15_7_2022,15,7,2022,zooplankton,15621,Bryozoa,136,,bryozoa,,,,,,,
Alaria,Pabay_15_7_22_2,Pabay,15_7_2022,15,7,2022,zooplankton,15621,copepod_nauplii,2445,,copepod_nauplii,,,,,,,
Alaria,Pabay_15_7_22_2,Pabay,15_7_2022,15,7,2022,zooplankton,15621,copepods,8403,,copepods,,,,,,,
Alaria,Pabay_15_7_22_2,Pabay,15_7_2022,15,7,2022,zooplankton,15621,ctenophore,16,,ctenophore,,,,,,,
Alaria,Pabay_15_7_22_2,Pabay,15_7_2022,15,7,2022,zooplankton,15621,decapoda_larvae,16,,decapoda_larvae,,,,,,,
Alaria,Pabay_15_7_22_2,Pabay,15_7_2022,15,7,2022,zooplankton,15621,evadne,2088,,evadne,,,,,,,
Alaria,Pabay_15_7_22_2,Pabay,15_7_2022,15,7,2022,zooplankton,15621,fish_egg,35,,fish_egg,,,,,,,
Alaria,Pabay_15_7_22_2,Pabay,15_7_2022,15,7,2022,zooplankton,15621,Gastropoda,67,,gastropoda,,,,,,,
Alaria,Pabay_15_7_22_2,Pabay,15_7_2022,15,7,2022,zooplankton,15621,holoplankton,13360,,holoplankton,,,,,,,
Alaria,Pabay_15_7_22_2,Pabay,15_7_2022,15,7,2022,zooplankton,15621,hydroids,2,,hydroids,,,,,,,
Alaria,Pabay_15_7_22_2,Pabay,15_7_2022,15,7,2022,zooplankton,15621,lizzia_blondina,2,,lizzia_blondina,,,,,,,
Alaria,Pabay_15_7_22_2,Pabay,15_7_2022,15,7,2022,zooplankton,15621,meroplankton,2261,,meroplankton,,,,,,,
Alaria,Pabay_15_7_22_2,Pabay,15_7_2022,15,7,2022,zooplankton,15621,obelia,35,,obelia,,,,,,,
Alaria,Pabay_15_7_22_2,Pabay,15_7_2022,15,7,2022,zooplankton,15621,ophiura_larvae,86,,ophiura_larvae,,,,,,,
Alaria,Pabay_15_7_22_2,Pabay,15_7_2022,15,7,2022,zooplankton,15621,podon,16,,podon,,,,,,,
Alaria,Pabay_15_7_22_2,Pabay,15_7_2022,15,7,2022,zooplankton,15621,sabellariidae,16,,sabellariidae,,,,,,,
Alaria,Pabay_15_7_22_2,Pabay,15_7_2022,15,7,2022,zooplankton,15621,solmaris_corona,16,,solmaris_corona,,,,,,,
Alaria,Pabay_15_7_22_2,Pabay,15_7_2022,15,7,2022,zooplankton,15621,spionida,35,,spionida,,,,,,,
Alaria,Pabay_15_7_22_2,Pabay,15_7_2022,15,7,2022,zooplankton,15621,Balanoida,51,,total_balanoida,,,,,,,
Alaria,Pabay_15_7_22_2,Pabay,15_7_2022,15,7,2022,zooplankton,15621,Branchiopoda,2104,,Branchiopoda,,,,,,,
Alaria,Pabay_15_7_22_2,Pabay,15_7_2022,15,7,2022,zooplankton,15621,Copepoda,10848,,total_copepoda,,,,,,,
Alaria,Pabay_15_7_22_2,Pabay,15_7_2022,15,7,2022,zooplankton,15621,Hydrozoa,39,,total_hydrozoa,,,,,,,
Alaria,Pabay_15_7_22_2,Pabay,15_7_2022,15,7,2022,zooplankton,15621,Malacostraca,33,,Malacostraca,,,,,,,
Alaria,Pabay_15_7_22_2,Pabay,15_7_2022,15,7,2022,zooplankton,15621,Polychaeta,51,,total_polychaeta,,,,,,,
Saccharina,Pabay_15_7_22_2,Pabay,15_7_2022,15,7,2022,zooplankton,15621,Bivalvia,1833,,bivalvia,,,,,,,
Saccharina,Pabay_15_7_22_2,Pabay,15_7_2022,15,7,2022,zooplankton,15621,Bryozoa,136,,bryozoa,,,,,,,
Saccharina,Pabay_15_7_22_2,Pabay,15_7_2022,15,7,2022,zooplankton,15621,copepod_nauplii,2445,,copepod_nauplii,,,,,,,
Saccharina,Pabay_15_7_22_2,Pabay,15_7_2022,15,7,2022,zooplankton,15621,copepods,8403,,copepods,,,,,,,
Saccharina,Pabay_15_7_22_2,Pabay,15_7_2022,15,7,2022,zooplankton,15621,ctenophore,16,,ctenophore,,,,,,,
Saccharina,Pabay_15_7_22_2,Pabay,15_7_2022,15,7,2022,zooplankton,15621,decapoda_larvae,16,,decapoda_larvae,,,,,,,
Saccharina,Pabay_15_7_22_2,Pabay,15_7_2022,15,7,2022,zooplankton,15621,evadne,2088,,evadne,,,,,,,
Saccharina,Pabay_15_7_22_2,Pabay,15_7_2022,15,7,2022,zooplankton,15621,fish_egg,35,,fish_egg,,,,,,,
Saccharina,Pabay_15_7_22_2,Pabay,15_7_2022,15,7,2022,zooplankton,15621,Gastropoda,67,,gastropoda,,,,,,,
Saccharina,Pabay_15_7_22_2,Pabay,15_7_2022,15,7,2022,zooplankton,15621,holoplankton,13360,,holoplankton,,,,,,,
Saccharina,Pabay_15_7_22_2,Pabay,15_7_2022,15,7,2022,zooplankton,15621,hydroids,2,,hydroids,,,,,,,
Saccharina,Pabay_15_7_22_2,Pabay,15_7_2022,15,7,2022,zooplankton,15621,lizzia_blondina,2,,lizzia_blondina,,,,,,,
Saccharina,Pabay_15_7_22_2,Pabay,15_7_2022,15,7,2022,zooplankton,15621,meroplankton,2261,,meroplankton,,,,,,,
Saccharina,Pabay_15_7_22_2,Pabay,15_7_2022,15,7,2022,zooplankton,15621,obelia,35,,obelia,,,,,,,
Saccharina,Pabay_15_7_22_2,Pabay,15_7_2022,15,7,2022,zooplankton,15621,ophiura_larvae,86,,ophiura_larvae,,,,,,,
Saccharina,Pabay_15_7_22_2,Pabay,15_7_2022,15,7,2022,zooplankton,15621,podon,16,,podon,,,,,,,
Saccharina,Pabay_15_7_22_2,Pabay,15_7_2022,15,7,2022,zooplankton,15621,sabellariidae,16,,sabellariidae,,,,,,,
Saccharina,Pabay_15_7_22_2,Pabay,15_7_2022,15,7,2022,zooplankton,15621,solmaris_corona,16,,solmaris_corona,,,,,,,
Saccharina,Pabay_15_7_22_2,Pabay,15_7_2022,15,7,2022,zooplankton,15621,spionida,35,,spionida,,,,,,,
Saccharina,Pabay_15_7_22_2,Pabay,15_7_2022,15,7,2022,zooplankton,15621,Balanoida,51,,total_balanoida,,,,,,,
Saccharina,Pabay_15_7_22_2,Pabay,15_7_2022,15,7,2022,zooplankton,15621,Branchiopoda,2104,,Branchiopoda,,,,,,,
Saccharina,Pabay_15_7_22_2,Pabay,15_7_2022,15,7,2022,zooplankton,15621,Copepoda,10848,,total_copepoda,,,,,,,
Saccharina,Pabay_15_7_22_2,Pabay,15_7_2022,15,7,2022,zooplankton,15621,Hydrozoa,39,,total_hydrozoa,,,,,,,
Saccharina,Pabay_15_7_22_2,Pabay,15_7_2022,15,7,2022,zooplankton,15621,Malacostraca,33,,Malacostraca,,,,,,,
Saccharina,Pabay_15_7_22_2,Pabay,15_7_2022,15,7,2022,zooplankton,15621,Polychaeta,51,,total_polychaeta,,,,,,,
Alaria,Pabay_15_7_22_3,Pabay,15_7_2022,15,7,2022,zooplankton,22346,Bivalvia,1799,,bivalvia,,,,,,,
Alaria,Pabay_15_7_22_3,Pabay,15_7_2022,15,7,2022,zooplankton,22346,Bryozoa,204,,bryozoa,,,,,,,
Alaria,Pabay_15_7_22_3,Pabay,15_7_2022,15,7,2022,zooplankton,22346,copepod_nauplii,3072,,copepod_nauplii,,,,,,,
Alaria,Pabay_15_7_22_3,Pabay,15_7_2022,15,7,2022,zooplankton,22346,copepods,13582,,copepods,,,,,,,
Alaria,Pabay_15_7_22_3,Pabay,15_7_2022,15,7,2022,zooplankton,22346,ctenophore,16,,ctenophore,,,,,,,
Alaria,Pabay_15_7_22_3,Pabay,15_7_2022,15,7,2022,zooplankton,22346,evadne,2479,,evadne,,,,,,,
Alaria,Pabay_15_7_22_3,Pabay,15_7_2022,15,7,2022,zooplankton,22346,Gastropoda,238,,gastropoda,,,,,,,
Alaria,Pabay_15_7_22_3,Pabay,15_7_2022,15,7,2022,zooplankton,22346,holoplankton,19812,,holoplankton,,,,,,,
Alaria,Pabay_15_7_22_3,Pabay,15_7_2022,15,7,2022,zooplankton,22346,hydroids,16,,hydroids,,,,,,,
Alaria,Pabay_15_7_22_3,Pabay,15_7_2022,15,7,2022,zooplankton,22346,meroplankton,2532,,meroplankton,,,,,,,
Alaria,Pabay_15_7_22_3,Pabay,15_7_2022,15,7,2022,zooplankton,22346,nemertini_larvae,16,,nemertini_larvae,,,,,,,
Alaria,Pabay_15_7_22_3,Pabay,15_7_2022,15,7,2022,zooplankton,22346,obelia,16,,obelia,,,,,,,
Alaria,Pabay_15_7_22_3,Pabay,15_7_2022,15,7,2022,zooplankton,22346,ophiura_larvae,35,,ophiura_larvae,,,,,,,
Alaria,Pabay_15_7_22_3,Pabay,15_7_2022,15,7,2022,zooplankton,22346,other_polychaetae_larvae,2,,other_polychaetae_larvae,,,,,,,
Alaria,Pabay_15_7_22_3,Pabay,15_7_2022,15,7,2022,zooplankton,22346,sabellariidae,35,,sabellariidae,,,,,,,
Alaria,Pabay_15_7_22_3,Pabay,15_7_2022,15,7,2022,zooplankton,22346,sagitta,2,,sagitta,,,,,,,
Alaria,Pabay_15_7_22_3,Pabay,15_7_2022,15,7,2022,zooplankton,22346,sea_urchin_larvae,2,,sea_urchin_larvae,,,,,,,
Alaria,Pabay_15_7_22_3,Pabay,15_7_2022,15,7,2022,zooplankton,22346,solmaris_corona,35,,solmaris_corona,,,,,,,
Alaria,Pabay_15_7_22_3,Pabay,15_7_2022,15,7,2022,zooplankton,22346,spionida,153,,spionida,,,,,,,
Alaria,Pabay_15_7_22_3,Pabay,15_7_2022,15,7,2022,zooplankton,22346,Balanoida,51,,total_balanoida,,,,,,,
Alaria,Pabay_15_7_22_3,Pabay,15_7_2022,15,7,2022,zooplankton,22346,Branchiopoda,2479,,Branchiopoda,,,,,,,
Alaria,Pabay_15_7_22_3,Pabay,15_7_2022,15,7,2022,zooplankton,22346,Copepoda,16654,,total_copepoda,,,,,,,
Alaria,Pabay_15_7_22_3,Pabay,15_7_2022,15,7,2022,zooplankton,22346,Hydrozoa,33,,total_hydrozoa,,,,,,,
Alaria,Pabay_15_7_22_3,Pabay,15_7_2022,15,7,2022,zooplankton,22346,Malacostraca,16,,Malacostraca,,,,,,,
Alaria,Pabay_15_7_22_3,Pabay,15_7_2022,15,7,2022,zooplankton,22346,Polychaeta,189,,total_polychaeta,,,,,,,
Saccharina,Pabay_15_7_22_3,Pabay,15_7_2022,15,7,2022,zooplankton,22346,Bivalvia,1799,,bivalvia,,,,,,,
Saccharina,Pabay_15_7_22_3,Pabay,15_7_2022,15,7,2022,zooplankton,22346,Bryozoa,204,,bryozoa,,,,,,,
Saccharina,Pabay_15_7_22_3,Pabay,15_7_2022,15,7,2022,zooplankton,22346,copepod_nauplii,3072,,copepod_nauplii,,,,,,,
Saccharina,Pabay_15_7_22_3,Pabay,15_7_2022,15,7,2022,zooplankton,22346,copepods,13582,,copepods,,,,,,,
Saccharina,Pabay_15_7_22_3,Pabay,15_7_2022,15,7,2022,zooplankton,22346,ctenophore,16,,ctenophore,,,,,,,
Saccharina,Pabay_15_7_22_3,Pabay,15_7_2022,15,7,2022,zooplankton,22346,evadne,2479,,evadne,,,,,,,
Saccharina,Pabay_15_7_22_3,Pabay,15_7_2022,15,7,2022,zooplankton,22346,Gastropoda,238,,gastropoda,,,,,,,
Saccharina,Pabay_15_7_22_3,Pabay,15_7_2022,15,7,2022,zooplankton,22346,holoplankton,19812,,holoplankton,,,,,,,
Saccharina,Pabay_15_7_22_3,Pabay,15_7_2022,15,7,2022,zooplankton,22346,hydroids,16,,hydroids,,,,,,,
Saccharina,Pabay_15_7_22_3,Pabay,15_7_2022,15,7,2022,zooplankton,22346,meroplankton,2532,,meroplankton,,,,,,,
Saccharina,Pabay_15_7_22_3,Pabay,15_7_2022,15,7,2022,zooplankton,22346,nemertini_larvae,16,,nemertini_larvae,,,,,,,
Saccharina,Pabay_15_7_22_3,Pabay,15_7_2022,15,7,2022,zooplankton,22346,obelia,16,,obelia,,,,,,,
Saccharina,Pabay_15_7_22_3,Pabay,15_7_2022,15,7,2022,zooplankton,22346,ophiura_larvae,35,,ophiura_larvae,,,,,,,
Saccharina,Pabay_15_7_22_3,Pabay,15_7_2022,15,7,2022,zooplankton,22346,other_polychaetae_larvae,2,,other_polychaetae_larvae,,,,,,,
Saccharina,Pabay_15_7_22_3,Pabay,15_7_2022,15,7,2022,zooplankton,22346,sabellariidae,35,,sabellariidae,,,,,,,
Saccharina,Pabay_15_7_22_3,Pabay,15_7_2022,15,7,2022,zooplankton,22346,sagitta,2,,sagitta,,,,,,,
Saccharina,Pabay_15_7_22_3,Pabay,15_7_2022,15,7,2022,zooplankton,22346,sea_urchin_larvae,2,,sea_urchin_larvae,,,,,,,
Saccharina,Pabay_15_7_22_3,Pabay,15_7_2022,15,7,2022,zooplankton,22346,solmaris_corona,35,,solmaris_corona,,,,,,,
Saccharina,Pabay_15_7_22_3,Pabay,15_7_2022,15,7,2022,zooplankton,22346,spionida,153,,spionida,,,,,,,
Saccharina,Pabay_15_7_22_3,Pabay,15_7_2022,15,7,2022,zooplankton,22346,Balanoida,51,,total_balanoida,,,,,,,
Saccharina,Pabay_15_7_22_3,Pabay,15_7_2022,15,7,2022,zooplankton,22346,Branchiopoda,2479,,Branchiopoda,,,,,,,
Saccharina,Pabay_15_7_22_3,Pabay,15_7_2022,15,7,2022,zooplankton,22346,Copepoda,16654,,total_copepoda,,,,,,,
Saccharina,Pabay_15_7_22_3,Pabay,15_7_2022,15,7,2022,zooplankton,22346,Hydrozoa,33,,total_hydrozoa,,,,,,,
Saccharina,Pabay_15_7_22_3,Pabay,15_7_2022,15,7,2022,zooplankton,22346,Malacostraca,16,,Malacostraca,,,,,,,
Saccharina,Pabay_15_7_22_3,Pabay,15_7_2022,15,7,2022,zooplankton,22346,Polychaeta,189,,total_polychaeta,,,,,,,
Alaria,Pabay_16_9_21_1,Pabay,16_9_2021,16,9,2021,zooplankton,23875,Bivalvia,764,,bivalvia,,,,,,,
Alaria,Pabay_16_9_21_1,Pabay,16_9_2021,16,9,2021,zooplankton,23875,Bryozoa,2,,bryozoa,,,,,,,
Alaria,Pabay_16_9_21_1,Pabay,16_9_2021,16,9,2021,zooplankton,23875,copepod_nauplii,11026,,copepod_nauplii,,,,,,,
Alaria,Pabay_16_9_21_1,Pabay,16_9_2021,16,9,2021,zooplankton,23875,copepods,5399,,copepods,,,,,,,
Alaria,Pabay_16_9_21_1,Pabay,16_9_2021,16,9,2021,zooplankton,23875,decapoda_larvae,178,,decapoda_larvae,,,,,,,
Alaria,Pabay_16_9_21_1,Pabay,16_9_2021,16,9,2021,zooplankton,23875,evadne,76,,evadne,,,,,,,
Alaria,Pabay_16_9_21_1,Pabay,16_9_2021,16,9,2021,zooplankton,23875,fish_egg,51,,fish_egg,,,,,,,
Alaria,Pabay_16_9_21_1,Pabay,16_9_2021,16,9,2021,zooplankton,23875,Gastropoda,1681,,gastropoda,,,,,,,
Alaria,Pabay_16_9_21_1,Pabay,16_9_2021,16,9,2021,zooplankton,23875,holoplankton,20934,,holoplankton,,,,,,,
Alaria,Pabay_16_9_21_1,Pabay,16_9_2021,16,9,2021,zooplankton,23875,meroplankton,2941,,meroplankton,,,,,,,
Alaria,Pabay_16_9_21_1,Pabay,16_9_2021,16,9,2021,zooplankton,23875,microfibers,25,,microfibers,,,,,,,
Alaria,Pabay_16_9_21_1,Pabay,16_9_2021,16,9,2021,zooplankton,23875,obelia,2,,obelia,,,,,,,
Alaria,Pabay_16_9_21_1,Pabay,16_9_2021,16,9,2021,zooplankton,23875,ophiura_larvae,2,,ophiura_larvae,,,,,,,
Alaria,Pabay_16_9_21_1,Pabay,16_9_2021,16,9,2021,zooplankton,23875,other_polychaetae_larvae,2,,other_polychaetae_larvae,,,,,,,
Alaria,Pabay_16_9_21_1,Pabay,16_9_2021,16,9,2021,zooplankton,23875,podon,2,,podon,,,,,,,
Alaria,Pabay_16_9_21_1,Pabay,16_9_2021,16,9,2021,zooplankton,23875,sabellariidae,306,,sabellariidae,,,,,,,
Alaria,Pabay_16_9_21_1,Pabay,16_9_2021,16,9,2021,zooplankton,23875,spionida,2,,spionida,,,,,,,
Alaria,Pabay_16_9_21_1,Pabay,16_9_2021,16,9,2021,zooplankton,23875,Balanoida,76,,total_balanoida,,,,,,,
Alaria,Pabay_16_9_21_1,Pabay,16_9_2021,16,9,2021,zooplankton,23875,Branchiopoda,78,,Branchiopoda,,,,,,,
Alaria,Pabay_16_9_21_1,Pabay,16_9_2021,16,9,2021,zooplankton,23875,Copepoda,16425,,total_copepoda,,,,,,,
Alaria,Pabay_16_9_21_1,Pabay,16_9_2021,16,9,2021,zooplankton,23875,Hydrozoa,2,,total_hydrozoa,,,,,,,
Alaria,Pabay_16_9_21_1,Pabay,16_9_2021,16,9,2021,zooplankton,23875,Malacostraca,178,,Malacostraca,,,,,,,
Alaria,Pabay_16_9_21_1,Pabay,16_9_2021,16,9,2021,zooplankton,23875,Polychaeta,310,,total_polychaeta,,,,,,,
Saccharina,Pabay_16_9_21_1,Pabay,16_9_2021,16,9,2021,zooplankton,23875,Bivalvia,764,,bivalvia,,,,,,,
Saccharina,Pabay_16_9_21_1,Pabay,16_9_2021,16,9,2021,zooplankton,23875,Bryozoa,2,,bryozoa,,,,,,,
Saccharina,Pabay_16_9_21_1,Pabay,16_9_2021,16,9,2021,zooplankton,23875,copepod_nauplii,11026,,copepod_nauplii,,,,,,,
Saccharina,Pabay_16_9_21_1,Pabay,16_9_2021,16,9,2021,zooplankton,23875,copepods,5399,,copepods,,,,,,,
Saccharina,Pabay_16_9_21_1,Pabay,16_9_2021,16,9,2021,zooplankton,23875,decapoda_larvae,178,,decapoda_larvae,,,,,,,
Saccharina,Pabay_16_9_21_1,Pabay,16_9_2021,16,9,2021,zooplankton,23875,evadne,76,,evadne,,,,,,,
Saccharina,Pabay_16_9_21_1,Pabay,16_9_2021,16,9,2021,zooplankton,23875,fish_egg,51,,fish_egg,,,,,,,
Saccharina,Pabay_16_9_21_1,Pabay,16_9_2021,16,9,2021,zooplankton,23875,Gastropoda,1681,,gastropoda,,,,,,,
Saccharina,Pabay_16_9_21_1,Pabay,16_9_2021,16,9,2021,zooplankton,23875,holoplankton,20934,,holoplankton,,,,,,,
Saccharina,Pabay_16_9_21_1,Pabay,16_9_2021,16,9,2021,zooplankton,23875,meroplankton,2941,,meroplankton,,,,,,,
Saccharina,Pabay_16_9_21_1,Pabay,16_9_2021,16,9,2021,zooplankton,23875,microfibers,25,,microfibers,,,,,,,
Saccharina,Pabay_16_9_21_1,Pabay,16_9_2021,16,9,2021,zooplankton,23875,obelia,2,,obelia,,,,,,,
Saccharina,Pabay_16_9_21_1,Pabay,16_9_2021,16,9,2021,zooplankton,23875,ophiura_larvae,2,,ophiura_larvae,,,,,,,
Saccharina,Pabay_16_9_21_1,Pabay,16_9_2021,16,9,2021,zooplankton,23875,other_polychaetae_larvae,2,,other_polychaetae_larvae,,,,,,,
Saccharina,Pabay_16_9_21_1,Pabay,16_9_2021,16,9,2021,zooplankton,23875,podon,2,,podon,,,,,,,
Saccharina,Pabay_16_9_21_1,Pabay,16_9_2021,16,9,2021,zooplankton,23875,sabellariidae,306,,sabellariidae,,,,,,,
Saccharina,Pabay_16_9_21_1,Pabay,16_9_2021,16,9,2021,zooplankton,23875,spionida,2,,spionida,,,,,,,
Saccharina,Pabay_16_9_21_1,Pabay,16_9_2021,16,9,2021,zooplankton,23875,Balanoida,76,,total_balanoida,,,,,,,
Saccharina,Pabay_16_9_21_1,Pabay,16_9_2021,16,9,2021,zooplankton,23875,Branchiopoda,78,,Branchiopoda,,,,,,,
Saccharina,Pabay_16_9_21_1,Pabay,16_9_2021,16,9,2021,zooplankton,23875,Copepoda,16425,,total_copepoda,,,,,,,
Saccharina,Pabay_16_9_21_1,Pabay,16_9_2021,16,9,2021,zooplankton,23875,Hydrozoa,2,,total_hydrozoa,,,,,,,
Saccharina,Pabay_16_9_21_1,Pabay,16_9_2021,16,9,2021,zooplankton,23875,Malacostraca,178,,Malacostraca,,,,,,,
Saccharina,Pabay_16_9_21_1,Pabay,16_9_2021,16,9,2021,zooplankton,23875,Polychaeta,310,,total_polychaeta,,,,,,,
Alaria,Pabay_16_9_21_2,Pabay,16_9_2021,16,9,2021,zooplankton,19499,Bivalvia,509,,bivalvia,,,,,,,
Alaria,Pabay_16_9_21_2,Pabay,16_9_2021,16,9,2021,zooplankton,19499,Bryozoa,2,,bryozoa,,,,,,,
Alaria,Pabay_16_9_21_2,Pabay,16_9_2021,16,9,2021,zooplankton,19499,copepod_nauplii,8590,,copepod_nauplii,,,,,,,
Alaria,Pabay_16_9_21_2,Pabay,16_9_2021,16,9,2021,zooplankton,19499,copepods,5229,,copepods,,,,,,,
Alaria,Pabay_16_9_21_2,Pabay,16_9_2021,16,9,2021,zooplankton,19499,decapoda_larvae,221,,decapoda_larvae,,,,,,,
Alaria,Pabay_16_9_21_2,Pabay,16_9_2021,16,9,2021,zooplankton,19499,evadne,17,,evadne,,,,,,,
Alaria,Pabay_16_9_21_2,Pabay,16_9_2021,16,9,2021,zooplankton,19499,fish_egg,34,,fish_egg,,,,,,,
Alaria,Pabay_16_9_21_2,Pabay,16_9_2021,16,9,2021,zooplankton,19499,Gastropoda,611,,gastropoda,,,,,,,
Alaria,Pabay_16_9_21_2,Pabay,16_9_2021,16,9,2021,zooplankton,19499,holoplankton,17895,,holoplankton,,,,,,,
Alaria,Pabay_16_9_21_2,Pabay,16_9_2021,16,9,2021,zooplankton,19499,lizzia_blondina,17,,lizzia_blondina,,,,,,,
Alaria,Pabay_16_9_21_2,Pabay,16_9_2021,16,9,2021,zooplankton,19499,meroplankton,1604,,meroplankton,,,,,,,
Alaria,Pabay_16_9_21_2,Pabay,16_9_2021,16,9,2021,zooplankton,19499,microfibers,17,,microfibers,,,,,,,
Alaria,Pabay_16_9_21_2,Pabay,16_9_2021,16,9,2021,zooplankton,19499,obelia,2,,obelia,,,,,,,
Alaria,Pabay_16_9_21_2,Pabay,16_9_2021,16,9,2021,zooplankton,19499,ophiura_larvae,2,,ophiura_larvae,,,,,,,
Alaria,Pabay_16_9_21_2,Pabay,16_9_2021,16,9,2021,zooplankton,19499,podon,2,,podon,,,,,,,
Alaria,Pabay_16_9_21_2,Pabay,16_9_2021,16,9,2021,zooplankton,19499,sabellariidae,221,,sabellariidae,,,,,,,
Alaria,Pabay_16_9_21_2,Pabay,16_9_2021,16,9,2021,zooplankton,19499,stauridiosarsia_gemmifera,2,,stauridiosarsia_gemmifera,,,,,,,
Alaria,Pabay_16_9_21_2,Pabay,16_9_2021,16,9,2021,zooplankton,19499,Branchiopoda,19,,Branchiopoda,,,,,,,
Alaria,Pabay_16_9_21_2,Pabay,16_9_2021,16,9,2021,zooplankton,19499,Copepoda,13819,,total_copepoda,,,,,,,
Alaria,Pabay_16_9_21_2,Pabay,16_9_2021,16,9,2021,zooplankton,19499,Hydrozoa,21,,total_hydrozoa,,,,,,,
Alaria,Pabay_16_9_21_2,Pabay,16_9_2021,16,9,2021,zooplankton,19499,Malacostraca,221,,Malacostraca,,,,,,,
Alaria,Pabay_16_9_21_2,Pabay,16_9_2021,16,9,2021,zooplankton,19499,Polychaeta,221,,total_polychaeta,,,,,,,
Saccharina,Pabay_16_9_21_2,Pabay,16_9_2021,16,9,2021,zooplankton,19499,Bivalvia,509,,bivalvia,,,,,,,
Saccharina,Pabay_16_9_21_2,Pabay,16_9_2021,16,9,2021,zooplankton,19499,Bryozoa,2,,bryozoa,,,,,,,
Saccharina,Pabay_16_9_21_2,Pabay,16_9_2021,16,9,2021,zooplankton,19499,copepod_nauplii,8590,,copepod_nauplii,,,,,,,
Saccharina,Pabay_16_9_21_2,Pabay,16_9_2021,16,9,2021,zooplankton,19499,copepods,5229,,copepods,,,,,,,
Saccharina,Pabay_16_9_21_2,Pabay,16_9_2021,16,9,2021,zooplankton,19499,decapoda_larvae,221,,decapoda_larvae,,,,,,,
Saccharina,Pabay_16_9_21_2,Pabay,16_9_2021,16,9,2021,zooplankton,19499,evadne,17,,evadne,,,,,,,
Saccharina,Pabay_16_9_21_2,Pabay,16_9_2021,16,9,2021,zooplankton,19499,fish_egg,34,,fish_egg,,,,,,,
Saccharina,Pabay_16_9_21_2,Pabay,16_9_2021,16,9,2021,zooplankton,19499,Gastropoda,611,,gastropoda,,,,,,,
Saccharina,Pabay_16_9_21_2,Pabay,16_9_2021,16,9,2021,zooplankton,19499,holoplankton,17895,,holoplankton,,,,,,,
Saccharina,Pabay_16_9_21_2,Pabay,16_9_2021,16,9,2021,zooplankton,19499,lizzia_blondina,17,,lizzia_blondina,,,,,,,
Saccharina,Pabay_16_9_21_2,Pabay,16_9_2021,16,9,2021,zooplankton,19499,meroplankton,1604,,meroplankton,,,,,,,
Saccharina,Pabay_16_9_21_2,Pabay,16_9_2021,16,9,2021,zooplankton,19499,microfibers,17,,microfibers,,,,,,,
Saccharina,Pabay_16_9_21_2,Pabay,16_9_2021,16,9,2021,zooplankton,19499,obelia,2,,obelia,,,,,,,
Saccharina,Pabay_16_9_21_2,Pabay,16_9_2021,16,9,2021,zooplankton,19499,ophiura_larvae,2,,ophiura_larvae,,,,,,,
Saccharina,Pabay_16_9_21_2,Pabay,16_9_2021,16,9,2021,zooplankton,19499,podon,2,,podon,,,,,,,
Saccharina,Pabay_16_9_21_2,Pabay,16_9_2021,16,9,2021,zooplankton,19499,sabellariidae,221,,sabellariidae,,,,,,,
Saccharina,Pabay_16_9_21_2,Pabay,16_9_2021,16,9,2021,zooplankton,19499,stauridiosarsia_gemmifera,2,,stauridiosarsia_gemmifera,,,,,,,
Saccharina,Pabay_16_9_21_2,Pabay,16_9_2021,16,9,2021,zooplankton,19499,Branchiopoda,19,,Branchiopoda,,,,,,,
Saccharina,Pabay_16_9_21_2,Pabay,16_9_2021,16,9,2021,zooplankton,19499,Copepoda,13819,,total_copepoda,,,,,,,
Saccharina,Pabay_16_9_21_2,Pabay,16_9_2021,16,9,2021,zooplankton,19499,Hydrozoa,21,,total_hydrozoa,,,,,,,
Saccharina,Pabay_16_9_21_2,Pabay,16_9_2021,16,9,2021,zooplankton,19499,Malacostraca,221,,Malacostraca,,,,,,,
Saccharina,Pabay_16_9_21_2,Pabay,16_9_2021,16,9,2021,zooplankton,19499,Polychaeta,221,,total_polychaeta,,,,,,,
Alaria,Pabay_16_9_21_3,Pabay,16_9_2021,16,9,2021,zooplankton,16679,Bivalvia,153,,bivalvia,,,,,,,
Alaria,Pabay_16_9_21_3,Pabay,16_9_2021,16,9,2021,zooplankton,16679,Bryozoa,51,,bryozoa,,,,,,,
Alaria,Pabay_16_9_21_3,Pabay,16_9_2021,16,9,2021,zooplankton,16679,copepod_nauplii,7308,,copepod_nauplii,,,,,,,
Alaria,Pabay_16_9_21_3,Pabay,16_9_2021,16,9,2021,zooplankton,16679,copepods,4380,,copepods,,,,,,,
Alaria,Pabay_16_9_21_3,Pabay,16_9_2021,16,9,2021,zooplankton,16679,decapoda_larvae,2,,decapoda_larvae,,,,,,,
Alaria,Pabay_16_9_21_3,Pabay,16_9_2021,16,9,2021,zooplankton,16679,evadne,2,,evadne,,,,,,,
Alaria,Pabay_16_9_21_3,Pabay,16_9_2021,16,9,2021,zooplankton,16679,fish_egg,34,,fish_egg,,,,,,,
Alaria,Pabay_16_9_21_3,Pabay,16_9_2021,16,9,2021,zooplankton,16679,Gastropoda,127,,gastropoda,,,,,,,
Alaria,Pabay_16_9_21_3,Pabay,16_9_2021,16,9,2021,zooplankton,16679,holoplankton,16285,,holoplankton,,,,,,,
Alaria,Pabay_16_9_21_3,Pabay,16_9_2021,16,9,2021,zooplankton,16679,lizzia_blondina,17,,lizzia_blondina,,,,,,,
Alaria,Pabay_16_9_21_3,Pabay,16_9_2021,16,9,2021,zooplankton,16679,meroplankton,395,,meroplankton,,,,,,,
Alaria,Pabay_16_9_21_3,Pabay,16_9_2021,16,9,2021,zooplankton,16679,microfibers,2,,microfibers,,,,,,,
Alaria,Pabay_16_9_21_3,Pabay,16_9_2021,16,9,2021,zooplankton,16679,obelia,17,,obelia,,,,,,,
Alaria,Pabay_16_9_21_3,Pabay,16_9_2021,16,9,2021,zooplankton,16679,podon,2,,podon,,,,,,,
Alaria,Pabay_16_9_21_3,Pabay,16_9_2021,16,9,2021,zooplankton,16679,sabellariidae,25,,sabellariidae,,,,,,,
Alaria,Pabay_16_9_21_3,Pabay,16_9_2021,16,9,2021,zooplankton,16679,Branchiopoda,4,,Branchiopoda,,,,,,,
Alaria,Pabay_16_9_21_3,Pabay,16_9_2021,16,9,2021,zooplankton,16679,Copepoda,11688,,total_copepoda,,,,,,,
Alaria,Pabay_16_9_21_3,Pabay,16_9_2021,16,9,2021,zooplankton,16679,Hydrozoa,34,,total_hydrozoa,,,,,,,
Alaria,Pabay_16_9_21_3,Pabay,16_9_2021,16,9,2021,zooplankton,16679,Malacostraca,2,,Malacostraca,,,,,,,
Alaria,Pabay_16_9_21_3,Pabay,16_9_2021,16,9,2021,zooplankton,16679,Polychaeta,25,,total_polychaeta,,,,,,,
Saccharina,Pabay_16_9_21_3,Pabay,16_9_2021,16,9,2021,zooplankton,16679,Bivalvia,153,,bivalvia,,,,,,,
Saccharina,Pabay_16_9_21_3,Pabay,16_9_2021,16,9,2021,zooplankton,16679,Bryozoa,51,,bryozoa,,,,,,,
Saccharina,Pabay_16_9_21_3,Pabay,16_9_2021,16,9,2021,zooplankton,16679,copepod_nauplii,7308,,copepod_nauplii,,,,,,,
Saccharina,Pabay_16_9_21_3,Pabay,16_9_2021,16,9,2021,zooplankton,16679,copepods,4380,,copepods,,,,,,,
Saccharina,Pabay_16_9_21_3,Pabay,16_9_2021,16,9,2021,zooplankton,16679,decapoda_larvae,2,,decapoda_larvae,,,,,,,
Saccharina,Pabay_16_9_21_3,Pabay,16_9_2021,16,9,2021,zooplankton,16679,evadne,2,,evadne,,,,,,,
Saccharina,Pabay_16_9_21_3,Pabay,16_9_2021,16,9,2021,zooplankton,16679,fish_egg,34,,fish_egg,,,,,,,
Saccharina,Pabay_16_9_21_3,Pabay,16_9_2021,16,9,2021,zooplankton,16679,Gastropoda,127,,gastropoda,,,,,,,
Saccharina,Pabay_16_9_21_3,Pabay,16_9_2021,16,9,2021,zooplankton,16679,holoplankton,16285,,holoplankton,,,,,,,
Saccharina,Pabay_16_9_21_3,Pabay,16_9_2021,16,9,2021,zooplankton,16679,lizzia_blondina,17,,lizzia_blondina,,,,,,,
Saccharina,Pabay_16_9_21_3,Pabay,16_9_2021,16,9,2021,zooplankton,16679,meroplankton,395,,meroplankton,,,,,,,
Saccharina,Pabay_16_9_21_3,Pabay,16_9_2021,16,9,2021,zooplankton,16679,microfibers,2,,microfibers,,,,,,,
Saccharina,Pabay_16_9_21_3,Pabay,16_9_2021,16,9,2021,zooplankton,16679,obelia,17,,obelia,,,,,,,
Saccharina,Pabay_16_9_21_3,Pabay,16_9_2021,16,9,2021,zooplankton,16679,podon,2,,podon,,,,,,,
Saccharina,Pabay_16_9_21_3,Pabay,16_9_2021,16,9,2021,zooplankton,16679,sabellariidae,25,,sabellariidae,,,,,,,
Saccharina,Pabay_16_9_21_3,Pabay,16_9_2021,16,9,2021,zooplankton,16679,Branchiopoda,4,,Branchiopoda,,,,,,,
Saccharina,Pabay_16_9_21_3,Pabay,16_9_2021,16,9,2021,zooplankton,16679,Copepoda,11688,,total_copepoda,,,,,,,
Saccharina,Pabay_16_9_21_3,Pabay,16_9_2021,16,9,2021,zooplankton,16679,Hydrozoa,34,,total_hydrozoa,,,,,,,
Saccharina,Pabay_16_9_21_3,Pabay,16_9_2021,16,9,2021,zooplankton,16679,Malacostraca,2,,Malacostraca,,,,,,,
Saccharina,Pabay_16_9_21_3,Pabay,16_9_2021,16,9,2021,zooplankton,16679,Polychaeta,25,,total_polychaeta,,,,,,,
Alaria,Pabay_21_12_21_1,Pabay,21_12_2021,21,12,2021,zooplankton,685,Bivalvia,2,,bivalvia,,,,,,,
Alaria,Pabay_21_12_21_1,Pabay,21_12_2021,21,12,2021,zooplankton,685,Bryozoa,34,,bryozoa,,,,,,,
Alaria,Pabay_21_12_21_1,Pabay,21_12_2021,21,12,2021,zooplankton,685,copepod_nauplii,221,,copepod_nauplii,,,,,,,
Alaria,Pabay_21_12_21_1,Pabay,21_12_2021,21,12,2021,zooplankton,685,copepods,390,,copepods,,,,,,,
Alaria,Pabay_21_12_21_1,Pabay,21_12_2021,21,12,2021,zooplankton,685,Gastropoda,34,,gastropoda,,,,,,,
Alaria,Pabay_21_12_21_1,Pabay,21_12_2021,21,12,2021,zooplankton,685,holoplankton,613,,holoplankton,,,,,,,
Alaria,Pabay_21_12_21_1,Pabay,21_12_2021,21,12,2021,zooplankton,685,meroplankton,72,,meroplankton,,,,,,,
Alaria,Pabay_21_12_21_1,Pabay,21_12_2021,21,12,2021,zooplankton,685,microfibers,2,,microfibers,,,,,,,
Alaria,Pabay_21_12_21_1,Pabay,21_12_2021,21,12,2021,zooplankton,685,sabellariidae,2,,sabellariidae,,,,,,,
Alaria,Pabay_21_12_21_1,Pabay,21_12_2021,21,12,2021,zooplankton,685,Copepoda,611,,total_copepoda,,,,,,,
Alaria,Pabay_21_12_21_1,Pabay,21_12_2021,21,12,2021,zooplankton,685,Polychaeta,2,,total_polychaeta,,,,,,,
Saccharina,Pabay_21_12_21_1,Pabay,21_12_2021,21,12,2021,zooplankton,685,Bivalvia,2,,bivalvia,,,,,,,
Saccharina,Pabay_21_12_21_1,Pabay,21_12_2021,21,12,2021,zooplankton,685,Bryozoa,34,,bryozoa,,,,,,,
Saccharina,Pabay_21_12_21_1,Pabay,21_12_2021,21,12,2021,zooplankton,685,copepod_nauplii,221,,copepod_nauplii,,,,,,,
Saccharina,Pabay_21_12_21_1,Pabay,21_12_2021,21,12,2021,zooplankton,685,copepods,390,,copepods,,,,,,,
Saccharina,Pabay_21_12_21_1,Pabay,21_12_2021,21,12,2021,zooplankton,685,Gastropoda,34,,gastropoda,,,,,,,
Saccharina,Pabay_21_12_21_1,Pabay,21_12_2021,21,12,2021,zooplankton,685,holoplankton,613,,holoplankton,,,,,,,
Saccharina,Pabay_21_12_21_1,Pabay,21_12_2021,21,12,2021,zooplankton,685,meroplankton,72,,meroplankton,,,,,,,
Saccharina,Pabay_21_12_21_1,Pabay,21_12_2021,21,12,2021,zooplankton,685,microfibers,2,,microfibers,,,,,,,
Saccharina,Pabay_21_12_21_1,Pabay,21_12_2021,21,12,2021,zooplankton,685,sabellariidae,2,,sabellariidae,,,,,,,
Saccharina,Pabay_21_12_21_1,Pabay,21_12_2021,21,12,2021,zooplankton,685,Copepoda,611,,total_copepoda,,,,,,,
Saccharina,Pabay_21_12_21_1,Pabay,21_12_2021,21,12,2021,zooplankton,685,Polychaeta,2,,total_polychaeta,,,,,,,
Alaria,Pabay_21_12_21_2,Pabay,21_12_2021,21,12,2021,zooplankton,766,Bivalvia,17,,bivalvia,,,,,,,
Alaria,Pabay_21_12_21_2,Pabay,21_12_2021,21,12,2021,zooplankton,766,Bryozoa,34,,bryozoa,,,,,,,
Alaria,Pabay_21_12_21_2,Pabay,21_12_2021,21,12,2021,zooplankton,766,copepod_nauplii,340,,copepod_nauplii,,,,,,,
Alaria,Pabay_21_12_21_2,Pabay,21_12_2021,21,12,2021,zooplankton,766,copepods,289,,copepods,,,,,,,
Alaria,Pabay_21_12_21_2,Pabay,21_12_2021,21,12,2021,zooplankton,766,Gastropoda,68,,gastropoda,,,,,,,
Alaria,Pabay_21_12_21_2,Pabay,21_12_2021,21,12,2021,zooplankton,766,holoplankton,630,,holoplankton,,,,,,,
Alaria,Pabay_21_12_21_2,Pabay,21_12_2021,21,12,2021,zooplankton,766,meroplankton,136,,meroplankton,,,,,,,
Alaria,Pabay_21_12_21_2,Pabay,21_12_2021,21,12,2021,zooplankton,766,microfibers,2,,microfibers,,,,,,,
Alaria,Pabay_21_12_21_2,Pabay,21_12_2021,21,12,2021,zooplankton,766,sabellariidae,17,,sabellariidae,,,,,,,
Alaria,Pabay_21_12_21_2,Pabay,21_12_2021,21,12,2021,zooplankton,766,Copepoda,628,,total_copepoda,,,,,,,
Alaria,Pabay_21_12_21_2,Pabay,21_12_2021,21,12,2021,zooplankton,766,Polychaeta,17,,total_polychaeta,,,,,,,
Saccharina,Pabay_21_12_21_2,Pabay,21_12_2021,21,12,2021,zooplankton,766,Bivalvia,17,,bivalvia,,,,,,,
Saccharina,Pabay_21_12_21_2,Pabay,21_12_2021,21,12,2021,zooplankton,766,Bryozoa,34,,bryozoa,,,,,,,
Saccharina,Pabay_21_12_21_2,Pabay,21_12_2021,21,12,2021,zooplankton,766,copepod_nauplii,340,,copepod_nauplii,,,,,,,
Saccharina,Pabay_21_12_21_2,Pabay,21_12_2021,21,12,2021,zooplankton,766,copepods,289,,copepods,,,,,,,
Saccharina,Pabay_21_12_21_2,Pabay,21_12_2021,21,12,2021,zooplankton,766,Gastropoda,68,,gastropoda,,,,,,,
Saccharina,Pabay_21_12_21_2,Pabay,21_12_2021,21,12,2021,zooplankton,766,holoplankton,630,,holoplankton,,,,,,,
Saccharina,Pabay_21_12_21_2,Pabay,21_12_2021,21,12,2021,zooplankton,766,meroplankton,136,,meroplankton,,,,,,,
Saccharina,Pabay_21_12_21_2,Pabay,21_12_2021,21,12,2021,zooplankton,766,microfibers,2,,microfibers,,,,,,,
Saccharina,Pabay_21_12_21_2,Pabay,21_12_2021,21,12,2021,zooplankton,766,sabellariidae,17,,sabellariidae,,,,,,,
Saccharina,Pabay_21_12_21_2,Pabay,21_12_2021,21,12,2021,zooplankton,766,Copepoda,628,,total_copepoda,,,,,,,
Saccharina,Pabay_21_12_21_2,Pabay,21_12_2021,21,12,2021,zooplankton,766,Polychaeta,17,,total_polychaeta,,,,,,,
Alaria,Pabay_21_12_21_3,Pabay,21_12_2021,21,12,2021,zooplankton,369,Bivalvia,17,,bivalvia,,,,,,,
Alaria,Pabay_21_12_21_3,Pabay,21_12_2021,21,12,2021,zooplankton,369,Bryozoa,34,,bryozoa,,,,,,,
Alaria,Pabay_21_12_21_3,Pabay,21_12_2021,21,12,2021,zooplankton,369,copepod_nauplii,85,,copepod_nauplii,,,,,,,
Alaria,Pabay_21_12_21_3,Pabay,21_12_2021,21,12,2021,zooplankton,369,copepods,221,,copepods,,,,,,,
Alaria,Pabay_21_12_21_3,Pabay,21_12_2021,21,12,2021,zooplankton,369,Gastropoda,10,,gastropoda,,,,,,,
Alaria,Pabay_21_12_21_3,Pabay,21_12_2021,21,12,2021,zooplankton,369,holoplankton,306,,holoplankton,,,,,,,
Alaria,Pabay_21_12_21_3,Pabay,21_12_2021,21,12,2021,zooplankton,369,meroplankton,63,,meroplankton,,,,,,,
Alaria,Pabay_21_12_21_3,Pabay,21_12_2021,21,12,2021,zooplankton,369,microfibers,2,,microfibers,,,,,,,
Alaria,Pabay_21_12_21_3,Pabay,21_12_2021,21,12,2021,zooplankton,369,sabellariidae,2,,sabellariidae,,,,,,,
Alaria,Pabay_21_12_21_3,Pabay,21_12_2021,21,12,2021,zooplankton,369,Copepoda,306,,total_copepoda,,,,,,,
Alaria,Pabay_21_12_21_3,Pabay,21_12_2021,21,12,2021,zooplankton,369,Polychaeta,2,,total_polychaeta,,,,,,,
Saccharina,Pabay_21_12_21_3,Pabay,21_12_2021,21,12,2021,zooplankton,369,Bivalvia,17,,bivalvia,,,,,,,
Saccharina,Pabay_21_12_21_3,Pabay,21_12_2021,21,12,2021,zooplankton,369,Bryozoa,34,,bryozoa,,,,,,,
Saccharina,Pabay_21_12_21_3,Pabay,21_12_2021,21,12,2021,zooplankton,369,copepod_nauplii,85,,copepod_nauplii,,,,,,,
Saccharina,Pabay_21_12_21_3,Pabay,21_12_2021,21,12,2021,zooplankton,369,copepods,221,,copepods,,,,,,,
Saccharina,Pabay_21_12_21_3,Pabay,21_12_2021,21,12,2021,zooplankton,369,Gastropoda,10,,gastropoda,,,,,,,
Saccharina,Pabay_21_12_21_3,Pabay,21_12_2021,21,12,2021,zooplankton,369,holoplankton,306,,holoplankton,,,,,,,
Saccharina,Pabay_21_12_21_3,Pabay,21_12_2021,21,12,2021,zooplankton,369,meroplankton,63,,meroplankton,,,,,,,
Saccharina,Pabay_21_12_21_3,Pabay,21_12_2021,21,12,2021,zooplankton,369,microfibers,2,,microfibers,,,,,,,
Saccharina,Pabay_21_12_21_3,Pabay,21_12_2021,21,12,2021,zooplankton,369,sabellariidae,2,,sabellariidae,,,,,,,
Saccharina,Pabay_21_12_21_3,Pabay,21_12_2021,21,12,2021,zooplankton,369,Copepoda,306,,total_copepoda,,,,,,,
Saccharina,Pabay_21_12_21_3,Pabay,21_12_2021,21,12,2021,zooplankton,369,Polychaeta,2,,total_polychaeta,,,,,,,
Alaria,Pabay_21_3_22_1,Pabay,21_3_2022,21,3,2022,zooplankton,2659,Bivalvia,331,,bivalvia,,,,,,,
Alaria,Pabay_21_3_22_1,Pabay,21_3_2022,21,3,2022,zooplankton,2659,Bryozoa,51,,bryozoa,,,,,,,
Alaria,Pabay_21_3_22_1,Pabay,21_3_2022,21,3,2022,zooplankton,2659,copepod_nauplii,306,,copepod_nauplii,,,,,,,
Alaria,Pabay_21_3_22_1,Pabay,21_3_2022,21,3,2022,zooplankton,2659,copepods,102,,copepods,,,,,,,
Alaria,Pabay_21_3_22_1,Pabay,21_3_2022,21,3,2022,zooplankton,2659,decapoda_larvae,2,,decapoda_larvae,,,,,,,
Alaria,Pabay_21_3_22_1,Pabay,21_3_2022,21,3,2022,zooplankton,2659,evadne,2,,evadne,,,,,,,
Alaria,Pabay_21_3_22_1,Pabay,21_3_2022,21,3,2022,zooplankton,2659,Gastropoda,51,,gastropoda,,,,,,,
Alaria,Pabay_21_3_22_1,Pabay,21_3_2022,21,3,2022,zooplankton,2659,holoplankton,1988,,holoplankton,,,,,,,
Alaria,Pabay_21_3_22_1,Pabay,21_3_2022,21,3,2022,zooplankton,2659,meroplankton,670,,meroplankton,,,,,,,
Alaria,Pabay_21_3_22_1,Pabay,21_3_2022,21,3,2022,zooplankton,2659,microfibers,25,,microfibers,,,,,,,
Alaria,Pabay_21_3_22_1,Pabay,21_3_2022,21,3,2022,zooplankton,2659,mp_fragments,25,,mp_fragments,,,,,,,
Alaria,Pabay_21_3_22_1,Pabay,21_3_2022,21,3,2022,zooplankton,2659,obelia,2,,obelia,,,,,,,
Alaria,Pabay_21_3_22_1,Pabay,21_3_2022,21,3,2022,zooplankton,2659,ophiura_larvae,2,,ophiura_larvae,,,,,,,
Alaria,Pabay_21_3_22_1,Pabay,21_3_2022,21,3,2022,zooplankton,2659,other_polychaetae_larvae,127,,other_polychaetae_larvae,,,,,,,
Alaria,Pabay_21_3_22_1,Pabay,21_3_2022,21,3,2022,zooplankton,2659,sabellariidae,102,,sabellariidae,,,,,,,
Alaria,Pabay_21_3_22_1,Pabay,21_3_2022,21,3,2022,zooplankton,2659,sea_urchin_larvae,2,,sea_urchin_larvae,,,,,,,
Alaria,Pabay_21_3_22_1,Pabay,21_3_2022,21,3,2022,zooplankton,2659,Balanoida,1451,,total_balanoida,,,,,,,
Alaria,Pabay_21_3_22_1,Pabay,21_3_2022,21,3,2022,zooplankton,2659,Branchiopoda,2,,Branchiopoda,,,,,,,
Alaria,Pabay_21_3_22_1,Pabay,21_3_2022,21,3,2022,zooplankton,2659,Copepoda,407,,total_copepoda,,,,,,,
Alaria,Pabay_21_3_22_1,Pabay,21_3_2022,21,3,2022,zooplankton,2659,Hydrozoa,2,,total_hydrozoa,,,,,,,
Alaria,Pabay_21_3_22_1,Pabay,21_3_2022,21,3,2022,zooplankton,2659,Malacostraca,2,,Malacostraca,,,,,,,
Alaria,Pabay_21_3_22_1,Pabay,21_3_2022,21,3,2022,zooplankton,2659,Polychaeta,229,,total_polychaeta,,,,,,,
Saccharina,Pabay_21_3_22_1,Pabay,21_3_2022,21,3,2022,zooplankton,2659,Bivalvia,331,,bivalvia,,,,,,,
Saccharina,Pabay_21_3_22_1,Pabay,21_3_2022,21,3,2022,zooplankton,2659,Bryozoa,51,,bryozoa,,,,,,,
Saccharina,Pabay_21_3_22_1,Pabay,21_3_2022,21,3,2022,zooplankton,2659,copepod_nauplii,306,,copepod_nauplii,,,,,,,
Saccharina,Pabay_21_3_22_1,Pabay,21_3_2022,21,3,2022,zooplankton,2659,copepods,102,,copepods,,,,,,,
Saccharina,Pabay_21_3_22_1,Pabay,21_3_2022,21,3,2022,zooplankton,2659,decapoda_larvae,2,,decapoda_larvae,,,,,,,
Saccharina,Pabay_21_3_22_1,Pabay,21_3_2022,21,3,2022,zooplankton,2659,evadne,2,,evadne,,,,,,,
Saccharina,Pabay_21_3_22_1,Pabay,21_3_2022,21,3,2022,zooplankton,2659,Gastropoda,51,,gastropoda,,,,,,,
Saccharina,Pabay_21_3_22_1,Pabay,21_3_2022,21,3,2022,zooplankton,2659,holoplankton,1988,,holoplankton,,,,,,,
Saccharina,Pabay_21_3_22_1,Pabay,21_3_2022,21,3,2022,zooplankton,2659,meroplankton,670,,meroplankton,,,,,,,
Saccharina,Pabay_21_3_22_1,Pabay,21_3_2022,21,3,2022,zooplankton,2659,microfibers,25,,microfibers,,,,,,,
Saccharina,Pabay_21_3_22_1,Pabay,21_3_2022,21,3,2022,zooplankton,2659,mp_fragments,25,,mp_fragments,,,,,,,
Saccharina,Pabay_21_3_22_1,Pabay,21_3_2022,21,3,2022,zooplankton,2659,obelia,2,,obelia,,,,,,,
Saccharina,Pabay_21_3_22_1,Pabay,21_3_2022,21,3,2022,zooplankton,2659,ophiura_larvae,2,,ophiura_larvae,,,,,,,
Saccharina,Pabay_21_3_22_1,Pabay,21_3_2022,21,3,2022,zooplankton,2659,other_polychaetae_larvae,127,,other_polychaetae_larvae,,,,,,,
Saccharina,Pabay_21_3_22_1,Pabay,21_3_2022,21,3,2022,zooplankton,2659,sabellariidae,102,,sabellariidae,,,,,,,
Saccharina,Pabay_21_3_22_1,Pabay,21_3_2022,21,3,2022,zooplankton,2659,sea_urchin_larvae,2,,sea_urchin_larvae,,,,,,,
Saccharina,Pabay_21_3_22_1,Pabay,21_3_2022,21,3,2022,zooplankton,2659,Balanoida,1451,,total_balanoida,,,,,,,
Saccharina,Pabay_21_3_22_1,Pabay,21_3_2022,21,3,2022,zooplankton,2659,Branchiopoda,2,,Branchiopoda,,,,,,,
Saccharina,Pabay_21_3_22_1,Pabay,21_3_2022,21,3,2022,zooplankton,2659,Copepoda,407,,total_copepoda,,,,,,,
Saccharina,Pabay_21_3_22_1,Pabay,21_3_2022,21,3,2022,zooplankton,2659,Hydrozoa,2,,total_hydrozoa,,,,,,,
Saccharina,Pabay_21_3_22_1,Pabay,21_3_2022,21,3,2022,zooplankton,2659,Malacostraca,2,,Malacostraca,,,,,,,
Saccharina,Pabay_21_3_22_1,Pabay,21_3_2022,21,3,2022,zooplankton,2659,Polychaeta,229,,total_polychaeta,,,,,,,
Alaria,Pabay_21_3_22_2,Pabay,21_3_2022,21,3,2022,zooplankton,6065,Bivalvia,611,,bivalvia,,,,,,,
Alaria,Pabay_21_3_22_2,Pabay,21_3_2022,21,3,2022,zooplankton,6065,Bryozoa,25,,bryozoa,,,,,,,
Alaria,Pabay_21_3_22_2,Pabay,21_3_2022,21,3,2022,zooplankton,6065,copepod_nauplii,535,,copepod_nauplii,,,,,,,
Alaria,Pabay_21_3_22_2,Pabay,21_3_2022,21,3,2022,zooplankton,6065,copepods,407,,copepods,,,,,,,
Alaria,Pabay_21_3_22_2,Pabay,21_3_2022,21,3,2022,zooplankton,6065,decapoda_larvae,2,,decapoda_larvae,,,,,,,
Alaria,Pabay_21_3_22_2,Pabay,21_3_2022,21,3,2022,zooplankton,6065,fish_egg,76,,fish_egg,,,,,,,
Alaria,Pabay_21_3_22_2,Pabay,21_3_2022,21,3,2022,zooplankton,6065,Gastropoda,229,,gastropoda,,,,,,,
Alaria,Pabay_21_3_22_2,Pabay,21_3_2022,21,3,2022,zooplankton,6065,holoplankton,4431,,holoplankton,,,,,,,
Alaria,Pabay_21_3_22_2,Pabay,21_3_2022,21,3,2022,zooplankton,6065,meroplankton,1634,,meroplankton,,,,,,,
Alaria,Pabay_21_3_22_2,Pabay,21_3_2022,21,3,2022,zooplankton,6065,nemertini_larvae,25,,nemertini_larvae,,,,,,,
Alaria,Pabay_21_3_22_2,Pabay,21_3_2022,21,3,2022,zooplankton,6065,other_polychaetae_larvae,153,,other_polychaetae_larvae,,,,,,,
Alaria,Pabay_21_3_22_2,Pabay,21_3_2022,21,3,2022,zooplankton,6065,sabellariidae,535,,sabellariidae,,,,,,,
Alaria,Pabay_21_3_22_2,Pabay,21_3_2022,21,3,2022,zooplankton,6065,sea_urchin_larvae,51,,sea_urchin_larvae,,,,,,,
Alaria,Pabay_21_3_22_2,Pabay,21_3_2022,21,3,2022,zooplankton,6065,Balanoida,3259,,total_balanoida,,,,,,,
Alaria,Pabay_21_3_22_2,Pabay,21_3_2022,21,3,2022,zooplankton,6065,Copepoda,942,,total_copepoda,,,,,,,
Alaria,Pabay_21_3_22_2,Pabay,21_3_2022,21,3,2022,zooplankton,6065,Malacostraca,2,,Malacostraca,,,,,,,
Alaria,Pabay_21_3_22_2,Pabay,21_3_2022,21,3,2022,zooplankton,6065,Polychaeta,688,,total_polychaeta,,,,,,,
Saccharina,Pabay_21_3_22_2,Pabay,21_3_2022,21,3,2022,zooplankton,6065,Bivalvia,611,,bivalvia,,,,,,,
Saccharina,Pabay_21_3_22_2,Pabay,21_3_2022,21,3,2022,zooplankton,6065,Bryozoa,25,,bryozoa,,,,,,,
Saccharina,Pabay_21_3_22_2,Pabay,21_3_2022,21,3,2022,zooplankton,6065,copepod_nauplii,535,,copepod_nauplii,,,,,,,
Saccharina,Pabay_21_3_22_2,Pabay,21_3_2022,21,3,2022,zooplankton,6065,copepods,407,,copepods,,,,,,,
Saccharina,Pabay_21_3_22_2,Pabay,21_3_2022,21,3,2022,zooplankton,6065,decapoda_larvae,2,,decapoda_larvae,,,,,,,
Saccharina,Pabay_21_3_22_2,Pabay,21_3_2022,21,3,2022,zooplankton,6065,fish_egg,76,,fish_egg,,,,,,,
Saccharina,Pabay_21_3_22_2,Pabay,21_3_2022,21,3,2022,zooplankton,6065,Gastropoda,229,,gastropoda,,,,,,,
Saccharina,Pabay_21_3_22_2,Pabay,21_3_2022,21,3,2022,zooplankton,6065,holoplankton,4431,,holoplankton,,,,,,,
Saccharina,Pabay_21_3_22_2,Pabay,21_3_2022,21,3,2022,zooplankton,6065,meroplankton,1634,,meroplankton,,,,,,,
Saccharina,Pabay_21_3_22_2,Pabay,21_3_2022,21,3,2022,zooplankton,6065,nemertini_larvae,25,,nemertini_larvae,,,,,,,
Saccharina,Pabay_21_3_22_2,Pabay,21_3_2022,21,3,2022,zooplankton,6065,other_polychaetae_larvae,153,,other_polychaetae_larvae,,,,,,,
Saccharina,Pabay_21_3_22_2,Pabay,21_3_2022,21,3,2022,zooplankton,6065,sabellariidae,535,,sabellariidae,,,,,,,
Saccharina,Pabay_21_3_22_2,Pabay,21_3_2022,21,3,2022,zooplankton,6065,sea_urchin_larvae,51,,sea_urchin_larvae,,,,,,,
Saccharina,Pabay_21_3_22_2,Pabay,21_3_2022,21,3,2022,zooplankton,6065,Balanoida,3259,,total_balanoida,,,,,,,
Saccharina,Pabay_21_3_22_2,Pabay,21_3_2022,21,3,2022,zooplankton,6065,Copepoda,942,,total_copepoda,,,,,,,
Saccharina,Pabay_21_3_22_2,Pabay,21_3_2022,21,3,2022,zooplankton,6065,Malacostraca,2,,Malacostraca,,,,,,,
Saccharina,Pabay_21_3_22_2,Pabay,21_3_2022,21,3,2022,zooplankton,6065,Polychaeta,688,,total_polychaeta,,,,,,,
Alaria,Pabay_21_3_22_3,Pabay,21_3_2022,21,3,2022,zooplankton,5050,Bivalvia,611,,bivalvia,,,,,,,
Alaria,Pabay_21_3_22_3,Pabay,21_3_2022,21,3,2022,zooplankton,5050,Bryozoa,76,,bryozoa,,,,,,,
Alaria,Pabay_21_3_22_3,Pabay,21_3_2022,21,3,2022,zooplankton,5050,copepod_nauplii,458,,copepod_nauplii,,,,,,,
Alaria,Pabay_21_3_22_3,Pabay,21_3_2022,21,3,2022,zooplankton,5050,copepods,204,,copepods,,,,,,,
Alaria,Pabay_21_3_22_3,Pabay,21_3_2022,21,3,2022,zooplankton,5050,decapoda_larvae,25,,decapoda_larvae,,,,,,,
Alaria,Pabay_21_3_22_3,Pabay,21_3_2022,21,3,2022,zooplankton,5050,evadne,2,,evadne,,,,,,,
Alaria,Pabay_21_3_22_3,Pabay,21_3_2022,21,3,2022,zooplankton,5050,fish_egg,25,,fish_egg,,,,,,,
Alaria,Pabay_21_3_22_3,Pabay,21_3_2022,21,3,2022,zooplankton,5050,Gastropoda,51,,gastropoda,,,,,,,
Alaria,Pabay_21_3_22_3,Pabay,21_3_2022,21,3,2022,zooplankton,5050,holoplankton,3847,,holoplankton,,,,,,,
Alaria,Pabay_21_3_22_3,Pabay,21_3_2022,21,3,2022,zooplankton,5050,meroplankton,1203,,meroplankton,,,,,,,
Alaria,Pabay_21_3_22_3,Pabay,21_3_2022,21,3,2022,zooplankton,5050,microfibers,25,,microfibers,,,,,,,
Alaria,Pabay_21_3_22_3,Pabay,21_3_2022,21,3,2022,zooplankton,5050,obelia,2,,obelia,,,,,,,
Alaria,Pabay_21_3_22_3,Pabay,21_3_2022,21,3,2022,zooplankton,5050,ophiura_larvae,2,,ophiura_larvae,,,,,,,
Alaria,Pabay_21_3_22_3,Pabay,21_3_2022,21,3,2022,zooplankton,5050,other_polychaetae_larvae,102,,other_polychaetae_larvae,,,,,,,
Alaria,Pabay_21_3_22_3,Pabay,21_3_2022,21,3,2022,zooplankton,5050,sabellariidae,229,,sabellariidae,,,,,,,
Alaria,Pabay_21_3_22_3,Pabay,21_3_2022,21,3,2022,zooplankton,5050,sea_urchin_larvae,25,,sea_urchin_larvae,,,,,,,
Alaria,Pabay_21_3_22_3,Pabay,21_3_2022,21,3,2022,zooplankton,5050,Balanoida,2878,,total_balanoida,,,,,,,
Alaria,Pabay_21_3_22_3,Pabay,21_3_2022,21,3,2022,zooplankton,5050,Branchiopoda,2,,Branchiopoda,,,,,,,
Alaria,Pabay_21_3_22_3,Pabay,21_3_2022,21,3,2022,zooplankton,5050,Copepoda,662,,total_copepoda,,,,,,,
Alaria,Pabay_21_3_22_3,Pabay,21_3_2022,21,3,2022,zooplankton,5050,Hydrozoa,2,,total_hydrozoa,,,,,,,
Alaria,Pabay_21_3_22_3,Pabay,21_3_2022,21,3,2022,zooplankton,5050,Malacostraca,28,,Malacostraca,,,,,,,
Alaria,Pabay_21_3_22_3,Pabay,21_3_2022,21,3,2022,zooplankton,5050,Polychaeta,331,,total_polychaeta,,,,,,,
Saccharina,Pabay_21_3_22_3,Pabay,21_3_2022,21,3,2022,zooplankton,5050,Bivalvia,611,,bivalvia,,,,,,,
Saccharina,Pabay_21_3_22_3,Pabay,21_3_2022,21,3,2022,zooplankton,5050,Bryozoa,76,,bryozoa,,,,,,,
Saccharina,Pabay_21_3_22_3,Pabay,21_3_2022,21,3,2022,zooplankton,5050,copepod_nauplii,458,,copepod_nauplii,,,,,,,
Saccharina,Pabay_21_3_22_3,Pabay,21_3_2022,21,3,2022,zooplankton,5050,copepods,204,,copepods,,,,,,,
Saccharina,Pabay_21_3_22_3,Pabay,21_3_2022,21,3,2022,zooplankton,5050,decapoda_larvae,25,,decapoda_larvae,,,,,,,
Saccharina,Pabay_21_3_22_3,Pabay,21_3_2022,21,3,2022,zooplankton,5050,evadne,2,,evadne,,,,,,,
Saccharina,Pabay_21_3_22_3,Pabay,21_3_2022,21,3,2022,zooplankton,5050,fish_egg,25,,fish_egg,,,,,,,
Saccharina,Pabay_21_3_22_3,Pabay,21_3_2022,21,3,2022,zooplankton,5050,Gastropoda,51,,gastropoda,,,,,,,
Saccharina,Pabay_21_3_22_3,Pabay,21_3_2022,21,3,2022,zooplankton,5050,holoplankton,3847,,holoplankton,,,,,,,
Saccharina,Pabay_21_3_22_3,Pabay,21_3_2022,21,3,2022,zooplankton,5050,meroplankton,1203,,meroplankton,,,,,,,
Saccharina,Pabay_21_3_22_3,Pabay,21_3_2022,21,3,2022,zooplankton,5050,microfibers,25,,microfibers,,,,,,,
Saccharina,Pabay_21_3_22_3,Pabay,21_3_2022,21,3,2022,zooplankton,5050,obelia,2,,obelia,,,,,,,
Saccharina,Pabay_21_3_22_3,Pabay,21_3_2022,21,3,2022,zooplankton,5050,ophiura_larvae,2,,ophiura_larvae,,,,,,,
Saccharina,Pabay_21_3_22_3,Pabay,21_3_2022,21,3,2022,zooplankton,5050,other_polychaetae_larvae,102,,other_polychaetae_larvae,,,,,,,
Saccharina,Pabay_21_3_22_3,Pabay,21_3_2022,21,3,2022,zooplankton,5050,sabellariidae,229,,sabellariidae,,,,,,,
Saccharina,Pabay_21_3_22_3,Pabay,21_3_2022,21,3,2022,zooplankton,5050,sea_urchin_larvae,25,,sea_urchin_larvae,,,,,,,
Saccharina,Pabay_21_3_22_3,Pabay,21_3_2022,21,3,2022,zooplankton,5050,Balanoida,2878,,total_balanoida,,,,,,,
Saccharina,Pabay_21_3_22_3,Pabay,21_3_2022,21,3,2022,zooplankton,5050,Branchiopoda,2,,Branchiopoda,,,,,,,
Saccharina,Pabay_21_3_22_3,Pabay,21_3_2022,21,3,2022,zooplankton,5050,Copepoda,662,,total_copepoda,,,,,,,
Saccharina,Pabay_21_3_22_3,Pabay,21_3_2022,21,3,2022,zooplankton,5050,Hydrozoa,2,,total_hydrozoa,,,,,,,
Saccharina,Pabay_21_3_22_3,Pabay,21_3_2022,21,3,2022,zooplankton,5050,Malacostraca,28,,Malacostraca,,,,,,,
Saccharina,Pabay_21_3_22_3,Pabay,21_3_2022,21,3,2022,zooplankton,5050,Polychaeta,331,,total_polychaeta,,,,,,,
Alaria,Pabay_22_5_22_1,Pabay,22_5_2022,22,5,2022,zooplankton,18066,Bivalvia,900,,bivalvia,,,,,,,
Alaria,Pabay_22_5_22_1,Pabay,22_5_2022,22,5,2022,zooplankton,18066,copepod_nauplii,6553,,copepod_nauplii,,,,,,,
Alaria,Pabay_22_5_22_1,Pabay,22_5_2022,22,5,2022,zooplankton,18066,copepods,9354,,copepods,,,,,,,
Alaria,Pabay_22_5_22_1,Pabay,22_5_2022,22,5,2022,zooplankton,18066,decapoda_larvae,266,,decapoda_larvae,,,,,,,
Alaria,Pabay_22_5_22_1,Pabay,22_5_2022,22,5,2022,zooplankton,18066,evadne,51,,evadne,,,,,,,
Alaria,Pabay_22_5_22_1,Pabay,22_5_2022,22,5,2022,zooplankton,18066,Gastropoda,204,,gastropoda,,,,,,,
Alaria,Pabay_22_5_22_1,Pabay,22_5_2022,22,5,2022,zooplankton,18066,holoplankton,16590,,holoplankton,,,,,,,
Alaria,Pabay_22_5_22_1,Pabay,22_5_2022,22,5,2022,zooplankton,18066,meroplankton,1476,,meroplankton,,,,,,,
Alaria,Pabay_22_5_22_1,Pabay,22_5_2022,22,5,2022,zooplankton,18066,microfibers,2,,microfibers,,,,,,,
Alaria,Pabay_22_5_22_1,Pabay,22_5_2022,22,5,2022,zooplankton,18066,other_polychaetae_larvae,2,,other_polychaetae_larvae,,,,,,,
Alaria,Pabay_22_5_22_1,Pabay,22_5_2022,22,5,2022,zooplankton,18066,sabellariidae,34,,sabellariidae,,,,,,,
Alaria,Pabay_22_5_22_1,Pabay,22_5_2022,22,5,2022,zooplankton,18066,Balanoida,514,,total_balanoida,,,,,,,
Alaria,Pabay_22_5_22_1,Pabay,22_5_2022,22,5,2022,zooplankton,18066,Branchiopoda,51,,Branchiopoda,,,,,,,
Alaria,Pabay_22_5_22_1,Pabay,22_5_2022,22,5,2022,zooplankton,18066,Copepoda,15907,,total_copepoda,,,,,,,
Alaria,Pabay_22_5_22_1,Pabay,22_5_2022,22,5,2022,zooplankton,18066,Hydrozoa,2,,total_hydrozoa,,,,,,,
Alaria,Pabay_22_5_22_1,Pabay,22_5_2022,22,5,2022,zooplankton,18066,Malacostraca,266,,Malacostraca,,,,,,,
Alaria,Pabay_22_5_22_1,Pabay,22_5_2022,22,5,2022,zooplankton,18066,Polychaeta,36,,total_polychaeta,,,,,,,
Alaria,Pabay_22_5_22_1,Pabay,22_5_2022,22,5,2022,zooplankton,18066,unknown_jellies,2,,unknown_jellies,,,,,,,
Saccharina,Pabay_22_5_22_1,Pabay,22_5_2022,22,5,2022,zooplankton,18066,Bivalvia,900,,bivalvia,,,,,,,
Saccharina,Pabay_22_5_22_1,Pabay,22_5_2022,22,5,2022,zooplankton,18066,copepod_nauplii,6553,,copepod_nauplii,,,,,,,
Saccharina,Pabay_22_5_22_1,Pabay,22_5_2022,22,5,2022,zooplankton,18066,copepods,9354,,copepods,,,,,,,
Saccharina,Pabay_22_5_22_1,Pabay,22_5_2022,22,5,2022,zooplankton,18066,decapoda_larvae,266,,decapoda_larvae,,,,,,,
Saccharina,Pabay_22_5_22_1,Pabay,22_5_2022,22,5,2022,zooplankton,18066,evadne,51,,evadne,,,,,,,
Saccharina,Pabay_22_5_22_1,Pabay,22_5_2022,22,5,2022,zooplankton,18066,Gastropoda,204,,gastropoda,,,,,,,
Saccharina,Pabay_22_5_22_1,Pabay,22_5_2022,22,5,2022,zooplankton,18066,holoplankton,16590,,holoplankton,,,,,,,
Saccharina,Pabay_22_5_22_1,Pabay,22_5_2022,22,5,2022,zooplankton,18066,meroplankton,1476,,meroplankton,,,,,,,
Saccharina,Pabay_22_5_22_1,Pabay,22_5_2022,22,5,2022,zooplankton,18066,microfibers,2,,microfibers,,,,,,,
Saccharina,Pabay_22_5_22_1,Pabay,22_5_2022,22,5,2022,zooplankton,18066,other_polychaetae_larvae,2,,other_polychaetae_larvae,,,,,,,
Saccharina,Pabay_22_5_22_1,Pabay,22_5_2022,22,5,2022,zooplankton,18066,sabellariidae,34,,sabellariidae,,,,,,,
Saccharina,Pabay_22_5_22_1,Pabay,22_5_2022,22,5,2022,zooplankton,18066,Balanoida,514,,total_balanoida,,,,,,,
Saccharina,Pabay_22_5_22_1,Pabay,22_5_2022,22,5,2022,zooplankton,18066,Branchiopoda,51,,Branchiopoda,,,,,,,
Saccharina,Pabay_22_5_22_1,Pabay,22_5_2022,22,5,2022,zooplankton,18066,Copepoda,15907,,total_copepoda,,,,,,,
Saccharina,Pabay_22_5_22_1,Pabay,22_5_2022,22,5,2022,zooplankton,18066,Hydrozoa,2,,total_hydrozoa,,,,,,,
Saccharina,Pabay_22_5_22_1,Pabay,22_5_2022,22,5,2022,zooplankton,18066,Malacostraca,266,,Malacostraca,,,,,,,
Saccharina,Pabay_22_5_22_1,Pabay,22_5_2022,22,5,2022,zooplankton,18066,Polychaeta,36,,total_polychaeta,,,,,,,
Saccharina,Pabay_22_5_22_1,Pabay,22_5_2022,22,5,2022,zooplankton,18066,unknown_jellies,2,,unknown_jellies,,,,,,,
Alaria,Pabay_22_5_22_2,Pabay,22_5_2022,22,5,2022,zooplankton,16045,Bivalvia,390,,bivalvia,,,,,,,
Alaria,Pabay_22_5_22_2,Pabay,22_5_2022,22,5,2022,zooplankton,16045,copepod_nauplii,6740,,copepod_nauplii,,,,,,,
Alaria,Pabay_22_5_22_2,Pabay,22_5_2022,22,5,2022,zooplankton,16045,copepods,8403,,copepods,,,,,,,
Alaria,Pabay_22_5_22_2,Pabay,22_5_2022,22,5,2022,zooplankton,16045,decapoda_larvae,85,,decapoda_larvae,,,,,,,
Alaria,Pabay_22_5_22_2,Pabay,22_5_2022,22,5,2022,zooplankton,16045,evadne,68,,evadne,,,,,,,
Alaria,Pabay_22_5_22_2,Pabay,22_5_2022,22,5,2022,zooplankton,16045,Gastropoda,153,,gastropoda,,,,,,,
Alaria,Pabay_22_5_22_2,Pabay,22_5_2022,22,5,2022,zooplankton,16045,holoplankton,15364,,holoplankton,,,,,,,
Alaria,Pabay_22_5_22_2,Pabay,22_5_2022,22,5,2022,zooplankton,16045,meroplankton,681,,meroplankton,,,,,,,
Alaria,Pabay_22_5_22_2,Pabay,22_5_2022,22,5,2022,zooplankton,16045,sabellariidae,51,,sabellariidae,,,,,,,
Alaria,Pabay_22_5_22_2,Pabay,22_5_2022,22,5,2022,zooplankton,16045,Balanoida,85,,total_balanoida,,,,,,,
Alaria,Pabay_22_5_22_2,Pabay,22_5_2022,22,5,2022,zooplankton,16045,Branchiopoda,68,,Branchiopoda,,,,,,,
Alaria,Pabay_22_5_22_2,Pabay,22_5_2022,22,5,2022,zooplankton,16045,Copepoda,15143,,total_copepoda,,,,,,,
Alaria,Pabay_22_5_22_2,Pabay,22_5_2022,22,5,2022,zooplankton,16045,Malacostraca,87,,Malacostraca,,,,,,,
Alaria,Pabay_22_5_22_2,Pabay,22_5_2022,22,5,2022,zooplankton,16045,Polychaeta,51,,total_polychaeta,,,,,,,
Saccharina,Pabay_22_5_22_2,Pabay,22_5_2022,22,5,2022,zooplankton,16045,Bivalvia,390,,bivalvia,,,,,,,
Saccharina,Pabay_22_5_22_2,Pabay,22_5_2022,22,5,2022,zooplankton,16045,copepod_nauplii,6740,,copepod_nauplii,,,,,,,
Saccharina,Pabay_22_5_22_2,Pabay,22_5_2022,22,5,2022,zooplankton,16045,copepods,8403,,copepods,,,,,,,
Saccharina,Pabay_22_5_22_2,Pabay,22_5_2022,22,5,2022,zooplankton,16045,decapoda_larvae,85,,decapoda_larvae,,,,,,,
Saccharina,Pabay_22_5_22_2,Pabay,22_5_2022,22,5,2022,zooplankton,16045,evadne,68,,evadne,,,,,,,
Saccharina,Pabay_22_5_22_2,Pabay,22_5_2022,22,5,2022,zooplankton,16045,Gastropoda,153,,gastropoda,,,,,,,
Saccharina,Pabay_22_5_22_2,Pabay,22_5_2022,22,5,2022,zooplankton,16045,holoplankton,15364,,holoplankton,,,,,,,
Saccharina,Pabay_22_5_22_2,Pabay,22_5_2022,22,5,2022,zooplankton,16045,meroplankton,681,,meroplankton,,,,,,,
Saccharina,Pabay_22_5_22_2,Pabay,22_5_2022,22,5,2022,zooplankton,16045,sabellariidae,51,,sabellariidae,,,,,,,
Saccharina,Pabay_22_5_22_2,Pabay,22_5_2022,22,5,2022,zooplankton,16045,Balanoida,85,,total_balanoida,,,,,,,
Saccharina,Pabay_22_5_22_2,Pabay,22_5_2022,22,5,2022,zooplankton,16045,Branchiopoda,68,,Branchiopoda,,,,,,,
Saccharina,Pabay_22_5_22_2,Pabay,22_5_2022,22,5,2022,zooplankton,16045,Copepoda,15143,,total_copepoda,,,,,,,
Saccharina,Pabay_22_5_22_2,Pabay,22_5_2022,22,5,2022,zooplankton,16045,Malacostraca,87,,Malacostraca,,,,,,,
Saccharina,Pabay_22_5_22_2,Pabay,22_5_2022,22,5,2022,zooplankton,16045,Polychaeta,51,,total_polychaeta,,,,,,,
Alaria,Pabay_22_5_22_3,Pabay,22_5_2022,22,5,2022,zooplankton,21498,Bivalvia,224,,bivalvia,,,,,,,
Alaria,Pabay_22_5_22_3,Pabay,22_5_2022,22,5,2022,zooplankton,21498,copepod_nauplii,9351,,copepod_nauplii,,,,,,,
Alaria,Pabay_22_5_22_3,Pabay,22_5_2022,22,5,2022,zooplankton,21498,copepods,11021,,copepods,,,,,,,
Alaria,Pabay_22_5_22_3,Pabay,22_5_2022,22,5,2022,zooplankton,21498,decapoda_larvae,81,,decapoda_larvae,,,,,,,
Alaria,Pabay_22_5_22_3,Pabay,22_5_2022,22,5,2022,zooplankton,21498,evadne,183,,evadne,,,,,,,
Alaria,Pabay_22_5_22_3,Pabay,22_5_2022,22,5,2022,zooplankton,21498,Gastropoda,163,,gastropoda,,,,,,,
Alaria,Pabay_22_5_22_3,Pabay,22_5_2022,22,5,2022,zooplankton,21498,holoplankton,20903,,holoplankton,,,,,,,
Alaria,Pabay_22_5_22_3,Pabay,22_5_2022,22,5,2022,zooplankton,21498,meroplankton,595,,meroplankton,,,,,,,
Alaria,Pabay_22_5_22_3,Pabay,22_5_2022,22,5,2022,zooplankton,21498,podon,2,,podon,,,,,,,
Alaria,Pabay_22_5_22_3,Pabay,22_5_2022,22,5,2022,zooplankton,21498,sabellariidae,81,,sabellariidae,,,,,,,
Alaria,Pabay_22_5_22_3,Pabay,22_5_2022,22,5,2022,zooplankton,21498,Balanoida,143,,total_balanoida,,,,,,,
Alaria,Pabay_22_5_22_3,Pabay,22_5_2022,22,5,2022,zooplankton,21498,Branchiopoda,185,,Branchiopoda,,,,,,,
Alaria,Pabay_22_5_22_3,Pabay,22_5_2022,22,5,2022,zooplankton,21498,Copepoda,20372,,total_copepoda,,,,,,,
Alaria,Pabay_22_5_22_3,Pabay,22_5_2022,22,5,2022,zooplankton,21498,Hydrozoa,2,,total_hydrozoa,,,,,,,
Alaria,Pabay_22_5_22_3,Pabay,22_5_2022,22,5,2022,zooplankton,21498,Malacostraca,102,,Malacostraca,,,,,,,
Alaria,Pabay_22_5_22_3,Pabay,22_5_2022,22,5,2022,zooplankton,21498,Polychaeta,81,,total_polychaeta,,,,,,,
Alaria,Pabay_22_5_22_3,Pabay,22_5_2022,22,5,2022,zooplankton,21498,unknown_jellies,2,,unknown_jellies,,,,,,,
Saccharina,Pabay_22_5_22_3,Pabay,22_5_2022,22,5,2022,zooplankton,21498,Bivalvia,224,,bivalvia,,,,,,,
Saccharina,Pabay_22_5_22_3,Pabay,22_5_2022,22,5,2022,zooplankton,21498,copepod_nauplii,9351,,copepod_nauplii,,,,,,,
Saccharina,Pabay_22_5_22_3,Pabay,22_5_2022,22,5,2022,zooplankton,21498,copepods,11021,,copepods,,,,,,,
Saccharina,Pabay_22_5_22_3,Pabay,22_5_2022,22,5,2022,zooplankton,21498,decapoda_larvae,81,,decapoda_larvae,,,,,,,
Saccharina,Pabay_22_5_22_3,Pabay,22_5_2022,22,5,2022,zooplankton,21498,evadne,183,,evadne,,,,,,,
Saccharina,Pabay_22_5_22_3,Pabay,22_5_2022,22,5,2022,zooplankton,21498,Gastropoda,163,,gastropoda,,,,,,,
Saccharina,Pabay_22_5_22_3,Pabay,22_5_2022,22,5,2022,zooplankton,21498,holoplankton,20903,,holoplankton,,,,,,,
Saccharina,Pabay_22_5_22_3,Pabay,22_5_2022,22,5,2022,zooplankton,21498,meroplankton,595,,meroplankton,,,,,,,
Saccharina,Pabay_22_5_22_3,Pabay,22_5_2022,22,5,2022,zooplankton,21498,podon,2,,podon,,,,,,,
Saccharina,Pabay_22_5_22_3,Pabay,22_5_2022,22,5,2022,zooplankton,21498,sabellariidae,81,,sabellariidae,,,,,,,
Saccharina,Pabay_22_5_22_3,Pabay,22_5_2022,22,5,2022,zooplankton,21498,Balanoida,143,,total_balanoida,,,,,,,
Saccharina,Pabay_22_5_22_3,Pabay,22_5_2022,22,5,2022,zooplankton,21498,Branchiopoda,185,,Branchiopoda,,,,,,,
Saccharina,Pabay_22_5_22_3,Pabay,22_5_2022,22,5,2022,zooplankton,21498,Copepoda,20372,,total_copepoda,,,,,,,
Saccharina,Pabay_22_5_22_3,Pabay,22_5_2022,22,5,2022,zooplankton,21498,Hydrozoa,2,,total_hydrozoa,,,,,,,
Saccharina,Pabay_22_5_22_3,Pabay,22_5_2022,22,5,2022,zooplankton,21498,Malacostraca,102,,Malacostraca,,,,,,,
Saccharina,Pabay_22_5_22_3,Pabay,22_5_2022,22,5,2022,zooplankton,21498,Polychaeta,81,,total_polychaeta,,,,,,,
Saccharina,Pabay_22_5_22_3,Pabay,22_5_2022,22,5,2022,zooplankton,21498,unknown_jellies,2,,unknown_jellies,,,,,,,
Alaria,Pabay_25_2_22_1,Pabay,25_2_2022,25,2,2022,zooplankton,689,Bivalvia,51,,bivalvia,,,,,,,
Alaria,Pabay_25_2_22_1,Pabay,25_2_2022,25,2,2022,zooplankton,689,Bryozoa,17,,bryozoa,,,,,,,
Alaria,Pabay_25_2_22_1,Pabay,25_2_2022,25,2,2022,zooplankton,689,copepod_nauplii,424,,copepod_nauplii,,,,,,,
Alaria,Pabay_25_2_22_1,Pabay,25_2_2022,25,2,2022,zooplankton,689,copepods,170,,copepods,,,,,,,
Alaria,Pabay_25_2_22_1,Pabay,25_2_2022,25,2,2022,zooplankton,689,fish_egg,2,,fish_egg,,,,,,,
Alaria,Pabay_25_2_22_1,Pabay,25_2_2022,25,2,2022,zooplankton,689,Gastropoda,2,,gastropoda,,,,,,,
Alaria,Pabay_25_2_22_1,Pabay,25_2_2022,25,2,2022,zooplankton,689,holoplankton,615,,holoplankton,,,,,,,
Alaria,Pabay_25_2_22_1,Pabay,25_2_2022,25,2,2022,zooplankton,689,meroplankton,74,,meroplankton,,,,,,,
Alaria,Pabay_25_2_22_1,Pabay,25_2_2022,25,2,2022,zooplankton,689,microfibers,2,,microfibers,,,,,,,
Alaria,Pabay_25_2_22_1,Pabay,25_2_2022,25,2,2022,zooplankton,689,ophiura_larvae,2,,ophiura_larvae,,,,,,,
Alaria,Pabay_25_2_22_1,Pabay,25_2_2022,25,2,2022,zooplankton,689,sabellariidae,2,,sabellariidae,,,,,,,
Alaria,Pabay_25_2_22_1,Pabay,25_2_2022,25,2,2022,zooplankton,689,Balanoida,2,,total_balanoida,,,,,,,
Alaria,Pabay_25_2_22_1,Pabay,25_2_2022,25,2,2022,zooplankton,689,Copepoda,594,,total_copepoda,,,,,,,
Alaria,Pabay_25_2_22_1,Pabay,25_2_2022,25,2,2022,zooplankton,689,Polychaeta,2,,total_polychaeta,,,,,,,
Saccharina,Pabay_25_2_22_1,Pabay,25_2_2022,25,2,2022,zooplankton,689,Bivalvia,51,,bivalvia,,,,,,,
Saccharina,Pabay_25_2_22_1,Pabay,25_2_2022,25,2,2022,zooplankton,689,Bryozoa,17,,bryozoa,,,,,,,
Saccharina,Pabay_25_2_22_1,Pabay,25_2_2022,25,2,2022,zooplankton,689,copepod_nauplii,424,,copepod_nauplii,,,,,,,
Saccharina,Pabay_25_2_22_1,Pabay,25_2_2022,25,2,2022,zooplankton,689,copepods,170,,copepods,,,,,,,
Saccharina,Pabay_25_2_22_1,Pabay,25_2_2022,25,2,2022,zooplankton,689,fish_egg,2,,fish_egg,,,,,,,
Saccharina,Pabay_25_2_22_1,Pabay,25_2_2022,25,2,2022,zooplankton,689,Gastropoda,2,,gastropoda,,,,,,,
Saccharina,Pabay_25_2_22_1,Pabay,25_2_2022,25,2,2022,zooplankton,689,holoplankton,615,,holoplankton,,,,,,,
Saccharina,Pabay_25_2_22_1,Pabay,25_2_2022,25,2,2022,zooplankton,689,meroplankton,74,,meroplankton,,,,,,,
Saccharina,Pabay_25_2_22_1,Pabay,25_2_2022,25,2,2022,zooplankton,689,microfibers,2,,microfibers,,,,,,,
Saccharina,Pabay_25_2_22_1,Pabay,25_2_2022,25,2,2022,zooplankton,689,ophiura_larvae,2,,ophiura_larvae,,,,,,,
Saccharina,Pabay_25_2_22_1,Pabay,25_2_2022,25,2,2022,zooplankton,689,sabellariidae,2,,sabellariidae,,,,,,,
Saccharina,Pabay_25_2_22_1,Pabay,25_2_2022,25,2,2022,zooplankton,689,Balanoida,2,,total_balanoida,,,,,,,
Saccharina,Pabay_25_2_22_1,Pabay,25_2_2022,25,2,2022,zooplankton,689,Copepoda,594,,total_copepoda,,,,,,,
Saccharina,Pabay_25_2_22_1,Pabay,25_2_2022,25,2,2022,zooplankton,689,Polychaeta,2,,total_polychaeta,,,,,,,
Alaria,Pabay_25_2_22_2,Pabay,25_2_2022,25,2,2022,zooplankton,993,Bivalvia,102,,bivalvia,,,,,,,
Alaria,Pabay_25_2_22_2,Pabay,25_2_2022,25,2,2022,zooplankton,993,Bryozoa,2,,bryozoa,,,,,,,
Alaria,Pabay_25_2_22_2,Pabay,25_2_2022,25,2,2022,zooplankton,993,copepod_nauplii,543,,copepod_nauplii,,,,,,,
Alaria,Pabay_25_2_22_2,Pabay,25_2_2022,25,2,2022,zooplankton,993,copepods,170,,copepods,,,,,,,
Alaria,Pabay_25_2_22_2,Pabay,25_2_2022,25,2,2022,zooplankton,993,decapoda_larvae,2,,decapoda_larvae,,,,,,,
Alaria,Pabay_25_2_22_2,Pabay,25_2_2022,25,2,2022,zooplankton,993,Gastropoda,102,,gastropoda,,,,,,,
Alaria,Pabay_25_2_22_2,Pabay,25_2_2022,25,2,2022,zooplankton,993,holoplankton,717,,holoplankton,,,,,,,
Alaria,Pabay_25_2_22_2,Pabay,25_2_2022,25,2,2022,zooplankton,993,meroplankton,276,,meroplankton,,,,,,,
Alaria,Pabay_25_2_22_2,Pabay,25_2_2022,25,2,2022,zooplankton,993,sabellariidae,68,,sabellariidae,,,,,,,
Alaria,Pabay_25_2_22_2,Pabay,25_2_2022,25,2,2022,zooplankton,993,Balanoida,2,,total_balanoida,,,,,,,
Alaria,Pabay_25_2_22_2,Pabay,25_2_2022,25,2,2022,zooplankton,993,Copepoda,713,,total_copepoda,,,,,,,
Alaria,Pabay_25_2_22_2,Pabay,25_2_2022,25,2,2022,zooplankton,993,Malacostraca,2,,Malacostraca,,,,,,,
Alaria,Pabay_25_2_22_2,Pabay,25_2_2022,25,2,2022,zooplankton,993,Polychaeta,68,,total_polychaeta,,,,,,,
Saccharina,Pabay_25_2_22_2,Pabay,25_2_2022,25,2,2022,zooplankton,993,Bivalvia,102,,bivalvia,,,,,,,
Saccharina,Pabay_25_2_22_2,Pabay,25_2_2022,25,2,2022,zooplankton,993,Bryozoa,2,,bryozoa,,,,,,,
Saccharina,Pabay_25_2_22_2,Pabay,25_2_2022,25,2,2022,zooplankton,993,copepod_nauplii,543,,copepod_nauplii,,,,,,,
Saccharina,Pabay_25_2_22_2,Pabay,25_2_2022,25,2,2022,zooplankton,993,copepods,170,,copepods,,,,,,,
Saccharina,Pabay_25_2_22_2,Pabay,25_2_2022,25,2,2022,zooplankton,993,decapoda_larvae,2,,decapoda_larvae,,,,,,,
Saccharina,Pabay_25_2_22_2,Pabay,25_2_2022,25,2,2022,zooplankton,993,Gastropoda,102,,gastropoda,,,,,,,
Saccharina,Pabay_25_2_22_2,Pabay,25_2_2022,25,2,2022,zooplankton,993,holoplankton,717,,holoplankton,,,,,,,
Saccharina,Pabay_25_2_22_2,Pabay,25_2_2022,25,2,2022,zooplankton,993,meroplankton,276,,meroplankton,,,,,,,
Saccharina,Pabay_25_2_22_2,Pabay,25_2_2022,25,2,2022,zooplankton,993,sabellariidae,68,,sabellariidae,,,,,,,
Saccharina,Pabay_25_2_22_2,Pabay,25_2_2022,25,2,2022,zooplankton,993,Balanoida,2,,total_balanoida,,,,,,,
Saccharina,Pabay_25_2_22_2,Pabay,25_2_2022,25,2,2022,zooplankton,993,Copepoda,713,,total_copepoda,,,,,,,
Saccharina,Pabay_25_2_22_2,Pabay,25_2_2022,25,2,2022,zooplankton,993,Malacostraca,2,,Malacostraca,,,,,,,
Saccharina,Pabay_25_2_22_2,Pabay,25_2_2022,25,2,2022,zooplankton,993,Polychaeta,68,,total_polychaeta,,,,,,,
Alaria,Pabay_25_2_22_3,Pabay,25_2_2022,25,2,2022,zooplankton,855,Bivalvia,85,,bivalvia,,,,,,,
Alaria,Pabay_25_2_22_3,Pabay,25_2_2022,25,2,2022,zooplankton,855,Bryozoa,17,,bryozoa,,,,,,,
Alaria,Pabay_25_2_22_3,Pabay,25_2_2022,25,2,2022,zooplankton,855,copepod_nauplii,543,,copepod_nauplii,,,,,,,
Alaria,Pabay_25_2_22_3,Pabay,25_2_2022,25,2,2022,zooplankton,855,copepods,136,,copepods,,,,,,,
Alaria,Pabay_25_2_22_3,Pabay,25_2_2022,25,2,2022,zooplankton,855,decapoda_larvae,2,,decapoda_larvae,,,,,,,
Alaria,Pabay_25_2_22_3,Pabay,25_2_2022,25,2,2022,zooplankton,855,fish_egg,17,,fish_egg,,,,,,,
Alaria,Pabay_25_2_22_3,Pabay,25_2_2022,25,2,2022,zooplankton,855,Gastropoda,34,,gastropoda,,,,,,,
Alaria,Pabay_25_2_22_3,Pabay,25_2_2022,25,2,2022,zooplankton,855,holoplankton,698,,holoplankton,,,,,,,
Alaria,Pabay_25_2_22_3,Pabay,25_2_2022,25,2,2022,zooplankton,855,meroplankton,157,,meroplankton,,,,,,,
Alaria,Pabay_25_2_22_3,Pabay,25_2_2022,25,2,2022,zooplankton,855,microfibers,2,,microfibers,,,,,,,
Alaria,Pabay_25_2_22_3,Pabay,25_2_2022,25,2,2022,zooplankton,855,mp_fragments,2,,mp_fragments,,,,,,,
Alaria,Pabay_25_2_22_3,Pabay,25_2_2022,25,2,2022,zooplankton,855,ophiura_larvae,2,,ophiura_larvae,,,,,,,
Alaria,Pabay_25_2_22_3,Pabay,25_2_2022,25,2,2022,zooplankton,855,sabellariidae,17,,sabellariidae,,,,,,,
Alaria,Pabay_25_2_22_3,Pabay,25_2_2022,25,2,2022,zooplankton,855,Balanoida,2,,total_balanoida,,,,,,,
Alaria,Pabay_25_2_22_3,Pabay,25_2_2022,25,2,2022,zooplankton,855,Copepoda,679,,total_copepoda,,,,,,,
Alaria,Pabay_25_2_22_3,Pabay,25_2_2022,25,2,2022,zooplankton,855,Malacostraca,2,,Malacostraca,,,,,,,
Alaria,Pabay_25_2_22_3,Pabay,25_2_2022,25,2,2022,zooplankton,855,Polychaeta,17,,total_polychaeta,,,,,,,
Saccharina,Pabay_25_2_22_3,Pabay,25_2_2022,25,2,2022,zooplankton,855,Bivalvia,85,,bivalvia,,,,,,,
Saccharina,Pabay_25_2_22_3,Pabay,25_2_2022,25,2,2022,zooplankton,855,Bryozoa,17,,bryozoa,,,,,,,
Saccharina,Pabay_25_2_22_3,Pabay,25_2_2022,25,2,2022,zooplankton,855,copepod_nauplii,543,,copepod_nauplii,,,,,,,
Saccharina,Pabay_25_2_22_3,Pabay,25_2_2022,25,2,2022,zooplankton,855,copepods,136,,copepods,,,,,,,
Saccharina,Pabay_25_2_22_3,Pabay,25_2_2022,25,2,2022,zooplankton,855,decapoda_larvae,2,,decapoda_larvae,,,,,,,
Saccharina,Pabay_25_2_22_3,Pabay,25_2_2022,25,2,2022,zooplankton,855,fish_egg,17,,fish_egg,,,,,,,
Saccharina,Pabay_25_2_22_3,Pabay,25_2_2022,25,2,2022,zooplankton,855,Gastropoda,34,,gastropoda,,,,,,,
Saccharina,Pabay_25_2_22_3,Pabay,25_2_2022,25,2,2022,zooplankton,855,holoplankton,698,,holoplankton,,,,,,,
Saccharina,Pabay_25_2_22_3,Pabay,25_2_2022,25,2,2022,zooplankton,855,meroplankton,157,,meroplankton,,,,,,,
Saccharina,Pabay_25_2_22_3,Pabay,25_2_2022,25,2,2022,zooplankton,855,microfibers,2,,microfibers,,,,,,,
Saccharina,Pabay_25_2_22_3,Pabay,25_2_2022,25,2,2022,zooplankton,855,mp_fragments,2,,mp_fragments,,,,,,,
Saccharina,Pabay_25_2_22_3,Pabay,25_2_2022,25,2,2022,zooplankton,855,ophiura_larvae,2,,ophiura_larvae,,,,,,,
Saccharina,Pabay_25_2_22_3,Pabay,25_2_2022,25,2,2022,zooplankton,855,sabellariidae,17,,sabellariidae,,,,,,,
Saccharina,Pabay_25_2_22_3,Pabay,25_2_2022,25,2,2022,zooplankton,855,Balanoida,2,,total_balanoida,,,,,,,
Saccharina,Pabay_25_2_22_3,Pabay,25_2_2022,25,2,2022,zooplankton,855,Copepoda,679,,total_copepoda,,,,,,,
Saccharina,Pabay_25_2_22_3,Pabay,25_2_2022,25,2,2022,zooplankton,855,Malacostraca,2,,Malacostraca,,,,,,,
Saccharina,Pabay_25_2_22_3,Pabay,25_2_2022,25,2,2022,zooplankton,855,Polychaeta,17,,total_polychaeta,,,,,,,
Alaria,Pabay_29_11_21_1,Pabay,29_11_2021,29,11,2021,zooplankton,519,Bivalvia,51,,bivalvia,,,,,,,
Alaria,Pabay_29_11_21_1,Pabay,29_11_2021,29,11,2021,zooplankton,519,Bryozoa,2,,bryozoa,,,,,,,
Alaria,Pabay_29_11_21_1,Pabay,29_11_2021,29,11,2021,zooplankton,519,copepod_nauplii,187,,copepod_nauplii,,,,,,,
Alaria,Pabay_29_11_21_1,Pabay,29_11_2021,29,11,2021,zooplankton,519,copepods,238,,copepods,,,,,,,
Alaria,Pabay_29_11_21_1,Pabay,29_11_2021,29,11,2021,zooplankton,519,Gastropoda,2,,gastropoda,,,,,,,
Alaria,Pabay_29_11_21_1,Pabay,29_11_2021,29,11,2021,zooplankton,519,holoplankton,426,,holoplankton,,,,,,,
Alaria,Pabay_29_11_21_1,Pabay,29_11_2021,29,11,2021,zooplankton,519,hydroids,2,,hydroids,,,,,,,
Alaria,Pabay_29_11_21_1,Pabay,29_11_2021,29,11,2021,zooplankton,519,meroplankton,93,,meroplankton,,,,,,,
Alaria,Pabay_29_11_21_1,Pabay,29_11_2021,29,11,2021,zooplankton,519,sabellariidae,2,,sabellariidae,,,,,,,
Alaria,Pabay_29_11_21_1,Pabay,29_11_2021,29,11,2021,zooplankton,519,Copepoda,424,,total_copepoda,,,,,,,
Alaria,Pabay_29_11_21_1,Pabay,29_11_2021,29,11,2021,zooplankton,519,Hydrozoa,2,,total_hydrozoa,,,,,,,
Alaria,Pabay_29_11_21_1,Pabay,29_11_2021,29,11,2021,zooplankton,519,Polychaeta,2,,total_polychaeta,,,,,,,
Saccharina,Pabay_29_11_21_1,Pabay,29_11_2021,29,11,2021,zooplankton,519,Bivalvia,51,,bivalvia,,,,,,,
Saccharina,Pabay_29_11_21_1,Pabay,29_11_2021,29,11,2021,zooplankton,519,Bryozoa,2,,bryozoa,,,,,,,
Saccharina,Pabay_29_11_21_1,Pabay,29_11_2021,29,11,2021,zooplankton,519,copepod_nauplii,187,,copepod_nauplii,,,,,,,
Saccharina,Pabay_29_11_21_1,Pabay,29_11_2021,29,11,2021,zooplankton,519,copepods,238,,copepods,,,,,,,
Saccharina,Pabay_29_11_21_1,Pabay,29_11_2021,29,11,2021,zooplankton,519,Gastropoda,2,,gastropoda,,,,,,,
Saccharina,Pabay_29_11_21_1,Pabay,29_11_2021,29,11,2021,zooplankton,519,holoplankton,426,,holoplankton,,,,,,,
Saccharina,Pabay_29_11_21_1,Pabay,29_11_2021,29,11,2021,zooplankton,519,hydroids,2,,hydroids,,,,,,,
Saccharina,Pabay_29_11_21_1,Pabay,29_11_2021,29,11,2021,zooplankton,519,meroplankton,93,,meroplankton,,,,,,,
Saccharina,Pabay_29_11_21_1,Pabay,29_11_2021,29,11,2021,zooplankton,519,sabellariidae,2,,sabellariidae,,,,,,,
Saccharina,Pabay_29_11_21_1,Pabay,29_11_2021,29,11,2021,zooplankton,519,Copepoda,424,,total_copepoda,,,,,,,
Saccharina,Pabay_29_11_21_1,Pabay,29_11_2021,29,11,2021,zooplankton,519,Hydrozoa,2,,total_hydrozoa,,,,,,,
Saccharina,Pabay_29_11_21_1,Pabay,29_11_2021,29,11,2021,zooplankton,519,Polychaeta,2,,total_polychaeta,,,,,,,
Alaria,Pabay_29_11_21_2,Pabay,29_11_2021,29,11,2021,zooplankton,678,Bivalvia,43,,bivalvia,,,,,,,
Alaria,Pabay_29_11_21_2,Pabay,29_11_2021,29,11,2021,zooplankton,678,Bryozoa,27,,bryozoa,,,,,,,
Alaria,Pabay_29_11_21_2,Pabay,29_11_2021,29,11,2021,zooplankton,678,copepod_nauplii,204,,copepod_nauplii,,,,,,,
Alaria,Pabay_29_11_21_2,Pabay,29_11_2021,29,11,2021,zooplankton,678,copepods,306,,copepods,,,,,,,
Alaria,Pabay_29_11_21_2,Pabay,29_11_2021,29,11,2021,zooplankton,678,fish_egg,17,,fish_egg,,,,,,,
Alaria,Pabay_29_11_21_2,Pabay,29_11_2021,29,11,2021,zooplankton,678,Gastropoda,2,,gastropoda,,,,,,,
Alaria,Pabay_29_11_21_2,Pabay,29_11_2021,29,11,2021,zooplankton,678,holoplankton,553,,holoplankton,,,,,,,
Alaria,Pabay_29_11_21_2,Pabay,29_11_2021,29,11,2021,zooplankton,678,hydroids,1,,hydroids,,,,,,,
Alaria,Pabay_29_11_21_2,Pabay,29_11_2021,29,11,2021,zooplankton,678,meroplankton,125,,meroplankton,,,,,,,
Alaria,Pabay_29_11_21_2,Pabay,29_11_2021,29,11,2021,zooplankton,678,microfibers,1,,microfibers,,,,,,,
Alaria,Pabay_29_11_21_2,Pabay,29_11_2021,29,11,2021,zooplankton,678,mp_fragments,1,,mp_fragments,,,,,,,
Alaria,Pabay_29_11_21_2,Pabay,29_11_2021,29,11,2021,zooplankton,678,ophiura_larvae,1,,ophiura_larvae,,,,,,,
Alaria,Pabay_29_11_21_2,Pabay,29_11_2021,29,11,2021,zooplankton,678,sabellariidae,27,,sabellariidae,,,,,,,
Alaria,Pabay_29_11_21_2,Pabay,29_11_2021,29,11,2021,zooplankton,678,Balanoida,9,,total_balanoida,,,,,,,
Alaria,Pabay_29_11_21_2,Pabay,29_11_2021,29,11,2021,zooplankton,678,Copepoda,509,,total_copepoda,,,,,,,
Alaria,Pabay_29_11_21_2,Pabay,29_11_2021,29,11,2021,zooplankton,678,Hydrozoa,1,,total_hydrozoa,,,,,,,
Alaria,Pabay_29_11_21_2,Pabay,29_11_2021,29,11,2021,zooplankton,678,Polychaeta,27,,total_polychaeta,,,,,,,
Saccharina,Pabay_29_11_21_2,Pabay,29_11_2021,29,11,2021,zooplankton,678,Bivalvia,43,,bivalvia,,,,,,,
Saccharina,Pabay_29_11_21_2,Pabay,29_11_2021,29,11,2021,zooplankton,678,Bryozoa,27,,bryozoa,,,,,,,
Saccharina,Pabay_29_11_21_2,Pabay,29_11_2021,29,11,2021,zooplankton,678,copepod_nauplii,204,,copepod_nauplii,,,,,,,
Saccharina,Pabay_29_11_21_2,Pabay,29_11_2021,29,11,2021,zooplankton,678,copepods,306,,copepods,,,,,,,
Saccharina,Pabay_29_11_21_2,Pabay,29_11_2021,29,11,2021,zooplankton,678,fish_egg,17,,fish_egg,,,,,,,
Saccharina,Pabay_29_11_21_2,Pabay,29_11_2021,29,11,2021,zooplankton,678,Gastropoda,2,,gastropoda,,,,,,,
Saccharina,Pabay_29_11_21_2,Pabay,29_11_2021,29,11,2021,zooplankton,678,holoplankton,553,,holoplankton,,,,,,,
Saccharina,Pabay_29_11_21_2,Pabay,29_11_2021,29,11,2021,zooplankton,678,hydroids,1,,hydroids,,,,,,,
Saccharina,Pabay_29_11_21_2,Pabay,29_11_2021,29,11,2021,zooplankton,678,meroplankton,125,,meroplankton,,,,,,,
Saccharina,Pabay_29_11_21_2,Pabay,29_11_2021,29,11,2021,zooplankton,678,microfibers,1,,microfibers,,,,,,,
Saccharina,Pabay_29_11_21_2,Pabay,29_11_2021,29,11,2021,zooplankton,678,mp_fragments,1,,mp_fragments,,,,,,,
Saccharina,Pabay_29_11_21_2,Pabay,29_11_2021,29,11,2021,zooplankton,678,ophiura_larvae,1,,ophiura_larvae,,,,,,,
Saccharina,Pabay_29_11_21_2,Pabay,29_11_2021,29,11,2021,zooplankton,678,sabellariidae,27,,sabellariidae,,,,,,,
Saccharina,Pabay_29_11_21_2,Pabay,29_11_2021,29,11,2021,zooplankton,678,Balanoida,9,,total_balanoida,,,,,,,
Saccharina,Pabay_29_11_21_2,Pabay,29_11_2021,29,11,2021,zooplankton,678,Copepoda,509,,total_copepoda,,,,,,,
Saccharina,Pabay_29_11_21_2,Pabay,29_11_2021,29,11,2021,zooplankton,678,Hydrozoa,1,,total_hydrozoa,,,,,,,
Saccharina,Pabay_29_11_21_2,Pabay,29_11_2021,29,11,2021,zooplankton,678,Polychaeta,27,,total_polychaeta,,,,,,,
Alaria,Pabay_29_11_21_3,Pabay,29_11_2021,29,11,2021,zooplankton,836,Bivalvia,34,,bivalvia,,,,,,,
Alaria,Pabay_29_11_21_3,Pabay,29_11_2021,29,11,2021,zooplankton,836,Bryozoa,51,,bryozoa,,,,,,,
Alaria,Pabay_29_11_21_3,Pabay,29_11_2021,29,11,2021,zooplankton,836,copepod_nauplii,221,,copepod_nauplii,,,,,,,
Alaria,Pabay_29_11_21_3,Pabay,29_11_2021,29,11,2021,zooplankton,836,copepods,373,,copepods,,,,,,,
Alaria,Pabay_29_11_21_3,Pabay,29_11_2021,29,11,2021,zooplankton,836,fish_egg,34,,fish_egg,,,,,,,
Alaria,Pabay_29_11_21_3,Pabay,29_11_2021,29,11,2021,zooplankton,836,Gastropoda,2,,gastropoda,,,,,,,
Alaria,Pabay_29_11_21_3,Pabay,29_11_2021,29,11,2021,zooplankton,836,holoplankton,679,,holoplankton,,,,,,,
Alaria,Pabay_29_11_21_3,Pabay,29_11_2021,29,11,2021,zooplankton,836,meroplankton,157,,meroplankton,,,,,,,
Alaria,Pabay_29_11_21_3,Pabay,29_11_2021,29,11,2021,zooplankton,836,microfibers,2,,microfibers,,,,,,,
Alaria,Pabay_29_11_21_3,Pabay,29_11_2021,29,11,2021,zooplankton,836,mp_fragments,2,,mp_fragments,,,,,,,
Alaria,Pabay_29_11_21_3,Pabay,29_11_2021,29,11,2021,zooplankton,836,ophiura_larvae,2,,ophiura_larvae,,,,,,,
Alaria,Pabay_29_11_21_3,Pabay,29_11_2021,29,11,2021,zooplankton,836,sabellariidae,51,,sabellariidae,,,,,,,
Alaria,Pabay_29_11_21_3,Pabay,29_11_2021,29,11,2021,zooplankton,836,Balanoida,17,,total_balanoida,,,,,,,
Alaria,Pabay_29_11_21_3,Pabay,29_11_2021,29,11,2021,zooplankton,836,Copepoda,594,,total_copepoda,,,,,,,
Alaria,Pabay_29_11_21_3,Pabay,29_11_2021,29,11,2021,zooplankton,836,Polychaeta,51,,total_polychaeta,,,,,,,
Saccharina,Pabay_29_11_21_3,Pabay,29_11_2021,29,11,2021,zooplankton,836,Bivalvia,34,,bivalvia,,,,,,,
Saccharina,Pabay_29_11_21_3,Pabay,29_11_2021,29,11,2021,zooplankton,836,Bryozoa,51,,bryozoa,,,,,,,
Saccharina,Pabay_29_11_21_3,Pabay,29_11_2021,29,11,2021,zooplankton,836,copepod_nauplii,221,,copepod_nauplii,,,,,,,
Saccharina,Pabay_29_11_21_3,Pabay,29_11_2021,29,11,2021,zooplankton,836,copepods,373,,copepods,,,,,,,
Saccharina,Pabay_29_11_21_3,Pabay,29_11_2021,29,11,2021,zooplankton,836,fish_egg,34,,fish_egg,,,,,,,
Saccharina,Pabay_29_11_21_3,Pabay,29_11_2021,29,11,2021,zooplankton,836,Gastropoda,2,,gastropoda,,,,,,,
Saccharina,Pabay_29_11_21_3,Pabay,29_11_2021,29,11,2021,zooplankton,836,holoplankton,679,,holoplankton,,,,,,,
Saccharina,Pabay_29_11_21_3,Pabay,29_11_2021,29,11,2021,zooplankton,836,meroplankton,157,,meroplankton,,,,,,,
Saccharina,Pabay_29_11_21_3,Pabay,29_11_2021,29,11,2021,zooplankton,836,microfibers,2,,microfibers,,,,,,,
Saccharina,Pabay_29_11_21_3,Pabay,29_11_2021,29,11,2021,zooplankton,836,mp_fragments,2,,mp_fragments,,,,,,,
Saccharina,Pabay_29_11_21_3,Pabay,29_11_2021,29,11,2021,zooplankton,836,ophiura_larvae,2,,ophiura_larvae,,,,,,,
Saccharina,Pabay_29_11_21_3,Pabay,29_11_2021,29,11,2021,zooplankton,836,sabellariidae,51,,sabellariidae,,,,,,,
Saccharina,Pabay_29_11_21_3,Pabay,29_11_2021,29,11,2021,zooplankton,836,Balanoida,17,,total_balanoida,,,,,,,
Saccharina,Pabay_29_11_21_3,Pabay,29_11_2021,29,11,2021,zooplankton,836,Copepoda,594,,total_copepoda,,,,,,,
Saccharina,Pabay_29_11_21_3,Pabay,29_11_2021,29,11,2021,zooplankton,836,Polychaeta,51,,total_polychaeta,,,,,,,
Alaria,Pabay_30_1_22_1,Pabay,30_1_2022,30,1,2022,zooplankton,206,Bivalvia,17,,bivalvia,,,,,,,
Alaria,Pabay_30_1_22_1,Pabay,30_1_2022,30,1,2022,zooplankton,206,Bryozoa,17,,bryozoa,,,,,,,
Alaria,Pabay_30_1_22_1,Pabay,30_1_2022,30,1,2022,zooplankton,206,copepod_nauplii,34,,copepod_nauplii,,,,,,,
Alaria,Pabay_30_1_22_1,Pabay,30_1_2022,30,1,2022,zooplankton,206,copepods,68,,copepods,,,,,,,
Alaria,Pabay_30_1_22_1,Pabay,30_1_2022,30,1,2022,zooplankton,206,fish_egg,17,,fish_egg,,,,,,,
Alaria,Pabay_30_1_22_1,Pabay,30_1_2022,30,1,2022,zooplankton,206,Gastropoda,2,,gastropoda,,,,,,,
Alaria,Pabay_30_1_22_1,Pabay,30_1_2022,30,1,2022,zooplankton,206,holoplankton,119,,holoplankton,,,,,,,
Alaria,Pabay_30_1_22_1,Pabay,30_1_2022,30,1,2022,zooplankton,206,meroplankton,87,,meroplankton,,,,,,,
Alaria,Pabay_30_1_22_1,Pabay,30_1_2022,30,1,2022,zooplankton,206,sabellariidae,51,,sabellariidae,,,,,,,
Alaria,Pabay_30_1_22_1,Pabay,30_1_2022,30,1,2022,zooplankton,206,Copepoda,102,,total_copepoda,,,,,,,
Alaria,Pabay_30_1_22_1,Pabay,30_1_2022,30,1,2022,zooplankton,206,Polychaeta,51,,total_polychaeta,,,,,,,
Saccharina,Pabay_30_1_22_1,Pabay,30_1_2022,30,1,2022,zooplankton,206,Bivalvia,17,,bivalvia,,,,,,,
Saccharina,Pabay_30_1_22_1,Pabay,30_1_2022,30,1,2022,zooplankton,206,Bryozoa,17,,bryozoa,,,,,,,
Saccharina,Pabay_30_1_22_1,Pabay,30_1_2022,30,1,2022,zooplankton,206,copepod_nauplii,34,,copepod_nauplii,,,,,,,
Saccharina,Pabay_30_1_22_1,Pabay,30_1_2022,30,1,2022,zooplankton,206,copepods,68,,copepods,,,,,,,
Saccharina,Pabay_30_1_22_1,Pabay,30_1_2022,30,1,2022,zooplankton,206,fish_egg,17,,fish_egg,,,,,,,
Saccharina,Pabay_30_1_22_1,Pabay,30_1_2022,30,1,2022,zooplankton,206,Gastropoda,2,,gastropoda,,,,,,,
Saccharina,Pabay_30_1_22_1,Pabay,30_1_2022,30,1,2022,zooplankton,206,holoplankton,119,,holoplankton,,,,,,,
Saccharina,Pabay_30_1_22_1,Pabay,30_1_2022,30,1,2022,zooplankton,206,meroplankton,87,,meroplankton,,,,,,,
Saccharina,Pabay_30_1_22_1,Pabay,30_1_2022,30,1,2022,zooplankton,206,sabellariidae,51,,sabellariidae,,,,,,,
Saccharina,Pabay_30_1_22_1,Pabay,30_1_2022,30,1,2022,zooplankton,206,Copepoda,102,,total_copepoda,,,,,,,
Saccharina,Pabay_30_1_22_1,Pabay,30_1_2022,30,1,2022,zooplankton,206,Polychaeta,51,,total_polychaeta,,,,,,,
Alaria,Pabay_30_1_22_2,Pabay,30_1_2022,30,1,2022,zooplankton,825,Bivalvia,85,,bivalvia,,,,,,,
Alaria,Pabay_30_1_22_2,Pabay,30_1_2022,30,1,2022,zooplankton,825,Bryozoa,2,,bryozoa,,,,,,,
Alaria,Pabay_30_1_22_2,Pabay,30_1_2022,30,1,2022,zooplankton,825,copepod_nauplii,272,,copepod_nauplii,,,,,,,
Alaria,Pabay_30_1_22_2,Pabay,30_1_2022,30,1,2022,zooplankton,825,copepods,306,,copepods,,,,,,,
Alaria,Pabay_30_1_22_2,Pabay,30_1_2022,30,1,2022,zooplankton,825,fish_egg,2,,fish_egg,,,,,,,
Alaria,Pabay_30_1_22_2,Pabay,30_1_2022,30,1,2022,zooplankton,825,Gastropoda,68,,gastropoda,,,,,,,
Alaria,Pabay_30_1_22_2,Pabay,30_1_2022,30,1,2022,zooplankton,825,holoplankton,581,,holoplankton,,,,,,,
Alaria,Pabay_30_1_22_2,Pabay,30_1_2022,30,1,2022,zooplankton,825,meroplankton,244,,meroplankton,,,,,,,
Alaria,Pabay_30_1_22_2,Pabay,30_1_2022,30,1,2022,zooplankton,825,microfibers,2,,microfibers,,,,,,,
Alaria,Pabay_30_1_22_2,Pabay,30_1_2022,30,1,2022,zooplankton,825,mp_fragments,17,,mp_fragments,,,,,,,
Alaria,Pabay_30_1_22_2,Pabay,30_1_2022,30,1,2022,zooplankton,825,sabellariidae,85,,sabellariidae,,,,,,,
Alaria,Pabay_30_1_22_2,Pabay,30_1_2022,30,1,2022,zooplankton,825,Copepoda,577,,total_copepoda,,,,,,,
Alaria,Pabay_30_1_22_2,Pabay,30_1_2022,30,1,2022,zooplankton,825,Polychaeta,85,,total_polychaeta,,,,,,,
Saccharina,Pabay_30_1_22_2,Pabay,30_1_2022,30,1,2022,zooplankton,825,Bivalvia,85,,bivalvia,,,,,,,
Saccharina,Pabay_30_1_22_2,Pabay,30_1_2022,30,1,2022,zooplankton,825,Bryozoa,2,,bryozoa,,,,,,,
Saccharina,Pabay_30_1_22_2,Pabay,30_1_2022,30,1,2022,zooplankton,825,copepod_nauplii,272,,copepod_nauplii,,,,,,,
Saccharina,Pabay_30_1_22_2,Pabay,30_1_2022,30,1,2022,zooplankton,825,copepods,306,,copepods,,,,,,,
Saccharina,Pabay_30_1_22_2,Pabay,30_1_2022,30,1,2022,zooplankton,825,fish_egg,2,,fish_egg,,,,,,,
Saccharina,Pabay_30_1_22_2,Pabay,30_1_2022,30,1,2022,zooplankton,825,Gastropoda,68,,gastropoda,,,,,,,
Saccharina,Pabay_30_1_22_2,Pabay,30_1_2022,30,1,2022,zooplankton,825,holoplankton,581,,holoplankton,,,,,,,
Saccharina,Pabay_30_1_22_2,Pabay,30_1_2022,30,1,2022,zooplankton,825,meroplankton,244,,meroplankton,,,,,,,
Saccharina,Pabay_30_1_22_2,Pabay,30_1_2022,30,1,2022,zooplankton,825,microfibers,2,,microfibers,,,,,,,
Saccharina,Pabay_30_1_22_2,Pabay,30_1_2022,30,1,2022,zooplankton,825,mp_fragments,17,,mp_fragments,,,,,,,
Saccharina,Pabay_30_1_22_2,Pabay,30_1_2022,30,1,2022,zooplankton,825,sabellariidae,85,,sabellariidae,,,,,,,
Saccharina,Pabay_30_1_22_2,Pabay,30_1_2022,30,1,2022,zooplankton,825,Copepoda,577,,total_copepoda,,,,,,,
Saccharina,Pabay_30_1_22_2,Pabay,30_1_2022,30,1,2022,zooplankton,825,Polychaeta,85,,total_polychaeta,,,,,,,
Alaria,Pabay_30_1_22_3,Pabay,30_1_2022,30,1,2022,zooplankton,380,Bivalvia,85,,bivalvia,,,,,,,
Alaria,Pabay_30_1_22_3,Pabay,30_1_2022,30,1,2022,zooplankton,380,Bryozoa,2,,bryozoa,,,,,,,
Alaria,Pabay_30_1_22_3,Pabay,30_1_2022,30,1,2022,zooplankton,380,copepod_nauplii,153,,copepod_nauplii,,,,,,,
Alaria,Pabay_30_1_22_3,Pabay,30_1_2022,30,1,2022,zooplankton,380,copepods,102,,copepods,,,,,,,
Alaria,Pabay_30_1_22_3,Pabay,30_1_2022,30,1,2022,zooplankton,380,fish_egg,17,,fish_egg,,,,,,,
Alaria,Pabay_30_1_22_3,Pabay,30_1_2022,30,1,2022,zooplankton,380,Gastropoda,17,,gastropoda,,,,,,,
Alaria,Pabay_30_1_22_3,Pabay,30_1_2022,30,1,2022,zooplankton,380,holoplankton,274,,holoplankton,,,,,,,
Alaria,Pabay_30_1_22_3,Pabay,30_1_2022,30,1,2022,zooplankton,380,meroplankton,106,,meroplankton,,,,,,,
Alaria,Pabay_30_1_22_3,Pabay,30_1_2022,30,1,2022,zooplankton,380,microfibers,2,,microfibers,,,,,,,
Alaria,Pabay_30_1_22_3,Pabay,30_1_2022,30,1,2022,zooplankton,380,sabellariidae,2,,sabellariidae,,,,,,,
Alaria,Pabay_30_1_22_3,Pabay,30_1_2022,30,1,2022,zooplankton,380,Copepoda,255,,total_copepoda,,,,,,,
Alaria,Pabay_30_1_22_3,Pabay,30_1_2022,30,1,2022,zooplankton,380,Polychaeta,2,,total_polychaeta,,,,,,,
Saccharina,Pabay_30_1_22_3,Pabay,30_1_2022,30,1,2022,zooplankton,380,Bivalvia,85,,bivalvia,,,,,,,
Saccharina,Pabay_30_1_22_3,Pabay,30_1_2022,30,1,2022,zooplankton,380,Bryozoa,2,,bryozoa,,,,,,,
Saccharina,Pabay_30_1_22_3,Pabay,30_1_2022,30,1,2022,zooplankton,380,copepod_nauplii,153,,copepod_nauplii,,,,,,,
Saccharina,Pabay_30_1_22_3,Pabay,30_1_2022,30,1,2022,zooplankton,380,copepods,102,,copepods,,,,,,,
Saccharina,Pabay_30_1_22_3,Pabay,30_1_2022,30,1,2022,zooplankton,380,fish_egg,17,,fish_egg,,,,,,,
Saccharina,Pabay_30_1_22_3,Pabay,30_1_2022,30,1,2022,zooplankton,380,Gastropoda,17,,gastropoda,,,,,,,
Saccharina,Pabay_30_1_22_3,Pabay,30_1_2022,30,1,2022,zooplankton,380,holoplankton,274,,holoplankton,,,,,,,
Saccharina,Pabay_30_1_22_3,Pabay,30_1_2022,30,1,2022,zooplankton,380,meroplankton,106,,meroplankton,,,,,,,
Saccharina,Pabay_30_1_22_3,Pabay,30_1_2022,30,1,2022,zooplankton,380,microfibers,2,,microfibers,,,,,,,
Saccharina,Pabay_30_1_22_3,Pabay,30_1_2022,30,1,2022,zooplankton,380,sabellariidae,2,,sabellariidae,,,,,,,
Saccharina,Pabay_30_1_22_3,Pabay,30_1_2022,30,1,2022,zooplankton,380,Copepoda,255,,total_copepoda,,,,,,,
Saccharina,Pabay_30_1_22_3,Pabay,30_1_2022,30,1,2022,zooplankton,380,Polychaeta,2,,total_polychaeta,,,,,,,
Alaria,Pabay_30_10_21_1,Pabay,30_10_2021,30,10,2021,zooplankton,5131,Bivalvia,51,,bivalvia,,,,,,,
Alaria,Pabay_30_10_21_1,Pabay,30_10_2021,30,10,2021,zooplankton,5131,Bryozoa,68,,bryozoa,,,,,,,
Alaria,Pabay_30_10_21_1,Pabay,30_10_2021,30,10,2021,zooplankton,5131,copepod_nauplii,2682,,copepod_nauplii,,,,,,,
Alaria,Pabay_30_10_21_1,Pabay,30_10_2021,30,10,2021,zooplankton,5131,copepods,2105,,copepods,,,,,,,
Alaria,Pabay_30_10_21_1,Pabay,30_10_2021,30,10,2021,zooplankton,5131,Gastropoda,17,,gastropoda,,,,,,,
Alaria,Pabay_30_10_21_1,Pabay,30_10_2021,30,10,2021,zooplankton,5131,holoplankton,4923,,holoplankton,,,,,,,
Alaria,Pabay_30_10_21_1,Pabay,30_10_2021,30,10,2021,zooplankton,5131,meroplankton,208,,meroplankton,,,,,,,
Alaria,Pabay_30_10_21_1,Pabay,30_10_2021,30,10,2021,zooplankton,5131,microfibers,2,,microfibers,,,,,,,
Alaria,Pabay_30_10_21_1,Pabay,30_10_2021,30,10,2021,zooplankton,5131,ophiura_larvae,2,,ophiura_larvae,,,,,,,
Alaria,Pabay_30_10_21_1,Pabay,30_10_2021,30,10,2021,zooplankton,5131,podon,17,,podon,,,,,,,
Alaria,Pabay_30_10_21_1,Pabay,30_10_2021,30,10,2021,zooplankton,5131,sabellariidae,68,,sabellariidae,,,,,,,
Alaria,Pabay_30_10_21_1,Pabay,30_10_2021,30,10,2021,zooplankton,5131,Branchiopoda,17,,Branchiopoda,,,,,,,
Alaria,Pabay_30_10_21_1,Pabay,30_10_2021,30,10,2021,zooplankton,5131,Copepoda,4787,,total_copepoda,,,,,,,
Alaria,Pabay_30_10_21_1,Pabay,30_10_2021,30,10,2021,zooplankton,5131,Hydrozoa,2,,total_hydrozoa,,,,,,,
Alaria,Pabay_30_10_21_1,Pabay,30_10_2021,30,10,2021,zooplankton,5131,Polychaeta,68,,total_polychaeta,,,,,,,
Alaria,Pabay_30_10_21_1,Pabay,30_10_2021,30,10,2021,zooplankton,5131,unknown_jellies,2,,unknown_jellies,,,,,,,
Saccharina,Pabay_30_10_21_1,Pabay,30_10_2021,30,10,2021,zooplankton,5131,Bivalvia,51,,bivalvia,,,,,,,
Saccharina,Pabay_30_10_21_1,Pabay,30_10_2021,30,10,2021,zooplankton,5131,Bryozoa,68,,bryozoa,,,,,,,
Saccharina,Pabay_30_10_21_1,Pabay,30_10_2021,30,10,2021,zooplankton,5131,copepod_nauplii,2682,,copepod_nauplii,,,,,,,
Saccharina,Pabay_30_10_21_1,Pabay,30_10_2021,30,10,2021,zooplankton,5131,copepods,2105,,copepods,,,,,,,
Saccharina,Pabay_30_10_21_1,Pabay,30_10_2021,30,10,2021,zooplankton,5131,Gastropoda,17,,gastropoda,,,,,,,
Saccharina,Pabay_30_10_21_1,Pabay,30_10_2021,30,10,2021,zooplankton,5131,holoplankton,4923,,holoplankton,,,,,,,
Saccharina,Pabay_30_10_21_1,Pabay,30_10_2021,30,10,2021,zooplankton,5131,meroplankton,208,,meroplankton,,,,,,,
Saccharina,Pabay_30_10_21_1,Pabay,30_10_2021,30,10,2021,zooplankton,5131,microfibers,2,,microfibers,,,,,,,
Saccharina,Pabay_30_10_21_1,Pabay,30_10_2021,30,10,2021,zooplankton,5131,ophiura_larvae,2,,ophiura_larvae,,,,,,,
Saccharina,Pabay_30_10_21_1,Pabay,30_10_2021,30,10,2021,zooplankton,5131,podon,17,,podon,,,,,,,
Saccharina,Pabay_30_10_21_1,Pabay,30_10_2021,30,10,2021,zooplankton,5131,sabellariidae,68,,sabellariidae,,,,,,,
Saccharina,Pabay_30_10_21_1,Pabay,30_10_2021,30,10,2021,zooplankton,5131,Branchiopoda,17,,Branchiopoda,,,,,,,
Saccharina,Pabay_30_10_21_1,Pabay,30_10_2021,30,10,2021,zooplankton,5131,Copepoda,4787,,total_copepoda,,,,,,,
Saccharina,Pabay_30_10_21_1,Pabay,30_10_2021,30,10,2021,zooplankton,5131,Hydrozoa,2,,total_hydrozoa,,,,,,,
Saccharina,Pabay_30_10_21_1,Pabay,30_10_2021,30,10,2021,zooplankton,5131,Polychaeta,68,,total_polychaeta,,,,,,,
Saccharina,Pabay_30_10_21_1,Pabay,30_10_2021,30,10,2021,zooplankton,5131,unknown_jellies,2,,unknown_jellies,,,,,,,
Alaria,Pabay_30_10_21_2,Pabay,30_10_2021,30,10,2021,zooplankton,3618,Bivalvia,119,,bivalvia,,,,,,,
Alaria,Pabay_30_10_21_2,Pabay,30_10_2021,30,10,2021,zooplankton,3618,Bryozoa,34,,bryozoa,,,,,,,
Alaria,Pabay_30_10_21_2,Pabay,30_10_2021,30,10,2021,zooplankton,3618,copepod_nauplii,2003,,copepod_nauplii,,,,,,,
Alaria,Pabay_30_10_21_2,Pabay,30_10_2021,30,10,2021,zooplankton,3618,copepods,1154,,copepods,,,,,,,
Alaria,Pabay_30_10_21_2,Pabay,30_10_2021,30,10,2021,zooplankton,3618,fish_egg,2,,fish_egg,,,,,,,
Alaria,Pabay_30_10_21_2,Pabay,30_10_2021,30,10,2021,zooplankton,3618,Gastropoda,85,,gastropoda,,,,,,,
Alaria,Pabay_30_10_21_2,Pabay,30_10_2021,30,10,2021,zooplankton,3618,holoplankton,3295,,holoplankton,,,,,,,
Alaria,Pabay_30_10_21_2,Pabay,30_10_2021,30,10,2021,zooplankton,3618,meroplankton,323,,meroplankton,,,,,,,
Alaria,Pabay_30_10_21_2,Pabay,30_10_2021,30,10,2021,zooplankton,3618,microfibers,17,,microfibers,,,,,,,
Alaria,Pabay_30_10_21_2,Pabay,30_10_2021,30,10,2021,zooplankton,3618,sabellariidae,85,,sabellariidae,,,,,,,
Alaria,Pabay_30_10_21_2,Pabay,30_10_2021,30,10,2021,zooplankton,3618,Copepoda,3158,,total_copepoda,,,,,,,
Alaria,Pabay_30_10_21_2,Pabay,30_10_2021,30,10,2021,zooplankton,3618,Polychaeta,85,,total_polychaeta,,,,,,,
Saccharina,Pabay_30_10_21_2,Pabay,30_10_2021,30,10,2021,zooplankton,3618,Bivalvia,119,,bivalvia,,,,,,,
Saccharina,Pabay_30_10_21_2,Pabay,30_10_2021,30,10,2021,zooplankton,3618,Bryozoa,34,,bryozoa,,,,,,,
Saccharina,Pabay_30_10_21_2,Pabay,30_10_2021,30,10,2021,zooplankton,3618,copepod_nauplii,2003,,copepod_nauplii,,,,,,,
Saccharina,Pabay_30_10_21_2,Pabay,30_10_2021,30,10,2021,zooplankton,3618,copepods,1154,,copepods,,,,,,,
Saccharina,Pabay_30_10_21_2,Pabay,30_10_2021,30,10,2021,zooplankton,3618,fish_egg,2,,fish_egg,,,,,,,
Saccharina,Pabay_30_10_21_2,Pabay,30_10_2021,30,10,2021,zooplankton,3618,Gastropoda,85,,gastropoda,,,,,,,
Saccharina,Pabay_30_10_21_2,Pabay,30_10_2021,30,10,2021,zooplankton,3618,holoplankton,3295,,holoplankton,,,,,,,
Saccharina,Pabay_30_10_21_2,Pabay,30_10_2021,30,10,2021,zooplankton,3618,meroplankton,323,,meroplankton,,,,,,,
Saccharina,Pabay_30_10_21_2,Pabay,30_10_2021,30,10,2021,zooplankton,3618,microfibers,17,,microfibers,,,,,,,
Saccharina,Pabay_30_10_21_2,Pabay,30_10_2021,30,10,2021,zooplankton,3618,sabellariidae,85,,sabellariidae,,,,,,,
Saccharina,Pabay_30_10_21_2,Pabay,30_10_2021,30,10,2021,zooplankton,3618,Copepoda,3158,,total_copepoda,,,,,,,
Saccharina,Pabay_30_10_21_2,Pabay,30_10_2021,30,10,2021,zooplankton,3618,Polychaeta,85,,total_polychaeta,,,,,,,
Alaria,Pabay_30_10_21_3,Pabay,30_10_2021,30,10,2021,zooplankton,3096,Bivalvia,85,,bivalvia,,,,,,,
Alaria,Pabay_30_10_21_3,Pabay,30_10_2021,30,10,2021,zooplankton,3096,Bryozoa,2,,bryozoa,,,,,,,
Alaria,Pabay_30_10_21_3,Pabay,30_10_2021,30,10,2021,zooplankton,3096,copepod_nauplii,1273,,copepod_nauplii,,,,,,,
Alaria,Pabay_30_10_21_3,Pabay,30_10_2021,30,10,2021,zooplankton,3096,copepods,1545,,copepods,,,,,,,
Alaria,Pabay_30_10_21_3,Pabay,30_10_2021,30,10,2021,zooplankton,3096,decapoda_larvae,2,,decapoda_larvae,,,,,,,
Alaria,Pabay_30_10_21_3,Pabay,30_10_2021,30,10,2021,zooplankton,3096,evadne,17,,evadne,,,,,,,
Alaria,Pabay_30_10_21_3,Pabay,30_10_2021,30,10,2021,zooplankton,3096,Gastropoda,2,,gastropoda,,,,,,,
Alaria,Pabay_30_10_21_3,Pabay,30_10_2021,30,10,2021,zooplankton,3096,holoplankton,2954,,holoplankton,,,,,,,
Alaria,Pabay_30_10_21_3,Pabay,30_10_2021,30,10,2021,zooplankton,3096,meroplankton,142,,meroplankton,,,,,,,
Alaria,Pabay_30_10_21_3,Pabay,30_10_2021,30,10,2021,zooplankton,3096,microfibers,51,,microfibers,,,,,,,
Alaria,Pabay_30_10_21_3,Pabay,30_10_2021,30,10,2021,zooplankton,3096,obelia,17,,obelia,,,,,,,
Alaria,Pabay_30_10_21_3,Pabay,30_10_2021,30,10,2021,zooplankton,3096,podon,17,,podon,,,,,,,
Alaria,Pabay_30_10_21_3,Pabay,30_10_2021,30,10,2021,zooplankton,3096,sabellariidae,34,,sabellariidae,,,,,,,
Alaria,Pabay_30_10_21_3,Pabay,30_10_2021,30,10,2021,zooplankton,3096,Branchiopoda,34,,Branchiopoda,,,,,,,
Alaria,Pabay_30_10_21_3,Pabay,30_10_2021,30,10,2021,zooplankton,3096,Copepoda,2818,,total_copepoda,,,,,,,
Alaria,Pabay_30_10_21_3,Pabay,30_10_2021,30,10,2021,zooplankton,3096,Hydrozoa,17,,total_hydrozoa,,,,,,,
Alaria,Pabay_30_10_21_3,Pabay,30_10_2021,30,10,2021,zooplankton,3096,Malacostraca,2,,Malacostraca,,,,,,,
Alaria,Pabay_30_10_21_3,Pabay,30_10_2021,30,10,2021,zooplankton,3096,Polychaeta,34,,total_polychaeta,,,,,,,
Saccharina,Pabay_30_10_21_3,Pabay,30_10_2021,30,10,2021,zooplankton,3096,Bivalvia,85,,bivalvia,,,,,,,
Saccharina,Pabay_30_10_21_3,Pabay,30_10_2021,30,10,2021,zooplankton,3096,Bryozoa,2,,bryozoa,,,,,,,
Saccharina,Pabay_30_10_21_3,Pabay,30_10_2021,30,10,2021,zooplankton,3096,copepod_nauplii,1273,,copepod_nauplii,,,,,,,
Saccharina,Pabay_30_10_21_3,Pabay,30_10_2021,30,10,2021,zooplankton,3096,copepods,1545,,copepods,,,,,,,
Saccharina,Pabay_30_10_21_3,Pabay,30_10_2021,30,10,2021,zooplankton,3096,decapoda_larvae,2,,decapoda_larvae,,,,,,,
Saccharina,Pabay_30_10_21_3,Pabay,30_10_2021,30,10,2021,zooplankton,3096,evadne,17,,evadne,,,,,,,
Saccharina,Pabay_30_10_21_3,Pabay,30_10_2021,30,10,2021,zooplankton,3096,Gastropoda,2,,gastropoda,,,,,,,
Saccharina,Pabay_30_10_21_3,Pabay,30_10_2021,30,10,2021,zooplankton,3096,holoplankton,2954,,holoplankton,,,,,,,
Saccharina,Pabay_30_10_21_3,Pabay,30_10_2021,30,10,2021,zooplankton,3096,meroplankton,142,,meroplankton,,,,,,,
Saccharina,Pabay_30_10_21_3,Pabay,30_10_2021,30,10,2021,zooplankton,3096,microfibers,51,,microfibers,,,,,,,
Saccharina,Pabay_30_10_21_3,Pabay,30_10_2021,30,10,2021,zooplankton,3096,obelia,17,,obelia,,,,,,,
Saccharina,Pabay_30_10_21_3,Pabay,30_10_2021,30,10,2021,zooplankton,3096,podon,17,,podon,,,,,,,
Saccharina,Pabay_30_10_21_3,Pabay,30_10_2021,30,10,2021,zooplankton,3096,sabellariidae,34,,sabellariidae,,,,,,,
Saccharina,Pabay_30_10_21_3,Pabay,30_10_2021,30,10,2021,zooplankton,3096,Branchiopoda,34,,Branchiopoda,,,,,,,
Saccharina,Pabay_30_10_21_3,Pabay,30_10_2021,30,10,2021,zooplankton,3096,Copepoda,2818,,total_copepoda,,,,,,,
Saccharina,Pabay_30_10_21_3,Pabay,30_10_2021,30,10,2021,zooplankton,3096,Hydrozoa,17,,total_hydrozoa,,,,,,,
Saccharina,Pabay_30_10_21_3,Pabay,30_10_2021,30,10,2021,zooplankton,3096,Malacostraca,2,,Malacostraca,,,,,,,
Saccharina,Pabay_30_10_21_3,Pabay,30_10_2021,30,10,2021,zooplankton,3096,Polychaeta,34,,total_polychaeta,,,,,,,
Alaria,Pabay_30_6_22_1,Pabay,30_6_2022,30,6,2022,zooplankton,11797,Bivalvia,271,,bivalvia,,,,,,,
Alaria,Pabay_30_6_22_1,Pabay,30_6_2022,30,6,2022,zooplankton,11797,Bryozoa,16,,bryozoa,,,,,,,
Alaria,Pabay_30_6_22_1,Pabay,30_6_2022,30,6,2022,zooplankton,11797,copepod_nauplii,4465,,copepod_nauplii,,,,,,,
Alaria,Pabay_30_6_22_1,Pabay,30_6_2022,30,6,2022,zooplankton,11797,copepods,5755,,copepods,,,,,,,
Alaria,Pabay_30_6_22_1,Pabay,30_6_2022,30,6,2022,zooplankton,11797,ctenophore,2,,ctenophore,,,,,,,
Alaria,Pabay_30_6_22_1,Pabay,30_6_2022,30,6,2022,zooplankton,11797,decapoda_larvae,16,,decapoda_larvae,,,,,,,
Alaria,Pabay_30_6_22_1,Pabay,30_6_2022,30,6,2022,zooplankton,11797,evadne,255,,evadne,,,,,,,
Alaria,Pabay_30_6_22_1,Pabay,30_6_2022,30,6,2022,zooplankton,11797,Gastropoda,51,,gastropoda,,,,,,,
Alaria,Pabay_30_6_22_1,Pabay,30_6_2022,30,6,2022,zooplankton,11797,holoplankton,10984,,holoplankton,,,,,,,
Alaria,Pabay_30_6_22_1,Pabay,30_6_2022,30,6,2022,zooplankton,11797,meroplankton,813,,meroplankton,,,,,,,
Alaria,Pabay_30_6_22_1,Pabay,30_6_2022,30,6,2022,zooplankton,11797,obelia,306,,obelia,,,,,,,
Alaria,Pabay_30_6_22_1,Pabay,30_6_2022,30,6,2022,zooplankton,11797,ophiura_larvae,51,,ophiura_larvae,,,,,,,
Alaria,Pabay_30_6_22_1,Pabay,30_6_2022,30,6,2022,zooplankton,11797,podon,16,,podon,,,,,,,
Alaria,Pabay_30_6_22_1,Pabay,30_6_2022,30,6,2022,zooplankton,11797,sabellariidae,16,,sabellariidae,,,,,,,
Alaria,Pabay_30_6_22_1,Pabay,30_6_2022,30,6,2022,zooplankton,11797,sea_urchin_larvae,51,,sea_urchin_larvae,,,,,,,
Alaria,Pabay_30_6_22_1,Pabay,30_6_2022,30,6,2022,zooplankton,11797,spionida,16,,spionida,,,,,,,
Alaria,Pabay_30_6_22_1,Pabay,30_6_2022,30,6,2022,zooplankton,11797,Branchiopoda,271,,Branchiopoda,,,,,,,
Alaria,Pabay_30_6_22_1,Pabay,30_6_2022,30,6,2022,zooplankton,11797,Copepoda,10221,,total_copepoda,,,,,,,
Alaria,Pabay_30_6_22_1,Pabay,30_6_2022,30,6,2022,zooplankton,11797,Hydrozoa,306,,total_hydrozoa,,,,,,,
Alaria,Pabay_30_6_22_1,Pabay,30_6_2022,30,6,2022,zooplankton,11797,Malacostraca,18,,Malacostraca,,,,,,,
Alaria,Pabay_30_6_22_1,Pabay,30_6_2022,30,6,2022,zooplankton,11797,Polychaeta,33,,total_polychaeta,,,,,,,
Saccharina,Pabay_30_6_22_1,Pabay,30_6_2022,30,6,2022,zooplankton,11797,Bivalvia,271,,bivalvia,,,,,,,
Saccharina,Pabay_30_6_22_1,Pabay,30_6_2022,30,6,2022,zooplankton,11797,Bryozoa,16,,bryozoa,,,,,,,
Saccharina,Pabay_30_6_22_1,Pabay,30_6_2022,30,6,2022,zooplankton,11797,copepod_nauplii,4465,,copepod_nauplii,,,,,,,
Saccharina,Pabay_30_6_22_1,Pabay,30_6_2022,30,6,2022,zooplankton,11797,copepods,5755,,copepods,,,,,,,
Saccharina,Pabay_30_6_22_1,Pabay,30_6_2022,30,6,2022,zooplankton,11797,ctenophore,2,,ctenophore,,,,,,,
Saccharina,Pabay_30_6_22_1,Pabay,30_6_2022,30,6,2022,zooplankton,11797,decapoda_larvae,16,,decapoda_larvae,,,,,,,
Saccharina,Pabay_30_6_22_1,Pabay,30_6_2022,30,6,2022,zooplankton,11797,evadne,255,,evadne,,,,,,,
Saccharina,Pabay_30_6_22_1,Pabay,30_6_2022,30,6,2022,zooplankton,11797,Gastropoda,51,,gastropoda,,,,,,,
Saccharina,Pabay_30_6_22_1,Pabay,30_6_2022,30,6,2022,zooplankton,11797,holoplankton,10984,,holoplankton,,,,,,,
Saccharina,Pabay_30_6_22_1,Pabay,30_6_2022,30,6,2022,zooplankton,11797,meroplankton,813,,meroplankton,,,,,,,
Saccharina,Pabay_30_6_22_1,Pabay,30_6_2022,30,6,2022,zooplankton,11797,obelia,306,,obelia,,,,,,,
Saccharina,Pabay_30_6_22_1,Pabay,30_6_2022,30,6,2022,zooplankton,11797,ophiura_larvae,51,,ophiura_larvae,,,,,,,
Saccharina,Pabay_30_6_22_1,Pabay,30_6_2022,30,6,2022,zooplankton,11797,podon,16,,podon,,,,,,,
Saccharina,Pabay_30_6_22_1,Pabay,30_6_2022,30,6,2022,zooplankton,11797,sabellariidae,16,,sabellariidae,,,,,,,
Saccharina,Pabay_30_6_22_1,Pabay,30_6_2022,30,6,2022,zooplankton,11797,sea_urchin_larvae,51,,sea_urchin_larvae,,,,,,,
Saccharina,Pabay_30_6_22_1,Pabay,30_6_2022,30,6,2022,zooplankton,11797,spionida,16,,spionida,,,,,,,
Saccharina,Pabay_30_6_22_1,Pabay,30_6_2022,30,6,2022,zooplankton,11797,Branchiopoda,271,,Branchiopoda,,,,,,,
Saccharina,Pabay_30_6_22_1,Pabay,30_6_2022,30,6,2022,zooplankton,11797,Copepoda,10221,,total_copepoda,,,,,,,
Saccharina,Pabay_30_6_22_1,Pabay,30_6_2022,30,6,2022,zooplankton,11797,Hydrozoa,306,,total_hydrozoa,,,,,,,
Saccharina,Pabay_30_6_22_1,Pabay,30_6_2022,30,6,2022,zooplankton,11797,Malacostraca,18,,Malacostraca,,,,,,,
Saccharina,Pabay_30_6_22_1,Pabay,30_6_2022,30,6,2022,zooplankton,11797,Polychaeta,33,,total_polychaeta,,,,,,,
Alaria,Pabay_30_6_22_2,Pabay,30_6_2022,30,6,2022,zooplankton,19190,Bivalvia,1359,,bivalvia,,,,,,,
Alaria,Pabay_30_6_22_2,Pabay,30_6_2022,30,6,2022,zooplankton,19190,Bryozoa,35,,bryozoa,,,,,,,
Alaria,Pabay_30_6_22_2,Pabay,30_6_2022,30,6,2022,zooplankton,19190,copepod_nauplii,6112,,copepod_nauplii,,,,,,,
Alaria,Pabay_30_6_22_2,Pabay,30_6_2022,30,6,2022,zooplankton,19190,copepods,9049,,copepods,,,,,,,
Alaria,Pabay_30_6_22_2,Pabay,30_6_2022,30,6,2022,zooplankton,19190,ctenophore,2,,ctenophore,,,,,,,
Alaria,Pabay_30_6_22_2,Pabay,30_6_2022,30,6,2022,zooplankton,19190,decapoda_larvae,35,,decapoda_larvae,,,,,,,
Alaria,Pabay_30_6_22_2,Pabay,30_6_2022,30,6,2022,zooplankton,19190,evadne,187,,evadne,,,,,,,
Alaria,Pabay_30_6_22_2,Pabay,30_6_2022,30,6,2022,zooplankton,19190,Gastropoda,136,,gastropoda,,,,,,,
Alaria,Pabay_30_6_22_2,Pabay,30_6_2022,30,6,2022,zooplankton,19190,holoplankton,16128,,holoplankton,,,,,,,
Alaria,Pabay_30_6_22_2,Pabay,30_6_2022,30,6,2022,zooplankton,19190,holothuria_larvae,67,,holothuria_larvae,,,,,,,
Alaria,Pabay_30_6_22_2,Pabay,30_6_2022,30,6,2022,zooplankton,19190,meroplankton,3060,,meroplankton,,,,,,,
Alaria,Pabay_30_6_22_2,Pabay,30_6_2022,30,6,2022,zooplankton,19190,obelia,458,,obelia,,,,,,,
Alaria,Pabay_30_6_22_2,Pabay,30_6_2022,30,6,2022,zooplankton,19190,ophiura_larvae,322,,ophiura_larvae,,,,,,,
Alaria,Pabay_30_6_22_2,Pabay,30_6_2022,30,6,2022,zooplankton,19190,other_polychaetae_larvae,16,,other_polychaetae_larvae,,,,,,,
Alaria,Pabay_30_6_22_2,Pabay,30_6_2022,30,6,2022,zooplankton,19190,phoronida_larvae,2,,phoronida_larvae,,,,,,,
Alaria,Pabay_30_6_22_2,Pabay,30_6_2022,30,6,2022,zooplankton,19190,sabellariidae,271,,sabellariidae,,,,,,,
Alaria,Pabay_30_6_22_2,Pabay,30_6_2022,30,6,2022,zooplankton,19190,sagitta,2,,sagitta,,,,,,,
Alaria,Pabay_30_6_22_2,Pabay,30_6_2022,30,6,2022,zooplankton,19190,sea_urchin_larvae,220,,sea_urchin_larvae,,,,,,,
Alaria,Pabay_30_6_22_2,Pabay,30_6_2022,30,6,2022,zooplankton,19190,spionida,204,,spionida,,,,,,,
Alaria,Pabay_30_6_22_2,Pabay,30_6_2022,30,6,2022,zooplankton,19190,Branchiopoda,187,,Branchiopoda,,,,,,,
Alaria,Pabay_30_6_22_2,Pabay,30_6_2022,30,6,2022,zooplankton,19190,Copepoda,15161,,total_copepoda,,,,,,,
Alaria,Pabay_30_6_22_2,Pabay,30_6_2022,30,6,2022,zooplankton,19190,Hydrozoa,458,,total_hydrozoa,,,,,,,
Alaria,Pabay_30_6_22_2,Pabay,30_6_2022,30,6,2022,zooplankton,19190,Malacostraca,37,,Malacostraca,,,,,,,
Alaria,Pabay_30_6_22_2,Pabay,30_6_2022,30,6,2022,zooplankton,19190,Polychaeta,491,,total_polychaeta,,,,,,,
Saccharina,Pabay_30_6_22_2,Pabay,30_6_2022,30,6,2022,zooplankton,19190,Bivalvia,1359,,bivalvia,,,,,,,
Saccharina,Pabay_30_6_22_2,Pabay,30_6_2022,30,6,2022,zooplankton,19190,Bryozoa,35,,bryozoa,,,,,,,
Saccharina,Pabay_30_6_22_2,Pabay,30_6_2022,30,6,2022,zooplankton,19190,copepod_nauplii,6112,,copepod_nauplii,,,,,,,
Saccharina,Pabay_30_6_22_2,Pabay,30_6_2022,30,6,2022,zooplankton,19190,copepods,9049,,copepods,,,,,,,
Saccharina,Pabay_30_6_22_2,Pabay,30_6_2022,30,6,2022,zooplankton,19190,ctenophore,2,,ctenophore,,,,,,,
Saccharina,Pabay_30_6_22_2,Pabay,30_6_2022,30,6,2022,zooplankton,19190,decapoda_larvae,35,,decapoda_larvae,,,,,,,
Saccharina,Pabay_30_6_22_2,Pabay,30_6_2022,30,6,2022,zooplankton,19190,evadne,187,,evadne,,,,,,,
Saccharina,Pabay_30_6_22_2,Pabay,30_6_2022,30,6,2022,zooplankton,19190,Gastropoda,136,,gastropoda,,,,,,,
Saccharina,Pabay_30_6_22_2,Pabay,30_6_2022,30,6,2022,zooplankton,19190,holoplankton,16128,,holoplankton,,,,,,,
Saccharina,Pabay_30_6_22_2,Pabay,30_6_2022,30,6,2022,zooplankton,19190,holothuria_larvae,67,,holothuria_larvae,,,,,,,
Saccharina,Pabay_30_6_22_2,Pabay,30_6_2022,30,6,2022,zooplankton,19190,meroplankton,3060,,meroplankton,,,,,,,
Saccharina,Pabay_30_6_22_2,Pabay,30_6_2022,30,6,2022,zooplankton,19190,obelia,458,,obelia,,,,,,,
Saccharina,Pabay_30_6_22_2,Pabay,30_6_2022,30,6,2022,zooplankton,19190,ophiura_larvae,322,,ophiura_larvae,,,,,,,
Saccharina,Pabay_30_6_22_2,Pabay,30_6_2022,30,6,2022,zooplankton,19190,other_polychaetae_larvae,16,,other_polychaetae_larvae,,,,,,,
Saccharina,Pabay_30_6_22_2,Pabay,30_6_2022,30,6,2022,zooplankton,19190,phoronida_larvae,2,,phoronida_larvae,,,,,,,
Saccharina,Pabay_30_6_22_2,Pabay,30_6_2022,30,6,2022,zooplankton,19190,sabellariidae,271,,sabellariidae,,,,,,,
Saccharina,Pabay_30_6_22_2,Pabay,30_6_2022,30,6,2022,zooplankton,19190,sagitta,2,,sagitta,,,,,,,
Saccharina,Pabay_30_6_22_2,Pabay,30_6_2022,30,6,2022,zooplankton,19190,sea_urchin_larvae,220,,sea_urchin_larvae,,,,,,,
Saccharina,Pabay_30_6_22_2,Pabay,30_6_2022,30,6,2022,zooplankton,19190,spionida,204,,spionida,,,,,,,
Saccharina,Pabay_30_6_22_2,Pabay,30_6_2022,30,6,2022,zooplankton,19190,Branchiopoda,187,,Branchiopoda,,,,,,,
Saccharina,Pabay_30_6_22_2,Pabay,30_6_2022,30,6,2022,zooplankton,19190,Copepoda,15161,,total_copepoda,,,,,,,
Saccharina,Pabay_30_6_22_2,Pabay,30_6_2022,30,6,2022,zooplankton,19190,Hydrozoa,458,,total_hydrozoa,,,,,,,
Saccharina,Pabay_30_6_22_2,Pabay,30_6_2022,30,6,2022,zooplankton,19190,Malacostraca,37,,Malacostraca,,,,,,,
Saccharina,Pabay_30_6_22_2,Pabay,30_6_2022,30,6,2022,zooplankton,19190,Polychaeta,491,,total_polychaeta,,,,,,,
Alaria,Pabay_30_6_22_3,Pabay,30_6_2022,30,6,2022,zooplankton,14882,Bivalvia,544,,bivalvia,,,,,,,
Alaria,Pabay_30_6_22_3,Pabay,30_6_2022,30,6,2022,zooplankton,14882,Bryozoa,86,,bryozoa,,,,,,,
Alaria,Pabay_30_6_22_3,Pabay,30_6_2022,30,6,2022,zooplankton,14882,copepod_nauplii,6315,,copepod_nauplii,,,,,,,
Alaria,Pabay_30_6_22_3,Pabay,30_6_2022,30,6,2022,zooplankton,14882,copepods,6044,,copepods,,,,,,,
Alaria,Pabay_30_6_22_3,Pabay,30_6_2022,30,6,2022,zooplankton,14882,ctenophore,35,,ctenophore,,,,,,,
Alaria,Pabay_30_6_22_3,Pabay,30_6_2022,30,6,2022,zooplankton,14882,decapoda_larvae,6,,decapoda_larvae,,,,,,,
Alaria,Pabay_30_6_22_3,Pabay,30_6_2022,30,6,2022,zooplankton,14882,evadne,67,,evadne,,,,,,,
Alaria,Pabay_30_6_22_3,Pabay,30_6_2022,30,6,2022,zooplankton,14882,Gastropoda,204,,gastropoda,,,,,,,
Alaria,Pabay_30_6_22_3,Pabay,30_6_2022,30,6,2022,zooplankton,14882,holoplankton,13158,,holoplankton,,,,,,,
Alaria,Pabay_30_6_22_3,Pabay,30_6_2022,30,6,2022,zooplankton,14882,hydroids,2,,hydroids,,,,,,,
Alaria,Pabay_30_6_22_3,Pabay,30_6_2022,30,6,2022,zooplankton,14882,meroplankton,1723,,meroplankton,,,,,,,
Alaria,Pabay_30_6_22_3,Pabay,30_6_2022,30,6,2022,zooplankton,14882,obelia,322,,obelia,,,,,,,
Alaria,Pabay_30_6_22_3,Pabay,30_6_2022,30,6,2022,zooplankton,14882,ophiura_larvae,204,,ophiura_larvae,,,,,,,
Alaria,Pabay_30_6_22_3,Pabay,30_6_2022,30,6,2022,zooplankton,14882,other_polychaetae_larvae,16,,other_polychaetae_larvae,,,,,,,
Alaria,Pabay_30_6_22_3,Pabay,30_6_2022,30,6,2022,zooplankton,14882,sabellariidae,136,,sabellariidae,,,,,,,
Alaria,Pabay_30_6_22_3,Pabay,30_6_2022,30,6,2022,zooplankton,14882,sea_urchin_larvae,86,,sea_urchin_larvae,,,,,,,
Alaria,Pabay_30_6_22_3,Pabay,30_6_2022,30,6,2022,zooplankton,14882,spionida,35,,spionida,,,,,,,
Alaria,Pabay_30_6_22_3,Pabay,30_6_2022,30,6,2022,zooplankton,14882,Balanoida,51,,total_balanoida,,,,,,,
Alaria,Pabay_30_6_22_3,Pabay,30_6_2022,30,6,2022,zooplankton,14882,Branchiopoda,67,,Branchiopoda,,,,,,,
Alaria,Pabay_30_6_22_3,Pabay,30_6_2022,30,6,2022,zooplankton,14882,Copepoda,12360,,total_copepoda,,,,,,,
Alaria,Pabay_30_6_22_3,Pabay,30_6_2022,30,6,2022,zooplankton,14882,Hydrozoa,324,,total_hydrozoa,,,,,,,
Alaria,Pabay_30_6_22_3,Pabay,30_6_2022,30,6,2022,zooplankton,14882,Malacostraca,22,,Malacostraca,,,,,,,
Alaria,Pabay_30_6_22_3,Pabay,30_6_2022,30,6,2022,zooplankton,14882,Polychaeta,187,,total_polychaeta,,,,,,,
Saccharina,Pabay_30_6_22_3,Pabay,30_6_2022,30,6,2022,zooplankton,14882,Bivalvia,544,,bivalvia,,,,,,,
Saccharina,Pabay_30_6_22_3,Pabay,30_6_2022,30,6,2022,zooplankton,14882,Bryozoa,86,,bryozoa,,,,,,,
Saccharina,Pabay_30_6_22_3,Pabay,30_6_2022,30,6,2022,zooplankton,14882,copepod_nauplii,6315,,copepod_nauplii,,,,,,,
Saccharina,Pabay_30_6_22_3,Pabay,30_6_2022,30,6,2022,zooplankton,14882,copepods,6044,,copepods,,,,,,,
Saccharina,Pabay_30_6_22_3,Pabay,30_6_2022,30,6,2022,zooplankton,14882,ctenophore,35,,ctenophore,,,,,,,
Saccharina,Pabay_30_6_22_3,Pabay,30_6_2022,30,6,2022,zooplankton,14882,decapoda_larvae,6,,decapoda_larvae,,,,,,,
Saccharina,Pabay_30_6_22_3,Pabay,30_6_2022,30,6,2022,zooplankton,14882,evadne,67,,evadne,,,,,,,
Saccharina,Pabay_30_6_22_3,Pabay,30_6_2022,30,6,2022,zooplankton,14882,Gastropoda,204,,gastropoda,,,,,,,
Saccharina,Pabay_30_6_22_3,Pabay,30_6_2022,30,6,2022,zooplankton,14882,holoplankton,13158,,holoplankton,,,,,,,
Saccharina,Pabay_30_6_22_3,Pabay,30_6_2022,30,6,2022,zooplankton,14882,hydroids,2,,hydroids,,,,,,,
Saccharina,Pabay_30_6_22_3,Pabay,30_6_2022,30,6,2022,zooplankton,14882,meroplankton,1723,,meroplankton,,,,,,,
Saccharina,Pabay_30_6_22_3,Pabay,30_6_2022,30,6,2022,zooplankton,14882,obelia,322,,obelia,,,,,,,
Saccharina,Pabay_30_6_22_3,Pabay,30_6_2022,30,6,2022,zooplankton,14882,ophiura_larvae,204,,ophiura_larvae,,,,,,,
Saccharina,Pabay_30_6_22_3,Pabay,30_6_2022,30,6,2022,zooplankton,14882,other_polychaetae_larvae,16,,other_polychaetae_larvae,,,,,,,
Saccharina,Pabay_30_6_22_3,Pabay,30_6_2022,30,6,2022,zooplankton,14882,sabellariidae,136,,sabellariidae,,,,,,,
Saccharina,Pabay_30_6_22_3,Pabay,30_6_2022,30,6,2022,zooplankton,14882,sea_urchin_larvae,86,,sea_urchin_larvae,,,,,,,
Saccharina,Pabay_30_6_22_3,Pabay,30_6_2022,30,6,2022,zooplankton,14882,spionida,35,,spionida,,,,,,,
Saccharina,Pabay_30_6_22_3,Pabay,30_6_2022,30,6,2022,zooplankton,14882,Balanoida,51,,total_balanoida,,,,,,,
Saccharina,Pabay_30_6_22_3,Pabay,30_6_2022,30,6,2022,zooplankton,14882,Branchiopoda,67,,Branchiopoda,,,,,,,
Saccharina,Pabay_30_6_22_3,Pabay,30_6_2022,30,6,2022,zooplankton,14882,Copepoda,12360,,total_copepoda,,,,,,,
Saccharina,Pabay_30_6_22_3,Pabay,30_6_2022,30,6,2022,zooplankton,14882,Hydrozoa,324,,total_hydrozoa,,,,,,,
Saccharina,Pabay_30_6_22_3,Pabay,30_6_2022,30,6,2022,zooplankton,14882,Malacostraca,22,,Malacostraca,,,,,,,
Saccharina,Pabay_30_6_22_3,Pabay,30_6_2022,30,6,2022,zooplankton,14882,Polychaeta,187,,total_polychaeta,,,,,,,
Alaria,Pabay_30_7_22_1,Pabay,30_7_2022,30,7,2022,zooplankton,6160,Bivalvia,271,,bivalvia,,,,,,,
Alaria,Pabay_30_7_22_1,Pabay,30_7_2022,30,7,2022,zooplankton,6160,Bryozoa,35,,bryozoa,,,,,,,
Alaria,Pabay_30_7_22_1,Pabay,30_7_2022,30,7,2022,zooplankton,6160,copepod_nauplii,1544,,copepod_nauplii,,,,,,,
Alaria,Pabay_30_7_22_1,Pabay,30_7_2022,30,7,2022,zooplankton,6160,copepods,2938,,copepods,,,,,,,
Alaria,Pabay_30_7_22_1,Pabay,30_7_2022,30,7,2022,zooplankton,6160,decapoda_larvae,2,,decapoda_larvae,,,,,,,
Alaria,Pabay_30_7_22_1,Pabay,30_7_2022,30,7,2022,zooplankton,6160,euphysa_sp,2,,euphysa_sp,,,,,,,
Alaria,Pabay_30_7_22_1,Pabay,30_7_2022,30,7,2022,zooplankton,6160,evadne,424,,evadne,,,,,,,
Alaria,Pabay_30_7_22_1,Pabay,30_7_2022,30,7,2022,zooplankton,6160,Gastropoda,67,,gastropoda,,,,,,,
Alaria,Pabay_30_7_22_1,Pabay,30_7_2022,30,7,2022,zooplankton,6160,holoplankton,5549,,holoplankton,,,,,,,
Alaria,Pabay_30_7_22_1,Pabay,30_7_2022,30,7,2022,zooplankton,6160,hydroids,16,,hydroids,,,,,,,
Alaria,Pabay_30_7_22_1,Pabay,30_7_2022,30,7,2022,zooplankton,6160,lizzia_blondina,16,,lizzia_blondina,,,,,,,
Alaria,Pabay_30_7_22_1,Pabay,30_7_2022,30,7,2022,zooplankton,6160,meroplankton,611,,meroplankton,,,,,,,
Alaria,Pabay_30_7_22_1,Pabay,30_7_2022,30,7,2022,zooplankton,6160,ophiura_larvae,16,,ophiura_larvae,,,,,,,
Alaria,Pabay_30_7_22_1,Pabay,30_7_2022,30,7,2022,zooplankton,6160,sabellariidae,153,,sabellariidae,,,,,,,
Alaria,Pabay_30_7_22_1,Pabay,30_7_2022,30,7,2022,zooplankton,6160,sea_urchin_larvae,16,,sea_urchin_larvae,,,,,,,
Alaria,Pabay_30_7_22_1,Pabay,30_7_2022,30,7,2022,zooplankton,6160,solmaris_corona,2,,solmaris_corona,,,,,,,
Alaria,Pabay_30_7_22_1,Pabay,30_7_2022,30,7,2022,zooplankton,6160,spionida,16,,spionida,,,,,,,
Alaria,Pabay_30_7_22_1,Pabay,30_7_2022,30,7,2022,zooplankton,6160,Balanoida,16,,total_balanoida,,,,,,,
Alaria,Pabay_30_7_22_1,Pabay,30_7_2022,30,7,2022,zooplankton,6160,Branchiopoda,424,,Branchiopoda,,,,,,,
Alaria,Pabay_30_7_22_1,Pabay,30_7_2022,30,7,2022,zooplankton,6160,Copepoda,4482,,total_copepoda,,,,,,,
Alaria,Pabay_30_7_22_1,Pabay,30_7_2022,30,7,2022,zooplankton,6160,Hydrozoa,33,,total_hydrozoa,,,,,,,
Alaria,Pabay_30_7_22_1,Pabay,30_7_2022,30,7,2022,zooplankton,6160,Malacostraca,4,,Malacostraca,,,,,,,
Alaria,Pabay_30_7_22_1,Pabay,30_7_2022,30,7,2022,zooplankton,6160,Polychaeta,169,,total_polychaeta,,,,,,,
Saccharina,Pabay_30_7_22_1,Pabay,30_7_2022,30,7,2022,zooplankton,6160,Bivalvia,271,,bivalvia,,,,,,,
Saccharina,Pabay_30_7_22_1,Pabay,30_7_2022,30,7,2022,zooplankton,6160,Bryozoa,35,,bryozoa,,,,,,,
Saccharina,Pabay_30_7_22_1,Pabay,30_7_2022,30,7,2022,zooplankton,6160,copepod_nauplii,1544,,copepod_nauplii,,,,,,,
Saccharina,Pabay_30_7_22_1,Pabay,30_7_2022,30,7,2022,zooplankton,6160,copepods,2938,,copepods,,,,,,,
Saccharina,Pabay_30_7_22_1,Pabay,30_7_2022,30,7,2022,zooplankton,6160,decapoda_larvae,2,,decapoda_larvae,,,,,,,
Saccharina,Pabay_30_7_22_1,Pabay,30_7_2022,30,7,2022,zooplankton,6160,euphysa_sp,2,,euphysa_sp,,,,,,,
Saccharina,Pabay_30_7_22_1,Pabay,30_7_2022,30,7,2022,zooplankton,6160,evadne,424,,evadne,,,,,,,
Saccharina,Pabay_30_7_22_1,Pabay,30_7_2022,30,7,2022,zooplankton,6160,Gastropoda,67,,gastropoda,,,,,,,
Saccharina,Pabay_30_7_22_1,Pabay,30_7_2022,30,7,2022,zooplankton,6160,holoplankton,5549,,holoplankton,,,,,,,
Saccharina,Pabay_30_7_22_1,Pabay,30_7_2022,30,7,2022,zooplankton,6160,hydroids,16,,hydroids,,,,,,,
Saccharina,Pabay_30_7_22_1,Pabay,30_7_2022,30,7,2022,zooplankton,6160,lizzia_blondina,16,,lizzia_blondina,,,,,,,
Saccharina,Pabay_30_7_22_1,Pabay,30_7_2022,30,7,2022,zooplankton,6160,meroplankton,611,,meroplankton,,,,,,,
Saccharina,Pabay_30_7_22_1,Pabay,30_7_2022,30,7,2022,zooplankton,6160,ophiura_larvae,16,,ophiura_larvae,,,,,,,
Saccharina,Pabay_30_7_22_1,Pabay,30_7_2022,30,7,2022,zooplankton,6160,sabellariidae,153,,sabellariidae,,,,,,,
Saccharina,Pabay_30_7_22_1,Pabay,30_7_2022,30,7,2022,zooplankton,6160,sea_urchin_larvae,16,,sea_urchin_larvae,,,,,,,
Saccharina,Pabay_30_7_22_1,Pabay,30_7_2022,30,7,2022,zooplankton,6160,solmaris_corona,2,,solmaris_corona,,,,,,,
Saccharina,Pabay_30_7_22_1,Pabay,30_7_2022,30,7,2022,zooplankton,6160,spionida,16,,spionida,,,,,,,
Saccharina,Pabay_30_7_22_1,Pabay,30_7_2022,30,7,2022,zooplankton,6160,Balanoida,16,,total_balanoida,,,,,,,
Saccharina,Pabay_30_7_22_1,Pabay,30_7_2022,30,7,2022,zooplankton,6160,Branchiopoda,424,,Branchiopoda,,,,,,,
Saccharina,Pabay_30_7_22_1,Pabay,30_7_2022,30,7,2022,zooplankton,6160,Copepoda,4482,,total_copepoda,,,,,,,
Saccharina,Pabay_30_7_22_1,Pabay,30_7_2022,30,7,2022,zooplankton,6160,Hydrozoa,33,,total_hydrozoa,,,,,,,
Saccharina,Pabay_30_7_22_1,Pabay,30_7_2022,30,7,2022,zooplankton,6160,Malacostraca,4,,Malacostraca,,,,,,,
Saccharina,Pabay_30_7_22_1,Pabay,30_7_2022,30,7,2022,zooplankton,6160,Polychaeta,169,,total_polychaeta,,,,,,,
Alaria,Pabay_30_7_22_2,Pabay,30_7_2022,30,7,2022,zooplankton,11883,Bivalvia,850,,bivalvia,,,,,,,
Alaria,Pabay_30_7_22_2,Pabay,30_7_2022,30,7,2022,zooplankton,11883,clytia,16,,clytia,,,,,,,
Alaria,Pabay_30_7_22_2,Pabay,30_7_2022,30,7,2022,zooplankton,11883,copepod_nauplii,2445,,copepod_nauplii,,,,,,,
Alaria,Pabay_30_7_22_2,Pabay,30_7_2022,30,7,2022,zooplankton,11883,copepods,6926,,copepods,,,,,,,
Alaria,Pabay_30_7_22_2,Pabay,30_7_2022,30,7,2022,zooplankton,11883,ctenophore,35,,ctenophore,,,,,,,
Alaria,Pabay_30_7_22_2,Pabay,30_7_2022,30,7,2022,zooplankton,11883,decapoda_larvae,35,,decapoda_larvae,,,,,,,
Alaria,Pabay_30_7_22_2,Pabay,30_7_2022,30,7,2022,zooplankton,11883,evadne,271,,evadne,,,,,,,
Alaria,Pabay_30_7_22_2,Pabay,30_7_2022,30,7,2022,zooplankton,11883,fish_egg,2,,fish_egg,,,,,,,
Alaria,Pabay_30_7_22_2,Pabay,30_7_2022,30,7,2022,zooplankton,11883,Gastropoda,391,,gastropoda,,,,,,,
Alaria,Pabay_30_7_22_2,Pabay,30_7_2022,30,7,2022,zooplankton,11883,holoplankton,10204,,holoplankton,,,,,,,
Alaria,Pabay_30_7_22_2,Pabay,30_7_2022,30,7,2022,zooplankton,11883,hydroids,16,,hydroids,,,,,,,
Alaria,Pabay_30_7_22_2,Pabay,30_7_2022,30,7,2022,zooplankton,11883,lizzia_blondina,16,,lizzia_blondina,,,,,,,
Alaria,Pabay_30_7_22_2,Pabay,30_7_2022,30,7,2022,zooplankton,11883,meroplankton,1679,,meroplankton,,,,,,,
Alaria,Pabay_30_7_22_2,Pabay,30_7_2022,30,7,2022,zooplankton,11883,obelia,16,,obelia,,,,,,,
Alaria,Pabay_30_7_22_2,Pabay,30_7_2022,30,7,2022,zooplankton,11883,ophiura_larvae,16,,ophiura_larvae,,,,,,,
Alaria,Pabay_30_7_22_2,Pabay,30_7_2022,30,7,2022,zooplankton,11883,podon,16,,podon,,,,,,,
Alaria,Pabay_30_7_22_2,Pabay,30_7_2022,30,7,2022,zooplankton,11883,sabellariidae,271,,sabellariidae,,,,,,,
Alaria,Pabay_30_7_22_2,Pabay,30_7_2022,30,7,2022,zooplankton,11883,siphonophorae,2,,siphonophorae,,,,,,,
Alaria,Pabay_30_7_22_2,Pabay,30_7_2022,30,7,2022,zooplankton,11883,solmaris_corona,16,,solmaris_corona,,,,,,,
Alaria,Pabay_30_7_22_2,Pabay,30_7_2022,30,7,2022,zooplankton,11883,spionida,35,,spionida,,,,,,,
Alaria,Pabay_30_7_22_2,Pabay,30_7_2022,30,7,2022,zooplankton,11883,stauridiosarsia_gemmifera,16,,stauridiosarsia_gemmifera,,,,,,,
Alaria,Pabay_30_7_22_2,Pabay,30_7_2022,30,7,2022,zooplankton,11883,Branchiopoda,287,,Branchiopoda,,,,,,,
Alaria,Pabay_30_7_22_2,Pabay,30_7_2022,30,7,2022,zooplankton,11883,Copepoda,9371,,total_copepoda,,,,,,,
Alaria,Pabay_30_7_22_2,Pabay,30_7_2022,30,7,2022,zooplankton,11883,Hydrozoa,81,,total_hydrozoa,,,,,,,
Alaria,Pabay_30_7_22_2,Pabay,30_7_2022,30,7,2022,zooplankton,11883,Malacostraca,35,,Malacostraca,,,,,,,
Alaria,Pabay_30_7_22_2,Pabay,30_7_2022,30,7,2022,zooplankton,11883,Polychaeta,306,,total_polychaeta,,,,,,,
Saccharina,Pabay_30_7_22_2,Pabay,30_7_2022,30,7,2022,zooplankton,11883,Bivalvia,850,,bivalvia,,,,,,,
Saccharina,Pabay_30_7_22_2,Pabay,30_7_2022,30,7,2022,zooplankton,11883,clytia,16,,clytia,,,,,,,
Saccharina,Pabay_30_7_22_2,Pabay,30_7_2022,30,7,2022,zooplankton,11883,copepod_nauplii,2445,,copepod_nauplii,,,,,,,
Saccharina,Pabay_30_7_22_2,Pabay,30_7_2022,30,7,2022,zooplankton,11883,copepods,6926,,copepods,,,,,,,
Saccharina,Pabay_30_7_22_2,Pabay,30_7_2022,30,7,2022,zooplankton,11883,ctenophore,35,,ctenophore,,,,,,,
Saccharina,Pabay_30_7_22_2,Pabay,30_7_2022,30,7,2022,zooplankton,11883,decapoda_larvae,35,,decapoda_larvae,,,,,,,
Saccharina,Pabay_30_7_22_2,Pabay,30_7_2022,30,7,2022,zooplankton,11883,evadne,271,,evadne,,,,,,,
Saccharina,Pabay_30_7_22_2,Pabay,30_7_2022,30,7,2022,zooplankton,11883,fish_egg,2,,fish_egg,,,,,,,
Saccharina,Pabay_30_7_22_2,Pabay,30_7_2022,30,7,2022,zooplankton,11883,Gastropoda,391,,gastropoda,,,,,,,
Saccharina,Pabay_30_7_22_2,Pabay,30_7_2022,30,7,2022,zooplankton,11883,holoplankton,10204,,holoplankton,,,,,,,
Saccharina,Pabay_30_7_22_2,Pabay,30_7_2022,30,7,2022,zooplankton,11883,hydroids,16,,hydroids,,,,,,,
Saccharina,Pabay_30_7_22_2,Pabay,30_7_2022,30,7,2022,zooplankton,11883,lizzia_blondina,16,,lizzia_blondina,,,,,,,
Saccharina,Pabay_30_7_22_2,Pabay,30_7_2022,30,7,2022,zooplankton,11883,meroplankton,1679,,meroplankton,,,,,,,
Saccharina,Pabay_30_7_22_2,Pabay,30_7_2022,30,7,2022,zooplankton,11883,obelia,16,,obelia,,,,,,,
Saccharina,Pabay_30_7_22_2,Pabay,30_7_2022,30,7,2022,zooplankton,11883,ophiura_larvae,16,,ophiura_larvae,,,,,,,
Saccharina,Pabay_30_7_22_2,Pabay,30_7_2022,30,7,2022,zooplankton,11883,podon,16,,podon,,,,,,,
Saccharina,Pabay_30_7_22_2,Pabay,30_7_2022,30,7,2022,zooplankton,11883,sabellariidae,271,,sabellariidae,,,,,,,
Saccharina,Pabay_30_7_22_2,Pabay,30_7_2022,30,7,2022,zooplankton,11883,siphonophorae,2,,siphonophorae,,,,,,,
Saccharina,Pabay_30_7_22_2,Pabay,30_7_2022,30,7,2022,zooplankton,11883,solmaris_corona,16,,solmaris_corona,,,,,,,
Saccharina,Pabay_30_7_22_2,Pabay,30_7_2022,30,7,2022,zooplankton,11883,spionida,35,,spionida,,,,,,,
Saccharina,Pabay_30_7_22_2,Pabay,30_7_2022,30,7,2022,zooplankton,11883,stauridiosarsia_gemmifera,16,,stauridiosarsia_gemmifera,,,,,,,
Saccharina,Pabay_30_7_22_2,Pabay,30_7_2022,30,7,2022,zooplankton,11883,Branchiopoda,287,,Branchiopoda,,,,,,,
Saccharina,Pabay_30_7_22_2,Pabay,30_7_2022,30,7,2022,zooplankton,11883,Copepoda,9371,,total_copepoda,,,,,,,
Saccharina,Pabay_30_7_22_2,Pabay,30_7_2022,30,7,2022,zooplankton,11883,Hydrozoa,81,,total_hydrozoa,,,,,,,
Saccharina,Pabay_30_7_22_2,Pabay,30_7_2022,30,7,2022,zooplankton,11883,Malacostraca,35,,Malacostraca,,,,,,,
Saccharina,Pabay_30_7_22_2,Pabay,30_7_2022,30,7,2022,zooplankton,11883,Polychaeta,306,,total_polychaeta,,,,,,,
Alaria,Pabay_30_7_22_3,Pabay,30_7_2022,30,7,2022,zooplankton,5119,Bivalvia,570,,bivalvia,,,,,,,
Alaria,Pabay_30_7_22_3,Pabay,30_7_2022,30,7,2022,zooplankton,5119,copepod_nauplii,597,,copepod_nauplii,,,,,,,
Alaria,Pabay_30_7_22_3,Pabay,30_7_2022,30,7,2022,zooplankton,5119,copepods,3314,,copepods,,,,,,,
Alaria,Pabay_30_7_22_3,Pabay,30_7_2022,30,7,2022,zooplankton,5119,decapoda_larvae,55,,decapoda_larvae,,,,,,,
Alaria,Pabay_30_7_22_3,Pabay,30_7_2022,30,7,2022,zooplankton,5119,euphysa_sp,2,,euphysa_sp,,,,,,,
Alaria,Pabay_30_7_22_3,Pabay,30_7_2022,30,7,2022,zooplankton,5119,evadne,108,,evadne,,,,,,,
Alaria,Pabay_30_7_22_3,Pabay,30_7_2022,30,7,2022,zooplankton,5119,Gastropoda,108,,gastropoda,,,,,,,
Alaria,Pabay_30_7_22_3,Pabay,30_7_2022,30,7,2022,zooplankton,5119,holoplankton,4264,,holoplankton,,,,,,,
Alaria,Pabay_30_7_22_3,Pabay,30_7_2022,30,7,2022,zooplankton,5119,hydroids,35,,hydroids,,,,,,,
Alaria,Pabay_30_7_22_3,Pabay,30_7_2022,30,7,2022,zooplankton,5119,lizzia_blondina,26,,lizzia_blondina,,,,,,,
Alaria,Pabay_30_7_22_3,Pabay,30_7_2022,30,7,2022,zooplankton,5119,meroplankton,856,,meroplankton,,,,,,,
Alaria,Pabay_30_7_22_3,Pabay,30_7_2022,30,7,2022,zooplankton,5119,obelia,2,,obelia,,,,,,,
Alaria,Pabay_30_7_22_3,Pabay,30_7_2022,30,7,2022,zooplankton,5119,other_polychaetae_larvae,2,,other_polychaetae_larvae,,,,,,,
Alaria,Pabay_30_7_22_3,Pabay,30_7_2022,30,7,2022,zooplankton,5119,sabellariidae,26,,sabellariidae,,,,,,,
Alaria,Pabay_30_7_22_3,Pabay,30_7_2022,30,7,2022,zooplankton,5119,siphonophorae,2,,siphonophorae,,,,,,,
Alaria,Pabay_30_7_22_3,Pabay,30_7_2022,30,7,2022,zooplankton,5119,solmaris_corona,2,,solmaris_corona,,,,,,,
Alaria,Pabay_30_7_22_3,Pabay,30_7_2022,30,7,2022,zooplankton,5119,spionida,2,,spionida,,,,,,,
Alaria,Pabay_30_7_22_3,Pabay,30_7_2022,30,7,2022,zooplankton,5119,stauridiosarsia_gemmifera,26,,stauridiosarsia_gemmifera,,,,,,,
Alaria,Pabay_30_7_22_3,Pabay,30_7_2022,30,7,2022,zooplankton,5119,Branchiopoda,108,,Branchiopoda,,,,,,,
Alaria,Pabay_30_7_22_3,Pabay,30_7_2022,30,7,2022,zooplankton,5119,Copepoda,3911,,total_copepoda,,,,,,,
Alaria,Pabay_30_7_22_3,Pabay,30_7_2022,30,7,2022,zooplankton,5119,Hydrozoa,90,,total_hydrozoa,,,,,,,
Alaria,Pabay_30_7_22_3,Pabay,30_7_2022,30,7,2022,zooplankton,5119,Malacostraca,57,,Malacostraca,,,,,,,
Alaria,Pabay_30_7_22_3,Pabay,30_7_2022,30,7,2022,zooplankton,5119,Polychaeta,31,,total_polychaeta,,,,,,,
Saccharina,Pabay_30_7_22_3,Pabay,30_7_2022,30,7,2022,zooplankton,5119,Bivalvia,570,,bivalvia,,,,,,,
Saccharina,Pabay_30_7_22_3,Pabay,30_7_2022,30,7,2022,zooplankton,5119,copepod_nauplii,597,,copepod_nauplii,,,,,,,
Saccharina,Pabay_30_7_22_3,Pabay,30_7_2022,30,7,2022,zooplankton,5119,copepods,3314,,copepods,,,,,,,
Saccharina,Pabay_30_7_22_3,Pabay,30_7_2022,30,7,2022,zooplankton,5119,decapoda_larvae,55,,decapoda_larvae,,,,,,,
Saccharina,Pabay_30_7_22_3,Pabay,30_7_2022,30,7,2022,zooplankton,5119,euphysa_sp,2,,euphysa_sp,,,,,,,
Saccharina,Pabay_30_7_22_3,Pabay,30_7_2022,30,7,2022,zooplankton,5119,evadne,108,,evadne,,,,,,,
Saccharina,Pabay_30_7_22_3,Pabay,30_7_2022,30,7,2022,zooplankton,5119,Gastropoda,108,,gastropoda,,,,,,,
Saccharina,Pabay_30_7_22_3,Pabay,30_7_2022,30,7,2022,zooplankton,5119,holoplankton,4264,,holoplankton,,,,,,,
Saccharina,Pabay_30_7_22_3,Pabay,30_7_2022,30,7,2022,zooplankton,5119,hydroids,35,,hydroids,,,,,,,
Saccharina,Pabay_30_7_22_3,Pabay,30_7_2022,30,7,2022,zooplankton,5119,lizzia_blondina,26,,lizzia_blondina,,,,,,,
Saccharina,Pabay_30_7_22_3,Pabay,30_7_2022,30,7,2022,zooplankton,5119,meroplankton,856,,meroplankton,,,,,,,
Saccharina,Pabay_30_7_22_3,Pabay,30_7_2022,30,7,2022,zooplankton,5119,obelia,2,,obelia,,,,,,,
Saccharina,Pabay_30_7_22_3,Pabay,30_7_2022,30,7,2022,zooplankton,5119,other_polychaetae_larvae,2,,other_polychaetae_larvae,,,,,,,
Saccharina,Pabay_30_7_22_3,Pabay,30_7_2022,30,7,2022,zooplankton,5119,sabellariidae,26,,sabellariidae,,,,,,,
Saccharina,Pabay_30_7_22_3,Pabay,30_7_2022,30,7,2022,zooplankton,5119,siphonophorae,2,,siphonophorae,,,,,,,
Saccharina,Pabay_30_7_22_3,Pabay,30_7_2022,30,7,2022,zooplankton,5119,solmaris_corona,2,,solmaris_corona,,,,,,,
Saccharina,Pabay_30_7_22_3,Pabay,30_7_2022,30,7,2022,zooplankton,5119,spionida,2,,spionida,,,,,,,
Saccharina,Pabay_30_7_22_3,Pabay,30_7_2022,30,7,2022,zooplankton,5119,stauridiosarsia_gemmifera,26,,stauridiosarsia_gemmifera,,,,,,,
Saccharina,Pabay_30_7_22_3,Pabay,30_7_2022,30,7,2022,zooplankton,5119,Branchiopoda,108,,Branchiopoda,,,,,,,
Saccharina,Pabay_30_7_22_3,Pabay,30_7_2022,30,7,2022,zooplankton,5119,Copepoda,3911,,total_copepoda,,,,,,,
Saccharina,Pabay_30_7_22_3,Pabay,30_7_2022,30,7,2022,zooplankton,5119,Hydrozoa,90,,total_hydrozoa,,,,,,,
Saccharina,Pabay_30_7_22_3,Pabay,30_7_2022,30,7,2022,zooplankton,5119,Malacostraca,57,,Malacostraca,,,,,,,
Saccharina,Pabay_30_7_22_3,Pabay,30_7_2022,30,7,2022,zooplankton,5119,Polychaeta,31,,total_polychaeta,,,,,,,
Alaria,Pabay_7_5_22_1,Pabay,7_5_2022,7,5,2022,zooplankton,13623,Bivalvia,611,,bivalvia,,,,,,,
Alaria,Pabay_7_5_22_1,Pabay,7_5_2022,7,5,2022,zooplankton,13623,copepod_nauplii,2428,,copepod_nauplii,,,,,,,
Alaria,Pabay_7_5_22_1,Pabay,7_5_2022,7,5,2022,zooplankton,13623,copepods,2750,,copepods,,,,,,,
Alaria,Pabay_7_5_22_1,Pabay,7_5_2022,7,5,2022,zooplankton,13623,decapoda_larvae,51,,decapoda_larvae,,,,,,,
Alaria,Pabay_7_5_22_1,Pabay,7_5_2022,7,5,2022,zooplankton,13623,evadne,5636,,evadne,,,,,,,
Alaria,Pabay_7_5_22_1,Pabay,7_5_2022,7,5,2022,zooplankton,13623,Gastropoda,2,,gastropoda,,,,,,,
Alaria,Pabay_7_5_22_1,Pabay,7_5_2022,7,5,2022,zooplankton,13623,holoplankton,12715,,holoplankton,,,,,,,
Alaria,Pabay_7_5_22_1,Pabay,7_5_2022,7,5,2022,zooplankton,13623,meroplankton,908,,meroplankton,,,,,,,
Alaria,Pabay_7_5_22_1,Pabay,7_5_2022,7,5,2022,zooplankton,13623,obelia,51,,obelia,,,,,,,
Alaria,Pabay_7_5_22_1,Pabay,7_5_2022,7,5,2022,zooplankton,13623,rathkea_octopunctata,2,,rathkea_octopunctata,,,,,,,
Alaria,Pabay_7_5_22_1,Pabay,7_5_2022,7,5,2022,zooplankton,13623,sabellariidae,51,,sabellariidae,,,,,,,
Alaria,Pabay_7_5_22_1,Pabay,7_5_2022,7,5,2022,zooplankton,13623,sea_urchin_larvae,17,,sea_urchin_larvae,,,,,,,
Alaria,Pabay_7_5_22_1,Pabay,7_5_2022,7,5,2022,zooplankton,13623,spionida,17,,spionida,,,,,,,
Alaria,Pabay_7_5_22_1,Pabay,7_5_2022,7,5,2022,zooplankton,13623,Balanoida,51,,total_balanoida,,,,,,,
Alaria,Pabay_7_5_22_1,Pabay,7_5_2022,7,5,2022,zooplankton,13623,Branchiopoda,5636,,Branchiopoda,,,,,,,
Alaria,Pabay_7_5_22_1,Pabay,7_5_2022,7,5,2022,zooplankton,13623,Copepoda,5178,,total_copepoda,,,,,,,
Alaria,Pabay_7_5_22_1,Pabay,7_5_2022,7,5,2022,zooplankton,13623,Hydrozoa,55,,total_hydrozoa,,,,,,,
Alaria,Pabay_7_5_22_1,Pabay,7_5_2022,7,5,2022,zooplankton,13623,Malacostraca,85,,Malacostraca,,,,,,,
Alaria,Pabay_7_5_22_1,Pabay,7_5_2022,7,5,2022,zooplankton,13623,Polychaeta,68,,total_polychaeta,,,,,,,
Alaria,Pabay_7_5_22_1,Pabay,7_5_2022,7,5,2022,zooplankton,13623,unknown_jellies,2,,unknown_jellies,,,,,,,
Saccharina,Pabay_7_5_22_1,Pabay,7_5_2022,7,5,2022,zooplankton,13623,Bivalvia,611,,bivalvia,,,,,,,
Saccharina,Pabay_7_5_22_1,Pabay,7_5_2022,7,5,2022,zooplankton,13623,copepod_nauplii,2428,,copepod_nauplii,,,,,,,
Saccharina,Pabay_7_5_22_1,Pabay,7_5_2022,7,5,2022,zooplankton,13623,copepods,2750,,copepods,,,,,,,
Saccharina,Pabay_7_5_22_1,Pabay,7_5_2022,7,5,2022,zooplankton,13623,decapoda_larvae,51,,decapoda_larvae,,,,,,,
Saccharina,Pabay_7_5_22_1,Pabay,7_5_2022,7,5,2022,zooplankton,13623,evadne,5636,,evadne,,,,,,,
Saccharina,Pabay_7_5_22_1,Pabay,7_5_2022,7,5,2022,zooplankton,13623,Gastropoda,2,,gastropoda,,,,,,,
Saccharina,Pabay_7_5_22_1,Pabay,7_5_2022,7,5,2022,zooplankton,13623,holoplankton,12715,,holoplankton,,,,,,,
Saccharina,Pabay_7_5_22_1,Pabay,7_5_2022,7,5,2022,zooplankton,13623,meroplankton,908,,meroplankton,,,,,,,
Saccharina,Pabay_7_5_22_1,Pabay,7_5_2022,7,5,2022,zooplankton,13623,obelia,51,,obelia,,,,,,,
Saccharina,Pabay_7_5_22_1,Pabay,7_5_2022,7,5,2022,zooplankton,13623,rathkea_octopunctata,2,,rathkea_octopunctata,,,,,,,
Saccharina,Pabay_7_5_22_1,Pabay,7_5_2022,7,5,2022,zooplankton,13623,sabellariidae,51,,sabellariidae,,,,,,,
Saccharina,Pabay_7_5_22_1,Pabay,7_5_2022,7,5,2022,zooplankton,13623,sea_urchin_larvae,17,,sea_urchin_larvae,,,,,,,
Saccharina,Pabay_7_5_22_1,Pabay,7_5_2022,7,5,2022,zooplankton,13623,spionida,17,,spionida,,,,,,,
Saccharina,Pabay_7_5_22_1,Pabay,7_5_2022,7,5,2022,zooplankton,13623,Balanoida,51,,total_balanoida,,,,,,,
Saccharina,Pabay_7_5_22_1,Pabay,7_5_2022,7,5,2022,zooplankton,13623,Branchiopoda,5636,,Branchiopoda,,,,,,,
Saccharina,Pabay_7_5_22_1,Pabay,7_5_2022,7,5,2022,zooplankton,13623,Copepoda,5178,,total_copepoda,,,,,,,
Saccharina,Pabay_7_5_22_1,Pabay,7_5_2022,7,5,2022,zooplankton,13623,Hydrozoa,55,,total_hydrozoa,,,,,,,
Saccharina,Pabay_7_5_22_1,Pabay,7_5_2022,7,5,2022,zooplankton,13623,Malacostraca,85,,Malacostraca,,,,,,,
Saccharina,Pabay_7_5_22_1,Pabay,7_5_2022,7,5,2022,zooplankton,13623,Polychaeta,68,,total_polychaeta,,,,,,,
Saccharina,Pabay_7_5_22_1,Pabay,7_5_2022,7,5,2022,zooplankton,13623,unknown_jellies,2,,unknown_jellies,,,,,,,
Alaria,Pabay_7_5_22_2,Pabay,7_5_2022,7,5,2022,zooplankton,15613,Bivalvia,530,,bivalvia,,,,,,,
Alaria,Pabay_7_5_22_2,Pabay,7_5_2022,7,5,2022,zooplankton,15613,copepod_nauplii,2771,,copepod_nauplii,,,,,,,
Alaria,Pabay_7_5_22_2,Pabay,7_5_2022,7,5,2022,zooplankton,15613,copepods,5847,,copepods,,,,,,,
Alaria,Pabay_7_5_22_2,Pabay,7_5_2022,7,5,2022,zooplankton,15613,decapoda_larvae,61,,decapoda_larvae,,,,,,,
Alaria,Pabay_7_5_22_2,Pabay,7_5_2022,7,5,2022,zooplankton,15613,evadne,4217,,evadne,,,,,,,
Alaria,Pabay_7_5_22_2,Pabay,7_5_2022,7,5,2022,zooplankton,15613,Gastropoda,102,,gastropoda,,,,,,,
Alaria,Pabay_7_5_22_2,Pabay,7_5_2022,7,5,2022,zooplankton,15613,holoplankton,14708,,holoplankton,,,,,,,
Alaria,Pabay_7_5_22_2,Pabay,7_5_2022,7,5,2022,zooplankton,15613,hydroids,2,,hydroids,,,,,,,
Alaria,Pabay_7_5_22_2,Pabay,7_5_2022,7,5,2022,zooplankton,15613,meroplankton,905,,meroplankton,,,,,,,
Alaria,Pabay_7_5_22_2,Pabay,7_5_2022,7,5,2022,zooplankton,15613,obelia,2,,obelia,,,,,,,
Alaria,Pabay_7_5_22_2,Pabay,7_5_2022,7,5,2022,zooplankton,15613,podon,20,,podon,,,,,,,
Alaria,Pabay_7_5_22_2,Pabay,7_5_2022,7,5,2022,zooplankton,15613,rathkea_octopunctata,20,,rathkea_octopunctata,,,,,,,
Alaria,Pabay_7_5_22_2,Pabay,7_5_2022,7,5,2022,zooplankton,15613,sabellariidae,61,,sabellariidae,,,,,,,
Alaria,Pabay_7_5_22_2,Pabay,7_5_2022,7,5,2022,zooplankton,15613,Balanoida,61,,total_balanoida,,,,,,,
Alaria,Pabay_7_5_22_2,Pabay,7_5_2022,7,5,2022,zooplankton,15613,Branchiopoda,4237,,Branchiopoda,,,,,,,
Alaria,Pabay_7_5_22_2,Pabay,7_5_2022,7,5,2022,zooplankton,15613,Copepoda,8617,,total_copepoda,,,,,,,
Alaria,Pabay_7_5_22_2,Pabay,7_5_2022,7,5,2022,zooplankton,15613,Hydrozoa,26,,total_hydrozoa,,,,,,,
Alaria,Pabay_7_5_22_2,Pabay,7_5_2022,7,5,2022,zooplankton,15613,Malacostraca,102,,Malacostraca,,,,,,,
Alaria,Pabay_7_5_22_2,Pabay,7_5_2022,7,5,2022,zooplankton,15613,Polychaeta,61,,total_polychaeta,,,,,,,
Alaria,Pabay_7_5_22_2,Pabay,7_5_2022,7,5,2022,zooplankton,15613,unknown_jellies,2,,unknown_jellies,,,,,,,
Saccharina,Pabay_7_5_22_2,Pabay,7_5_2022,7,5,2022,zooplankton,15613,Bivalvia,530,,bivalvia,,,,,,,
Saccharina,Pabay_7_5_22_2,Pabay,7_5_2022,7,5,2022,zooplankton,15613,copepod_nauplii,2771,,copepod_nauplii,,,,,,,
Saccharina,Pabay_7_5_22_2,Pabay,7_5_2022,7,5,2022,zooplankton,15613,copepods,5847,,copepods,,,,,,,
Saccharina,Pabay_7_5_22_2,Pabay,7_5_2022,7,5,2022,zooplankton,15613,decapoda_larvae,61,,decapoda_larvae,,,,,,,
Saccharina,Pabay_7_5_22_2,Pabay,7_5_2022,7,5,2022,zooplankton,15613,evadne,4217,,evadne,,,,,,,
Saccharina,Pabay_7_5_22_2,Pabay,7_5_2022,7,5,2022,zooplankton,15613,Gastropoda,102,,gastropoda,,,,,,,
Saccharina,Pabay_7_5_22_2,Pabay,7_5_2022,7,5,2022,zooplankton,15613,holoplankton,14708,,holoplankton,,,,,,,
Saccharina,Pabay_7_5_22_2,Pabay,7_5_2022,7,5,2022,zooplankton,15613,hydroids,2,,hydroids,,,,,,,
Saccharina,Pabay_7_5_22_2,Pabay,7_5_2022,7,5,2022,zooplankton,15613,meroplankton,905,,meroplankton,,,,,,,
Saccharina,Pabay_7_5_22_2,Pabay,7_5_2022,7,5,2022,zooplankton,15613,obelia,2,,obelia,,,,,,,
Saccharina,Pabay_7_5_22_2,Pabay,7_5_2022,7,5,2022,zooplankton,15613,podon,20,,podon,,,,,,,
Saccharina,Pabay_7_5_22_2,Pabay,7_5_2022,7,5,2022,zooplankton,15613,rathkea_octopunctata,20,,rathkea_octopunctata,,,,,,,
Saccharina,Pabay_7_5_22_2,Pabay,7_5_2022,7,5,2022,zooplankton,15613,sabellariidae,61,,sabellariidae,,,,,,,
Saccharina,Pabay_7_5_22_2,Pabay,7_5_2022,7,5,2022,zooplankton,15613,Balanoida,61,,total_balanoida,,,,,,,
Saccharina,Pabay_7_5_22_2,Pabay,7_5_2022,7,5,2022,zooplankton,15613,Branchiopoda,4237,,Branchiopoda,,,,,,,
Saccharina,Pabay_7_5_22_2,Pabay,7_5_2022,7,5,2022,zooplankton,15613,Copepoda,8617,,total_copepoda,,,,,,,
Saccharina,Pabay_7_5_22_2,Pabay,7_5_2022,7,5,2022,zooplankton,15613,Hydrozoa,26,,total_hydrozoa,,,,,,,
Saccharina,Pabay_7_5_22_2,Pabay,7_5_2022,7,5,2022,zooplankton,15613,Malacostraca,102,,Malacostraca,,,,,,,
Saccharina,Pabay_7_5_22_2,Pabay,7_5_2022,7,5,2022,zooplankton,15613,Polychaeta,61,,total_polychaeta,,,,,,,
Saccharina,Pabay_7_5_22_2,Pabay,7_5_2022,7,5,2022,zooplankton,15613,unknown_jellies,2,,unknown_jellies,,,,,,,
Alaria,Pabay_7_5_22_3,Pabay,7_5_2022,7,5,2022,zooplankton,7591,copepod_nauplii,2224,,copepod_nauplii,,,,,,,
Alaria,Pabay_7_5_22_3,Pabay,7_5_2022,7,5,2022,zooplankton,7591,copepods,2156,,copepods,,,,,,,
Alaria,Pabay_7_5_22_3,Pabay,7_5_2022,7,5,2022,zooplankton,7591,decapoda_larvae,136,,decapoda_larvae,,,,,,,
Alaria,Pabay_7_5_22_3,Pabay,7_5_2022,7,5,2022,zooplankton,7591,evadne,2139,,evadne,,,,,,,
Alaria,Pabay_7_5_22_3,Pabay,7_5_2022,7,5,2022,zooplankton,7591,fish_larvae,17,,fish_larvae,,,,,,,
Alaria,Pabay_7_5_22_3,Pabay,7_5_2022,7,5,2022,zooplankton,7591,Gastropoda,34,,gastropoda,,,,,,,
Alaria,Pabay_7_5_22_3,Pabay,7_5_2022,7,5,2022,zooplankton,7591,holoplankton,6994,,holoplankton,,,,,,,
Alaria,Pabay_7_5_22_3,Pabay,7_5_2022,7,5,2022,zooplankton,7591,meroplankton,596,,meroplankton,,,,,,,
Alaria,Pabay_7_5_22_3,Pabay,7_5_2022,7,5,2022,zooplankton,7591,obelia,17,,obelia,,,,,,,
Alaria,Pabay_7_5_22_3,Pabay,7_5_2022,7,5,2022,zooplankton,7591,podon,17,,podon,,,,,,,
Alaria,Pabay_7_5_22_3,Pabay,7_5_2022,7,5,2022,zooplankton,7591,sabellariidae,51,,sabellariidae,,,,,,,
Alaria,Pabay_7_5_22_3,Pabay,7_5_2022,7,5,2022,zooplankton,7591,Balanoida,34,,total_balanoida,,,,,,,
Alaria,Pabay_7_5_22_3,Pabay,7_5_2022,7,5,2022,zooplankton,7591,Branchiopoda,2156,,Branchiopoda,,,,,,,
Alaria,Pabay_7_5_22_3,Pabay,7_5_2022,7,5,2022,zooplankton,7591,Copepoda,4380,,total_copepoda,,,,,,,
Alaria,Pabay_7_5_22_3,Pabay,7_5_2022,7,5,2022,zooplankton,7591,Hydrozoa,17,,total_hydrozoa,,,,,,,
Alaria,Pabay_7_5_22_3,Pabay,7_5_2022,7,5,2022,zooplankton,7591,Malacostraca,458,,Malacostraca,,,,,,,
Alaria,Pabay_7_5_22_3,Pabay,7_5_2022,7,5,2022,zooplankton,7591,Polychaeta,51,,total_polychaeta,,,,,,,
Saccharina,Pabay_7_5_22_3,Pabay,7_5_2022,7,5,2022,zooplankton,7591,copepod_nauplii,2224,,copepod_nauplii,,,,,,,
Saccharina,Pabay_7_5_22_3,Pabay,7_5_2022,7,5,2022,zooplankton,7591,copepods,2156,,copepods,,,,,,,
Saccharina,Pabay_7_5_22_3,Pabay,7_5_2022,7,5,2022,zooplankton,7591,decapoda_larvae,136,,decapoda_larvae,,,,,,,
Saccharina,Pabay_7_5_22_3,Pabay,7_5_2022,7,5,2022,zooplankton,7591,evadne,2139,,evadne,,,,,,,
Saccharina,Pabay_7_5_22_3,Pabay,7_5_2022,7,5,2022,zooplankton,7591,fish_larvae,17,,fish_larvae,,,,,,,
Saccharina,Pabay_7_5_22_3,Pabay,7_5_2022,7,5,2022,zooplankton,7591,Gastropoda,34,,gastropoda,,,,,,,
Saccharina,Pabay_7_5_22_3,Pabay,7_5_2022,7,5,2022,zooplankton,7591,holoplankton,6994,,holoplankton,,,,,,,
Saccharina,Pabay_7_5_22_3,Pabay,7_5_2022,7,5,2022,zooplankton,7591,meroplankton,596,,meroplankton,,,,,,,
Saccharina,Pabay_7_5_22_3,Pabay,7_5_2022,7,5,2022,zooplankton,7591,obelia,17,,obelia,,,,,,,
Saccharina,Pabay_7_5_22_3,Pabay,7_5_2022,7,5,2022,zooplankton,7591,podon,17,,podon,,,,,,,
Saccharina,Pabay_7_5_22_3,Pabay,7_5_2022,7,5,2022,zooplankton,7591,sabellariidae,51,,sabellariidae,,,,,,,
Saccharina,Pabay_7_5_22_3,Pabay,7_5_2022,7,5,2022,zooplankton,7591,Balanoida,34,,total_balanoida,,,,,,,
Saccharina,Pabay_7_5_22_3,Pabay,7_5_2022,7,5,2022,zooplankton,7591,Branchiopoda,2156,,Branchiopoda,,,,,,,
Saccharina,Pabay_7_5_22_3,Pabay,7_5_2022,7,5,2022,zooplankton,7591,Copepoda,4380,,total_copepoda,,,,,,,
Saccharina,Pabay_7_5_22_3,Pabay,7_5_2022,7,5,2022,zooplankton,7591,Hydrozoa,17,,total_hydrozoa,,,,,,,
Saccharina,Pabay_7_5_22_3,Pabay,7_5_2022,7,5,2022,zooplankton,7591,Malacostraca,458,,Malacostraca,,,,,,,
Saccharina,Pabay_7_5_22_3,Pabay,7_5_2022,7,5,2022,zooplankton,7591,Polychaeta,51,,total_polychaeta,,,,,,,
Alaria,Pabay_8_2_22_1,Pabay,8_2_2022,8,2,2022,zooplankton,155,Bivalvia,2,,bivalvia,,,,,,,
Alaria,Pabay_8_2_22_1,Pabay,8_2_2022,8,2,2022,zooplankton,155,copepod_nauplii,17,,copepod_nauplii,,,,,,,
Alaria,Pabay_8_2_22_1,Pabay,8_2_2022,8,2,2022,zooplankton,155,copepods,68,,copepods,,,,,,,
Alaria,Pabay_8_2_22_1,Pabay,8_2_2022,8,2,2022,zooplankton,155,Gastropoda,34,,gastropoda,,,,,,,
Alaria,Pabay_8_2_22_1,Pabay,8_2_2022,8,2,2022,zooplankton,155,holoplankton,85,,holoplankton,,,,,,,
Alaria,Pabay_8_2_22_1,Pabay,8_2_2022,8,2,2022,zooplankton,155,meroplankton,70,,meroplankton,,,,,,,
Alaria,Pabay_8_2_22_1,Pabay,8_2_2022,8,2,2022,zooplankton,155,sabellariidae,34,,sabellariidae,,,,,,,
Alaria,Pabay_8_2_22_1,Pabay,8_2_2022,8,2,2022,zooplankton,155,Copepoda,85,,total_copepoda,,,,,,,
Alaria,Pabay_8_2_22_1,Pabay,8_2_2022,8,2,2022,zooplankton,155,Polychaeta,34,,total_polychaeta,,,,,,,
Saccharina,Pabay_8_2_22_1,Pabay,8_2_2022,8,2,2022,zooplankton,155,Bivalvia,2,,bivalvia,,,,,,,
Saccharina,Pabay_8_2_22_1,Pabay,8_2_2022,8,2,2022,zooplankton,155,copepod_nauplii,17,,copepod_nauplii,,,,,,,
Saccharina,Pabay_8_2_22_1,Pabay,8_2_2022,8,2,2022,zooplankton,155,copepods,68,,copepods,,,,,,,
Saccharina,Pabay_8_2_22_1,Pabay,8_2_2022,8,2,2022,zooplankton,155,Gastropoda,34,,gastropoda,,,,,,,
Saccharina,Pabay_8_2_22_1,Pabay,8_2_2022,8,2,2022,zooplankton,155,holoplankton,85,,holoplankton,,,,,,,
Saccharina,Pabay_8_2_22_1,Pabay,8_2_2022,8,2,2022,zooplankton,155,meroplankton,70,,meroplankton,,,,,,,
Saccharina,Pabay_8_2_22_1,Pabay,8_2_2022,8,2,2022,zooplankton,155,sabellariidae,34,,sabellariidae,,,,,,,
Saccharina,Pabay_8_2_22_1,Pabay,8_2_2022,8,2,2022,zooplankton,155,Copepoda,85,,total_copepoda,,,,,,,
Saccharina,Pabay_8_2_22_1,Pabay,8_2_2022,8,2,2022,zooplankton,155,Polychaeta,34,,total_polychaeta,,,,,,,
Alaria,Pabay_8_2_22_2,Pabay,8_2_2022,8,2,2022,zooplankton,849,Bivalvia,136,,bivalvia,,,,,,,
Alaria,Pabay_8_2_22_2,Pabay,8_2_2022,8,2,2022,zooplankton,849,Bryozoa,17,,bryozoa,,,,,,,
Alaria,Pabay_8_2_22_2,Pabay,8_2_2022,8,2,2022,zooplankton,849,copepod_nauplii,119,,copepod_nauplii,,,,,,,
Alaria,Pabay_8_2_22_2,Pabay,8_2_2022,8,2,2022,zooplankton,849,copepods,373,,copepods,,,,,,,
Alaria,Pabay_8_2_22_2,Pabay,8_2_2022,8,2,2022,zooplankton,849,Gastropoda,34,,gastropoda,,,,,,,
Alaria,Pabay_8_2_22_2,Pabay,8_2_2022,8,2,2022,zooplankton,849,holoplankton,526,,holoplankton,,,,,,,
Alaria,Pabay_8_2_22_2,Pabay,8_2_2022,8,2,2022,zooplankton,849,meroplankton,323,,meroplankton,,,,,,,
Alaria,Pabay_8_2_22_2,Pabay,8_2_2022,8,2,2022,zooplankton,849,mp_fragments,2,,mp_fragments,,,,,,,
Alaria,Pabay_8_2_22_2,Pabay,8_2_2022,8,2,2022,zooplankton,849,other_polychaetae_larvae,102,,other_polychaetae_larvae,,,,,,,
Alaria,Pabay_8_2_22_2,Pabay,8_2_2022,8,2,2022,zooplankton,849,sabellariidae,34,,sabellariidae,,,,,,,
Alaria,Pabay_8_2_22_2,Pabay,8_2_2022,8,2,2022,zooplankton,849,Balanoida,34,,total_balanoida,,,,,,,
Alaria,Pabay_8_2_22_2,Pabay,8_2_2022,8,2,2022,zooplankton,849,Copepoda,492,,total_copepoda,,,,,,,
Alaria,Pabay_8_2_22_2,Pabay,8_2_2022,8,2,2022,zooplankton,849,Polychaeta,136,,total_polychaeta,,,,,,,
Saccharina,Pabay_8_2_22_2,Pabay,8_2_2022,8,2,2022,zooplankton,849,Bivalvia,136,,bivalvia,,,,,,,
Saccharina,Pabay_8_2_22_2,Pabay,8_2_2022,8,2,2022,zooplankton,849,Bryozoa,17,,bryozoa,,,,,,,
Saccharina,Pabay_8_2_22_2,Pabay,8_2_2022,8,2,2022,zooplankton,849,copepod_nauplii,119,,copepod_nauplii,,,,,,,
Saccharina,Pabay_8_2_22_2,Pabay,8_2_2022,8,2,2022,zooplankton,849,copepods,373,,copepods,,,,,,,
Saccharina,Pabay_8_2_22_2,Pabay,8_2_2022,8,2,2022,zooplankton,849,Gastropoda,34,,gastropoda,,,,,,,
Saccharina,Pabay_8_2_22_2,Pabay,8_2_2022,8,2,2022,zooplankton,849,holoplankton,526,,holoplankton,,,,,,,
Saccharina,Pabay_8_2_22_2,Pabay,8_2_2022,8,2,2022,zooplankton,849,meroplankton,323,,meroplankton,,,,,,,
Saccharina,Pabay_8_2_22_2,Pabay,8_2_2022,8,2,2022,zooplankton,849,mp_fragments,2,,mp_fragments,,,,,,,
Saccharina,Pabay_8_2_22_2,Pabay,8_2_2022,8,2,2022,zooplankton,849,other_polychaetae_larvae,102,,other_polychaetae_larvae,,,,,,,
Saccharina,Pabay_8_2_22_2,Pabay,8_2_2022,8,2,2022,zooplankton,849,sabellariidae,34,,sabellariidae,,,,,,,
Saccharina,Pabay_8_2_22_2,Pabay,8_2_2022,8,2,2022,zooplankton,849,Balanoida,34,,total_balanoida,,,,,,,
Saccharina,Pabay_8_2_22_2,Pabay,8_2_2022,8,2,2022,zooplankton,849,Copepoda,492,,total_copepoda,,,,,,,
Saccharina,Pabay_8_2_22_2,Pabay,8_2_2022,8,2,2022,zooplankton,849,Polychaeta,136,,total_polychaeta,,,,,,,
Alaria,Pabay_8_2_22_3,Pabay,8_2_2022,8,2,2022,zooplankton,719,Bivalvia,85,,bivalvia,,,,,,,
Alaria,Pabay_8_2_22_3,Pabay,8_2_2022,8,2,2022,zooplankton,719,copepod_nauplii,289,,copepod_nauplii,,,,,,,
Alaria,Pabay_8_2_22_3,Pabay,8_2_2022,8,2,2022,zooplankton,719,copepods,221,,copepods,,,,,,,
Alaria,Pabay_8_2_22_3,Pabay,8_2_2022,8,2,2022,zooplankton,719,fish_egg,17,,fish_egg,,,,,,,
Alaria,Pabay_8_2_22_3,Pabay,8_2_2022,8,2,2022,zooplankton,719,Gastropoda,68,,gastropoda,,,,,,,
Alaria,Pabay_8_2_22_3,Pabay,8_2_2022,8,2,2022,zooplankton,719,holoplankton,530,,holoplankton,,,,,,,
Alaria,Pabay_8_2_22_3,Pabay,8_2_2022,8,2,2022,zooplankton,719,meroplankton,189,,meroplankton,,,,,,,
Alaria,Pabay_8_2_22_3,Pabay,8_2_2022,8,2,2022,zooplankton,719,microfibers,2,,microfibers,,,,,,,
Alaria,Pabay_8_2_22_3,Pabay,8_2_2022,8,2,2022,zooplankton,719,sabellariidae,34,,sabellariidae,,,,,,,
Alaria,Pabay_8_2_22_3,Pabay,8_2_2022,8,2,2022,zooplankton,719,Balanoida,2,,total_balanoida,,,,,,,
Alaria,Pabay_8_2_22_3,Pabay,8_2_2022,8,2,2022,zooplankton,719,Copepoda,509,,total_copepoda,,,,,,,
Alaria,Pabay_8_2_22_3,Pabay,8_2_2022,8,2,2022,zooplankton,719,Malacostraca,2,,Malacostraca,,,,,,,
Alaria,Pabay_8_2_22_3,Pabay,8_2_2022,8,2,2022,zooplankton,719,Polychaeta,34,,total_polychaeta,,,,,,,
Saccharina,Pabay_8_2_22_3,Pabay,8_2_2022,8,2,2022,zooplankton,719,Bivalvia,85,,bivalvia,,,,,,,
Saccharina,Pabay_8_2_22_3,Pabay,8_2_2022,8,2,2022,zooplankton,719,copepod_nauplii,289,,copepod_nauplii,,,,,,,
Saccharina,Pabay_8_2_22_3,Pabay,8_2_2022,8,2,2022,zooplankton,719,copepods,221,,copepods,,,,,,,
Saccharina,Pabay_8_2_22_3,Pabay,8_2_2022,8,2,2022,zooplankton,719,fish_egg,17,,fish_egg,,,,,,,
Saccharina,Pabay_8_2_22_3,Pabay,8_2_2022,8,2,2022,zooplankton,719,Gastropoda,68,,gastropoda,,,,,,,
Saccharina,Pabay_8_2_22_3,Pabay,8_2_2022,8,2,2022,zooplankton,719,holoplankton,530,,holoplankton,,,,,,,
Saccharina,Pabay_8_2_22_3,Pabay,8_2_2022,8,2,2022,zooplankton,719,meroplankton,189,,meroplankton,,,,,,,
Saccharina,Pabay_8_2_22_3,Pabay,8_2_2022,8,2,2022,zooplankton,719,microfibers,2,,microfibers,,,,,,,
Saccharina,Pabay_8_2_22_3,Pabay,8_2_2022,8,2,2022,zooplankton,719,sabellariidae,34,,sabellariidae,,,,,,,
Saccharina,Pabay_8_2_22_3,Pabay,8_2_2022,8,2,2022,zooplankton,719,Balanoida,2,,total_balanoida,,,,,,,
Saccharina,Pabay_8_2_22_3,Pabay,8_2_2022,8,2,2022,zooplankton,719,Copepoda,509,,total_copepoda,,,,,,,
Saccharina,Pabay_8_2_22_3,Pabay,8_2_2022,8,2,2022,zooplankton,719,Malacostraca,2,,Malacostraca,,,,,,,
Saccharina,Pabay_8_2_22_3,Pabay,8_2_2022,8,2,2022,zooplankton,719,Polychaeta,34,,total_polychaeta,,,,,,,
Alaria,Pabay_8_3_22_1,Pabay,8_3_2022,8,3,2022,zooplankton,3181,Bivalvia,289,,bivalvia,,,,,,,
Alaria,Pabay_8_3_22_1,Pabay,8_3_2022,8,3,2022,zooplankton,3181,Bryozoa,17,,bryozoa,,,,,,,
Alaria,Pabay_8_3_22_1,Pabay,8_3_2022,8,3,2022,zooplankton,3181,copepod_nauplii,136,,copepod_nauplii,,,,,,,
Alaria,Pabay_8_3_22_1,Pabay,8_3_2022,8,3,2022,zooplankton,3181,copepods,187,,copepods,,,,,,,
Alaria,Pabay_8_3_22_1,Pabay,8_3_2022,8,3,2022,zooplankton,3181,decapoda_larvae,2,,decapoda_larvae,,,,,,,
Alaria,Pabay_8_3_22_1,Pabay,8_3_2022,8,3,2022,zooplankton,3181,evadne,2,,evadne,,,,,,,
Alaria,Pabay_8_3_22_1,Pabay,8_3_2022,8,3,2022,zooplankton,3181,fish_egg,2,,fish_egg,,,,,,,
Alaria,Pabay_8_3_22_1,Pabay,8_3_2022,8,3,2022,zooplankton,3181,Gastropoda,85,,gastropoda,,,,,,,
Alaria,Pabay_8_3_22_1,Pabay,8_3_2022,8,3,2022,zooplankton,3181,holoplankton,2568,,holoplankton,,,,,,,
Alaria,Pabay_8_3_22_1,Pabay,8_3_2022,8,3,2022,zooplankton,3181,meroplankton,613,,meroplankton,,,,,,,
Alaria,Pabay_8_3_22_1,Pabay,8_3_2022,8,3,2022,zooplankton,3181,other_polychaetae_larvae,17,,other_polychaetae_larvae,,,,,,,
Alaria,Pabay_8_3_22_1,Pabay,8_3_2022,8,3,2022,zooplankton,3181,sabellariidae,204,,sabellariidae,,,,,,,
Alaria,Pabay_8_3_22_1,Pabay,8_3_2022,8,3,2022,zooplankton,3181,Balanoida,2241,,total_balanoida,,,,,,,
Alaria,Pabay_8_3_22_1,Pabay,8_3_2022,8,3,2022,zooplankton,3181,Branchiopoda,2,,Branchiopoda,,,,,,,
Alaria,Pabay_8_3_22_1,Pabay,8_3_2022,8,3,2022,zooplankton,3181,Copepoda,323,,total_copepoda,,,,,,,
Alaria,Pabay_8_3_22_1,Pabay,8_3_2022,8,3,2022,zooplankton,3181,Malacostraca,2,,Malacostraca,,,,,,,
Alaria,Pabay_8_3_22_1,Pabay,8_3_2022,8,3,2022,zooplankton,3181,Polychaeta,221,,total_polychaeta,,,,,,,
Saccharina,Pabay_8_3_22_1,Pabay,8_3_2022,8,3,2022,zooplankton,3181,Bivalvia,289,,bivalvia,,,,,,,
Saccharina,Pabay_8_3_22_1,Pabay,8_3_2022,8,3,2022,zooplankton,3181,Bryozoa,17,,bryozoa,,,,,,,
Saccharina,Pabay_8_3_22_1,Pabay,8_3_2022,8,3,2022,zooplankton,3181,copepod_nauplii,136,,copepod_nauplii,,,,,,,
Saccharina,Pabay_8_3_22_1,Pabay,8_3_2022,8,3,2022,zooplankton,3181,copepods,187,,copepods,,,,,,,
Saccharina,Pabay_8_3_22_1,Pabay,8_3_2022,8,3,2022,zooplankton,3181,decapoda_larvae,2,,decapoda_larvae,,,,,,,
Saccharina,Pabay_8_3_22_1,Pabay,8_3_2022,8,3,2022,zooplankton,3181,evadne,2,,evadne,,,,,,,
Saccharina,Pabay_8_3_22_1,Pabay,8_3_2022,8,3,2022,zooplankton,3181,fish_egg,2,,fish_egg,,,,,,,
Saccharina,Pabay_8_3_22_1,Pabay,8_3_2022,8,3,2022,zooplankton,3181,Gastropoda,85,,gastropoda,,,,,,,
Saccharina,Pabay_8_3_22_1,Pabay,8_3_2022,8,3,2022,zooplankton,3181,holoplankton,2568,,holoplankton,,,,,,,
Saccharina,Pabay_8_3_22_1,Pabay,8_3_2022,8,3,2022,zooplankton,3181,meroplankton,613,,meroplankton,,,,,,,
Saccharina,Pabay_8_3_22_1,Pabay,8_3_2022,8,3,2022,zooplankton,3181,other_polychaetae_larvae,17,,other_polychaetae_larvae,,,,,,,
Saccharina,Pabay_8_3_22_1,Pabay,8_3_2022,8,3,2022,zooplankton,3181,sabellariidae,204,,sabellariidae,,,,,,,
Saccharina,Pabay_8_3_22_1,Pabay,8_3_2022,8,3,2022,zooplankton,3181,Balanoida,2241,,total_balanoida,,,,,,,
Saccharina,Pabay_8_3_22_1,Pabay,8_3_2022,8,3,2022,zooplankton,3181,Branchiopoda,2,,Branchiopoda,,,,,,,
Saccharina,Pabay_8_3_22_1,Pabay,8_3_2022,8,3,2022,zooplankton,3181,Copepoda,323,,total_copepoda,,,,,,,
Saccharina,Pabay_8_3_22_1,Pabay,8_3_2022,8,3,2022,zooplankton,3181,Malacostraca,2,,Malacostraca,,,,,,,
Saccharina,Pabay_8_3_22_1,Pabay,8_3_2022,8,3,2022,zooplankton,3181,Polychaeta,221,,total_polychaeta,,,,,,,
Alaria,Pabay_8_3_22_2,Pabay,8_3_2022,8,3,2022,zooplankton,5044,Bivalvia,204,,bivalvia,,,,,,,
Alaria,Pabay_8_3_22_2,Pabay,8_3_2022,8,3,2022,zooplankton,5044,Bryozoa,34,,bryozoa,,,,,,,
Alaria,Pabay_8_3_22_2,Pabay,8_3_2022,8,3,2022,zooplankton,5044,copepod_nauplii,340,,copepod_nauplii,,,,,,,
Alaria,Pabay_8_3_22_2,Pabay,8_3_2022,8,3,2022,zooplankton,5044,copepods,441,,copepods,,,,,,,
Alaria,Pabay_8_3_22_2,Pabay,8_3_2022,8,3,2022,zooplankton,5044,evadne,2,,evadne,,,,,,,
Alaria,Pabay_8_3_22_2,Pabay,8_3_2022,8,3,2022,zooplankton,5044,Gastropoda,136,,gastropoda,,,,,,,
Alaria,Pabay_8_3_22_2,Pabay,8_3_2022,8,3,2022,zooplankton,5044,holoplankton,4399,,holoplankton,,,,,,,
Alaria,Pabay_8_3_22_2,Pabay,8_3_2022,8,3,2022,zooplankton,5044,meroplankton,645,,meroplankton,,,,,,,
Alaria,Pabay_8_3_22_2,Pabay,8_3_2022,8,3,2022,zooplankton,5044,microfibers,2,,microfibers,,,,,,,
Alaria,Pabay_8_3_22_2,Pabay,8_3_2022,8,3,2022,zooplankton,5044,sabellariidae,255,,sabellariidae,,,,,,,
Alaria,Pabay_8_3_22_2,Pabay,8_3_2022,8,3,2022,zooplankton,5044,sea_urchin_larvae,17,,sea_urchin_larvae,,,,,,,
Alaria,Pabay_8_3_22_2,Pabay,8_3_2022,8,3,2022,zooplankton,5044,Balanoida,3616,,total_balanoida,,,,,,,
Alaria,Pabay_8_3_22_2,Pabay,8_3_2022,8,3,2022,zooplankton,5044,Branchiopoda,2,,Branchiopoda,,,,,,,
Alaria,Pabay_8_3_22_2,Pabay,8_3_2022,8,3,2022,zooplankton,5044,Copepoda,781,,total_copepoda,,,,,,,
Alaria,Pabay_8_3_22_2,Pabay,8_3_2022,8,3,2022,zooplankton,5044,Polychaeta,255,,total_polychaeta,,,,,,,
Saccharina,Pabay_8_3_22_2,Pabay,8_3_2022,8,3,2022,zooplankton,5044,Bivalvia,204,,bivalvia,,,,,,,
Saccharina,Pabay_8_3_22_2,Pabay,8_3_2022,8,3,2022,zooplankton,5044,Bryozoa,34,,bryozoa,,,,,,,
Saccharina,Pabay_8_3_22_2,Pabay,8_3_2022,8,3,2022,zooplankton,5044,copepod_nauplii,340,,copepod_nauplii,,,,,,,
Saccharina,Pabay_8_3_22_2,Pabay,8_3_2022,8,3,2022,zooplankton,5044,copepods,441,,copepods,,,,,,,
Saccharina,Pabay_8_3_22_2,Pabay,8_3_2022,8,3,2022,zooplankton,5044,evadne,2,,evadne,,,,,,,
Saccharina,Pabay_8_3_22_2,Pabay,8_3_2022,8,3,2022,zooplankton,5044,Gastropoda,136,,gastropoda,,,,,,,
Saccharina,Pabay_8_3_22_2,Pabay,8_3_2022,8,3,2022,zooplankton,5044,holoplankton,4399,,holoplankton,,,,,,,
Saccharina,Pabay_8_3_22_2,Pabay,8_3_2022,8,3,2022,zooplankton,5044,meroplankton,645,,meroplankton,,,,,,,
Saccharina,Pabay_8_3_22_2,Pabay,8_3_2022,8,3,2022,zooplankton,5044,microfibers,2,,microfibers,,,,,,,
Saccharina,Pabay_8_3_22_2,Pabay,8_3_2022,8,3,2022,zooplankton,5044,sabellariidae,255,,sabellariidae,,,,,,,
Saccharina,Pabay_8_3_22_2,Pabay,8_3_2022,8,3,2022,zooplankton,5044,sea_urchin_larvae,17,,sea_urchin_larvae,,,,,,,
Saccharina,Pabay_8_3_22_2,Pabay,8_3_2022,8,3,2022,zooplankton,5044,Balanoida,3616,,total_balanoida,,,,,,,
Saccharina,Pabay_8_3_22_2,Pabay,8_3_2022,8,3,2022,zooplankton,5044,Branchiopoda,2,,Branchiopoda,,,,,,,
Saccharina,Pabay_8_3_22_2,Pabay,8_3_2022,8,3,2022,zooplankton,5044,Copepoda,781,,total_copepoda,,,,,,,
Saccharina,Pabay_8_3_22_2,Pabay,8_3_2022,8,3,2022,zooplankton,5044,Polychaeta,255,,total_polychaeta,,,,,,,
Alaria,Pabay_8_3_22_3,Pabay,8_3_2022,8,3,2022,zooplankton,6510,Bivalvia,34,,bivalvia,,,,,,,
Alaria,Pabay_8_3_22_3,Pabay,8_3_2022,8,3,2022,zooplankton,6510,Bryozoa,51,,bryozoa,,,,,,,
Alaria,Pabay_8_3_22_3,Pabay,8_3_2022,8,3,2022,zooplankton,6510,copepod_nauplii,51,,copepod_nauplii,,,,,,,
Alaria,Pabay_8_3_22_3,Pabay,8_3_2022,8,3,2022,zooplankton,6510,copepods,204,,copepods,,,,,,,
Alaria,Pabay_8_3_22_3,Pabay,8_3_2022,8,3,2022,zooplankton,6510,decapoda_larvae,2,,decapoda_larvae,,,,,,,
Alaria,Pabay_8_3_22_3,Pabay,8_3_2022,8,3,2022,zooplankton,6510,evadne,2,,evadne,,,,,,,
Alaria,Pabay_8_3_22_3,Pabay,8_3_2022,8,3,2022,zooplankton,6510,fish_egg,17,,fish_egg,,,,,,,
Alaria,Pabay_8_3_22_3,Pabay,8_3_2022,8,3,2022,zooplankton,6510,Gastropoda,102,,gastropoda,,,,,,,
Alaria,Pabay_8_3_22_3,Pabay,8_3_2022,8,3,2022,zooplankton,6510,holoplankton,6232,,holoplankton,,,,,,,
Alaria,Pabay_8_3_22_3,Pabay,8_3_2022,8,3,2022,zooplankton,6510,meroplankton,278,,meroplankton,,,,,,,
Alaria,Pabay_8_3_22_3,Pabay,8_3_2022,8,3,2022,zooplankton,6510,obelia,2,,obelia,,,,,,,
Alaria,Pabay_8_3_22_3,Pabay,8_3_2022,8,3,2022,zooplankton,6510,other_polychaetae_larvae,2,,other_polychaetae_larvae,,,,,,,
Alaria,Pabay_8_3_22_3,Pabay,8_3_2022,8,3,2022,zooplankton,6510,sabellariidae,85,,sabellariidae,,,,,,,
Alaria,Pabay_8_3_22_3,Pabay,8_3_2022,8,3,2022,zooplankton,6510,Balanoida,5959,,total_balanoida,,,,,,,
Alaria,Pabay_8_3_22_3,Pabay,8_3_2022,8,3,2022,zooplankton,6510,Branchiopoda,2,,Branchiopoda,,,,,,,
Alaria,Pabay_8_3_22_3,Pabay,8_3_2022,8,3,2022,zooplankton,6510,Copepoda,255,,total_copepoda,,,,,,,
Alaria,Pabay_8_3_22_3,Pabay,8_3_2022,8,3,2022,zooplankton,6510,Hydrozoa,2,,total_hydrozoa,,,,,,,
Alaria,Pabay_8_3_22_3,Pabay,8_3_2022,8,3,2022,zooplankton,6510,Malacostraca,2,,Malacostraca,,,,,,,
Alaria,Pabay_8_3_22_3,Pabay,8_3_2022,8,3,2022,zooplankton,6510,Polychaeta,87,,total_polychaeta,,,,,,,
Saccharina,Pabay_8_3_22_3,Pabay,8_3_2022,8,3,2022,zooplankton,6510,Bivalvia,34,,bivalvia,,,,,,,
Saccharina,Pabay_8_3_22_3,Pabay,8_3_2022,8,3,2022,zooplankton,6510,Bryozoa,51,,bryozoa,,,,,,,
Saccharina,Pabay_8_3_22_3,Pabay,8_3_2022,8,3,2022,zooplankton,6510,copepod_nauplii,51,,copepod_nauplii,,,,,,,
Saccharina,Pabay_8_3_22_3,Pabay,8_3_2022,8,3,2022,zooplankton,6510,copepods,204,,copepods,,,,,,,
Saccharina,Pabay_8_3_22_3,Pabay,8_3_2022,8,3,2022,zooplankton,6510,decapoda_larvae,2,,decapoda_larvae,,,,,,,
Saccharina,Pabay_8_3_22_3,Pabay,8_3_2022,8,3,2022,zooplankton,6510,evadne,2,,evadne,,,,,,,
Saccharina,Pabay_8_3_22_3,Pabay,8_3_2022,8,3,2022,zooplankton,6510,fish_egg,17,,fish_egg,,,,,,,
Saccharina,Pabay_8_3_22_3,Pabay,8_3_2022,8,3,2022,zooplankton,6510,Gastropoda,102,,gastropoda,,,,,,,
Saccharina,Pabay_8_3_22_3,Pabay,8_3_2022,8,3,2022,zooplankton,6510,holoplankton,6232,,holoplankton,,,,,,,
Saccharina,Pabay_8_3_22_3,Pabay,8_3_2022,8,3,2022,zooplankton,6510,meroplankton,278,,meroplankton,,,,,,,
Saccharina,Pabay_8_3_22_3,Pabay,8_3_2022,8,3,2022,zooplankton,6510,obelia,2,,obelia,,,,,,,
Saccharina,Pabay_8_3_22_3,Pabay,8_3_2022,8,3,2022,zooplankton,6510,other_polychaetae_larvae,2,,other_polychaetae_larvae,,,,,,,
Saccharina,Pabay_8_3_22_3,Pabay,8_3_2022,8,3,2022,zooplankton,6510,sabellariidae,85,,sabellariidae,,,,,,,
Saccharina,Pabay_8_3_22_3,Pabay,8_3_2022,8,3,2022,zooplankton,6510,Balanoida,5959,,total_balanoida,,,,,,,
Saccharina,Pabay_8_3_22_3,Pabay,8_3_2022,8,3,2022,zooplankton,6510,Branchiopoda,2,,Branchiopoda,,,,,,,
Saccharina,Pabay_8_3_22_3,Pabay,8_3_2022,8,3,2022,zooplankton,6510,Copepoda,255,,total_copepoda,,,,,,,
Saccharina,Pabay_8_3_22_3,Pabay,8_3_2022,8,3,2022,zooplankton,6510,Hydrozoa,2,,total_hydrozoa,,,,,,,
Saccharina,Pabay_8_3_22_3,Pabay,8_3_2022,8,3,2022,zooplankton,6510,Malacostraca,2,,Malacostraca,,,,,,,
Saccharina,Pabay_8_3_22_3,Pabay,8_3_2022,8,3,2022,zooplankton,6510,Polychaeta,87,,total_polychaeta,,,,,,,
Alaria,Scalpay_15_6_21_1,Scalpay,15_6_2021,15,6,2021,zooplankton,10137,Bivalvia,1833,,bivalvia,,,,,,,
Alaria,Scalpay_15_6_21_1,Scalpay,15_6_2021,15,6,2021,zooplankton,10137,copepod_nauplii,6112,,copepod_nauplii,,,,,,,
Alaria,Scalpay_15_6_21_1,Scalpay,15_6_2021,15,6,2021,zooplankton,10137,copepods,1833,,copepods,,,,,,,
Alaria,Scalpay_15_6_21_1,Scalpay,15_6_2021,15,6,2021,zooplankton,10137,evadne,25,,evadne,,,,,,,
Alaria,Scalpay_15_6_21_1,Scalpay,15_6_2021,15,6,2021,zooplankton,10137,Gastropoda,127,,gastropoda,,,,,,,
Alaria,Scalpay_15_6_21_1,Scalpay,15_6_2021,15,6,2021,zooplankton,10137,holoplankton,8174,,holoplankton,,,,,,,
Alaria,Scalpay_15_6_21_1,Scalpay,15_6_2021,15,6,2021,zooplankton,10137,meroplankton,1963,,meroplankton,,,,,,,
Alaria,Scalpay_15_6_21_1,Scalpay,15_6_2021,15,6,2021,zooplankton,10137,microfibers,25,,microfibers,,,,,,,
Alaria,Scalpay_15_6_21_1,Scalpay,15_6_2021,15,6,2021,zooplankton,10137,mp_fragments,2,,mp_fragments,,,,,,,
Alaria,Scalpay_15_6_21_1,Scalpay,15_6_2021,15,6,2021,zooplankton,10137,ophiura_larvae,2,,ophiura_larvae,,,,,,,
Alaria,Scalpay_15_6_21_1,Scalpay,15_6_2021,15,6,2021,zooplankton,10137,sabellariidae,2,,sabellariidae,,,,,,,
Alaria,Scalpay_15_6_21_1,Scalpay,15_6_2021,15,6,2021,zooplankton,10137,Branchiopoda,25,,Branchiopoda,,,,,,,
Alaria,Scalpay_15_6_21_1,Scalpay,15_6_2021,15,6,2021,zooplankton,10137,Copepoda,7945,,total_copepoda,,,,,,,
Alaria,Scalpay_15_6_21_1,Scalpay,15_6_2021,15,6,2021,zooplankton,10137,Polychaeta,2,,total_polychaeta,,,,,,,
Saccharina,Scalpay_15_6_21_1,Scalpay,15_6_2021,15,6,2021,zooplankton,10137,Bivalvia,1833,,bivalvia,,,,,,,
Saccharina,Scalpay_15_6_21_1,Scalpay,15_6_2021,15,6,2021,zooplankton,10137,copepod_nauplii,6112,,copepod_nauplii,,,,,,,
Saccharina,Scalpay_15_6_21_1,Scalpay,15_6_2021,15,6,2021,zooplankton,10137,copepods,1833,,copepods,,,,,,,
Saccharina,Scalpay_15_6_21_1,Scalpay,15_6_2021,15,6,2021,zooplankton,10137,evadne,25,,evadne,,,,,,,
Saccharina,Scalpay_15_6_21_1,Scalpay,15_6_2021,15,6,2021,zooplankton,10137,Gastropoda,127,,gastropoda,,,,,,,
Saccharina,Scalpay_15_6_21_1,Scalpay,15_6_2021,15,6,2021,zooplankton,10137,holoplankton,8174,,holoplankton,,,,,,,
Saccharina,Scalpay_15_6_21_1,Scalpay,15_6_2021,15,6,2021,zooplankton,10137,meroplankton,1963,,meroplankton,,,,,,,
Saccharina,Scalpay_15_6_21_1,Scalpay,15_6_2021,15,6,2021,zooplankton,10137,microfibers,25,,microfibers,,,,,,,
Saccharina,Scalpay_15_6_21_1,Scalpay,15_6_2021,15,6,2021,zooplankton,10137,mp_fragments,2,,mp_fragments,,,,,,,
Saccharina,Scalpay_15_6_21_1,Scalpay,15_6_2021,15,6,2021,zooplankton,10137,ophiura_larvae,2,,ophiura_larvae,,,,,,,
Saccharina,Scalpay_15_6_21_1,Scalpay,15_6_2021,15,6,2021,zooplankton,10137,sabellariidae,2,,sabellariidae,,,,,,,
Saccharina,Scalpay_15_6_21_1,Scalpay,15_6_2021,15,6,2021,zooplankton,10137,Branchiopoda,25,,Branchiopoda,,,,,,,
Saccharina,Scalpay_15_6_21_1,Scalpay,15_6_2021,15,6,2021,zooplankton,10137,Copepoda,7945,,total_copepoda,,,,,,,
Saccharina,Scalpay_15_6_21_1,Scalpay,15_6_2021,15,6,2021,zooplankton,10137,Polychaeta,2,,total_polychaeta,,,,,,,
Alaria,Scalpay_15_6_21_2,Scalpay,15_6_2021,15,6,2021,zooplankton,8535,Bivalvia,1197,,bivalvia,,,,,,,
Alaria,Scalpay_15_6_21_2,Scalpay,15_6_2021,15,6,2021,zooplankton,8535,Bryozoa,25,,bryozoa,,,,,,,
Alaria,Scalpay_15_6_21_2,Scalpay,15_6_2021,15,6,2021,zooplankton,8535,copepod_nauplii,5526,,copepod_nauplii,,,,,,,
Alaria,Scalpay_15_6_21_2,Scalpay,15_6_2021,15,6,2021,zooplankton,8535,copepods,1451,,copepods,,,,,,,
Alaria,Scalpay_15_6_21_2,Scalpay,15_6_2021,15,6,2021,zooplankton,8535,decapoda_larvae,2,,decapoda_larvae,,,,,,,
Alaria,Scalpay_15_6_21_2,Scalpay,15_6_2021,15,6,2021,zooplankton,8535,evadne,25,,evadne,,,,,,,
Alaria,Scalpay_15_6_21_2,Scalpay,15_6_2021,15,6,2021,zooplankton,8535,fish_egg,76,,fish_egg,,,,,,,
Alaria,Scalpay_15_6_21_2,Scalpay,15_6_2021,15,6,2021,zooplankton,8535,Gastropoda,25,,gastropoda,,,,,,,
Alaria,Scalpay_15_6_21_2,Scalpay,15_6_2021,15,6,2021,zooplankton,8535,holoplankton,7207,,holoplankton,,,,,,,
Alaria,Scalpay_15_6_21_2,Scalpay,15_6_2021,15,6,2021,zooplankton,8535,meroplankton,1328,,meroplankton,,,,,,,
Alaria,Scalpay_15_6_21_2,Scalpay,15_6_2021,15,6,2021,zooplankton,8535,microfibers,25,,microfibers,,,,,,,
Alaria,Scalpay_15_6_21_2,Scalpay,15_6_2021,15,6,2021,zooplankton,8535,ophiura_larvae,76,,ophiura_larvae,,,,,,,
Alaria,Scalpay_15_6_21_2,Scalpay,15_6_2021,15,6,2021,zooplankton,8535,sea_urchin_larvae,2,,sea_urchin_larvae,,,,,,,
Alaria,Scalpay_15_6_21_2,Scalpay,15_6_2021,15,6,2021,zooplankton,8535,Balanoida,25,,total_balanoida,,,,,,,
Alaria,Scalpay_15_6_21_2,Scalpay,15_6_2021,15,6,2021,zooplankton,8535,Branchiopoda,25,,Branchiopoda,,,,,,,
Alaria,Scalpay_15_6_21_2,Scalpay,15_6_2021,15,6,2021,zooplankton,8535,Copepoda,6977,,total_copepoda,,,,,,,
Alaria,Scalpay_15_6_21_2,Scalpay,15_6_2021,15,6,2021,zooplankton,8535,Malacostraca,2,,Malacostraca,,,,,,,
Saccharina,Scalpay_15_6_21_2,Scalpay,15_6_2021,15,6,2021,zooplankton,8535,Bivalvia,1197,,bivalvia,,,,,,,
Saccharina,Scalpay_15_6_21_2,Scalpay,15_6_2021,15,6,2021,zooplankton,8535,Bryozoa,25,,bryozoa,,,,,,,
Saccharina,Scalpay_15_6_21_2,Scalpay,15_6_2021,15,6,2021,zooplankton,8535,copepod_nauplii,5526,,copepod_nauplii,,,,,,,
Saccharina,Scalpay_15_6_21_2,Scalpay,15_6_2021,15,6,2021,zooplankton,8535,copepods,1451,,copepods,,,,,,,
Saccharina,Scalpay_15_6_21_2,Scalpay,15_6_2021,15,6,2021,zooplankton,8535,decapoda_larvae,2,,decapoda_larvae,,,,,,,
Saccharina,Scalpay_15_6_21_2,Scalpay,15_6_2021,15,6,2021,zooplankton,8535,evadne,25,,evadne,,,,,,,
Saccharina,Scalpay_15_6_21_2,Scalpay,15_6_2021,15,6,2021,zooplankton,8535,fish_egg,76,,fish_egg,,,,,,,
Saccharina,Scalpay_15_6_21_2,Scalpay,15_6_2021,15,6,2021,zooplankton,8535,Gastropoda,25,,gastropoda,,,,,,,
Saccharina,Scalpay_15_6_21_2,Scalpay,15_6_2021,15,6,2021,zooplankton,8535,holoplankton,7207,,holoplankton,,,,,,,
Saccharina,Scalpay_15_6_21_2,Scalpay,15_6_2021,15,6,2021,zooplankton,8535,meroplankton,1328,,meroplankton,,,,,,,
Saccharina,Scalpay_15_6_21_2,Scalpay,15_6_2021,15,6,2021,zooplankton,8535,microfibers,25,,microfibers,,,,,,,
Saccharina,Scalpay_15_6_21_2,Scalpay,15_6_2021,15,6,2021,zooplankton,8535,ophiura_larvae,76,,ophiura_larvae,,,,,,,
Saccharina,Scalpay_15_6_21_2,Scalpay,15_6_2021,15,6,2021,zooplankton,8535,sea_urchin_larvae,2,,sea_urchin_larvae,,,,,,,
Saccharina,Scalpay_15_6_21_2,Scalpay,15_6_2021,15,6,2021,zooplankton,8535,Balanoida,25,,total_balanoida,,,,,,,
Saccharina,Scalpay_15_6_21_2,Scalpay,15_6_2021,15,6,2021,zooplankton,8535,Branchiopoda,25,,Branchiopoda,,,,,,,
Saccharina,Scalpay_15_6_21_2,Scalpay,15_6_2021,15,6,2021,zooplankton,8535,Copepoda,6977,,total_copepoda,,,,,,,
Saccharina,Scalpay_15_6_21_2,Scalpay,15_6_2021,15,6,2021,zooplankton,8535,Malacostraca,2,,Malacostraca,,,,,,,
Alaria,Scalpay_15_6_21_3,Scalpay,15_6_2021,15,6,2021,zooplankton,5479,Bivalvia,662,,bivalvia,,,,,,,
Alaria,Scalpay_15_6_21_3,Scalpay,15_6_2021,15,6,2021,zooplankton,5479,copepod_nauplii,3514,,copepod_nauplii,,,,,,,
Alaria,Scalpay_15_6_21_3,Scalpay,15_6_2021,15,6,2021,zooplankton,5479,copepods,942,,copepods,,,,,,,
Alaria,Scalpay_15_6_21_3,Scalpay,15_6_2021,15,6,2021,zooplankton,5479,evadne,2,,evadne,,,,,,,
Alaria,Scalpay_15_6_21_3,Scalpay,15_6_2021,15,6,2021,zooplankton,5479,Gastropoda,51,,gastropoda,,,,,,,
Alaria,Scalpay_15_6_21_3,Scalpay,15_6_2021,15,6,2021,zooplankton,5479,holoplankton,4637,,holoplankton,,,,,,,
Alaria,Scalpay_15_6_21_3,Scalpay,15_6_2021,15,6,2021,zooplankton,5479,meroplankton,842,,meroplankton,,,,,,,
Alaria,Scalpay_15_6_21_3,Scalpay,15_6_2021,15,6,2021,zooplankton,5479,microfibers,127,,microfibers,,,,,,,
Alaria,Scalpay_15_6_21_3,Scalpay,15_6_2021,15,6,2021,zooplankton,5479,ophiura_larvae,51,,ophiura_larvae,,,,,,,
Alaria,Scalpay_15_6_21_3,Scalpay,15_6_2021,15,6,2021,zooplankton,5479,sabellariidae,76,,sabellariidae,,,,,,,
Alaria,Scalpay_15_6_21_3,Scalpay,15_6_2021,15,6,2021,zooplankton,5479,Branchiopoda,2,,Branchiopoda,,,,,,,
Alaria,Scalpay_15_6_21_3,Scalpay,15_6_2021,15,6,2021,zooplankton,5479,Copepoda,4456,,total_copepoda,,,,,,,
Alaria,Scalpay_15_6_21_3,Scalpay,15_6_2021,15,6,2021,zooplankton,5479,Polychaeta,76,,total_polychaeta,,,,,,,
Saccharina,Scalpay_15_6_21_3,Scalpay,15_6_2021,15,6,2021,zooplankton,5479,Bivalvia,662,,bivalvia,,,,,,,
Saccharina,Scalpay_15_6_21_3,Scalpay,15_6_2021,15,6,2021,zooplankton,5479,copepod_nauplii,3514,,copepod_nauplii,,,,,,,
Saccharina,Scalpay_15_6_21_3,Scalpay,15_6_2021,15,6,2021,zooplankton,5479,copepods,942,,copepods,,,,,,,
Saccharina,Scalpay_15_6_21_3,Scalpay,15_6_2021,15,6,2021,zooplankton,5479,evadne,2,,evadne,,,,,,,
Saccharina,Scalpay_15_6_21_3,Scalpay,15_6_2021,15,6,2021,zooplankton,5479,Gastropoda,51,,gastropoda,,,,,,,
Saccharina,Scalpay_15_6_21_3,Scalpay,15_6_2021,15,6,2021,zooplankton,5479,holoplankton,4637,,holoplankton,,,,,,,
Saccharina,Scalpay_15_6_21_3,Scalpay,15_6_2021,15,6,2021,zooplankton,5479,meroplankton,842,,meroplankton,,,,,,,
Saccharina,Scalpay_15_6_21_3,Scalpay,15_6_2021,15,6,2021,zooplankton,5479,microfibers,127,,microfibers,,,,,,,
Saccharina,Scalpay_15_6_21_3,Scalpay,15_6_2021,15,6,2021,zooplankton,5479,ophiura_larvae,51,,ophiura_larvae,,,,,,,
Saccharina,Scalpay_15_6_21_3,Scalpay,15_6_2021,15,6,2021,zooplankton,5479,sabellariidae,76,,sabellariidae,,,,,,,
Saccharina,Scalpay_15_6_21_3,Scalpay,15_6_2021,15,6,2021,zooplankton,5479,Branchiopoda,2,,Branchiopoda,,,,,,,
Saccharina,Scalpay_15_6_21_3,Scalpay,15_6_2021,15,6,2021,zooplankton,5479,Copepoda,4456,,total_copepoda,,,,,,,
Saccharina,Scalpay_15_6_21_3,Scalpay,15_6_2021,15,6,2021,zooplankton,5479,Polychaeta,76,,total_polychaeta,,,,,,,
Alaria,Scalpay_15_6_21_4,Scalpay,15_6_2021,15,6,2021,zooplankton,8006,Bivalvia,1171,,bivalvia,,,,,,,
Alaria,Scalpay_15_6_21_4,Scalpay,15_6_2021,15,6,2021,zooplankton,8006,copepod_nauplii,5017,,copepod_nauplii,,,,,,,
Alaria,Scalpay_15_6_21_4,Scalpay,15_6_2021,15,6,2021,zooplankton,8006,copepods,1426,,copepods,,,,,,,
Alaria,Scalpay_15_6_21_4,Scalpay,15_6_2021,15,6,2021,zooplankton,8006,evadne,2,,evadne,,,,,,,
Alaria,Scalpay_15_6_21_4,Scalpay,15_6_2021,15,6,2021,zooplankton,8006,fish_egg,204,,fish_egg,,,,,,,
Alaria,Scalpay_15_6_21_4,Scalpay,15_6_2021,15,6,2021,zooplankton,8006,Gastropoda,51,,gastropoda,,,,,,,
Alaria,Scalpay_15_6_21_4,Scalpay,15_6_2021,15,6,2021,zooplankton,8006,holoplankton,6703,,holoplankton,,,,,,,
Alaria,Scalpay_15_6_21_4,Scalpay,15_6_2021,15,6,2021,zooplankton,8006,meroplankton,1301,,meroplankton,,,,,,,
Alaria,Scalpay_15_6_21_4,Scalpay,15_6_2021,15,6,2021,zooplankton,8006,ophiura_larvae,25,,ophiura_larvae,,,,,,,
Alaria,Scalpay_15_6_21_4,Scalpay,15_6_2021,15,6,2021,zooplankton,8006,other_polychaetae_larvae,25,,other_polychaetae_larvae,,,,,,,
Alaria,Scalpay_15_6_21_4,Scalpay,15_6_2021,15,6,2021,zooplankton,8006,podon,2,,podon,,,,,,,
Alaria,Scalpay_15_6_21_4,Scalpay,15_6_2021,15,6,2021,zooplankton,8006,sagitta,2,,sagitta,,,,,,,
Alaria,Scalpay_15_6_21_4,Scalpay,15_6_2021,15,6,2021,zooplankton,8006,sea_urchin_larvae,25,,sea_urchin_larvae,,,,,,,
Alaria,Scalpay_15_6_21_4,Scalpay,15_6_2021,15,6,2021,zooplankton,8006,Balanoida,2,,total_balanoida,,,,,,,
Alaria,Scalpay_15_6_21_4,Scalpay,15_6_2021,15,6,2021,zooplankton,8006,Branchiopoda,4,,Branchiopoda,,,,,,,
Alaria,Scalpay_15_6_21_4,Scalpay,15_6_2021,15,6,2021,zooplankton,8006,Copepoda,6443,,total_copepoda,,,,,,,
Alaria,Scalpay_15_6_21_4,Scalpay,15_6_2021,15,6,2021,zooplankton,8006,Malacostraca,2,,Malacostraca,,,,,,,
Alaria,Scalpay_15_6_21_4,Scalpay,15_6_2021,15,6,2021,zooplankton,8006,Polychaeta,25,,total_polychaeta,,,,,,,
Saccharina,Scalpay_15_6_21_4,Scalpay,15_6_2021,15,6,2021,zooplankton,8006,Bivalvia,1171,,bivalvia,,,,,,,
Saccharina,Scalpay_15_6_21_4,Scalpay,15_6_2021,15,6,2021,zooplankton,8006,copepod_nauplii,5017,,copepod_nauplii,,,,,,,
Saccharina,Scalpay_15_6_21_4,Scalpay,15_6_2021,15,6,2021,zooplankton,8006,copepods,1426,,copepods,,,,,,,
Saccharina,Scalpay_15_6_21_4,Scalpay,15_6_2021,15,6,2021,zooplankton,8006,evadne,2,,evadne,,,,,,,
Saccharina,Scalpay_15_6_21_4,Scalpay,15_6_2021,15,6,2021,zooplankton,8006,fish_egg,204,,fish_egg,,,,,,,
Saccharina,Scalpay_15_6_21_4,Scalpay,15_6_2021,15,6,2021,zooplankton,8006,Gastropoda,51,,gastropoda,,,,,,,
Saccharina,Scalpay_15_6_21_4,Scalpay,15_6_2021,15,6,2021,zooplankton,8006,holoplankton,6703,,holoplankton,,,,,,,
Saccharina,Scalpay_15_6_21_4,Scalpay,15_6_2021,15,6,2021,zooplankton,8006,meroplankton,1301,,meroplankton,,,,,,,
Saccharina,Scalpay_15_6_21_4,Scalpay,15_6_2021,15,6,2021,zooplankton,8006,ophiura_larvae,25,,ophiura_larvae,,,,,,,
Saccharina,Scalpay_15_6_21_4,Scalpay,15_6_2021,15,6,2021,zooplankton,8006,other_polychaetae_larvae,25,,other_polychaetae_larvae,,,,,,,
Saccharina,Scalpay_15_6_21_4,Scalpay,15_6_2021,15,6,2021,zooplankton,8006,podon,2,,podon,,,,,,,
Saccharina,Scalpay_15_6_21_4,Scalpay,15_6_2021,15,6,2021,zooplankton,8006,sagitta,2,,sagitta,,,,,,,
Saccharina,Scalpay_15_6_21_4,Scalpay,15_6_2021,15,6,2021,zooplankton,8006,sea_urchin_larvae,25,,sea_urchin_larvae,,,,,,,
Saccharina,Scalpay_15_6_21_4,Scalpay,15_6_2021,15,6,2021,zooplankton,8006,Balanoida,2,,total_balanoida,,,,,,,
Saccharina,Scalpay_15_6_21_4,Scalpay,15_6_2021,15,6,2021,zooplankton,8006,Branchiopoda,4,,Branchiopoda,,,,,,,
Saccharina,Scalpay_15_6_21_4,Scalpay,15_6_2021,15,6,2021,zooplankton,8006,Copepoda,6443,,total_copepoda,,,,,,,
Saccharina,Scalpay_15_6_21_4,Scalpay,15_6_2021,15,6,2021,zooplankton,8006,Malacostraca,2,,Malacostraca,,,,,,,
Saccharina,Scalpay_15_6_21_4,Scalpay,15_6_2021,15,6,2021,zooplankton,8006,Polychaeta,25,,total_polychaeta,,,,,,,
Alaria,Scalpay_15_6_21_5,Scalpay,15_6_2021,15,6,2021,zooplankton,7338,Bivalvia,1248,,bivalvia,,,,,,,
Alaria,Scalpay_15_6_21_5,Scalpay,15_6_2021,15,6,2021,zooplankton,7338,copepod_nauplii,4074,,copepod_nauplii,,,,,,,
Alaria,Scalpay_15_6_21_5,Scalpay,15_6_2021,15,6,2021,zooplankton,7338,copepods,1732,,copepods,,,,,,,
Alaria,Scalpay_15_6_21_5,Scalpay,15_6_2021,15,6,2021,zooplankton,7338,decapoda_larvae,2,,decapoda_larvae,,,,,,,
Alaria,Scalpay_15_6_21_5,Scalpay,15_6_2021,15,6,2021,zooplankton,7338,fish_egg,51,,fish_egg,,,,,,,
Alaria,Scalpay_15_6_21_5,Scalpay,15_6_2021,15,6,2021,zooplankton,7338,Gastropoda,178,,gastropoda,,,,,,,
Alaria,Scalpay_15_6_21_5,Scalpay,15_6_2021,15,6,2021,zooplankton,7338,holoplankton,5908,,holoplankton,,,,,,,
Alaria,Scalpay_15_6_21_5,Scalpay,15_6_2021,15,6,2021,zooplankton,7338,meroplankton,1430,,meroplankton,,,,,,,
Alaria,Scalpay_15_6_21_5,Scalpay,15_6_2021,15,6,2021,zooplankton,7338,microfibers,25,,microfibers,,,,,,,
Alaria,Scalpay_15_6_21_5,Scalpay,15_6_2021,15,6,2021,zooplankton,7338,mp_fragments,25,,mp_fragments,,,,,,,
Alaria,Scalpay_15_6_21_5,Scalpay,15_6_2021,15,6,2021,zooplankton,7338,ophiura_larvae,2,,ophiura_larvae,,,,,,,
Alaria,Scalpay_15_6_21_5,Scalpay,15_6_2021,15,6,2021,zooplankton,7338,Copepoda,5806,,total_copepoda,,,,,,,
Alaria,Scalpay_15_6_21_5,Scalpay,15_6_2021,15,6,2021,zooplankton,7338,Malacostraca,2,,Malacostraca,,,,,,,
Saccharina,Scalpay_15_6_21_5,Scalpay,15_6_2021,15,6,2021,zooplankton,7338,Bivalvia,1248,,bivalvia,,,,,,,
Saccharina,Scalpay_15_6_21_5,Scalpay,15_6_2021,15,6,2021,zooplankton,7338,copepod_nauplii,4074,,copepod_nauplii,,,,,,,
Saccharina,Scalpay_15_6_21_5,Scalpay,15_6_2021,15,6,2021,zooplankton,7338,copepods,1732,,copepods,,,,,,,
Saccharina,Scalpay_15_6_21_5,Scalpay,15_6_2021,15,6,2021,zooplankton,7338,decapoda_larvae,2,,decapoda_larvae,,,,,,,
Saccharina,Scalpay_15_6_21_5,Scalpay,15_6_2021,15,6,2021,zooplankton,7338,fish_egg,51,,fish_egg,,,,,,,
Saccharina,Scalpay_15_6_21_5,Scalpay,15_6_2021,15,6,2021,zooplankton,7338,Gastropoda,178,,gastropoda,,,,,,,
Saccharina,Scalpay_15_6_21_5,Scalpay,15_6_2021,15,6,2021,zooplankton,7338,holoplankton,5908,,holoplankton,,,,,,,
Saccharina,Scalpay_15_6_21_5,Scalpay,15_6_2021,15,6,2021,zooplankton,7338,meroplankton,1430,,meroplankton,,,,,,,
Saccharina,Scalpay_15_6_21_5,Scalpay,15_6_2021,15,6,2021,zooplankton,7338,microfibers,25,,microfibers,,,,,,,
Saccharina,Scalpay_15_6_21_5,Scalpay,15_6_2021,15,6,2021,zooplankton,7338,mp_fragments,25,,mp_fragments,,,,,,,
Saccharina,Scalpay_15_6_21_5,Scalpay,15_6_2021,15,6,2021,zooplankton,7338,ophiura_larvae,2,,ophiura_larvae,,,,,,,
Saccharina,Scalpay_15_6_21_5,Scalpay,15_6_2021,15,6,2021,zooplankton,7338,Copepoda,5806,,total_copepoda,,,,,,,
Saccharina,Scalpay_15_6_21_5,Scalpay,15_6_2021,15,6,2021,zooplankton,7338,Malacostraca,2,,Malacostraca,,,,,,,
Alaria,Scalpay_21_12_21_1,Scalpay,21_12_2021,21,12,2021,zooplankton,1207,Bivalvia,34,,bivalvia,,,,,,,
Alaria,Scalpay_21_12_21_1,Scalpay,21_12_2021,21,12,2021,zooplankton,1207,Bryozoa,68,,bryozoa,,,,,,,
Alaria,Scalpay_21_12_21_1,Scalpay,21_12_2021,21,12,2021,zooplankton,1207,copepod_nauplii,272,,copepod_nauplii,,,,,,,
Alaria,Scalpay_21_12_21_1,Scalpay,21_12_2021,21,12,2021,zooplankton,1207,copepods,628,,copepods,,,,,,,
Alaria,Scalpay_21_12_21_1,Scalpay,21_12_2021,21,12,2021,zooplankton,1207,Gastropoda,34,,gastropoda,,,,,,,
Alaria,Scalpay_21_12_21_1,Scalpay,21_12_2021,21,12,2021,zooplankton,1207,holoplankton,902,,holoplankton,,,,,,,
Alaria,Scalpay_21_12_21_1,Scalpay,21_12_2021,21,12,2021,zooplankton,1207,meroplankton,306,,meroplankton,,,,,,,
Alaria,Scalpay_21_12_21_1,Scalpay,21_12_2021,21,12,2021,zooplankton,1207,microfibers,17,,microfibers,,,,,,,
Alaria,Scalpay_21_12_21_1,Scalpay,21_12_2021,21,12,2021,zooplankton,1207,sabellariidae,170,,sabellariidae,,,,,,,
Alaria,Scalpay_21_12_21_1,Scalpay,21_12_2021,21,12,2021,zooplankton,1207,Copepoda,900,,total_copepoda,,,,,,,
Alaria,Scalpay_21_12_21_1,Scalpay,21_12_2021,21,12,2021,zooplankton,1207,Polychaeta,170,,total_polychaeta,,,,,,,
Saccharina,Scalpay_21_12_21_1,Scalpay,21_12_2021,21,12,2021,zooplankton,1207,Bivalvia,34,,bivalvia,,,,,,,
Saccharina,Scalpay_21_12_21_1,Scalpay,21_12_2021,21,12,2021,zooplankton,1207,Bryozoa,68,,bryozoa,,,,,,,
Saccharina,Scalpay_21_12_21_1,Scalpay,21_12_2021,21,12,2021,zooplankton,1207,copepod_nauplii,272,,copepod_nauplii,,,,,,,
Saccharina,Scalpay_21_12_21_1,Scalpay,21_12_2021,21,12,2021,zooplankton,1207,copepods,628,,copepods,,,,,,,
Saccharina,Scalpay_21_12_21_1,Scalpay,21_12_2021,21,12,2021,zooplankton,1207,Gastropoda,34,,gastropoda,,,,,,,
Saccharina,Scalpay_21_12_21_1,Scalpay,21_12_2021,21,12,2021,zooplankton,1207,holoplankton,902,,holoplankton,,,,,,,
Saccharina,Scalpay_21_12_21_1,Scalpay,21_12_2021,21,12,2021,zooplankton,1207,meroplankton,306,,meroplankton,,,,,,,
Saccharina,Scalpay_21_12_21_1,Scalpay,21_12_2021,21,12,2021,zooplankton,1207,microfibers,17,,microfibers,,,,,,,
Saccharina,Scalpay_21_12_21_1,Scalpay,21_12_2021,21,12,2021,zooplankton,1207,sabellariidae,170,,sabellariidae,,,,,,,
Saccharina,Scalpay_21_12_21_1,Scalpay,21_12_2021,21,12,2021,zooplankton,1207,Copepoda,900,,total_copepoda,,,,,,,
Saccharina,Scalpay_21_12_21_1,Scalpay,21_12_2021,21,12,2021,zooplankton,1207,Polychaeta,170,,total_polychaeta,,,,,,,
Alaria,Scalpay_21_12_21_2,Scalpay,21_12_2021,21,12,2021,zooplankton,651,Bivalvia,102,,bivalvia,,,,,,,
Alaria,Scalpay_21_12_21_2,Scalpay,21_12_2021,21,12,2021,zooplankton,651,Bryozoa,17,,bryozoa,,,,,,,
Alaria,Scalpay_21_12_21_2,Scalpay,21_12_2021,21,12,2021,zooplankton,651,copepod_nauplii,272,,copepod_nauplii,,,,,,,
Alaria,Scalpay_21_12_21_2,Scalpay,21_12_2021,21,12,2021,zooplankton,651,copepods,221,,copepods,,,,,,,
Alaria,Scalpay_21_12_21_2,Scalpay,21_12_2021,21,12,2021,zooplankton,651,evadne,2,,evadne,,,,,,,
Alaria,Scalpay_21_12_21_2,Scalpay,21_12_2021,21,12,2021,zooplankton,651,Gastropoda,17,,gastropoda,,,,,,,
Alaria,Scalpay_21_12_21_2,Scalpay,21_12_2021,21,12,2021,zooplankton,651,holoplankton,498,,holoplankton,,,,,,,
Alaria,Scalpay_21_12_21_2,Scalpay,21_12_2021,21,12,2021,zooplankton,651,meroplankton,153,,meroplankton,,,,,,,
Alaria,Scalpay_21_12_21_2,Scalpay,21_12_2021,21,12,2021,zooplankton,651,mp_fragments,2,,mp_fragments,,,,,,,
Alaria,Scalpay_21_12_21_2,Scalpay,21_12_2021,21,12,2021,zooplankton,651,sabellariidae,17,,sabellariidae,,,,,,,
Alaria,Scalpay_21_12_21_2,Scalpay,21_12_2021,21,12,2021,zooplankton,651,Balanoida,2,,total_balanoida,,,,,,,
Alaria,Scalpay_21_12_21_2,Scalpay,21_12_2021,21,12,2021,zooplankton,651,Branchiopoda,2,,Branchiopoda,,,,,,,
Alaria,Scalpay_21_12_21_2,Scalpay,21_12_2021,21,12,2021,zooplankton,651,Copepoda,492,,total_copepoda,,,,,,,
Alaria,Scalpay_21_12_21_2,Scalpay,21_12_2021,21,12,2021,zooplankton,651,Polychaeta,17,,total_polychaeta,,,,,,,
Saccharina,Scalpay_21_12_21_2,Scalpay,21_12_2021,21,12,2021,zooplankton,651,Bivalvia,102,,bivalvia,,,,,,,
Saccharina,Scalpay_21_12_21_2,Scalpay,21_12_2021,21,12,2021,zooplankton,651,Bryozoa,17,,bryozoa,,,,,,,
Saccharina,Scalpay_21_12_21_2,Scalpay,21_12_2021,21,12,2021,zooplankton,651,copepod_nauplii,272,,copepod_nauplii,,,,,,,
Saccharina,Scalpay_21_12_21_2,Scalpay,21_12_2021,21,12,2021,zooplankton,651,copepods,221,,copepods,,,,,,,
Saccharina,Scalpay_21_12_21_2,Scalpay,21_12_2021,21,12,2021,zooplankton,651,evadne,2,,evadne,,,,,,,
Saccharina,Scalpay_21_12_21_2,Scalpay,21_12_2021,21,12,2021,zooplankton,651,Gastropoda,17,,gastropoda,,,,,,,
Saccharina,Scalpay_21_12_21_2,Scalpay,21_12_2021,21,12,2021,zooplankton,651,holoplankton,498,,holoplankton,,,,,,,
Saccharina,Scalpay_21_12_21_2,Scalpay,21_12_2021,21,12,2021,zooplankton,651,meroplankton,153,,meroplankton,,,,,,,
Saccharina,Scalpay_21_12_21_2,Scalpay,21_12_2021,21,12,2021,zooplankton,651,mp_fragments,2,,mp_fragments,,,,,,,
Saccharina,Scalpay_21_12_21_2,Scalpay,21_12_2021,21,12,2021,zooplankton,651,sabellariidae,17,,sabellariidae,,,,,,,
Saccharina,Scalpay_21_12_21_2,Scalpay,21_12_2021,21,12,2021,zooplankton,651,Balanoida,2,,total_balanoida,,,,,,,
Saccharina,Scalpay_21_12_21_2,Scalpay,21_12_2021,21,12,2021,zooplankton,651,Branchiopoda,2,,Branchiopoda,,,,,,,
Saccharina,Scalpay_21_12_21_2,Scalpay,21_12_2021,21,12,2021,zooplankton,651,Copepoda,492,,total_copepoda,,,,,,,
Saccharina,Scalpay_21_12_21_2,Scalpay,21_12_2021,21,12,2021,zooplankton,651,Polychaeta,17,,total_polychaeta,,,,,,,
Alaria,Scalpay_21_12_21_3,Scalpay,21_12_2021,21,12,2021,zooplankton,902,Bivalvia,51,,bivalvia,,,,,,,
Alaria,Scalpay_21_12_21_3,Scalpay,21_12_2021,21,12,2021,zooplankton,902,Bryozoa,51,,bryozoa,,,,,,,
Alaria,Scalpay_21_12_21_3,Scalpay,21_12_2021,21,12,2021,zooplankton,902,copepod_nauplii,458,,copepod_nauplii,,,,,,,
Alaria,Scalpay_21_12_21_3,Scalpay,21_12_2021,21,12,2021,zooplankton,902,copepods,272,,copepods,,,,,,,
Alaria,Scalpay_21_12_21_3,Scalpay,21_12_2021,21,12,2021,zooplankton,902,fish_egg,17,,fish_egg,,,,,,,
Alaria,Scalpay_21_12_21_3,Scalpay,21_12_2021,21,12,2021,zooplankton,902,Gastropoda,2,,gastropoda,,,,,,,
Alaria,Scalpay_21_12_21_3,Scalpay,21_12_2021,21,12,2021,zooplankton,902,holoplankton,781,,holoplankton,,,,,,,
Alaria,Scalpay_21_12_21_3,Scalpay,21_12_2021,21,12,2021,zooplankton,902,meroplankton,121,,meroplankton,,,,,,,
Alaria,Scalpay_21_12_21_3,Scalpay,21_12_2021,21,12,2021,zooplankton,902,microfibers,34,,microfibers,,,,,,,
Alaria,Scalpay_21_12_21_3,Scalpay,21_12_2021,21,12,2021,zooplankton,902,sabellariidae,17,,sabellariidae,,,,,,,
Alaria,Scalpay_21_12_21_3,Scalpay,21_12_2021,21,12,2021,zooplankton,902,Copepoda,730,,total_copepoda,,,,,,,
Alaria,Scalpay_21_12_21_3,Scalpay,21_12_2021,21,12,2021,zooplankton,902,Polychaeta,17,,total_polychaeta,,,,,,,
Saccharina,Scalpay_21_12_21_3,Scalpay,21_12_2021,21,12,2021,zooplankton,902,Bivalvia,51,,bivalvia,,,,,,,
Saccharina,Scalpay_21_12_21_3,Scalpay,21_12_2021,21,12,2021,zooplankton,902,Bryozoa,51,,bryozoa,,,,,,,
Saccharina,Scalpay_21_12_21_3,Scalpay,21_12_2021,21,12,2021,zooplankton,902,copepod_nauplii,458,,copepod_nauplii,,,,,,,
Saccharina,Scalpay_21_12_21_3,Scalpay,21_12_2021,21,12,2021,zooplankton,902,copepods,272,,copepods,,,,,,,
Saccharina,Scalpay_21_12_21_3,Scalpay,21_12_2021,21,12,2021,zooplankton,902,fish_egg,17,,fish_egg,,,,,,,
Saccharina,Scalpay_21_12_21_3,Scalpay,21_12_2021,21,12,2021,zooplankton,902,Gastropoda,2,,gastropoda,,,,,,,
Saccharina,Scalpay_21_12_21_3,Scalpay,21_12_2021,21,12,2021,zooplankton,902,holoplankton,781,,holoplankton,,,,,,,
Saccharina,Scalpay_21_12_21_3,Scalpay,21_12_2021,21,12,2021,zooplankton,902,meroplankton,121,,meroplankton,,,,,,,
Saccharina,Scalpay_21_12_21_3,Scalpay,21_12_2021,21,12,2021,zooplankton,902,microfibers,34,,microfibers,,,,,,,
Saccharina,Scalpay_21_12_21_3,Scalpay,21_12_2021,21,12,2021,zooplankton,902,sabellariidae,17,,sabellariidae,,,,,,,
Saccharina,Scalpay_21_12_21_3,Scalpay,21_12_2021,21,12,2021,zooplankton,902,Copepoda,730,,total_copepoda,,,,,,,
Saccharina,Scalpay_21_12_21_3,Scalpay,21_12_2021,21,12,2021,zooplankton,902,Polychaeta,17,,total_polychaeta,,,,,,,
Alaria,Pabay_10_12_21_1,Pabay,10_12_2021,10,12,2021,reads,1412.5,Hydrozoa,9.380530973,,Clytia sp. 2 AFC-2016,Animalia,Cnidaria,Hydrozoa,Leptothecata,Campanulariidae,Clytia,Clytia sp. 2 AFC-2016
Alaria,Pabay_10_12_21_1,Pabay,10_12_2021,10,12,2021,reads,1412.5,Hydrozoa,0.389380531,,Maresearsia praeclara,Animalia,Cnidaria,Hydrozoa,Anthoathecata,Corynidae,Maresearsia,Maresearsia praeclara
Alaria,Pabay_10_12_21_1,Pabay,10_12_2021,10,12,2021,reads,1412.5,Hydrozoa,0.814159292,,Clytia sp. 2 AFC-2016.2,Animalia,Cnidaria,Hydrozoa,Leptothecata,Campanulariidae,Clytia,Clytia sp. 2 AFC-2016
Saccharina,Pabay_10_12_21_1,Pabay,10_12_2021,10,12,2021,reads,1412.5,Hydrozoa,9.380530973,,Clytia sp. 2 AFC-2016,Animalia,Cnidaria,Hydrozoa,Leptothecata,Campanulariidae,Clytia,Clytia sp. 2 AFC-2016
Saccharina,Pabay_10_12_21_1,Pabay,10_12_2021,10,12,2021,reads,1412.5,Hydrozoa,0.389380531,,Maresearsia praeclara,Animalia,Cnidaria,Hydrozoa,Anthoathecata,Corynidae,Maresearsia,Maresearsia praeclara
Saccharina,Pabay_10_12_21_1,Pabay,10_12_2021,10,12,2021,reads,1412.5,Hydrozoa,0.814159292,,Clytia sp. 2 AFC-2016.2,Animalia,Cnidaria,Hydrozoa,Leptothecata,Campanulariidae,Clytia,Clytia sp. 2 AFC-2016
Alaria,Pabay_10_12_21_1,Pabay,10_12_2021,10,12,2021,reads,1412.5,no,0.14159292,,Thalassiosira rotula.7,Chromista,Ochrophyta,Bacillariophyceae,Thalassiosirales,Thalassiosiraceae,Thalassiosira,Thalassiosira rotula
Alaria,Pabay_10_12_21_1,Pabay,10_12_2021,10,12,2021,reads,1412.5,no,1.451327434,,Thalassionema nitzschioides,Chromista,Ochrophyta,Bacillariophyceae,Thalassionematales,Thalassionemataceae,Thalassionema,Thalassionema nitzschioides
Alaria,Pabay_10_12_21_1,Pabay,10_12_2021,10,12,2021,reads,1412.5,no,1.380530973,,Thalassionema nitzschioides.1,Chromista,Ochrophyta,Bacillariophyceae,Thalassionematales,Thalassionemataceae,Thalassionema,Thalassionema nitzschioides
Saccharina,Pabay_10_12_21_1,Pabay,10_12_2021,10,12,2021,reads,1412.5,no,0.14159292,,Thalassiosira rotula.7,Chromista,Ochrophyta,Bacillariophyceae,Thalassiosirales,Thalassiosiraceae,Thalassiosira,Thalassiosira rotula
Saccharina,Pabay_10_12_21_1,Pabay,10_12_2021,10,12,2021,reads,1412.5,no,1.451327434,,Thalassionema nitzschioides,Chromista,Ochrophyta,Bacillariophyceae,Thalassionematales,Thalassionemataceae,Thalassionema,Thalassionema nitzschioides
Saccharina,Pabay_10_12_21_1,Pabay,10_12_2021,10,12,2021,reads,1412.5,no,1.380530973,,Thalassionema nitzschioides.1,Chromista,Ochrophyta,Bacillariophyceae,Thalassionematales,Thalassionemataceae,Thalassionema,Thalassionema nitzschioides
Alaria,Pabay_10_12_21_2,Pabay,10_12_2021,10,12,2021,reads,1191.5,Hydrozoa,0.713386488,,Maresearsia praeclara,Animalia,Cnidaria,Hydrozoa,Anthoathecata,Corynidae,Maresearsia,Maresearsia praeclara
Saccharina,Pabay_10_12_21_2,Pabay,10_12_2021,10,12,2021,reads,1191.5,Hydrozoa,0.713386488,,Maresearsia praeclara,Animalia,Cnidaria,Hydrozoa,Anthoathecata,Corynidae,Maresearsia,Maresearsia praeclara
Alaria,Pabay_10_12_21_2,Pabay,10_12_2021,10,12,2021,reads,1191.5,no,0.293747377,,Thalassiosira rotula.6,Chromista,Ochrophyta,Bacillariophyceae,Thalassiosirales,Thalassiosiraceae,Thalassiosira,Thalassiosira rotula
Alaria,Pabay_10_12_21_2,Pabay,10_12_2021,10,12,2021,reads,1191.5,no,1.049097776,,Thalassionema nitzschioides,Chromista,Ochrophyta,Bacillariophyceae,Thalassionematales,Thalassionemataceae,Thalassionema,Thalassionema nitzschioides
Alaria,Pabay_10_12_21_2,Pabay,10_12_2021,10,12,2021,reads,1191.5,no,0.251783466,,Cassiopea xamachana,Animalia,Cnidaria,Scyphozoa,Rhizostomeae,Cassiopeidae,Cassiopea,Cassiopea xamachana
Alaria,Pabay_10_12_21_2,Pabay,10_12_2021,10,12,2021,reads,1191.5,no,1.258917331,,Urodasys sp. 114a.7,Animalia,Gastrotricha,Macrodasyida,Macrodasyoidea,Urodasidae,Urodasys,Urodasys sp. 114a
Alaria,Pabay_10_12_21_2,Pabay,10_12_2021,10,12,2021,reads,1191.5,no,0.335711288,,Urodasys sp. 114a.20,Animalia,Gastrotricha,Macrodasyida,Macrodasyoidea,Urodasidae,Urodasys,Urodasys sp. 114a
Alaria,Pabay_10_12_21_2,Pabay,10_12_2021,10,12,2021,reads,1191.5,no,0.251783466,,Urodasys sp. 114a.22,Animalia,Gastrotricha,Macrodasyida,Macrodasyoidea,Urodasidae,Urodasys,Urodasys sp. 114a
Alaria,Pabay_10_12_21_2,Pabay,10_12_2021,10,12,2021,reads,1191.5,no,0.083927822,,invertebrate environmental sample.6,,,,,,,
Saccharina,Pabay_10_12_21_2,Pabay,10_12_2021,10,12,2021,reads,1191.5,no,0.293747377,,Thalassiosira rotula.6,Chromista,Ochrophyta,Bacillariophyceae,Thalassiosirales,Thalassiosiraceae,Thalassiosira,Thalassiosira rotula
Saccharina,Pabay_10_12_21_2,Pabay,10_12_2021,10,12,2021,reads,1191.5,no,1.049097776,,Thalassionema nitzschioides,Chromista,Ochrophyta,Bacillariophyceae,Thalassionematales,Thalassionemataceae,Thalassionema,Thalassionema nitzschioides
Saccharina,Pabay_10_12_21_2,Pabay,10_12_2021,10,12,2021,reads,1191.5,no,0.251783466,,Cassiopea xamachana,Animalia,Cnidaria,Scyphozoa,Rhizostomeae,Cassiopeidae,Cassiopea,Cassiopea xamachana
Saccharina,Pabay_10_12_21_2,Pabay,10_12_2021,10,12,2021,reads,1191.5,no,1.258917331,,Urodasys sp. 114a.7,Animalia,Gastrotricha,Macrodasyida,Macrodasyoidea,Urodasidae,Urodasys,Urodasys sp. 114a
Saccharina,Pabay_10_12_21_2,Pabay,10_12_2021,10,12,2021,reads,1191.5,no,0.335711288,,Urodasys sp. 114a.20,Animalia,Gastrotricha,Macrodasyida,Macrodasyoidea,Urodasidae,Urodasys,Urodasys sp. 114a
Saccharina,Pabay_10_12_21_2,Pabay,10_12_2021,10,12,2021,reads,1191.5,no,0.251783466,,Urodasys sp. 114a.22,Animalia,Gastrotricha,Macrodasyida,Macrodasyoidea,Urodasidae,Urodasys,Urodasys sp. 114a
Saccharina,Pabay_10_12_21_2,Pabay,10_12_2021,10,12,2021,reads,1191.5,no,0.083927822,,invertebrate environmental sample.6,,,,,,,
Alaria,Pabay_10_12_21_3,Pabay,10_12_2021,10,12,2021,reads,1414,no,0.565770863,,Thalassionema nitzschioides,Chromista,Ochrophyta,Bacillariophyceae,Thalassionematales,Thalassionemataceae,Thalassionema,Thalassionema nitzschioides
Alaria,Pabay_10_12_21_3,Pabay,10_12_2021,10,12,2021,reads,1414,no,0.106082037,,Minutocellus polymorphus.7,Chromista,Ochrophyta,Coscinodiscophyceae,Coscinodiscales,Helminthophoraceae,Minutocellus,Minutocellus polymorphus
Alaria,Pabay_10_12_21_3,Pabay,10_12_2021,10,12,2021,reads,1414,no,0.353606789,,Cassiopea xamachana,Animalia,Cnidaria,Scyphozoa,Rhizostomeae,Cassiopeidae,Cassiopea,Cassiopea xamachana
Alaria,Pabay_10_12_21_3,Pabay,10_12_2021,10,12,2021,reads,1414,no,0.282885431,,Cassiopea sp. PGNIMCP,,,,,,Cassiopea,Cassiopea sp. PGNIMCP
Saccharina,Pabay_10_12_21_3,Pabay,10_12_2021,10,12,2021,reads,1414,no,0.565770863,,Thalassionema nitzschioides,Chromista,Ochrophyta,Bacillariophyceae,Thalassionematales,Thalassionemataceae,Thalassionema,Thalassionema nitzschioides
Saccharina,Pabay_10_12_21_3,Pabay,10_12_2021,10,12,2021,reads,1414,no,0.106082037,,Minutocellus polymorphus.7,Chromista,Ochrophyta,Coscinodiscophyceae,Coscinodiscales,Helminthophoraceae,Minutocellus,Minutocellus polymorphus
Saccharina,Pabay_10_12_21_3,Pabay,10_12_2021,10,12,2021,reads,1414,no,0.353606789,,Cassiopea xamachana,Animalia,Cnidaria,Scyphozoa,Rhizostomeae,Cassiopeidae,Cassiopea,Cassiopea xamachana
Saccharina,Pabay_10_12_21_3,Pabay,10_12_2021,10,12,2021,reads,1414,no,0.282885431,,Cassiopea sp. PGNIMCP,,,,,,Cassiopea,Cassiopea sp. PGNIMCP
Alaria,Pabay_10_4_22_1,Pabay,10_4_2022,10,4,2022,reads,4566,Branchiopoda,0.514673675,,Evadne sp.,Animalia,Arthropoda,Branchiopoda,Onychopoda,Podonidae,Evadne,Evadne sp.
Saccharina,Pabay_10_4_22_1,Pabay,10_4_2022,10,4,2022,reads,4566,Branchiopoda,0.514673675,,Evadne sp.,Animalia,Arthropoda,Branchiopoda,Onychopoda,Podonidae,Evadne,Evadne sp.
Alaria,Pabay_10_4_22_1,Pabay,10_4_2022,10,4,2022,reads,4566,Gastropoda,0.17520806,,Placida dendritica.1,Animalia,Mollusca,Gastropoda,Sacoglossa,Limapontiidae,Placida,Placida dendritica
Saccharina,Pabay_10_4_22_1,Pabay,10_4_2022,10,4,2022,reads,4566,Gastropoda,0.17520806,,Placida dendritica.1,Animalia,Mollusca,Gastropoda,Sacoglossa,Limapontiidae,Placida,Placida dendritica
Alaria,Pabay_10_4_22_1,Pabay,10_4_2022,10,4,2022,reads,4566,no,0.076653526,,Ditylum brightwellii.1,Chromista,Ochrophyta,Coscinodiscophyceae,Rhizosoleniales,Lithodesmiaceae,Ditylum,Ditylum brightwellii
Alaria,Pabay_10_4_22_1,Pabay,10_4_2022,10,4,2022,reads,4566,no,0.109505037,,Pedospumella sinomuralis.2,Chromista,Ochrophyta,Chrysophyceae,Chromulinales,Paraphysomonadaceae,Pedospumella,Pedospumella sinomuralis
Alaria,Pabay_10_4_22_1,Pabay,10_4_2022,10,4,2022,reads,4566,no,0.197109067,,Pseudochattonella farcimen,Chromista,Ochrophyta,Dictyochophyceae,Dictyochales,Chattonellaceae,Pseudochattonella,Pseudochattonella farcimen
Alaria,Pabay_10_4_22_1,Pabay,10_4_2022,10,4,2022,reads,4566,no,0.810337276,,Cernosvitoviella minor,Animalia,Annelida,Clitellata,Enchytraeida,Enchytraeidae,Cernosvitoviella,Cernosvitoviella minor
Alaria,Pabay_10_4_22_1,Pabay,10_4_2022,10,4,2022,reads,4566,no,0.076653526,,Prosadenoporus floridensis,Animalia,Nemertea,Enopla,Monostilifera,Prosorhochmidae,Prosadenoporus,Prosadenoporus floridensis
Alaria,Pabay_10_4_22_1,Pabay,10_4_2022,10,4,2022,reads,4566,no,0.229960578,,Enchytraeus doerjesi,Animalia,Annelida,Clitellata,Enchytraeida,Enchytraeidae,Enchytraeus,Enchytraeus doerjesi
Saccharina,Pabay_10_4_22_1,Pabay,10_4_2022,10,4,2022,reads,4566,no,0.076653526,,Ditylum brightwellii.1,Chromista,Ochrophyta,Coscinodiscophyceae,Rhizosoleniales,Lithodesmiaceae,Ditylum,Ditylum brightwellii
Saccharina,Pabay_10_4_22_1,Pabay,10_4_2022,10,4,2022,reads,4566,no,0.109505037,,Pedospumella sinomuralis.2,Chromista,Ochrophyta,Chrysophyceae,Chromulinales,Paraphysomonadaceae,Pedospumella,Pedospumella sinomuralis
Saccharina,Pabay_10_4_22_1,Pabay,10_4_2022,10,4,2022,reads,4566,no,0.197109067,,Pseudochattonella farcimen,Chromista,Ochrophyta,Dictyochophyceae,Dictyochales,Chattonellaceae,Pseudochattonella,Pseudochattonella farcimen
Saccharina,Pabay_10_4_22_1,Pabay,10_4_2022,10,4,2022,reads,4566,no,0.810337276,,Cernosvitoviella minor,Animalia,Annelida,Clitellata,Enchytraeida,Enchytraeidae,Cernosvitoviella,Cernosvitoviella minor
Saccharina,Pabay_10_4_22_1,Pabay,10_4_2022,10,4,2022,reads,4566,no,0.076653526,,Prosadenoporus floridensis,Animalia,Nemertea,Enopla,Monostilifera,Prosorhochmidae,Prosadenoporus,Prosadenoporus floridensis
Saccharina,Pabay_10_4_22_1,Pabay,10_4_2022,10,4,2022,reads,4566,no,0.229960578,,Enchytraeus doerjesi,Animalia,Annelida,Clitellata,Enchytraeida,Enchytraeidae,Enchytraeus,Enchytraeus doerjesi
Alaria,Pabay_10_4_22_1,Pabay,10_4_2022,10,4,2022,reads,4566,Polychaet,0.186158563,,Dasybranchus sp. DH1.1,Animalia,Annelida,Polychaeta,Capitellida,Capitellidae,Dasybranchus,Dasybranchus sp. DH1
Saccharina,Pabay_10_4_22_1,Pabay,10_4_2022,10,4,2022,reads,4566,Polychaet,0.186158563,,Dasybranchus sp. DH1.1,Animalia,Annelida,Polychaeta,Capitellida,Capitellidae,Dasybranchus,Dasybranchus sp. DH1
Alaria,Pabay_10_4_22_2,Pabay,10_4_2022,10,4,2022,reads,12291.5,Hydrozoa,0.004067852,,Pennaria disticha.1,Animalia,Cnidaria,Hydrozoa,Anthoathecata,Pennariidae,Pennaria,Pennaria disticha
Saccharina,Pabay_10_4_22_2,Pabay,10_4_2022,10,4,2022,reads,12291.5,Hydrozoa,0.004067852,,Pennaria disticha.1,Animalia,Cnidaria,Hydrozoa,Anthoathecata,Pennariidae,Pennaria,Pennaria disticha
Alaria,Pabay_10_4_22_2,Pabay,10_4_2022,10,4,2022,reads,12291.5,no,0.028474962,,Lithodesmium undulatum,Chromista,Ochrophyta,Coscinodiscophyceae,Rhizosoleniales,Lithodesmiaceae,Lithodesmium,Lithodesmium undulatum
Alaria,Pabay_10_4_22_2,Pabay,10_4_2022,10,4,2022,reads,12291.5,no,0.374242363,,Ditylum brightwellii.3,Chromista,Ochrophyta,Coscinodiscophyceae,Rhizosoleniales,Lithodesmiaceae,Ditylum,Ditylum brightwellii
Alaria,Pabay_10_4_22_2,Pabay,10_4_2022,10,4,2022,reads,12291.5,no,0.801366798,,Lithodesmium undulatum.2,Chromista,Ochrophyta,Coscinodiscophyceae,Rhizosoleniales,Lithodesmiaceae,Lithodesmium,Lithodesmium undulatum
Alaria,Pabay_10_4_22_2,Pabay,10_4_2022,10,4,2022,reads,12291.5,no,0.06915348,,Ditylum brightwellii.6,Chromista,Ochrophyta,Coscinodiscophyceae,Rhizosoleniales,Lithodesmiaceae,Ditylum,Ditylum brightwellii
Alaria,Pabay_10_4_22_2,Pabay,10_4_2022,10,4,2022,reads,12291.5,no,0.020339259,,Cassiopea xamachana.4,Animalia,Cnidaria,Scyphozoa,Rhizostomeae,Cassiopeidae,Cassiopea,Cassiopea xamachana
Alaria,Pabay_10_4_22_2,Pabay,10_4_2022,10,4,2022,reads,12291.5,no,0.707806208,,Asplanchna sieboldii.2,Animalia,Rotifera,Eurotatoria,Ploima,Asplanchnidae,Asplanchna,Asplanchna sieboldii
Alaria,Pabay_10_4_22_2,Pabay,10_4_2022,10,4,2022,reads,12291.5,no,0.296953179,,Asplanchna sieboldii.3,Animalia,Rotifera,Eurotatoria,Ploima,Asplanchnidae,Asplanchna,Asplanchna sieboldii
Alaria,Pabay_10_4_22_2,Pabay,10_4_2022,10,4,2022,reads,12291.5,no,8.518081601,,invertebrate environmental sample,,,,,,,
Alaria,Pabay_10_4_22_2,Pabay,10_4_2022,10,4,2022,reads,12291.5,no,0.020339259,,invertebrate environmental sample.2,,,,,,,
Saccharina,Pabay_10_4_22_2,Pabay,10_4_2022,10,4,2022,reads,12291.5,no,0.028474962,,Lithodesmium undulatum,Chromista,Ochrophyta,Coscinodiscophyceae,Rhizosoleniales,Lithodesmiaceae,Lithodesmium,Lithodesmium undulatum
Saccharina,Pabay_10_4_22_2,Pabay,10_4_2022,10,4,2022,reads,12291.5,no,0.374242363,,Ditylum brightwellii.3,Chromista,Ochrophyta,Coscinodiscophyceae,Rhizosoleniales,Lithodesmiaceae,Ditylum,Ditylum brightwellii
Saccharina,Pabay_10_4_22_2,Pabay,10_4_2022,10,4,2022,reads,12291.5,no,0.801366798,,Lithodesmium undulatum.2,Chromista,Ochrophyta,Coscinodiscophyceae,Rhizosoleniales,Lithodesmiaceae,Lithodesmium,Lithodesmium undulatum
Saccharina,Pabay_10_4_22_2,Pabay,10_4_2022,10,4,2022,reads,12291.5,no,0.06915348,,Ditylum brightwellii.6,Chromista,Ochrophyta,Coscinodiscophyceae,Rhizosoleniales,Lithodesmiaceae,Ditylum,Ditylum brightwellii
Saccharina,Pabay_10_4_22_2,Pabay,10_4_2022,10,4,2022,reads,12291.5,no,0.020339259,,Cassiopea xamachana.4,Animalia,Cnidaria,Scyphozoa,Rhizostomeae,Cassiopeidae,Cassiopea,Cassiopea xamachana
Saccharina,Pabay_10_4_22_2,Pabay,10_4_2022,10,4,2022,reads,12291.5,no,0.707806208,,Asplanchna sieboldii.2,Animalia,Rotifera,Eurotatoria,Ploima,Asplanchnidae,Asplanchna,Asplanchna sieboldii
Saccharina,Pabay_10_4_22_2,Pabay,10_4_2022,10,4,2022,reads,12291.5,no,0.296953179,,Asplanchna sieboldii.3,Animalia,Rotifera,Eurotatoria,Ploima,Asplanchnidae,Asplanchna,Asplanchna sieboldii
Saccharina,Pabay_10_4_22_2,Pabay,10_4_2022,10,4,2022,reads,12291.5,no,8.518081601,,invertebrate environmental sample,,,,,,,
Saccharina,Pabay_10_4_22_2,Pabay,10_4_2022,10,4,2022,reads,12291.5,no,0.020339259,,invertebrate environmental sample.2,,,,,,,
Alaria,Pabay_10_4_22_3,Pabay,10_4_2022,10,4,2022,reads,93132,Balanidae,0.132070609,,Balanus crenatus,Animalia,Arthropoda,Hexanauplia,Balanomorpha,Balanidae,Balanus,Balanus crenatus
Alaria,Pabay_10_4_22_3,Pabay,10_4_2022,10,4,2022,reads,93132,Balanidae,0.12777563,,Balanus balanus,Animalia,Arthropoda,Hexanauplia,Balanomorpha,Balanidae,Balanus,Balanus balanus
Alaria,Pabay_10_4_22_3,Pabay,10_4_2022,10,4,2022,reads,93132,Balanidae,0.111669458,,Balanus crenatus.1,Animalia,Arthropoda,Hexanauplia,Balanomorpha,Balanidae,Balanus,Balanus crenatus
Saccharina,Pabay_10_4_22_3,Pabay,10_4_2022,10,4,2022,reads,93132,Balanidae,0.132070609,,Balanus crenatus,Animalia,Arthropoda,Hexanauplia,Balanomorpha,Balanidae,Balanus,Balanus crenatus
Saccharina,Pabay_10_4_22_3,Pabay,10_4_2022,10,4,2022,reads,93132,Balanidae,0.12777563,,Balanus balanus,Animalia,Arthropoda,Hexanauplia,Balanomorpha,Balanidae,Balanus,Balanus balanus
Saccharina,Pabay_10_4_22_3,Pabay,10_4_2022,10,4,2022,reads,93132,Balanidae,0.111669458,,Balanus crenatus.1,Animalia,Arthropoda,Hexanauplia,Balanomorpha,Balanidae,Balanus,Balanus crenatus
Alaria,Pabay_10_4_22_3,Pabay,10_4_2022,10,4,2022,reads,93132,Branchiopoda,26.98535412,,Evadne sp.,Animalia,Arthropoda,Branchiopoda,Onychopoda,Podonidae,Evadne,Evadne sp.
Saccharina,Pabay_10_4_22_3,Pabay,10_4_2022,10,4,2022,reads,93132,Branchiopoda,26.98535412,,Evadne sp.,Animalia,Arthropoda,Branchiopoda,Onychopoda,Podonidae,Evadne,Evadne sp.
Alaria,Pabay_10_4_22_3,Pabay,10_4_2022,10,4,2022,reads,93132,Bryozoa,0.126701885,,Celleporella hyalina,Animalia,Bryozoa,Gymnolaemata,Cheilostomatida,Hippothoidae,Celleporella,Celleporella hyalina
Saccharina,Pabay_10_4_22_3,Pabay,10_4_2022,10,4,2022,reads,93132,Bryozoa,0.126701885,,Celleporella hyalina,Animalia,Bryozoa,Gymnolaemata,Cheilostomatida,Hippothoidae,Celleporella,Celleporella hyalina
Alaria,Pabay_10_4_22_3,Pabay,10_4_2022,10,4,2022,reads,93132,Copepoda,0.094489542,,Temora sp.,Animalia,Arthropoda,Hexanauplia,Calanoida,Temoridae,Temora,Temora sp.
Alaria,Pabay_10_4_22_3,Pabay,10_4_2022,10,4,2022,reads,93132,Copepoda,0.150324271,,Peltidiidae sp. 10PROBE-19037,Animalia,Arthropoda,Hexanauplia,Harpacticoida,Peltidiidae,Peltidiidae,Peltidiidae sp. 10PROBE-19037
Alaria,Pabay_10_4_22_3,Pabay,10_4_2022,10,4,2022,reads,93132,Copepoda,0.035433578,,Temora sp..2,Animalia,Arthropoda,Hexanauplia,Calanoida,Temoridae,Temora,Temora sp.
Alaria,Pabay_10_4_22_3,Pabay,10_4_2022,10,4,2022,reads,93132,Copepoda,0.04939226,,Temora sp..4,Animalia,Arthropoda,Hexanauplia,Calanoida,Temoridae,Temora,Temora sp.
Saccharina,Pabay_10_4_22_3,Pabay,10_4_2022,10,4,2022,reads,93132,Copepoda,0.094489542,,Temora sp.,Animalia,Arthropoda,Hexanauplia,Calanoida,Temoridae,Temora,Temora sp.
Saccharina,Pabay_10_4_22_3,Pabay,10_4_2022,10,4,2022,reads,93132,Copepoda,0.150324271,,Peltidiidae sp. 10PROBE-19037,Animalia,Arthropoda,Hexanauplia,Harpacticoida,Peltidiidae,Peltidiidae,Peltidiidae sp. 10PROBE-19037
Saccharina,Pabay_10_4_22_3,Pabay,10_4_2022,10,4,2022,reads,93132,Copepoda,0.035433578,,Temora sp..2,Animalia,Arthropoda,Hexanauplia,Calanoida,Temoridae,Temora,Temora sp.
Saccharina,Pabay_10_4_22_3,Pabay,10_4_2022,10,4,2022,reads,93132,Copepoda,0.04939226,,Temora sp..4,Animalia,Arthropoda,Hexanauplia,Calanoida,Temoridae,Temora,Temora sp.
Alaria,Pabay_10_4_22_3,Pabay,10_4_2022,10,4,2022,reads,93132,Gastropoda,0.279173646,,Doto coronata,Animalia,Mollusca,Gastropoda,Nudibranchia,Dotidae,Doto,Doto coronata
Saccharina,Pabay_10_4_22_3,Pabay,10_4_2022,10,4,2022,reads,93132,Gastropoda,0.279173646,,Doto coronata,Animalia,Mollusca,Gastropoda,Nudibranchia,Dotidae,Doto,Doto coronata
Alaria,Pabay_10_4_22_3,Pabay,10_4_2022,10,4,2022,reads,93132,Hydrozoa,2.524374007,,Clytia sp. 2 AFC-2016,Animalia,Cnidaria,Hydrozoa,Leptothecata,Campanulariidae,Clytia,Clytia sp. 2 AFC-2016
Alaria,Pabay_10_4_22_3,Pabay,10_4_2022,10,4,2022,reads,93132,Hydrozoa,1.960657991,,Bougainvillia muscus,Animalia,Cnidaria,Hydrozoa,Anthoathecata,Bougainvilliidae,Bougainvillia,Bougainvillia muscus
Alaria,Pabay_10_4_22_3,Pabay,10_4_2022,10,4,2022,reads,93132,Hydrozoa,0.306017266,,Bougainvillia muscus.1,Animalia,Cnidaria,Hydrozoa,Anthoathecata,Bougainvilliidae,Bougainvillia,Bougainvillia muscus
Alaria,Pabay_10_4_22_3,Pabay,10_4_2022,10,4,2022,reads,93132,Hydrozoa,0.209380235,,Bougainvillia muscus.2,Animalia,Cnidaria,Hydrozoa,Anthoathecata,Bougainvilliidae,Bougainvillia,Bougainvillia muscus
Alaria,Pabay_10_4_22_3,Pabay,10_4_2022,10,4,2022,reads,93132,Hydrozoa,0.110595714,,Obelia bidentata.1,Animalia,Cnidaria,Hydrozoa,Leptothecata,Campanulariidae,Obelia,Obelia bidentata
Alaria,Pabay_10_4_22_3,Pabay,10_4_2022,10,4,2022,reads,93132,Hydrozoa,0.092342052,,Clytia sp. 2 AFC-2016.1,Animalia,Cnidaria,Hydrozoa,Leptothecata,Campanulariidae,Clytia,Clytia sp. 2 AFC-2016
Alaria,Pabay_10_4_22_3,Pabay,10_4_2022,10,4,2022,reads,93132,Hydrozoa,0.082678349,,Bougainvillia muscus.3,Animalia,Cnidaria,Hydrozoa,Anthoathecata,Bougainvilliidae,Bougainvillia,Bougainvillia muscus
Alaria,Pabay_10_4_22_3,Pabay,10_4_2022,10,4,2022,reads,93132,Hydrozoa,0.052613495,,Clytia sp. 1 SL-2013,Animalia,Cnidaria,Hydrozoa,Leptothecata,Campanulariidae,Clytia,Clytia sp. 1 SL-2013
Saccharina,Pabay_10_4_22_3,Pabay,10_4_2022,10,4,2022,reads,93132,Hydrozoa,2.524374007,,Clytia sp. 2 AFC-2016,Animalia,Cnidaria,Hydrozoa,Leptothecata,Campanulariidae,Clytia,Clytia sp. 2 AFC-2016
Saccharina,Pabay_10_4_22_3,Pabay,10_4_2022,10,4,2022,reads,93132,Hydrozoa,1.960657991,,Bougainvillia muscus,Animalia,Cnidaria,Hydrozoa,Anthoathecata,Bougainvilliidae,Bougainvillia,Bougainvillia muscus
Saccharina,Pabay_10_4_22_3,Pabay,10_4_2022,10,4,2022,reads,93132,Hydrozoa,0.306017266,,Bougainvillia muscus.1,Animalia,Cnidaria,Hydrozoa,Anthoathecata,Bougainvilliidae,Bougainvillia,Bougainvillia muscus
Saccharina,Pabay_10_4_22_3,Pabay,10_4_2022,10,4,2022,reads,93132,Hydrozoa,0.209380235,,Bougainvillia muscus.2,Animalia,Cnidaria,Hydrozoa,Anthoathecata,Bougainvilliidae,Bougainvillia,Bougainvillia muscus
Saccharina,Pabay_10_4_22_3,Pabay,10_4_2022,10,4,2022,reads,93132,Hydrozoa,0.110595714,,Obelia bidentata.1,Animalia,Cnidaria,Hydrozoa,Leptothecata,Campanulariidae,Obelia,Obelia bidentata
Saccharina,Pabay_10_4_22_3,Pabay,10_4_2022,10,4,2022,reads,93132,Hydrozoa,0.092342052,,Clytia sp. 2 AFC-2016.1,Animalia,Cnidaria,Hydrozoa,Leptothecata,Campanulariidae,Clytia,Clytia sp. 2 AFC-2016
Saccharina,Pabay_10_4_22_3,Pabay,10_4_2022,10,4,2022,reads,93132,Hydrozoa,0.082678349,,Bougainvillia muscus.3,Animalia,Cnidaria,Hydrozoa,Anthoathecata,Bougainvilliidae,Bougainvillia,Bougainvillia muscus
Saccharina,Pabay_10_4_22_3,Pabay,10_4_2022,10,4,2022,reads,93132,Hydrozoa,0.052613495,,Clytia sp. 1 SL-2013,Animalia,Cnidaria,Hydrozoa,Leptothecata,Campanulariidae,Clytia,Clytia sp. 1 SL-2013
Alaria,Pabay_10_4_22_3,Pabay,10_4_2022,10,4,2022,reads,93132,Malacostraca,8.468625177,,Jassa herdmani,Animalia,Arthropoda,Malacostraca,Amphipoda,Ischyroceridae,Jassa,Jassa herdmani
Alaria,Pabay_10_4_22_3,Pabay,10_4_2022,10,4,2022,reads,93132,Malacostraca,0.456341537,,Jassa herdmani.1,Animalia,Arthropoda,Malacostraca,Amphipoda,Ischyroceridae,Jassa,Jassa herdmani
Alaria,Pabay_10_4_22_3,Pabay,10_4_2022,10,4,2022,reads,93132,Malacostraca,0.192200318,,Jassa herdmani.2,Animalia,Arthropoda,Malacostraca,Amphipoda,Ischyroceridae,Jassa,Jassa herdmani
Alaria,Pabay_10_4_22_3,Pabay,10_4_2022,10,4,2022,reads,93132,Malacostraca,0.353262037,,Jassa herdmani.3,Animalia,Arthropoda,Malacostraca,Amphipoda,Ischyroceridae,Jassa,Jassa herdmani
Alaria,Pabay_10_4_22_3,Pabay,10_4_2022,10,4,2022,reads,93132,Malacostraca,0.140660568,,Jassa herdmani.4,Animalia,Arthropoda,Malacostraca,Amphipoda,Ischyroceridae,Jassa,Jassa herdmani
Alaria,Pabay_10_4_22_3,Pabay,10_4_2022,10,4,2022,reads,93132,Malacostraca,0.073014646,,Niphargus arbiter,Animalia,Arthropoda,Malacostraca,Amphipoda,Niphargidae,Niphargus,Niphargus arbiter
Saccharina,Pabay_10_4_22_3,Pabay,10_4_2022,10,4,2022,reads,93132,Malacostraca,8.468625177,,Jassa herdmani,Animalia,Arthropoda,Malacostraca,Amphipoda,Ischyroceridae,Jassa,Jassa herdmani
Saccharina,Pabay_10_4_22_3,Pabay,10_4_2022,10,4,2022,reads,93132,Malacostraca,0.456341537,,Jassa herdmani.1,Animalia,Arthropoda,Malacostraca,Amphipoda,Ischyroceridae,Jassa,Jassa herdmani
Saccharina,Pabay_10_4_22_3,Pabay,10_4_2022,10,4,2022,reads,93132,Malacostraca,0.192200318,,Jassa herdmani.2,Animalia,Arthropoda,Malacostraca,Amphipoda,Ischyroceridae,Jassa,Jassa herdmani
Saccharina,Pabay_10_4_22_3,Pabay,10_4_2022,10,4,2022,reads,93132,Malacostraca,0.353262037,,Jassa herdmani.3,Animalia,Arthropoda,Malacostraca,Amphipoda,Ischyroceridae,Jassa,Jassa herdmani
Saccharina,Pabay_10_4_22_3,Pabay,10_4_2022,10,4,2022,reads,93132,Malacostraca,0.140660568,,Jassa herdmani.4,Animalia,Arthropoda,Malacostraca,Amphipoda,Ischyroceridae,Jassa,Jassa herdmani
Saccharina,Pabay_10_4_22_3,Pabay,10_4_2022,10,4,2022,reads,93132,Malacostraca,0.073014646,,Niphargus arbiter,Animalia,Arthropoda,Malacostraca,Amphipoda,Niphargidae,Niphargus,Niphargus arbiter
Alaria,Pabay_10_4_22_3,Pabay,10_4_2022,10,4,2022,reads,93132,no,0.011811193,,Amicula sp. isolate GU52X-4 cfCalB7,Animalia,Mollusca,Polyplacophora,Lepidopleurida,Leptochitonidae,Amicula,Amicula sp. isolate GU52X-4 cfCalB7
Alaria,Pabay_10_4_22_3,Pabay,10_4_2022,10,4,2022,reads,93132,no,1.471030366,,Skeletonema menzelii,Chromista,Ochrophyta,Bacillariophyceae,Thalassiosirales,Skeletonemataceae,Skeletonema,Skeletonema menzelii
Alaria,Pabay_10_4_22_3,Pabay,10_4_2022,10,4,2022,reads,93132,no,0.134218099,,Durinskia baltica,Chromista,Myzozoa,Dinophyceae,Peridiniales,Peridinaceae,Durinskia,Durinskia baltica
Alaria,Pabay_10_4_22_3,Pabay,10_4_2022,10,4,2022,reads,93132,no,0.07838337,,Skeletonema potamos,Chromista,Ochrophyta,Bacillariophyceae,Thalassiosirales,Skeletonemataceae,Skeletonema,Skeletonema potamos
Alaria,Pabay_10_4_22_3,Pabay,10_4_2022,10,4,2022,reads,93132,no,0.070867156,,Skeletonema marinoi,Chromista,Ochrophyta,Bacillariophyceae,Thalassiosirales,Skeletonemataceae,Skeletonema,Skeletonema marinoi
Alaria,Pabay_10_4_22_3,Pabay,10_4_2022,10,4,2022,reads,93132,no,0.109521969,,Thalassiosira punctigera,Chromista,Ochrophyta,Bacillariophyceae,Thalassiosirales,Thalassiosiraceae,Thalassiosira,Thalassiosira punctigera
Alaria,Pabay_10_4_22_3,Pabay,10_4_2022,10,4,2022,reads,93132,no,0.135291844,,Stephanodiscus cf. minutulus,Chromista,Ochrophyta,Mediophyceae,Thalassiosirales,Stephanodiscaceae,Stephanodiscus,Stephanodiscus cf. minutulus
Alaria,Pabay_10_4_22_3,Pabay,10_4_2022,10,4,2022,reads,93132,no,0.123480651,,Guinardia delicatula.3,Chromista,Ochrophyta,Coscinodiscophyceae,Rhizosoleniales,Rhizosoleniaceae,Guinardia,Guinardia delicatula
Alaria,Pabay_10_4_22_3,Pabay,10_4_2022,10,4,2022,reads,93132,no,0.054760984,,Discostella sp. clade A (type II),Eukaryota,Ochrophyta,Bacillariophyceae,Thalassiosirales,Stephanodiscaceae,Discostella,Discostella sp. clade A (type II)
Alaria,Pabay_10_4_22_3,Pabay,10_4_2022,10,4,2022,reads,93132,no,0.047244771,,Chaetoceros socialis.1,Chromista,Ochrophyta,Mediophyceae,Chaetocerotales,Chaetocerotaceae,Chaetoceros,Chaetoceros socialis
Alaria,Pabay_10_4_22_3,Pabay,10_4_2022,10,4,2022,reads,93132,no,0.067645922,,Thalassionema nitzschioides,Chromista,Ochrophyta,Bacillariophyceae,Thalassionematales,Thalassionemataceae,Thalassionema,Thalassionema nitzschioides
Alaria,Pabay_10_4_22_3,Pabay,10_4_2022,10,4,2022,reads,93132,no,0.095563287,,Thalassionema nitzschioides.2,Chromista,Ochrophyta,Bacillariophyceae,Thalassionematales,Thalassionemataceae,Thalassionema,Thalassionema nitzschioides
Alaria,Pabay_10_4_22_3,Pabay,10_4_2022,10,4,2022,reads,93132,no,0.850405876,,Ditylum brightwellii.3,Chromista,Ochrophyta,Coscinodiscophyceae,Rhizosoleniales,Lithodesmiaceae,Ditylum,Ditylum brightwellii
Alaria,Pabay_10_4_22_3,Pabay,10_4_2022,10,4,2022,reads,93132,no,0.182536615,,Minutocellus polymorphus.9,Chromista,Ochrophyta,Coscinodiscophyceae,Coscinodiscales,Helminthophoraceae,Minutocellus,Minutocellus polymorphus
Alaria,Pabay_10_4_22_3,Pabay,10_4_2022,10,4,2022,reads,93132,no,0.25769875,,Minutocellus polymorphus.13,Chromista,Ochrophyta,Coscinodiscophyceae,Coscinodiscales,Helminthophoraceae,Minutocellus,Minutocellus polymorphus
Alaria,Pabay_10_4_22_3,Pabay,10_4_2022,10,4,2022,reads,93132,no,0.042949792,,Ditylum brightwellii.5,Chromista,Ochrophyta,Coscinodiscophyceae,Rhizosoleniales,Lithodesmiaceae,Ditylum,Ditylum brightwellii
Alaria,Pabay_10_4_22_3,Pabay,10_4_2022,10,4,2022,reads,93132,no,1.306747412,,Cassiopea xamachana,Animalia,Cnidaria,Scyphozoa,Rhizostomeae,Cassiopeidae,Cassiopea,Cassiopea xamachana
Alaria,Pabay_10_4_22_3,Pabay,10_4_2022,10,4,2022,reads,93132,no,0.540093631,,Aurelia sp. 11 sensu Dawson et al. (2005),,,,,,Aurelia,Aurelia sp. 11 sensu Dawson et al. (2005)
Alaria,Pabay_10_4_22_3,Pabay,10_4_2022,10,4,2022,reads,93132,no,0.094489542,,Cassiopea xamachana.2,Animalia,Cnidaria,Scyphozoa,Rhizostomeae,Cassiopeidae,Cassiopea,Cassiopea xamachana
Alaria,Pabay_10_4_22_3,Pabay,10_4_2022,10,4,2022,reads,93132,no,0.225486406,,Urodasys sp. 114a.4,Animalia,Gastrotricha,Macrodasyida,Macrodasyoidea,Urodasidae,Urodasys,Urodasys sp. 114a
Alaria,Pabay_10_4_22_3,Pabay,10_4_2022,10,4,2022,reads,93132,no,0.052613495,,Urodasys sp. 114a.7,Animalia,Gastrotricha,Macrodasyida,Macrodasyoidea,Urodasidae,Urodasys,Urodasys sp. 114a
Alaria,Pabay_10_4_22_3,Pabay,10_4_2022,10,4,2022,reads,93132,no,0.012884938,,Urodasys sp. 114a.18,Animalia,Gastrotricha,Macrodasyida,Macrodasyoidea,Urodasidae,Urodasys,Urodasys sp. 114a
Alaria,Pabay_10_4_22_3,Pabay,10_4_2022,10,4,2022,reads,93132,no,0.077309625,,Monostilifera sp.,Animalia,Nemertea,Anopla,Monostilifera,Monostylifera,Monostilifera,Monostilifera sp.
Alaria,Pabay_10_4_22_3,Pabay,10_4_2022,10,4,2022,reads,93132,no,0.380105656,,Euchlanis dilatata,Animalia,Rotifera,Eurotatoria,Ploima,Euchlanidae,Euchlanis,Euchlanis dilatata
Alaria,Pabay_10_4_22_3,Pabay,10_4_2022,10,4,2022,reads,93132,no,0.215822703,,Lepadella cf. quadricarinata AGROT318-10,Animalia,Rotifera,Eurotatoria,Ploima,Colurellidae,Lepadella,Lepadella cf. quadricarinata AGROT318-10
Alaria,Pabay_10_4_22_3,Pabay,10_4_2022,10,4,2022,reads,93132,no,0.07623588,,Asplanchna sieboldii.3,Animalia,Rotifera,Eurotatoria,Ploima,Asplanchnidae,Asplanchna,Asplanchna sieboldii
Alaria,Pabay_10_4_22_3,Pabay,10_4_2022,10,4,2022,reads,93132,no,0.659279302,,invertebrate environmental sample,,,,,,,
Alaria,Pabay_10_4_22_3,Pabay,10_4_2022,10,4,2022,reads,93132,no,0.038654813,,invertebrate environmental sample.9,,,,,,,
Saccharina,Pabay_10_4_22_3,Pabay,10_4_2022,10,4,2022,reads,93132,no,0.011811193,,Amicula sp. isolate GU52X-4 cfCalB7,Animalia,Mollusca,Polyplacophora,Lepidopleurida,Leptochitonidae,Amicula,Amicula sp. isolate GU52X-4 cfCalB7
Saccharina,Pabay_10_4_22_3,Pabay,10_4_2022,10,4,2022,reads,93132,no,1.471030366,,Skeletonema menzelii,Chromista,Ochrophyta,Bacillariophyceae,Thalassiosirales,Skeletonemataceae,Skeletonema,Skeletonema menzelii
Saccharina,Pabay_10_4_22_3,Pabay,10_4_2022,10,4,2022,reads,93132,no,0.134218099,,Durinskia baltica,Chromista,Myzozoa,Dinophyceae,Peridiniales,Peridinaceae,Durinskia,Durinskia baltica
Saccharina,Pabay_10_4_22_3,Pabay,10_4_2022,10,4,2022,reads,93132,no,0.07838337,,Skeletonema potamos,Chromista,Ochrophyta,Bacillariophyceae,Thalassiosirales,Skeletonemataceae,Skeletonema,Skeletonema potamos
Saccharina,Pabay_10_4_22_3,Pabay,10_4_2022,10,4,2022,reads,93132,no,0.070867156,,Skeletonema marinoi,Chromista,Ochrophyta,Bacillariophyceae,Thalassiosirales,Skeletonemataceae,Skeletonema,Skeletonema marinoi
Saccharina,Pabay_10_4_22_3,Pabay,10_4_2022,10,4,2022,reads,93132,no,0.109521969,,Thalassiosira punctigera,Chromista,Ochrophyta,Bacillariophyceae,Thalassiosirales,Thalassiosiraceae,Thalassiosira,Thalassiosira punctigera
Saccharina,Pabay_10_4_22_3,Pabay,10_4_2022,10,4,2022,reads,93132,no,0.135291844,,Stephanodiscus cf. minutulus,Chromista,Ochrophyta,Mediophyceae,Thalassiosirales,Stephanodiscaceae,Stephanodiscus,Stephanodiscus cf. minutulus
Saccharina,Pabay_10_4_22_3,Pabay,10_4_2022,10,4,2022,reads,93132,no,0.123480651,,Guinardia delicatula.3,Chromista,Ochrophyta,Coscinodiscophyceae,Rhizosoleniales,Rhizosoleniaceae,Guinardia,Guinardia delicatula
Saccharina,Pabay_10_4_22_3,Pabay,10_4_2022,10,4,2022,reads,93132,no,0.054760984,,Discostella sp. clade A (type II),Eukaryota,Ochrophyta,Bacillariophyceae,Thalassiosirales,Stephanodiscaceae,Discostella,Discostella sp. clade A (type II)
Saccharina,Pabay_10_4_22_3,Pabay,10_4_2022,10,4,2022,reads,93132,no,0.047244771,,Chaetoceros socialis.1,Chromista,Ochrophyta,Mediophyceae,Chaetocerotales,Chaetocerotaceae,Chaetoceros,Chaetoceros socialis
Saccharina,Pabay_10_4_22_3,Pabay,10_4_2022,10,4,2022,reads,93132,no,0.067645922,,Thalassionema nitzschioides,Chromista,Ochrophyta,Bacillariophyceae,Thalassionematales,Thalassionemataceae,Thalassionema,Thalassionema nitzschioides
Saccharina,Pabay_10_4_22_3,Pabay,10_4_2022,10,4,2022,reads,93132,no,0.095563287,,Thalassionema nitzschioides.2,Chromista,Ochrophyta,Bacillariophyceae,Thalassionematales,Thalassionemataceae,Thalassionema,Thalassionema nitzschioides
Saccharina,Pabay_10_4_22_3,Pabay,10_4_2022,10,4,2022,reads,93132,no,0.850405876,,Ditylum brightwellii.3,Chromista,Ochrophyta,Coscinodiscophyceae,Rhizosoleniales,Lithodesmiaceae,Ditylum,Ditylum brightwellii
Saccharina,Pabay_10_4_22_3,Pabay,10_4_2022,10,4,2022,reads,93132,no,0.182536615,,Minutocellus polymorphus.9,Chromista,Ochrophyta,Coscinodiscophyceae,Coscinodiscales,Helminthophoraceae,Minutocellus,Minutocellus polymorphus
Saccharina,Pabay_10_4_22_3,Pabay,10_4_2022,10,4,2022,reads,93132,no,0.25769875,,Minutocellus polymorphus.13,Chromista,Ochrophyta,Coscinodiscophyceae,Coscinodiscales,Helminthophoraceae,Minutocellus,Minutocellus polymorphus
Saccharina,Pabay_10_4_22_3,Pabay,10_4_2022,10,4,2022,reads,93132,no,0.042949792,,Ditylum brightwellii.5,Chromista,Ochrophyta,Coscinodiscophyceae,Rhizosoleniales,Lithodesmiaceae,Ditylum,Ditylum brightwellii
Saccharina,Pabay_10_4_22_3,Pabay,10_4_2022,10,4,2022,reads,93132,no,1.306747412,,Cassiopea xamachana,Animalia,Cnidaria,Scyphozoa,Rhizostomeae,Cassiopeidae,Cassiopea,Cassiopea xamachana
Saccharina,Pabay_10_4_22_3,Pabay,10_4_2022,10,4,2022,reads,93132,no,0.540093631,,Aurelia sp. 11 sensu Dawson et al. (2005),,,,,,Aurelia,Aurelia sp. 11 sensu Dawson et al. (2005)
Saccharina,Pabay_10_4_22_3,Pabay,10_4_2022,10,4,2022,reads,93132,no,0.094489542,,Cassiopea xamachana.2,Animalia,Cnidaria,Scyphozoa,Rhizostomeae,Cassiopeidae,Cassiopea,Cassiopea xamachana
Saccharina,Pabay_10_4_22_3,Pabay,10_4_2022,10,4,2022,reads,93132,no,0.225486406,,Urodasys sp. 114a.4,Animalia,Gastrotricha,Macrodasyida,Macrodasyoidea,Urodasidae,Urodasys,Urodasys sp. 114a
Saccharina,Pabay_10_4_22_3,Pabay,10_4_2022,10,4,2022,reads,93132,no,0.052613495,,Urodasys sp. 114a.7,Animalia,Gastrotricha,Macrodasyida,Macrodasyoidea,Urodasidae,Urodasys,Urodasys sp. 114a
Saccharina,Pabay_10_4_22_3,Pabay,10_4_2022,10,4,2022,reads,93132,no,0.012884938,,Urodasys sp. 114a.18,Animalia,Gastrotricha,Macrodasyida,Macrodasyoidea,Urodasidae,Urodasys,Urodasys sp. 114a
Saccharina,Pabay_10_4_22_3,Pabay,10_4_2022,10,4,2022,reads,93132,no,0.077309625,,Monostilifera sp.,Animalia,Nemertea,Anopla,Monostilifera,Monostylifera,Monostilifera,Monostilifera sp.
Saccharina,Pabay_10_4_22_3,Pabay,10_4_2022,10,4,2022,reads,93132,no,0.380105656,,Euchlanis dilatata,Animalia,Rotifera,Eurotatoria,Ploima,Euchlanidae,Euchlanis,Euchlanis dilatata
Saccharina,Pabay_10_4_22_3,Pabay,10_4_2022,10,4,2022,reads,93132,no,0.215822703,,Lepadella cf. quadricarinata AGROT318-10,Animalia,Rotifera,Eurotatoria,Ploima,Colurellidae,Lepadella,Lepadella cf. quadricarinata AGROT318-10
Saccharina,Pabay_10_4_22_3,Pabay,10_4_2022,10,4,2022,reads,93132,no,0.07623588,,Asplanchna sieboldii.3,Animalia,Rotifera,Eurotatoria,Ploima,Asplanchnidae,Asplanchna,Asplanchna sieboldii
Saccharina,Pabay_10_4_22_3,Pabay,10_4_2022,10,4,2022,reads,93132,no,0.659279302,,invertebrate environmental sample,,,,,,,
Saccharina,Pabay_10_4_22_3,Pabay,10_4_2022,10,4,2022,reads,93132,no,0.038654813,,invertebrate environmental sample.9,,,,,,,
Alaria,Pabay_13_11_21_1,Pabay,13_11_2021,13,11,2021,reads,3404,Hydrozoa,0.044065805,,Obelia bidentata.3,Animalia,Cnidaria,Hydrozoa,Leptothecata,Campanulariidae,Obelia,Obelia bidentata
Saccharina,Pabay_13_11_21_1,Pabay,13_11_2021,13,11,2021,reads,3404,Hydrozoa,0.044065805,,Obelia bidentata.3,Animalia,Cnidaria,Hydrozoa,Leptothecata,Campanulariidae,Obelia,Obelia bidentata
Alaria,Pabay_13_11_21_1,Pabay,13_11_2021,13,11,2021,reads,3404,no,2.688014101,,Skeletonema menzelii,Chromista,Ochrophyta,Bacillariophyceae,Thalassiosirales,Skeletonemataceae,Skeletonema,Skeletonema menzelii
Alaria,Pabay_13_11_21_1,Pabay,13_11_2021,13,11,2021,reads,3404,no,2.658636898,,Minutocellus polymorphus.7,Chromista,Ochrophyta,Coscinodiscophyceae,Coscinodiscales,Helminthophoraceae,Minutocellus,Minutocellus polymorphus
Alaria,Pabay_13_11_21_1,Pabay,13_11_2021,13,11,2021,reads,3404,no,1.145710928,,Minutocellus polymorphus.9,Chromista,Ochrophyta,Coscinodiscophyceae,Coscinodiscales,Helminthophoraceae,Minutocellus,Minutocellus polymorphus
Alaria,Pabay_13_11_21_1,Pabay,13_11_2021,13,11,2021,reads,3404,no,0.484723854,,Cassiopea xamachana,Animalia,Cnidaria,Scyphozoa,Rhizostomeae,Cassiopeidae,Cassiopea,Cassiopea xamachana
Alaria,Pabay_13_11_21_1,Pabay,13_11_2021,13,11,2021,reads,3404,no,0.102820212,,invertebrate environmental sample.2,,,,,,,
Saccharina,Pabay_13_11_21_1,Pabay,13_11_2021,13,11,2021,reads,3404,no,2.688014101,,Skeletonema menzelii,Chromista,Ochrophyta,Bacillariophyceae,Thalassiosirales,Skeletonemataceae,Skeletonema,Skeletonema menzelii
Saccharina,Pabay_13_11_21_1,Pabay,13_11_2021,13,11,2021,reads,3404,no,2.658636898,,Minutocellus polymorphus.7,Chromista,Ochrophyta,Coscinodiscophyceae,Coscinodiscales,Helminthophoraceae,Minutocellus,Minutocellus polymorphus
Saccharina,Pabay_13_11_21_1,Pabay,13_11_2021,13,11,2021,reads,3404,no,1.145710928,,Minutocellus polymorphus.9,Chromista,Ochrophyta,Coscinodiscophyceae,Coscinodiscales,Helminthophoraceae,Minutocellus,Minutocellus polymorphus
Saccharina,Pabay_13_11_21_1,Pabay,13_11_2021,13,11,2021,reads,3404,no,0.484723854,,Cassiopea xamachana,Animalia,Cnidaria,Scyphozoa,Rhizostomeae,Cassiopeidae,Cassiopea,Cassiopea xamachana
Saccharina,Pabay_13_11_21_1,Pabay,13_11_2021,13,11,2021,reads,3404,no,0.102820212,,invertebrate environmental sample.2,,,,,,,
Alaria,Pabay_13_11_21_2,Pabay ,13_11_2021,13,11,2021,reads,703,no,0.568990043,,Skeletonema menzelii,Chromista,Ochrophyta,Bacillariophyceae,Thalassiosirales,Skeletonemataceae,Skeletonema,Skeletonema menzelii
Alaria,Pabay_13_11_21_2,Pabay ,13_11_2021,13,11,2021,reads,703,no,1.635846373,,Minutocellus polymorphus.7,Chromista,Ochrophyta,Coscinodiscophyceae,Coscinodiscales,Helminthophoraceae,Minutocellus,Minutocellus polymorphus
Saccharina,Pabay_13_11_21_2,Pabay ,13_11_2021,13,11,2021,reads,703,no,0.568990043,,Skeletonema menzelii,Chromista,Ochrophyta,Bacillariophyceae,Thalassiosirales,Skeletonemataceae,Skeletonema,Skeletonema menzelii
Saccharina,Pabay_13_11_21_2,Pabay ,13_11_2021,13,11,2021,reads,703,no,1.635846373,,Minutocellus polymorphus.7,Chromista,Ochrophyta,Coscinodiscophyceae,Coscinodiscales,Helminthophoraceae,Minutocellus,Minutocellus polymorphus
Alaria,Pabay_13_11_21_3,Pabay,13_11_2021,13,11,2021,reads,48155.5,Bivalvia,0.133941087,,Mytilus edulis,Animalia,Mollusca,Bivalvia,Mytiloida,Mytilidae,Mytilus,Mytilus edulis
Saccharina,Pabay_13_11_21_3,Pabay,13_11_2021,13,11,2021,reads,48155.5,Bivalvia,0.133941087,,Mytilus edulis,Animalia,Mollusca,Bivalvia,Mytiloida,Mytilidae,Mytilus,Mytilus edulis
Alaria,Pabay_13_11_21_3,Pabay,13_11_2021,13,11,2021,reads,48155.5,Bryozoa,0.065413089,,Electra pilosa,Animalia,Bryozoa,Gymnolaemata,Cheilostomatida,Electridae,Electra,Electra pilosa
Saccharina,Pabay_13_11_21_3,Pabay,13_11_2021,13,11,2021,reads,48155.5,Bryozoa,0.065413089,,Electra pilosa,Animalia,Bryozoa,Gymnolaemata,Cheilostomatida,Electridae,Electra,Electra pilosa
Alaria,Pabay_13_11_21_3,Pabay,13_11_2021,13,11,2021,reads,48155.5,Copepoda,0.065413089,,Temora sp.,Animalia,Arthropoda,Hexanauplia,Calanoida,Temoridae,Temora,Temora sp.
Alaria,Pabay_13_11_21_3,Pabay,13_11_2021,13,11,2021,reads,48155.5,Copepoda,0.053991756,,Temora sp..3,Animalia,Arthropoda,Hexanauplia,Calanoida,Temoridae,Temora,Temora sp.
Alaria,Pabay_13_11_21_3,Pabay,13_11_2021,13,11,2021,reads,48155.5,Copepoda,0.026995878,,Harpacticus flexus,Animalia,Arthropoda,Hexanauplia,Harpacticoida,Harpacticidae,Harpacticus,Harpacticus flexus
Saccharina,Pabay_13_11_21_3,Pabay,13_11_2021,13,11,2021,reads,48155.5,Copepoda,0.065413089,,Temora sp.,Animalia,Arthropoda,Hexanauplia,Calanoida,Temoridae,Temora,Temora sp.
Saccharina,Pabay_13_11_21_3,Pabay,13_11_2021,13,11,2021,reads,48155.5,Copepoda,0.053991756,,Temora sp..3,Animalia,Arthropoda,Hexanauplia,Calanoida,Temoridae,Temora,Temora sp.
Saccharina,Pabay_13_11_21_3,Pabay,13_11_2021,13,11,2021,reads,48155.5,Copepoda,0.026995878,,Harpacticus flexus,Animalia,Arthropoda,Hexanauplia,Harpacticoida,Harpacticidae,Harpacticus,Harpacticus flexus
Alaria,Pabay_13_11_21_3,Pabay,13_11_2021,13,11,2021,reads,48155.5,Gastropoda,0.106945209,,Rissoa guernei,Animalia,Mollusca,Gastropoda,Littorinimorpha,Rissoidae,Rissoa,Rissoa guernei
Alaria,Pabay_13_11_21_3,Pabay,13_11_2021,13,11,2021,reads,48155.5,Gastropoda,0.079949331,,Rissoa guernei.1,Animalia,Mollusca,Gastropoda,Littorinimorpha,Rissoidae,Rissoa,Rissoa guernei
Alaria,Pabay_13_11_21_3,Pabay,13_11_2021,13,11,2021,reads,48155.5,Gastropoda,0.068527998,,Limapontia capitata,Animalia,Mollusca,Gastropoda,Sacoglossa,Limapontiidae,Limapontia,Limapontia capitata
Alaria,Pabay_13_11_21_3,Pabay,13_11_2021,13,11,2021,reads,48155.5,Gastropoda,0.029072484,,Peringia ulvae,Animalia,Mollusca,Gastropoda,Littorinimorpha,Hydrobiidae,Peringia,Peringia ulvae
Alaria,Pabay_13_11_21_3,Pabay,13_11_2021,13,11,2021,reads,48155.5,Gastropoda,0.026995878,,Stenophysa marmorata,Animalia,Mollusca,Gastropoda,Hygrophila,Physidae,Stenophysa,Stenophysa marmorata
Saccharina,Pabay_13_11_21_3,Pabay,13_11_2021,13,11,2021,reads,48155.5,Gastropoda,0.106945209,,Rissoa guernei,Animalia,Mollusca,Gastropoda,Littorinimorpha,Rissoidae,Rissoa,Rissoa guernei
Saccharina,Pabay_13_11_21_3,Pabay,13_11_2021,13,11,2021,reads,48155.5,Gastropoda,0.079949331,,Rissoa guernei.1,Animalia,Mollusca,Gastropoda,Littorinimorpha,Rissoidae,Rissoa,Rissoa guernei
Saccharina,Pabay_13_11_21_3,Pabay,13_11_2021,13,11,2021,reads,48155.5,Gastropoda,0.068527998,,Limapontia capitata,Animalia,Mollusca,Gastropoda,Sacoglossa,Limapontiidae,Limapontia,Limapontia capitata
Saccharina,Pabay_13_11_21_3,Pabay,13_11_2021,13,11,2021,reads,48155.5,Gastropoda,0.029072484,,Peringia ulvae,Animalia,Mollusca,Gastropoda,Littorinimorpha,Hydrobiidae,Peringia,Peringia ulvae
Saccharina,Pabay_13_11_21_3,Pabay,13_11_2021,13,11,2021,reads,48155.5,Gastropoda,0.026995878,,Stenophysa marmorata,Animalia,Mollusca,Gastropoda,Hygrophila,Physidae,Stenophysa,Stenophysa marmorata
Alaria,Pabay_13_11_21_3,Pabay,13_11_2021,13,11,2021,reads,48155.5,Hydrozoa,0.31875902,,Aequorea sp. USNM IZ 1448486,Animalia,Cnidaria,Hydrozoa,Leptothecata,Aequoreidae,Aequorea,Aequorea sp. USNM IZ 1448486
Alaria,Pabay_13_11_21_3,Pabay,13_11_2021,13,11,2021,reads,48155.5,Hydrozoa,0.033225696,,Garveia annulata.1,Animalia,Cnidaria,Hydrozoa,Anthoathecata,Bougainvilliidae,Garveia,Garveia annulata
Alaria,Pabay_13_11_21_3,Pabay,13_11_2021,13,11,2021,reads,48155.5,Hydrozoa,0.046723635,,Siphonophorae sp. NHM_339.1,Animalia,Cnidaria,Hydrozoa,Siphonophorae,Siphonophorae,Siphonophorae,Siphonophorae sp. NHM 339
Alaria,Pabay_13_11_21_3,Pabay,13_11_2021,13,11,2021,reads,48155.5,Hydrozoa,0.025957575,,Coryne pintneri,Animalia,Cnidaria,Hydrozoa,Anthoathecata,Corynidae,Coryne,Coryne pintneri
Alaria,Pabay_13_11_21_3,Pabay,13_11_2021,13,11,2021,reads,48155.5,Hydrozoa,0.022842666,,Apolemia sp..1,Animalia,Cnidaria,Hydrozoa,Siphonophorae,Apolemiidae,Apolemia,Apolemia sp.
Alaria,Pabay_13_11_21_3,Pabay,13_11_2021,13,11,2021,reads,48155.5,Hydrozoa,0.008306424,,Liriope tetraphylla,Animalia,Cnidaria,Hydrozoa,Leptothecata,Geryoniidae,Liriope,Liriope tetraphylla
Saccharina,Pabay_13_11_21_3,Pabay,13_11_2021,13,11,2021,reads,48155.5,Hydrozoa,0.31875902,,Aequorea sp. USNM IZ 1448486,Animalia,Cnidaria,Hydrozoa,Leptothecata,Aequoreidae,Aequorea,Aequorea sp. USNM IZ 1448486
Saccharina,Pabay_13_11_21_3,Pabay,13_11_2021,13,11,2021,reads,48155.5,Hydrozoa,0.033225696,,Garveia annulata.1,Animalia,Cnidaria,Hydrozoa,Anthoathecata,Bougainvilliidae,Garveia,Garveia annulata
Saccharina,Pabay_13_11_21_3,Pabay,13_11_2021,13,11,2021,reads,48155.5,Hydrozoa,0.046723635,,Siphonophorae sp. NHM_339.1,Animalia,Cnidaria,Hydrozoa,Siphonophorae,Siphonophorae,Siphonophorae,Siphonophorae sp. NHM 339
Saccharina,Pabay_13_11_21_3,Pabay,13_11_2021,13,11,2021,reads,48155.5,Hydrozoa,0.025957575,,Coryne pintneri,Animalia,Cnidaria,Hydrozoa,Anthoathecata,Corynidae,Coryne,Coryne pintneri
Saccharina,Pabay_13_11_21_3,Pabay,13_11_2021,13,11,2021,reads,48155.5,Hydrozoa,0.022842666,,Apolemia sp..1,Animalia,Cnidaria,Hydrozoa,Siphonophorae,Apolemiidae,Apolemia,Apolemia sp.
Saccharina,Pabay_13_11_21_3,Pabay,13_11_2021,13,11,2021,reads,48155.5,Hydrozoa,0.008306424,,Liriope tetraphylla,Animalia,Cnidaria,Hydrozoa,Leptothecata,Geryoniidae,Liriope,Liriope tetraphylla
Alaria,Pabay_13_11_21_3,Pabay,13_11_2021,13,11,2021,reads,48155.5,no,0.015574545,,Minutocellus polymorphus.1,Chromista,Ochrophyta,Coscinodiscophyceae,Coscinodiscales,Helminthophoraceae,Minutocellus,Minutocellus polymorphus
Alaria,Pabay_13_11_21_3,Pabay,13_11_2021,13,11,2021,reads,48155.5,no,0.064374786,,Emiliania huxleyi,Chromista,Haptophyta,Coccolithophyceae,Isochrysidales,Noelaerhabdaceae,Emiliania,Emiliania huxleyi
Alaria,Pabay_13_11_21_3,Pabay,13_11_2021,13,11,2021,reads,48155.5,no,3.994351632,,Skeletonema menzelii,Chromista,Ochrophyta,Bacillariophyceae,Thalassiosirales,Skeletonemataceae,Skeletonema,Skeletonema menzelii
Alaria,Pabay_13_11_21_3,Pabay,13_11_2021,13,11,2021,reads,48155.5,no,0.08306424,,Chaetoceros tenuissimus,Chromista,Ochrophyta,Mediophyceae,Chaetocerotales,Chaetocerotaceae,Chaetoceros,Chaetoceros tenuissimus
Alaria,Pabay_13_11_21_3,Pabay,13_11_2021,13,11,2021,reads,48155.5,no,0.016612848,,Guillardia theta,Chromista,Cryptophyta,Cryptophyceae,Pyrenomonadales,Geminigeraceae,Guillardia,Guillardia theta
Alaria,Pabay_13_11_21_3,Pabay,13_11_2021,13,11,2021,reads,48155.5,no,0.022842666,,Skeletonema potamos,Chromista,Ochrophyta,Bacillariophyceae,Thalassiosirales,Skeletonemataceae,Skeletonema,Skeletonema potamos
Alaria,Pabay_13_11_21_3,Pabay,13_11_2021,13,11,2021,reads,48155.5,no,0.04153212,,Thalassiosira punctigera,Chromista,Ochrophyta,Bacillariophyceae,Thalassiosirales,Thalassiosiraceae,Thalassiosira,Thalassiosira punctigera
Alaria,Pabay_13_11_21_3,Pabay,13_11_2021,13,11,2021,reads,48155.5,no,0.149515632,,Podosira stelligera,Chromista,Ochrophyta,Mediophyceae,Thalassiosirales,Thalassiosiraceae,Podosira,Podosira stelligera
Alaria,Pabay_13_11_21_3,Pabay,13_11_2021,13,11,2021,reads,48155.5,no,0.128749572,,Skeletonema menzelii.1,Chromista,Ochrophyta,Bacillariophyceae,Thalassiosirales,Skeletonemataceae,Skeletonema,Skeletonema menzelii
Alaria,Pabay_13_11_21_3,Pabay,13_11_2021,13,11,2021,reads,48155.5,no,0.064374786,,Thalassiosira nordenskioeldii,Chromista,Ochrophyta,Bacillariophyceae,Thalassiosirales,Thalassiosiraceae,Thalassiosira,Thalassiosira nordenskioeldii
Alaria,Pabay_13_11_21_3,Pabay,13_11_2021,13,11,2021,reads,48155.5,no,0.029072484,,Guinardia delicatula.6,Chromista,Ochrophyta,Coscinodiscophyceae,Rhizosoleniales,Rhizosoleniaceae,Guinardia,Guinardia delicatula
Alaria,Pabay_13_11_21_3,Pabay,13_11_2021,13,11,2021,reads,48155.5,no,0.007268121,,Thalassiosira nordenskioeldii.1,Chromista,Ochrophyta,Bacillariophyceae,Thalassiosirales,Thalassiosiraceae,Thalassiosira,Thalassiosira nordenskioeldii
Alaria,Pabay_13_11_21_3,Pabay,13_11_2021,13,11,2021,reads,48155.5,no,0.021804363,,Schizostauron trachyderma,Chromista,Ochrophyta,Bacillariophyceae,Mastogloiales,Achnanthidiaceae,Schizostauron,Schizostauron trachyderma
Alaria,Pabay_13_11_21_3,Pabay,13_11_2021,13,11,2021,reads,48155.5,no,0.042570423,,Thalassionema nitzschioides,Chromista,Ochrophyta,Bacillariophyceae,Thalassionematales,Thalassionemataceae,Thalassionema,Thalassionema nitzschioides
Alaria,Pabay_13_11_21_3,Pabay,13_11_2021,13,11,2021,reads,48155.5,no,0.019727757,,Thalassionema nitzschioides.2,Chromista,Ochrophyta,Bacillariophyceae,Thalassionematales,Thalassionemataceae,Thalassionema,Thalassionema nitzschioides
Alaria,Pabay_13_11_21_3,Pabay,13_11_2021,13,11,2021,reads,48155.5,no,7.302384982,,Minutocellus polymorphus.7,Chromista,Ochrophyta,Coscinodiscophyceae,Coscinodiscales,Helminthophoraceae,Minutocellus,Minutocellus polymorphus
Alaria,Pabay_13_11_21_3,Pabay,13_11_2021,13,11,2021,reads,48155.5,no,0.642709556,,Minutocellus polymorphus.8,Chromista,Ochrophyta,Coscinodiscophyceae,Coscinodiscales,Helminthophoraceae,Minutocellus,Minutocellus polymorphus
Alaria,Pabay_13_11_21_3,Pabay,13_11_2021,13,11,2021,reads,48155.5,no,0.575219861,,Minutocellus polymorphus.9,Chromista,Ochrophyta,Coscinodiscophyceae,Coscinodiscales,Helminthophoraceae,Minutocellus,Minutocellus polymorphus
Alaria,Pabay_13_11_21_3,Pabay,13_11_2021,13,11,2021,reads,48155.5,no,0.204545691,,Minutocellus polymorphus.10,Chromista,Ochrophyta,Coscinodiscophyceae,Coscinodiscales,Helminthophoraceae,Minutocellus,Minutocellus polymorphus
Alaria,Pabay_13_11_21_3,Pabay,13_11_2021,13,11,2021,reads,48155.5,no,0.127711269,,Minutocellus polymorphus.16,Chromista,Ochrophyta,Coscinodiscophyceae,Coscinodiscales,Helminthophoraceae,Minutocellus,Minutocellus polymorphus
Alaria,Pabay_13_11_21_3,Pabay,13_11_2021,13,11,2021,reads,48155.5,no,0.122519754,,Minutocellus polymorphus.17,Chromista,Ochrophyta,Coscinodiscophyceae,Coscinodiscales,Helminthophoraceae,Minutocellus,Minutocellus polymorphus
Alaria,Pabay_13_11_21_3,Pabay,13_11_2021,13,11,2021,reads,48155.5,no,0.098638785,,Minutocellus polymorphus.18,Chromista,Ochrophyta,Coscinodiscophyceae,Coscinodiscales,Helminthophoraceae,Minutocellus,Minutocellus polymorphus
Alaria,Pabay_13_11_21_3,Pabay,13_11_2021,13,11,2021,reads,48155.5,no,0.206622297,,Cassiopea xamachana,Animalia,Cnidaria,Scyphozoa,Rhizostomeae,Cassiopeidae,Cassiopea,Cassiopea xamachana
Alaria,Pabay_13_11_21_3,Pabay,13_11_2021,13,11,2021,reads,48155.5,no,0.089294058,,Asterias rubens,Animalia,Echinodermata,Asteroidea,Forcipulatida,Asteriidae,Asterias,Asterias rubens
Alaria,Pabay_13_11_21_3,Pabay,13_11_2021,13,11,2021,reads,48155.5,no,0.045685332,,Asterias rubens.1,Animalia,Echinodermata,Asteroidea,Forcipulatida,Asteriidae,Asterias,Asterias rubens
Alaria,Pabay_13_11_21_3,Pabay,13_11_2021,13,11,2021,reads,48155.5,no,0.156783753,,Temnopleurus toreumaticus,Animalia,Echinodermata,Echinoidea,Camarodonta,Temnopleuridae,Temnopleurus,Temnopleurus toreumaticus
Alaria,Pabay_13_11_21_3,Pabay,13_11_2021,13,11,2021,reads,48155.5,no,0.191047752,,Urodasys sp. 114a.2,Animalia,Gastrotricha,Macrodasyida,Macrodasyoidea,Urodasidae,Urodasys,Urodasys sp. 114a
Alaria,Pabay_13_11_21_3,Pabay,13_11_2021,13,11,2021,reads,48155.5,no,0.050876847,,Urodasys sp. 114a.3,Animalia,Gastrotricha,Macrodasyida,Macrodasyoidea,Urodasidae,Urodasys,Urodasys sp. 114a
Alaria,Pabay_13_11_21_3,Pabay,13_11_2021,13,11,2021,reads,48155.5,no,0.143285814,,Chaetonotus aff. gelidus MK-2019,Animalia,Gastrotricha,Chaetonotida,Chaetonotoidea,Chaetonotidae,Chaetonotus,Chaetonotus aff. gelidus MK-2019
Alaria,Pabay_13_11_21_3,Pabay,13_11_2021,13,11,2021,reads,48155.5,no,0.017651151,,Urodasys sp. 114a.13,Animalia,Gastrotricha,Macrodasyida,Macrodasyoidea,Urodasidae,Urodasys,Urodasys sp. 114a
Alaria,Pabay_13_11_21_3,Pabay,13_11_2021,13,11,2021,reads,48155.5,no,0.060221574,,Mytilus edulis complex sp. DC-2011,,,,,,Mytilus,Mytilus edulis complex sp. DC-2011
Alaria,Pabay_13_11_21_3,Pabay,13_11_2021,13,11,2021,reads,48155.5,no,0.693586402,,Monostilifera sp.,Animalia,Nemertea,Anopla,Monostilifera,Monostylifera,Monostilifera,Monostilifera sp.
Alaria,Pabay_13_11_21_3,Pabay,13_11_2021,13,11,2021,reads,48155.5,no,0.070604604,,Monostilifera sp..1,Animalia,Nemertea,Anopla,Monostilifera,Monostylifera,Monostilifera,Monostilifera sp.
Alaria,Pabay_13_11_21_3,Pabay,13_11_2021,13,11,2021,reads,48155.5,no,0.032187393,,Corvomeyenia everetti,Animalia,Porifera,Demospongiae,Spongillida,Spongillidae,Corvomeyenia,Corvomeyenia everetti
Alaria,Pabay_13_11_21_3,Pabay,13_11_2021,13,11,2021,reads,48155.5,no,1.527343709,,Monogononta sp. R35_CoastL,,,,,,Monogononta,Monogononta sp. R35 CoastL
Alaria,Pabay_13_11_21_3,Pabay,13_11_2021,13,11,2021,reads,48155.5,no,0.059183271,,Asplanchna sieboldii.2,Animalia,Rotifera,Eurotatoria,Ploima,Asplanchnidae,Asplanchna,Asplanchna sieboldii
Alaria,Pabay_13_11_21_3,Pabay,13_11_2021,13,11,2021,reads,48155.5,no,1.152516327,,invertebrate environmental sample.2,,,,,,,
Alaria,Pabay_13_11_21_3,Pabay,13_11_2021,13,11,2021,reads,48155.5,no,0.064374786,,invertebrate environmental sample.4,,,,,,,
Alaria,Pabay_13_11_21_3,Pabay,13_11_2021,13,11,2021,reads,48155.5,no,0.025957575,,invertebrate environmental sample.14,,,,,,,
Alaria,Pabay_13_11_21_3,Pabay,13_11_2021,13,11,2021,reads,48155.5,no,0.012459636,,invertebrate environmental sample.20,,,,,,,
Alaria,Pabay_13_11_21_3,Pabay,13_11_2021,13,11,2021,reads,48155.5,no,0.01038303,,invertebrate environmental sample.23,,,,,,,
Alaria,Pabay_13_11_21_3,Pabay,13_11_2021,13,11,2021,reads,48155.5,no,0.007268121,,invertebrate environmental sample.27,,,,,,,
Alaria,Pabay_13_11_21_3,Pabay,13_11_2021,13,11,2021,reads,48155.5,no,0.025957575,,Fujientomon dicestum,Animalia,Arthropoda,Protura,Acerentomata,Fujientomidae,Fujientomon,Fujientomon dicestum
Saccharina,Pabay_13_11_21_3,Pabay,13_11_2021,13,11,2021,reads,48155.5,no,0.015574545,,Minutocellus polymorphus.1,Chromista,Ochrophyta,Coscinodiscophyceae,Coscinodiscales,Helminthophoraceae,Minutocellus,Minutocellus polymorphus
Saccharina,Pabay_13_11_21_3,Pabay,13_11_2021,13,11,2021,reads,48155.5,no,0.064374786,,Emiliania huxleyi,Chromista,Haptophyta,Coccolithophyceae,Isochrysidales,Noelaerhabdaceae,Emiliania,Emiliania huxleyi
Saccharina,Pabay_13_11_21_3,Pabay,13_11_2021,13,11,2021,reads,48155.5,no,3.994351632,,Skeletonema menzelii,Chromista,Ochrophyta,Bacillariophyceae,Thalassiosirales,Skeletonemataceae,Skeletonema,Skeletonema menzelii
Saccharina,Pabay_13_11_21_3,Pabay,13_11_2021,13,11,2021,reads,48155.5,no,0.08306424,,Chaetoceros tenuissimus,Chromista,Ochrophyta,Mediophyceae,Chaetocerotales,Chaetocerotaceae,Chaetoceros,Chaetoceros tenuissimus
Saccharina,Pabay_13_11_21_3,Pabay,13_11_2021,13,11,2021,reads,48155.5,no,0.016612848,,Guillardia theta,Chromista,Cryptophyta,Cryptophyceae,Pyrenomonadales,Geminigeraceae,Guillardia,Guillardia theta
Saccharina,Pabay_13_11_21_3,Pabay,13_11_2021,13,11,2021,reads,48155.5,no,0.022842666,,Skeletonema potamos,Chromista,Ochrophyta,Bacillariophyceae,Thalassiosirales,Skeletonemataceae,Skeletonema,Skeletonema potamos
Saccharina,Pabay_13_11_21_3,Pabay,13_11_2021,13,11,2021,reads,48155.5,no,0.04153212,,Thalassiosira punctigera,Chromista,Ochrophyta,Bacillariophyceae,Thalassiosirales,Thalassiosiraceae,Thalassiosira,Thalassiosira punctigera
Saccharina,Pabay_13_11_21_3,Pabay,13_11_2021,13,11,2021,reads,48155.5,no,0.149515632,,Podosira stelligera,Chromista,Ochrophyta,Mediophyceae,Thalassiosirales,Thalassiosiraceae,Podosira,Podosira stelligera
Saccharina,Pabay_13_11_21_3,Pabay,13_11_2021,13,11,2021,reads,48155.5,no,0.128749572,,Skeletonema menzelii.1,Chromista,Ochrophyta,Bacillariophyceae,Thalassiosirales,Skeletonemataceae,Skeletonema,Skeletonema menzelii
Saccharina,Pabay_13_11_21_3,Pabay,13_11_2021,13,11,2021,reads,48155.5,no,0.064374786,,Thalassiosira nordenskioeldii,Chromista,Ochrophyta,Bacillariophyceae,Thalassiosirales,Thalassiosiraceae,Thalassiosira,Thalassiosira nordenskioeldii
Saccharina,Pabay_13_11_21_3,Pabay,13_11_2021,13,11,2021,reads,48155.5,no,0.029072484,,Guinardia delicatula.6,Chromista,Ochrophyta,Coscinodiscophyceae,Rhizosoleniales,Rhizosoleniaceae,Guinardia,Guinardia delicatula
Saccharina,Pabay_13_11_21_3,Pabay,13_11_2021,13,11,2021,reads,48155.5,no,0.007268121,,Thalassiosira nordenskioeldii.1,Chromista,Ochrophyta,Bacillariophyceae,Thalassiosirales,Thalassiosiraceae,Thalassiosira,Thalassiosira nordenskioeldii
Saccharina,Pabay_13_11_21_3,Pabay,13_11_2021,13,11,2021,reads,48155.5,no,0.021804363,,Schizostauron trachyderma,Chromista,Ochrophyta,Bacillariophyceae,Mastogloiales,Achnanthidiaceae,Schizostauron,Schizostauron trachyderma
Saccharina,Pabay_13_11_21_3,Pabay,13_11_2021,13,11,2021,reads,48155.5,no,0.042570423,,Thalassionema nitzschioides,Chromista,Ochrophyta,Bacillariophyceae,Thalassionematales,Thalassionemataceae,Thalassionema,Thalassionema nitzschioides
Saccharina,Pabay_13_11_21_3,Pabay,13_11_2021,13,11,2021,reads,48155.5,no,0.019727757,,Thalassionema nitzschioides.2,Chromista,Ochrophyta,Bacillariophyceae,Thalassionematales,Thalassionemataceae,Thalassionema,Thalassionema nitzschioides
Saccharina,Pabay_13_11_21_3,Pabay,13_11_2021,13,11,2021,reads,48155.5,no,7.302384982,,Minutocellus polymorphus.7,Chromista,Ochrophyta,Coscinodiscophyceae,Coscinodiscales,Helminthophoraceae,Minutocellus,Minutocellus polymorphus
Saccharina,Pabay_13_11_21_3,Pabay,13_11_2021,13,11,2021,reads,48155.5,no,0.642709556,,Minutocellus polymorphus.8,Chromista,Ochrophyta,Coscinodiscophyceae,Coscinodiscales,Helminthophoraceae,Minutocellus,Minutocellus polymorphus
Saccharina,Pabay_13_11_21_3,Pabay,13_11_2021,13,11,2021,reads,48155.5,no,0.575219861,,Minutocellus polymorphus.9,Chromista,Ochrophyta,Coscinodiscophyceae,Coscinodiscales,Helminthophoraceae,Minutocellus,Minutocellus polymorphus
Saccharina,Pabay_13_11_21_3,Pabay,13_11_2021,13,11,2021,reads,48155.5,no,0.204545691,,Minutocellus polymorphus.10,Chromista,Ochrophyta,Coscinodiscophyceae,Coscinodiscales,Helminthophoraceae,Minutocellus,Minutocellus polymorphus
Saccharina,Pabay_13_11_21_3,Pabay,13_11_2021,13,11,2021,reads,48155.5,no,0.127711269,,Minutocellus polymorphus.16,Chromista,Ochrophyta,Coscinodiscophyceae,Coscinodiscales,Helminthophoraceae,Minutocellus,Minutocellus polymorphus
Saccharina,Pabay_13_11_21_3,Pabay,13_11_2021,13,11,2021,reads,48155.5,no,0.122519754,,Minutocellus polymorphus.17,Chromista,Ochrophyta,Coscinodiscophyceae,Coscinodiscales,Helminthophoraceae,Minutocellus,Minutocellus polymorphus
Saccharina,Pabay_13_11_21_3,Pabay,13_11_2021,13,11,2021,reads,48155.5,no,0.098638785,,Minutocellus polymorphus.18,Chromista,Ochrophyta,Coscinodiscophyceae,Coscinodiscales,Helminthophoraceae,Minutocellus,Minutocellus polymorphus
Saccharina,Pabay_13_11_21_3,Pabay,13_11_2021,13,11,2021,reads,48155.5,no,0.206622297,,Cassiopea xamachana,Animalia,Cnidaria,Scyphozoa,Rhizostomeae,Cassiopeidae,Cassiopea,Cassiopea xamachana
Saccharina,Pabay_13_11_21_3,Pabay,13_11_2021,13,11,2021,reads,48155.5,no,0.089294058,,Asterias rubens,Animalia,Echinodermata,Asteroidea,Forcipulatida,Asteriidae,Asterias,Asterias rubens
Saccharina,Pabay_13_11_21_3,Pabay,13_11_2021,13,11,2021,reads,48155.5,no,0.045685332,,Asterias rubens.1,Animalia,Echinodermata,Asteroidea,Forcipulatida,Asteriidae,Asterias,Asterias rubens
Saccharina,Pabay_13_11_21_3,Pabay,13_11_2021,13,11,2021,reads,48155.5,no,0.156783753,,Temnopleurus toreumaticus,Animalia,Echinodermata,Echinoidea,Camarodonta,Temnopleuridae,Temnopleurus,Temnopleurus toreumaticus
Saccharina,Pabay_13_11_21_3,Pabay,13_11_2021,13,11,2021,reads,48155.5,no,0.191047752,,Urodasys sp. 114a.2,Animalia,Gastrotricha,Macrodasyida,Macrodasyoidea,Urodasidae,Urodasys,Urodasys sp. 114a
Saccharina,Pabay_13_11_21_3,Pabay,13_11_2021,13,11,2021,reads,48155.5,no,0.050876847,,Urodasys sp. 114a.3,Animalia,Gastrotricha,Macrodasyida,Macrodasyoidea,Urodasidae,Urodasys,Urodasys sp. 114a
Saccharina,Pabay_13_11_21_3,Pabay,13_11_2021,13,11,2021,reads,48155.5,no,0.143285814,,Chaetonotus aff. gelidus MK-2019,Animalia,Gastrotricha,Chaetonotida,Chaetonotoidea,Chaetonotidae,Chaetonotus,Chaetonotus aff. gelidus MK-2019
Saccharina,Pabay_13_11_21_3,Pabay,13_11_2021,13,11,2021,reads,48155.5,no,0.017651151,,Urodasys sp. 114a.13,Animalia,Gastrotricha,Macrodasyida,Macrodasyoidea,Urodasidae,Urodasys,Urodasys sp. 114a
Saccharina,Pabay_13_11_21_3,Pabay,13_11_2021,13,11,2021,reads,48155.5,no,0.060221574,,Mytilus edulis complex sp. DC-2011,,,,,,Mytilus,Mytilus edulis complex sp. DC-2011
Saccharina,Pabay_13_11_21_3,Pabay,13_11_2021,13,11,2021,reads,48155.5,no,0.693586402,,Monostilifera sp.,Animalia,Nemertea,Anopla,Monostilifera,Monostylifera,Monostilifera,Monostilifera sp.
Saccharina,Pabay_13_11_21_3,Pabay,13_11_2021,13,11,2021,reads,48155.5,no,0.070604604,,Monostilifera sp..1,Animalia,Nemertea,Anopla,Monostilifera,Monostylifera,Monostilifera,Monostilifera sp.
Saccharina,Pabay_13_11_21_3,Pabay,13_11_2021,13,11,2021,reads,48155.5,no,0.032187393,,Corvomeyenia everetti,Animalia,Porifera,Demospongiae,Spongillida,Spongillidae,Corvomeyenia,Corvomeyenia everetti
Saccharina,Pabay_13_11_21_3,Pabay,13_11_2021,13,11,2021,reads,48155.5,no,1.527343709,,Monogononta sp. R35_CoastL,,,,,,Monogononta,Monogononta sp. R35 CoastL
Saccharina,Pabay_13_11_21_3,Pabay,13_11_2021,13,11,2021,reads,48155.5,no,0.059183271,,Asplanchna sieboldii.2,Animalia,Rotifera,Eurotatoria,Ploima,Asplanchnidae,Asplanchna,Asplanchna sieboldii
Saccharina,Pabay_13_11_21_3,Pabay,13_11_2021,13,11,2021,reads,48155.5,no,1.152516327,,invertebrate environmental sample.2,,,,,,,
Saccharina,Pabay_13_11_21_3,Pabay,13_11_2021,13,11,2021,reads,48155.5,no,0.064374786,,invertebrate environmental sample.4,,,,,,,
Saccharina,Pabay_13_11_21_3,Pabay,13_11_2021,13,11,2021,reads,48155.5,no,0.025957575,,invertebrate environmental sample.14,,,,,,,
Saccharina,Pabay_13_11_21_3,Pabay,13_11_2021,13,11,2021,reads,48155.5,no,0.012459636,,invertebrate environmental sample.20,,,,,,,
Saccharina,Pabay_13_11_21_3,Pabay,13_11_2021,13,11,2021,reads,48155.5,no,0.01038303,,invertebrate environmental sample.23,,,,,,,
Saccharina,Pabay_13_11_21_3,Pabay,13_11_2021,13,11,2021,reads,48155.5,no,0.007268121,,invertebrate environmental sample.27,,,,,,,
Saccharina,Pabay_13_11_21_3,Pabay,13_11_2021,13,11,2021,reads,48155.5,no,0.025957575,,Fujientomon dicestum,Animalia,Arthropoda,Protura,Acerentomata,Fujientomidae,Fujientomon,Fujientomon dicestum
Alaria,Pabay_14_1_22_1,Pabay,14_1_2022,14,1,2022,reads,9660.5,Copepoda,0.031054293,,Temora sp.,Animalia,Arthropoda,Hexanauplia,Calanoida,Temoridae,Temora,Temora sp.
Saccharina,Pabay_14_1_22_1,Pabay,14_1_2022,14,1,2022,reads,9660.5,Copepoda,0.031054293,,Temora sp.,Animalia,Arthropoda,Hexanauplia,Calanoida,Temoridae,Temora,Temora sp.
Alaria,Pabay_14_1_22_1,Pabay,14_1_2022,14,1,2022,reads,9660.5,Gastropoda,0.025878578,,Sconsia sp. MNHN-IM-2013-61442,Animalia,Mollusca,Gastropoda,Littorinimorpha,Cassidae,Sconsia,Sconsia sp. MNHN-IM-2013-61442
Alaria,Pabay_14_1_22_1,Pabay,14_1_2022,14,1,2022,reads,9660.5,Gastropoda,0.015527147,,Megalovalvata piligera,Animalia,Mollusca,Gastropoda,Littorinimorpha,Valvatidae,Megalovalvata,Megalovalvata piligera
Saccharina,Pabay_14_1_22_1,Pabay,14_1_2022,14,1,2022,reads,9660.5,Gastropoda,0.025878578,,Sconsia sp. MNHN-IM-2013-61442,Animalia,Mollusca,Gastropoda,Littorinimorpha,Cassidae,Sconsia,Sconsia sp. MNHN-IM-2013-61442
Saccharina,Pabay_14_1_22_1,Pabay,14_1_2022,14,1,2022,reads,9660.5,Gastropoda,0.015527147,,Megalovalvata piligera,Animalia,Mollusca,Gastropoda,Littorinimorpha,Valvatidae,Megalovalvata,Megalovalvata piligera
Alaria,Pabay_14_1_22_1,Pabay,14_1_2022,14,1,2022,reads,9660.5,Hydrozoa,0.652140158,,Clytia sp. 2 AFC-2016,Animalia,Cnidaria,Hydrozoa,Leptothecata,Campanulariidae,Clytia,Clytia sp. 2 AFC-2016
Alaria,Pabay_14_1_22_1,Pabay,14_1_2022,14,1,2022,reads,9660.5,Hydrozoa,0.072460018,,Maresearsia praeclara,Animalia,Cnidaria,Hydrozoa,Anthoathecata,Corynidae,Maresearsia,Maresearsia praeclara
Alaria,Pabay_14_1_22_1,Pabay,14_1_2022,14,1,2022,reads,9660.5,Hydrozoa,0.041405724,,Aglaophenia tubulifera,Animalia,Cnidaria,Hydrozoa,Leptothecata,Aglaopheniidae,Aglaophenia,Aglaophenia tubulifera
Alaria,Pabay_14_1_22_1,Pabay,14_1_2022,14,1,2022,reads,9660.5,Hydrozoa,0.051757155,,Clytia sp. 2 AFC-2016.2,Animalia,Cnidaria,Hydrozoa,Leptothecata,Campanulariidae,Clytia,Clytia sp. 2 AFC-2016
Saccharina,Pabay_14_1_22_1,Pabay,14_1_2022,14,1,2022,reads,9660.5,Hydrozoa,0.652140158,,Clytia sp. 2 AFC-2016,Animalia,Cnidaria,Hydrozoa,Leptothecata,Campanulariidae,Clytia,Clytia sp. 2 AFC-2016
Saccharina,Pabay_14_1_22_1,Pabay,14_1_2022,14,1,2022,reads,9660.5,Hydrozoa,0.072460018,,Maresearsia praeclara,Animalia,Cnidaria,Hydrozoa,Anthoathecata,Corynidae,Maresearsia,Maresearsia praeclara
Saccharina,Pabay_14_1_22_1,Pabay,14_1_2022,14,1,2022,reads,9660.5,Hydrozoa,0.041405724,,Aglaophenia tubulifera,Animalia,Cnidaria,Hydrozoa,Leptothecata,Aglaopheniidae,Aglaophenia,Aglaophenia tubulifera
Saccharina,Pabay_14_1_22_1,Pabay,14_1_2022,14,1,2022,reads,9660.5,Hydrozoa,0.051757155,,Clytia sp. 2 AFC-2016.2,Animalia,Cnidaria,Hydrozoa,Leptothecata,Campanulariidae,Clytia,Clytia sp. 2 AFC-2016
Alaria,Pabay_14_1_22_1,Pabay,14_1_2022,14,1,2022,reads,9660.5,no,0.04658144,,Minutocellus polymorphus.3,Chromista,Ochrophyta,Coscinodiscophyceae,Coscinodiscales,Helminthophoraceae,Minutocellus,Minutocellus polymorphus
Alaria,Pabay_14_1_22_1,Pabay,14_1_2022,14,1,2022,reads,9660.5,no,0.015527147,,Lithodesmium undulatum.1,Chromista,Ochrophyta,Coscinodiscophyceae,Rhizosoleniales,Lithodesmiaceae,Lithodesmium,Lithodesmium undulatum
Alaria,Pabay_14_1_22_1,Pabay,14_1_2022,14,1,2022,reads,9660.5,no,0.005175716,,Gomphonema parvulum,Chromista,Ochrophyta,Bacillariophyceae,Cymbellales,Gomphonemataceae,Gomphonema,Gomphonema parvulum
Alaria,Pabay_14_1_22_1,Pabay,14_1_2022,14,1,2022,reads,9660.5,no,0.087987164,,Skeletonema menzelii,Chromista,Ochrophyta,Bacillariophyceae,Thalassiosirales,Skeletonemataceae,Skeletonema,Skeletonema menzelii
Alaria,Pabay_14_1_22_1,Pabay,14_1_2022,14,1,2022,reads,9660.5,no,0.005175716,,Pedospumella sinomuralis.3,Chromista,Ochrophyta,Chrysophyceae,Chromulinales,Paraphysomonadaceae,Pedospumella,Pedospumella sinomuralis
Alaria,Pabay_14_1_22_1,Pabay,14_1_2022,14,1,2022,reads,9660.5,no,0.072460018,,Thalassiosira rotula,Chromista,Ochrophyta,Bacillariophyceae,Thalassiosirales,Thalassiosiraceae,Thalassiosira,Thalassiosira rotula
Alaria,Pabay_14_1_22_1,Pabay,14_1_2022,14,1,2022,reads,9660.5,no,0.09316288,,Thalassiosira rotula.3,Chromista,Ochrophyta,Bacillariophyceae,Thalassiosirales,Thalassiosiraceae,Thalassiosira,Thalassiosira rotula
Alaria,Pabay_14_1_22_1,Pabay,14_1_2022,14,1,2022,reads,9660.5,no,0.062108587,,Thalassiosira rotula.4,Chromista,Ochrophyta,Bacillariophyceae,Thalassiosirales,Thalassiosiraceae,Thalassiosira,Thalassiosira rotula
Alaria,Pabay_14_1_22_1,Pabay,14_1_2022,14,1,2022,reads,9660.5,no,0.005175716,,Thalassiosira rotula.11,Chromista,Ochrophyta,Bacillariophyceae,Thalassiosirales,Thalassiosiraceae,Thalassiosira,Thalassiosira rotula
Alaria,Pabay_14_1_22_1,Pabay,14_1_2022,14,1,2022,reads,9660.5,no,0.103514311,,Thalassionema nitzschioides,Chromista,Ochrophyta,Bacillariophyceae,Thalassionematales,Thalassionemataceae,Thalassionema,Thalassionema nitzschioides
Alaria,Pabay_14_1_22_1,Pabay,14_1_2022,14,1,2022,reads,9660.5,no,0.062108587,,Cassiopea xamachana,Animalia,Cnidaria,Scyphozoa,Rhizostomeae,Cassiopeidae,Cassiopea,Cassiopea xamachana
Saccharina,Pabay_14_1_22_1,Pabay,14_1_2022,14,1,2022,reads,9660.5,no,0.04658144,,Minutocellus polymorphus.3,Chromista,Ochrophyta,Coscinodiscophyceae,Coscinodiscales,Helminthophoraceae,Minutocellus,Minutocellus polymorphus
Saccharina,Pabay_14_1_22_1,Pabay,14_1_2022,14,1,2022,reads,9660.5,no,0.015527147,,Lithodesmium undulatum.1,Chromista,Ochrophyta,Coscinodiscophyceae,Rhizosoleniales,Lithodesmiaceae,Lithodesmium,Lithodesmium undulatum
Saccharina,Pabay_14_1_22_1,Pabay,14_1_2022,14,1,2022,reads,9660.5,no,0.005175716,,Gomphonema parvulum,Chromista,Ochrophyta,Bacillariophyceae,Cymbellales,Gomphonemataceae,Gomphonema,Gomphonema parvulum
Saccharina,Pabay_14_1_22_1,Pabay,14_1_2022,14,1,2022,reads,9660.5,no,0.087987164,,Skeletonema menzelii,Chromista,Ochrophyta,Bacillariophyceae,Thalassiosirales,Skeletonemataceae,Skeletonema,Skeletonema menzelii
Saccharina,Pabay_14_1_22_1,Pabay,14_1_2022,14,1,2022,reads,9660.5,no,0.005175716,,Pedospumella sinomuralis.3,Chromista,Ochrophyta,Chrysophyceae,Chromulinales,Paraphysomonadaceae,Pedospumella,Pedospumella sinomuralis
Saccharina,Pabay_14_1_22_1,Pabay,14_1_2022,14,1,2022,reads,9660.5,no,0.072460018,,Thalassiosira rotula,Chromista,Ochrophyta,Bacillariophyceae,Thalassiosirales,Thalassiosiraceae,Thalassiosira,Thalassiosira rotula
Saccharina,Pabay_14_1_22_1,Pabay,14_1_2022,14,1,2022,reads,9660.5,no,0.09316288,,Thalassiosira rotula.3,Chromista,Ochrophyta,Bacillariophyceae,Thalassiosirales,Thalassiosiraceae,Thalassiosira,Thalassiosira rotula
Saccharina,Pabay_14_1_22_1,Pabay,14_1_2022,14,1,2022,reads,9660.5,no,0.062108587,,Thalassiosira rotula.4,Chromista,Ochrophyta,Bacillariophyceae,Thalassiosirales,Thalassiosiraceae,Thalassiosira,Thalassiosira rotula
Saccharina,Pabay_14_1_22_1,Pabay,14_1_2022,14,1,2022,reads,9660.5,no,0.005175716,,Thalassiosira rotula.11,Chromista,Ochrophyta,Bacillariophyceae,Thalassiosirales,Thalassiosiraceae,Thalassiosira,Thalassiosira rotula
Saccharina,Pabay_14_1_22_1,Pabay,14_1_2022,14,1,2022,reads,9660.5,no,0.103514311,,Thalassionema nitzschioides,Chromista,Ochrophyta,Bacillariophyceae,Thalassionematales,Thalassionemataceae,Thalassionema,Thalassionema nitzschioides
Saccharina,Pabay_14_1_22_1,Pabay,14_1_2022,14,1,2022,reads,9660.5,no,0.062108587,,Cassiopea xamachana,Animalia,Cnidaria,Scyphozoa,Rhizostomeae,Cassiopeidae,Cassiopea,Cassiopea xamachana
Alaria,Pabay_14_1_22_1,Pabay,14_1_2022,14,1,2022,reads,9660.5,Polychaet,0.056932871,,Travisia pupa,Animalia,Annelida,Polychaeta,Capitellida,Scalibregmatidae,Travisia,Travisia pupa
Saccharina,Pabay_14_1_22_1,Pabay,14_1_2022,14,1,2022,reads,9660.5,Polychaet,0.056932871,,Travisia pupa,Animalia,Annelida,Polychaeta,Capitellida,Scalibregmatidae,Travisia,Travisia pupa
Alaria,Pabay_14_1_22_2,Pabay ,14_1_2022,14,1,2022,reads,9564.5,Copepoda,0.381619531,,Temora sp.,Animalia,Arthropoda,Hexanauplia,Calanoida,Temoridae,Temora,Temora sp.
Saccharina,Pabay_14_1_22_2,Pabay ,14_1_2022,14,1,2022,reads,9564.5,Copepoda,0.381619531,,Temora sp.,Animalia,Arthropoda,Hexanauplia,Calanoida,Temoridae,Temora,Temora sp.
Alaria,Pabay_14_1_22_2,Pabay ,14_1_2022,14,1,2022,reads,9564.5,Hydrozoa,3.779601652,,Clytia sp. 2 AFC-2016,Animalia,Cnidaria,Hydrozoa,Leptothecata,Campanulariidae,Clytia,Clytia sp. 2 AFC-2016
Alaria,Pabay_14_1_22_2,Pabay ,14_1_2022,14,1,2022,reads,9564.5,Hydrozoa,0.151602279,,Maresearsia praeclara,Animalia,Cnidaria,Hydrozoa,Anthoathecata,Corynidae,Maresearsia,Maresearsia praeclara
Alaria,Pabay_14_1_22_2,Pabay ,14_1_2022,14,1,2022,reads,9564.5,Hydrozoa,1.076898949,,Aglaophenia tubulifera,Animalia,Cnidaria,Hydrozoa,Leptothecata,Aglaopheniidae,Aglaophenia,Aglaophenia tubulifera
Alaria,Pabay_14_1_22_2,Pabay ,14_1_2022,14,1,2022,reads,9564.5,Hydrozoa,0.073187307,,Obelia bidentata,Animalia,Cnidaria,Hydrozoa,Leptothecata,Campanulariidae,Obelia,Obelia bidentata
Alaria,Pabay_14_1_22_2,Pabay ,14_1_2022,14,1,2022,reads,9564.5,Hydrozoa,0.041821318,,Clytia sp. 2 AFC-2016.2,Animalia,Cnidaria,Hydrozoa,Leptothecata,Campanulariidae,Clytia,Clytia sp. 2 AFC-2016
Alaria,Pabay_14_1_22_2,Pabay ,14_1_2022,14,1,2022,reads,9564.5,Hydrozoa,0.01045533,,Clytia sp. 2 AFC-2016.6,Animalia,Cnidaria,Hydrozoa,Leptothecata,Campanulariidae,Clytia,Clytia sp. 2 AFC-2016
Saccharina,Pabay_14_1_22_2,Pabay ,14_1_2022,14,1,2022,reads,9564.5,Hydrozoa,3.779601652,,Clytia sp. 2 AFC-2016,Animalia,Cnidaria,Hydrozoa,Leptothecata,Campanulariidae,Clytia,Clytia sp. 2 AFC-2016
Saccharina,Pabay_14_1_22_2,Pabay ,14_1_2022,14,1,2022,reads,9564.5,Hydrozoa,0.151602279,,Maresearsia praeclara,Animalia,Cnidaria,Hydrozoa,Anthoathecata,Corynidae,Maresearsia,Maresearsia praeclara
Saccharina,Pabay_14_1_22_2,Pabay ,14_1_2022,14,1,2022,reads,9564.5,Hydrozoa,1.076898949,,Aglaophenia tubulifera,Animalia,Cnidaria,Hydrozoa,Leptothecata,Aglaopheniidae,Aglaophenia,Aglaophenia tubulifera
Saccharina,Pabay_14_1_22_2,Pabay ,14_1_2022,14,1,2022,reads,9564.5,Hydrozoa,0.073187307,,Obelia bidentata,Animalia,Cnidaria,Hydrozoa,Leptothecata,Campanulariidae,Obelia,Obelia bidentata
Saccharina,Pabay_14_1_22_2,Pabay ,14_1_2022,14,1,2022,reads,9564.5,Hydrozoa,0.041821318,,Clytia sp. 2 AFC-2016.2,Animalia,Cnidaria,Hydrozoa,Leptothecata,Campanulariidae,Clytia,Clytia sp. 2 AFC-2016
Saccharina,Pabay_14_1_22_2,Pabay ,14_1_2022,14,1,2022,reads,9564.5,Hydrozoa,0.01045533,,Clytia sp. 2 AFC-2016.6,Animalia,Cnidaria,Hydrozoa,Leptothecata,Campanulariidae,Clytia,Clytia sp. 2 AFC-2016
Alaria,Pabay_14_1_22_2,Pabay ,14_1_2022,14,1,2022,reads,9564.5,no,0.020910659,,Emiliania huxleyi,Chromista,Haptophyta,Coccolithophyceae,Isochrysidales,Noelaerhabdaceae,Emiliania,Emiliania huxleyi
Alaria,Pabay_14_1_22_2,Pabay ,14_1_2022,14,1,2022,reads,9564.5,no,0.585498458,,Skeletonema menzelii,Chromista,Ochrophyta,Bacillariophyceae,Thalassiosirales,Skeletonemataceae,Skeletonema,Skeletonema menzelii
Alaria,Pabay_14_1_22_2,Pabay ,14_1_2022,14,1,2022,reads,9564.5,no,0.020910659,,Skeletonema menzelii.5,Chromista,Ochrophyta,Bacillariophyceae,Thalassiosirales,Skeletonemataceae,Skeletonema,Skeletonema menzelii
Alaria,Pabay_14_1_22_2,Pabay ,14_1_2022,14,1,2022,reads,9564.5,no,0.167285274,,Thalassionema nitzschioides.1,Chromista,Ochrophyta,Bacillariophyceae,Thalassionematales,Thalassionemataceae,Thalassionema,Thalassionema nitzschioides
Alaria,Pabay_14_1_22_2,Pabay ,14_1_2022,14,1,2022,reads,9564.5,no,0.156829944,,Dimeregramma acutum.2,Chromista,Ochrophyta,Bacillariophyceae,Cymbellales,Cymbellaceae,Dimeregramma,Dimeregramma acutum
Alaria,Pabay_14_1_22_2,Pabay ,14_1_2022,14,1,2022,reads,9564.5,no,0.099325631,,Chaetonotus cf. oculiefer MK-2019,Animalia,Gastrotricha,Chaetonotida,Chaetonotoidea,Chaetonotidae,Chaetonotus,Chaetonotus cf. oculiefer MK-2019
Alaria,Pabay_14_1_22_2,Pabay ,14_1_2022,14,1,2022,reads,9564.5,no,0.031365989,,Monostilifera sp.,Animalia,Nemertea,Anopla,Monostilifera,Monostylifera,Monostilifera,Monostilifera sp.
Alaria,Pabay_14_1_22_2,Pabay ,14_1_2022,14,1,2022,reads,9564.5,no,0.14114695,,Asplanchna sieboldii,Animalia,Rotifera,Eurotatoria,Ploima,Asplanchnidae,Asplanchna,Asplanchna sieboldii
Alaria,Pabay_14_1_22_2,Pabay ,14_1_2022,14,1,2022,reads,9564.5,no,0.078414972,,invertebrate environmental sample.19,,,,,,,
Saccharina,Pabay_14_1_22_2,Pabay ,14_1_2022,14,1,2022,reads,9564.5,no,0.020910659,,Emiliania huxleyi,Chromista,Haptophyta,Coccolithophyceae,Isochrysidales,Noelaerhabdaceae,Emiliania,Emiliania huxleyi
Saccharina,Pabay_14_1_22_2,Pabay ,14_1_2022,14,1,2022,reads,9564.5,no,0.585498458,,Skeletonema menzelii,Chromista,Ochrophyta,Bacillariophyceae,Thalassiosirales,Skeletonemataceae,Skeletonema,Skeletonema menzelii
Saccharina,Pabay_14_1_22_2,Pabay ,14_1_2022,14,1,2022,reads,9564.5,no,0.020910659,,Skeletonema menzelii.5,Chromista,Ochrophyta,Bacillariophyceae,Thalassiosirales,Skeletonemataceae,Skeletonema,Skeletonema menzelii
Saccharina,Pabay_14_1_22_2,Pabay ,14_1_2022,14,1,2022,reads,9564.5,no,0.167285274,,Thalassionema nitzschioides.1,Chromista,Ochrophyta,Bacillariophyceae,Thalassionematales,Thalassionemataceae,Thalassionema,Thalassionema nitzschioides
Saccharina,Pabay_14_1_22_2,Pabay ,14_1_2022,14,1,2022,reads,9564.5,no,0.156829944,,Dimeregramma acutum.2,Chromista,Ochrophyta,Bacillariophyceae,Cymbellales,Cymbellaceae,Dimeregramma,Dimeregramma acutum
Saccharina,Pabay_14_1_22_2,Pabay ,14_1_2022,14,1,2022,reads,9564.5,no,0.099325631,,Chaetonotus cf. oculiefer MK-2019,Animalia,Gastrotricha,Chaetonotida,Chaetonotoidea,Chaetonotidae,Chaetonotus,Chaetonotus cf. oculiefer MK-2019
Saccharina,Pabay_14_1_22_2,Pabay ,14_1_2022,14,1,2022,reads,9564.5,no,0.031365989,,Monostilifera sp.,Animalia,Nemertea,Anopla,Monostilifera,Monostylifera,Monostilifera,Monostilifera sp.
Saccharina,Pabay_14_1_22_2,Pabay ,14_1_2022,14,1,2022,reads,9564.5,no,0.14114695,,Asplanchna sieboldii,Animalia,Rotifera,Eurotatoria,Ploima,Asplanchnidae,Asplanchna,Asplanchna sieboldii
Saccharina,Pabay_14_1_22_2,Pabay ,14_1_2022,14,1,2022,reads,9564.5,no,0.078414972,,invertebrate environmental sample.19,,,,,,,
Alaria,Pabay_14_1_22_3,Pabay,14_1_2022,14,1,2022,reads,9612.5,Copepoda,0.205461638,,Temora sp.,Animalia,Arthropoda,Hexanauplia,Calanoida,Temoridae,Temora,Temora sp.
Saccharina,Pabay_14_1_22_3,Pabay,14_1_2022,14,1,2022,reads,9612.5,Copepoda,0.205461638,,Temora sp.,Animalia,Arthropoda,Hexanauplia,Calanoida,Temoridae,Temora,Temora sp.
Alaria,Pabay_14_1_22_3,Pabay,14_1_2022,14,1,2022,reads,9612.5,Gastropoda,0.013003901,,Sconsia sp. MNHN-IM-2013-61442,Animalia,Mollusca,Gastropoda,Littorinimorpha,Cassidae,Sconsia,Sconsia sp. MNHN-IM-2013-61442
Alaria,Pabay_14_1_22_3,Pabay,14_1_2022,14,1,2022,reads,9612.5,Gastropoda,0.015604681,,Megalovalvata piligera,Animalia,Mollusca,Gastropoda,Littorinimorpha,Valvatidae,Megalovalvata,Megalovalvata piligera
Saccharina,Pabay_14_1_22_3,Pabay,14_1_2022,14,1,2022,reads,9612.5,Gastropoda,0.013003901,,Sconsia sp. MNHN-IM-2013-61442,Animalia,Mollusca,Gastropoda,Littorinimorpha,Cassidae,Sconsia,Sconsia sp. MNHN-IM-2013-61442
Saccharina,Pabay_14_1_22_3,Pabay,14_1_2022,14,1,2022,reads,9612.5,Gastropoda,0.015604681,,Megalovalvata piligera,Animalia,Mollusca,Gastropoda,Littorinimorpha,Valvatidae,Megalovalvata,Megalovalvata piligera
Alaria,Pabay_14_1_22_3,Pabay,14_1_2022,14,1,2022,reads,9612.5,Hydrozoa,2.161248375,,Clytia sp. 2 AFC-2016,Animalia,Cnidaria,Hydrozoa,Leptothecata,Campanulariidae,Clytia,Clytia sp. 2 AFC-2016
Alaria,Pabay_14_1_22_3,Pabay,14_1_2022,14,1,2022,reads,9612.5,Hydrozoa,0.11183355,,Maresearsia praeclara,Animalia,Cnidaria,Hydrozoa,Anthoathecata,Corynidae,Maresearsia,Maresearsia praeclara
Alaria,Pabay_14_1_22_3,Pabay,14_1_2022,14,1,2022,reads,9612.5,Hydrozoa,0.535760728,,Aglaophenia tubulifera,Animalia,Cnidaria,Hydrozoa,Leptothecata,Aglaopheniidae,Aglaophenia,Aglaophenia tubulifera
Alaria,Pabay_14_1_22_3,Pabay,14_1_2022,14,1,2022,reads,9612.5,Hydrozoa,0.036410923,,Obelia bidentata,Animalia,Cnidaria,Hydrozoa,Leptothecata,Campanulariidae,Obelia,Obelia bidentata
Alaria,Pabay_14_1_22_3,Pabay,14_1_2022,14,1,2022,reads,9612.5,Hydrozoa,0.046814044,,Clytia sp. 2 AFC-2016.2,Animalia,Cnidaria,Hydrozoa,Leptothecata,Campanulariidae,Clytia,Clytia sp. 2 AFC-2016
Alaria,Pabay_14_1_22_3,Pabay,14_1_2022,14,1,2022,reads,9612.5,Hydrozoa,0.00520156,,Clytia sp. 2 AFC-2016.6,Animalia,Cnidaria,Hydrozoa,Leptothecata,Campanulariidae,Clytia,Clytia sp. 2 AFC-2016
Saccharina,Pabay_14_1_22_3,Pabay,14_1_2022,14,1,2022,reads,9612.5,Hydrozoa,2.161248375,,Clytia sp. 2 AFC-2016,Animalia,Cnidaria,Hydrozoa,Leptothecata,Campanulariidae,Clytia,Clytia sp. 2 AFC-2016
Saccharina,Pabay_14_1_22_3,Pabay,14_1_2022,14,1,2022,reads,9612.5,Hydrozoa,0.11183355,,Maresearsia praeclara,Animalia,Cnidaria,Hydrozoa,Anthoathecata,Corynidae,Maresearsia,Maresearsia praeclara
Saccharina,Pabay_14_1_22_3,Pabay,14_1_2022,14,1,2022,reads,9612.5,Hydrozoa,0.535760728,,Aglaophenia tubulifera,Animalia,Cnidaria,Hydrozoa,Leptothecata,Aglaopheniidae,Aglaophenia,Aglaophenia tubulifera
Saccharina,Pabay_14_1_22_3,Pabay,14_1_2022,14,1,2022,reads,9612.5,Hydrozoa,0.036410923,,Obelia bidentata,Animalia,Cnidaria,Hydrozoa,Leptothecata,Campanulariidae,Obelia,Obelia bidentata
Saccharina,Pabay_14_1_22_3,Pabay,14_1_2022,14,1,2022,reads,9612.5,Hydrozoa,0.046814044,,Clytia sp. 2 AFC-2016.2,Animalia,Cnidaria,Hydrozoa,Leptothecata,Campanulariidae,Clytia,Clytia sp. 2 AFC-2016
Saccharina,Pabay_14_1_22_3,Pabay,14_1_2022,14,1,2022,reads,9612.5,Hydrozoa,0.00520156,,Clytia sp. 2 AFC-2016.6,Animalia,Cnidaria,Hydrozoa,Leptothecata,Campanulariidae,Clytia,Clytia sp. 2 AFC-2016
Alaria,Pabay_14_1_22_3,Pabay,14_1_2022,14,1,2022,reads,9612.5,no,0.023407022,,Minutocellus polymorphus.3,Chromista,Ochrophyta,Coscinodiscophyceae,Coscinodiscales,Helminthophoraceae,Minutocellus,Minutocellus polymorphus
Alaria,Pabay_14_1_22_3,Pabay,14_1_2022,14,1,2022,reads,9612.5,no,0.007802341,,Lithodesmium undulatum.1,Chromista,Ochrophyta,Coscinodiscophyceae,Rhizosoleniales,Lithodesmiaceae,Lithodesmium,Lithodesmium undulatum
Alaria,Pabay_14_1_22_3,Pabay,14_1_2022,14,1,2022,reads,9612.5,no,0.00520156,,Gomphonema parvulum,Chromista,Ochrophyta,Bacillariophyceae,Cymbellales,Gomphonemataceae,Gomphonema,Gomphonema parvulum
Alaria,Pabay_14_1_22_3,Pabay,14_1_2022,14,1,2022,reads,9612.5,no,0.062418726,,Emiliania huxleyi,Chromista,Haptophyta,Coccolithophyceae,Isochrysidales,Noelaerhabdaceae,Emiliania,Emiliania huxleyi
Alaria,Pabay_14_1_22_3,Pabay,14_1_2022,14,1,2022,reads,9612.5,no,0.33550065,,Skeletonema menzelii,Chromista,Ochrophyta,Bacillariophyceae,Thalassiosirales,Skeletonemataceae,Skeletonema,Skeletonema menzelii
Alaria,Pabay_14_1_22_3,Pabay,14_1_2022,14,1,2022,reads,9612.5,no,0.036410923,,Thalassiosira rotula,Chromista,Ochrophyta,Bacillariophyceae,Thalassiosirales,Thalassiosiraceae,Thalassiosira,Thalassiosira rotula
Alaria,Pabay_14_1_22_3,Pabay,14_1_2022,14,1,2022,reads,9612.5,no,0.046814044,,Thalassiosira rotula.3,Chromista,Ochrophyta,Bacillariophyceae,Thalassiosirales,Thalassiosiraceae,Thalassiosira,Thalassiosira rotula
Alaria,Pabay_14_1_22_3,Pabay,14_1_2022,14,1,2022,reads,9612.5,no,0.031209363,,Thalassiosira rotula.4,Chromista,Ochrophyta,Bacillariophyceae,Thalassiosirales,Thalassiosiraceae,Thalassiosira,Thalassiosira rotula
Alaria,Pabay_14_1_22_3,Pabay,14_1_2022,14,1,2022,reads,9612.5,no,0.010403121,,Skeletonema menzelii.5,Chromista,Ochrophyta,Bacillariophyceae,Thalassiosirales,Skeletonemataceae,Skeletonema,Skeletonema menzelii
Alaria,Pabay_14_1_22_3,Pabay,14_1_2022,14,1,2022,reads,9612.5,no,0.00260078,,Thalassiosira rotula.11,Chromista,Ochrophyta,Bacillariophyceae,Thalassiosirales,Thalassiosiraceae,Thalassiosira,Thalassiosira rotula
Alaria,Pabay_14_1_22_3,Pabay,14_1_2022,14,1,2022,reads,9612.5,no,0.083224967,,Thalassionema nitzschioides.1,Chromista,Ochrophyta,Bacillariophyceae,Thalassionematales,Thalassionemataceae,Thalassionema,Thalassionema nitzschioides
Alaria,Pabay_14_1_22_3,Pabay,14_1_2022,14,1,2022,reads,9612.5,no,0.078023407,,Dimeregramma acutum.2,Chromista,Ochrophyta,Bacillariophyceae,Cymbellales,Cymbellaceae,Dimeregramma,Dimeregramma acutum
Alaria,Pabay_14_1_22_3,Pabay,14_1_2022,14,1,2022,reads,9612.5,no,0.031209363,,Cassiopea xamachana,Animalia,Cnidaria,Scyphozoa,Rhizostomeae,Cassiopeidae,Cassiopea,Cassiopea xamachana
Alaria,Pabay_14_1_22_3,Pabay,14_1_2022,14,1,2022,reads,9612.5,no,0.049414824,,Chaetonotus cf. oculiefer MK-2019,Animalia,Gastrotricha,Chaetonotida,Chaetonotoidea,Chaetonotidae,Chaetonotus,Chaetonotus cf. oculiefer MK-2019
Alaria,Pabay_14_1_22_3,Pabay,14_1_2022,14,1,2022,reads,9612.5,no,0.015604681,,Monostilifera sp.,Animalia,Nemertea,Anopla,Monostilifera,Monostylifera,Monostilifera,Monostilifera sp.
Alaria,Pabay_14_1_22_3,Pabay,14_1_2022,14,1,2022,reads,9612.5,no,0.070221066,,Asplanchna sieboldii,Animalia,Rotifera,Eurotatoria,Ploima,Asplanchnidae,Asplanchna,Asplanchna sieboldii
Alaria,Pabay_14_1_22_3,Pabay,14_1_2022,14,1,2022,reads,9612.5,no,0.039011704,,invertebrate environmental sample.19,,,,,,,
Saccharina,Pabay_14_1_22_3,Pabay,14_1_2022,14,1,2022,reads,9612.5,no,0.023407022,,Minutocellus polymorphus.3,Chromista,Ochrophyta,Coscinodiscophyceae,Coscinodiscales,Helminthophoraceae,Minutocellus,Minutocellus polymorphus
Saccharina,Pabay_14_1_22_3,Pabay,14_1_2022,14,1,2022,reads,9612.5,no,0.007802341,,Lithodesmium undulatum.1,Chromista,Ochrophyta,Coscinodiscophyceae,Rhizosoleniales,Lithodesmiaceae,Lithodesmium,Lithodesmium undulatum
Saccharina,Pabay_14_1_22_3,Pabay,14_1_2022,14,1,2022,reads,9612.5,no,0.00520156,,Gomphonema parvulum,Chromista,Ochrophyta,Bacillariophyceae,Cymbellales,Gomphonemataceae,Gomphonema,Gomphonema parvulum
Saccharina,Pabay_14_1_22_3,Pabay,14_1_2022,14,1,2022,reads,9612.5,no,0.062418726,,Emiliania huxleyi,Chromista,Haptophyta,Coccolithophyceae,Isochrysidales,Noelaerhabdaceae,Emiliania,Emiliania huxleyi
Saccharina,Pabay_14_1_22_3,Pabay,14_1_2022,14,1,2022,reads,9612.5,no,0.33550065,,Skeletonema menzelii,Chromista,Ochrophyta,Bacillariophyceae,Thalassiosirales,Skeletonemataceae,Skeletonema,Skeletonema menzelii
Saccharina,Pabay_14_1_22_3,Pabay,14_1_2022,14,1,2022,reads,9612.5,no,0.036410923,,Thalassiosira rotula,Chromista,Ochrophyta,Bacillariophyceae,Thalassiosirales,Thalassiosiraceae,Thalassiosira,Thalassiosira rotula
Saccharina,Pabay_14_1_22_3,Pabay,14_1_2022,14,1,2022,reads,9612.5,no,0.046814044,,Thalassiosira rotula.3,Chromista,Ochrophyta,Bacillariophyceae,Thalassiosirales,Thalassiosiraceae,Thalassiosira,Thalassiosira rotula
Saccharina,Pabay_14_1_22_3,Pabay,14_1_2022,14,1,2022,reads,9612.5,no,0.031209363,,Thalassiosira rotula.4,Chromista,Ochrophyta,Bacillariophyceae,Thalassiosirales,Thalassiosiraceae,Thalassiosira,Thalassiosira rotula
Saccharina,Pabay_14_1_22_3,Pabay,14_1_2022,14,1,2022,reads,9612.5,no,0.010403121,,Skeletonema menzelii.5,Chromista,Ochrophyta,Bacillariophyceae,Thalassiosirales,Skeletonemataceae,Skeletonema,Skeletonema menzelii
Saccharina,Pabay_14_1_22_3,Pabay,14_1_2022,14,1,2022,reads,9612.5,no,0.00260078,,Thalassiosira rotula.11,Chromista,Ochrophyta,Bacillariophyceae,Thalassiosirales,Thalassiosiraceae,Thalassiosira,Thalassiosira rotula
Saccharina,Pabay_14_1_22_3,Pabay,14_1_2022,14,1,2022,reads,9612.5,no,0.083224967,,Thalassionema nitzschioides.1,Chromista,Ochrophyta,Bacillariophyceae,Thalassionematales,Thalassionemataceae,Thalassionema,Thalassionema nitzschioides
Saccharina,Pabay_14_1_22_3,Pabay,14_1_2022,14,1,2022,reads,9612.5,no,0.078023407,,Dimeregramma acutum.2,Chromista,Ochrophyta,Bacillariophyceae,Cymbellales,Cymbellaceae,Dimeregramma,Dimeregramma acutum
Saccharina,Pabay_14_1_22_3,Pabay,14_1_2022,14,1,2022,reads,9612.5,no,0.031209363,,Cassiopea xamachana,Animalia,Cnidaria,Scyphozoa,Rhizostomeae,Cassiopeidae,Cassiopea,Cassiopea xamachana
Saccharina,Pabay_14_1_22_3,Pabay,14_1_2022,14,1,2022,reads,9612.5,no,0.049414824,,Chaetonotus cf. oculiefer MK-2019,Animalia,Gastrotricha,Chaetonotida,Chaetonotoidea,Chaetonotidae,Chaetonotus,Chaetonotus cf. oculiefer MK-2019
Saccharina,Pabay_14_1_22_3,Pabay,14_1_2022,14,1,2022,reads,9612.5,no,0.015604681,,Monostilifera sp.,Animalia,Nemertea,Anopla,Monostilifera,Monostylifera,Monostilifera,Monostilifera sp.
Saccharina,Pabay_14_1_22_3,Pabay,14_1_2022,14,1,2022,reads,9612.5,no,0.070221066,,Asplanchna sieboldii,Animalia,Rotifera,Eurotatoria,Ploima,Asplanchnidae,Asplanchna,Asplanchna sieboldii
Saccharina,Pabay_14_1_22_3,Pabay,14_1_2022,14,1,2022,reads,9612.5,no,0.039011704,,invertebrate environmental sample.19,,,,,,,
Alaria,Pabay_14_1_22_3,Pabay,14_1_2022,14,1,2022,reads,9612.5,Polychaet,0.028608583,,Travisia pupa,Animalia,Annelida,Polychaeta,Capitellida,Scalibregmatidae,Travisia,Travisia pupa
Saccharina,Pabay_14_1_22_3,Pabay,14_1_2022,14,1,2022,reads,9612.5,Polychaet,0.028608583,,Travisia pupa,Animalia,Annelida,Polychaeta,Capitellida,Scalibregmatidae,Travisia,Travisia pupa
Alaria,Pabay_15_6_21_1,Pabay,15_6_2021,15,6,2021,reads,34636,no,0.031758864,,Emiliania huxleyi,Chromista,Haptophyta,Coccolithophyceae,Isochrysidales,Noelaerhabdaceae,Emiliania,Emiliania huxleyi
Saccharina,Pabay_15_6_21_1,Pabay,15_6_2021,15,6,2021,reads,34636,no,0.031758864,,Emiliania huxleyi,Chromista,Haptophyta,Coccolithophyceae,Isochrysidales,Noelaerhabdaceae,Emiliania,Emiliania huxleyi
Alaria,Pabay_15_6_21_2,Pabay,15_6_2021,15,6,2021,reads,41126.5,Hydrozoa,0.05349349,,Obelia sp. 3 SL-2013,Animalia,Cnidaria,Hydrozoa,Leptothecata,Campanulariidae,Obelia,Obelia sp. 3 SL-2013
Saccharina,Pabay_15_6_21_2,Pabay,15_6_2021,15,6,2021,reads,41126.5,Hydrozoa,0.05349349,,Obelia sp. 3 SL-2013,Animalia,Cnidaria,Hydrozoa,Leptothecata,Campanulariidae,Obelia,Obelia sp. 3 SL-2013
Alaria,Pabay_15_6_21_2,Pabay,15_6_2021,15,6,2021,reads,41126.5,no,6.873913413,,Emiliania huxleyi,Chromista,Haptophyta,Coccolithophyceae,Isochrysidales,Noelaerhabdaceae,Emiliania,Emiliania huxleyi
Alaria,Pabay_15_6_21_2,Pabay,15_6_2021,15,6,2021,reads,41126.5,no,1.39083073,,Emiliania huxleyi.1,Chromista,Haptophyta,Coccolithophyceae,Isochrysidales,Noelaerhabdaceae,Emiliania,Emiliania huxleyi
Alaria,Pabay_15_6_21_2,Pabay,15_6_2021,15,6,2021,reads,41126.5,no,0.207895153,,Chaetoceros tenuissimus,Chromista,Ochrophyta,Mediophyceae,Chaetocerotales,Chaetocerotaceae,Chaetoceros,Chaetoceros tenuissimus
Alaria,Pabay_15_6_21_2,Pabay,15_6_2021,15,6,2021,reads,41126.5,no,0.223700047,,Guinardia delicatula,Chromista,Ochrophyta,Coscinodiscophyceae,Rhizosoleniales,Rhizosoleniaceae,Guinardia,Guinardia delicatula
Alaria,Pabay_15_6_21_2,Pabay,15_6_2021,15,6,2021,reads,41126.5,no,0.195737541,,Guinardia delicatula.1,Chromista,Ochrophyta,Coscinodiscophyceae,Rhizosoleniales,Rhizosoleniaceae,Guinardia,Guinardia delicatula
Alaria,Pabay_15_6_21_2,Pabay,15_6_2021,15,6,2021,reads,41126.5,no,0.025530984,,Guinardia striata,Chromista,Ochrophyta,Coscinodiscophyceae,Rhizosoleniales,Rhizosoleniaceae,Guinardia,Guinardia striata
Alaria,Pabay_15_6_21_2,Pabay,15_6_2021,15,6,2021,reads,41126.5,no,0.131302202,,Amphiura filiformis,Animalia,Echinodermata,Ophiuroidea,Amphiurida,Amphiuridae,Amphiura,Amphiura filiformis
Alaria,Pabay_15_6_21_2,Pabay,15_6_2021,15,6,2021,reads,41126.5,no,0.052277728,,Platyias quadricornis,Animalia,Rotifera,Eurotatoria,Ploima,Brachionidae,Platyias,Platyias quadricornis
Saccharina,Pabay_15_6_21_2,Pabay,15_6_2021,15,6,2021,reads,41126.5,no,6.873913413,,Emiliania huxleyi,Chromista,Haptophyta,Coccolithophyceae,Isochrysidales,Noelaerhabdaceae,Emiliania,Emiliania huxleyi
Saccharina,Pabay_15_6_21_2,Pabay,15_6_2021,15,6,2021,reads,41126.5,no,1.39083073,,Emiliania huxleyi.1,Chromista,Haptophyta,Coccolithophyceae,Isochrysidales,Noelaerhabdaceae,Emiliania,Emiliania huxleyi
Saccharina,Pabay_15_6_21_2,Pabay,15_6_2021,15,6,2021,reads,41126.5,no,0.207895153,,Chaetoceros tenuissimus,Chromista,Ochrophyta,Mediophyceae,Chaetocerotales,Chaetocerotaceae,Chaetoceros,Chaetoceros tenuissimus
Saccharina,Pabay_15_6_21_2,Pabay,15_6_2021,15,6,2021,reads,41126.5,no,0.223700047,,Guinardia delicatula,Chromista,Ochrophyta,Coscinodiscophyceae,Rhizosoleniales,Rhizosoleniaceae,Guinardia,Guinardia delicatula
Saccharina,Pabay_15_6_21_2,Pabay,15_6_2021,15,6,2021,reads,41126.5,no,0.195737541,,Guinardia delicatula.1,Chromista,Ochrophyta,Coscinodiscophyceae,Rhizosoleniales,Rhizosoleniaceae,Guinardia,Guinardia delicatula
Saccharina,Pabay_15_6_21_2,Pabay,15_6_2021,15,6,2021,reads,41126.5,no,0.025530984,,Guinardia striata,Chromista,Ochrophyta,Coscinodiscophyceae,Rhizosoleniales,Rhizosoleniaceae,Guinardia,Guinardia striata
Saccharina,Pabay_15_6_21_2,Pabay,15_6_2021,15,6,2021,reads,41126.5,no,0.131302202,,Amphiura filiformis,Animalia,Echinodermata,Ophiuroidea,Amphiurida,Amphiuridae,Amphiura,Amphiura filiformis
Saccharina,Pabay_15_6_21_2,Pabay,15_6_2021,15,6,2021,reads,41126.5,no,0.052277728,,Platyias quadricornis,Animalia,Rotifera,Eurotatoria,Ploima,Brachionidae,Platyias,Platyias quadricornis
Alaria,Pabay_15_7_22_1,Pabay,15_7_2022,15,7,2022,reads,36823.5,Hydrozoa,0.006789143,,Clytia sp. 2 AFC-2016,Animalia,Cnidaria,Hydrozoa,Leptothecata,Campanulariidae,Clytia,Clytia sp. 2 AFC-2016
Alaria,Pabay_15_7_22_1,Pabay,15_7_2022,15,7,2022,reads,36823.5,Hydrozoa,0.473882168,,Garveia annulata,Animalia,Cnidaria,Hydrozoa,Anthoathecata,Bougainvilliidae,Garveia,Garveia annulata
Saccharina,Pabay_15_7_22_1,Pabay,15_7_2022,15,7,2022,reads,36823.5,Hydrozoa,0.006789143,,Clytia sp. 2 AFC-2016,Animalia,Cnidaria,Hydrozoa,Leptothecata,Campanulariidae,Clytia,Clytia sp. 2 AFC-2016
Saccharina,Pabay_15_7_22_1,Pabay,15_7_2022,15,7,2022,reads,36823.5,Hydrozoa,0.473882168,,Garveia annulata,Animalia,Cnidaria,Hydrozoa,Anthoathecata,Bougainvilliidae,Garveia,Garveia annulata
Alaria,Pabay_15_7_22_1,Pabay,15_7_2022,15,7,2022,reads,36823.5,no,0.021725257,,Skeletonema menzelii,Chromista,Ochrophyta,Bacillariophyceae,Thalassiosirales,Skeletonemataceae,Skeletonema,Skeletonema menzelii
Alaria,Pabay_15_7_22_1,Pabay,15_7_2022,15,7,2022,reads,36823.5,no,0.002715657,,Paraphysomonas sp.,,,,,,Paraphysomonas,Paraphysomonas sp.
Alaria,Pabay_15_7_22_1,Pabay,15_7_2022,15,7,2022,reads,36823.5,no,0.032587885,,Pinnularia sp. 9 CS-2011,Eukaryota,Ochrophyta,Bacillariophyceae,Naviculales,Pinnulariaceae,Pinnularia,Pinnularia sp. 9 CS-2011
Alaria,Pabay_15_7_22_1,Pabay,15_7_2022,15,7,2022,reads,36823.5,no,0.176517713,,Minutocellus polymorphus.7,Chromista,Ochrophyta,Coscinodiscophyceae,Coscinodiscales,Helminthophoraceae,Minutocellus,Minutocellus polymorphus
Alaria,Pabay_15_7_22_1,Pabay,15_7_2022,15,7,2022,reads,36823.5,no,0.134425027,,Ditylum brightwellii.3,Chromista,Ochrophyta,Coscinodiscophyceae,Rhizosoleniales,Lithodesmiaceae,Ditylum,Ditylum brightwellii
Alaria,Pabay_15_7_22_1,Pabay,15_7_2022,15,7,2022,reads,36823.5,no,0.108626285,,Minutocellus polymorphus.9,Chromista,Ochrophyta,Coscinodiscophyceae,Coscinodiscales,Helminthophoraceae,Minutocellus,Minutocellus polymorphus
Alaria,Pabay_15_7_22_1,Pabay,15_7_2022,15,7,2022,reads,36823.5,no,0.032587885,,Minutocellus polymorphus.20,Chromista,Ochrophyta,Coscinodiscophyceae,Coscinodiscales,Helminthophoraceae,Minutocellus,Minutocellus polymorphus
Alaria,Pabay_15_7_22_1,Pabay,15_7_2022,15,7,2022,reads,36823.5,no,0.010862628,,Hyleoglomeris sp..1,Animalia,Arthropoda,Diplopoda,Glomerida,Glomeridae,Hyleoglomeris,Hyleoglomeris sp.
Alaria,Pabay_15_7_22_1,Pabay,15_7_2022,15,7,2022,reads,36823.5,no,0.885304221,,Monostilifera sp..1,Animalia,Nemertea,Anopla,Monostilifera,Monostylifera,Monostilifera,Monostilifera sp.
Alaria,Pabay_15_7_22_1,Pabay,15_7_2022,15,7,2022,reads,36823.5,no,0.111341942,,Monostilifera sp..2,Animalia,Nemertea,Anopla,Monostilifera,Monostylifera,Monostilifera,Monostilifera sp.
Alaria,Pabay_15_7_22_1,Pabay,15_7_2022,15,7,2022,reads,36823.5,no,0.033945714,,Euchlanis dilatata.2,Animalia,Rotifera,Eurotatoria,Ploima,Euchlanidae,Euchlanis,Euchlanis dilatata
Alaria,Pabay_15_7_22_1,Pabay,15_7_2022,15,7,2022,reads,36823.5,no,0.044808342,,invertebrate environmental sample,,,,,,,
Alaria,Pabay_15_7_22_1,Pabay,15_7_2022,15,7,2022,reads,36823.5,no,0.259345255,,invertebrate environmental sample.1,,,,,,,
Saccharina,Pabay_15_7_22_1,Pabay,15_7_2022,15,7,2022,reads,36823.5,no,0.021725257,,Skeletonema menzelii,Chromista,Ochrophyta,Bacillariophyceae,Thalassiosirales,Skeletonemataceae,Skeletonema,Skeletonema menzelii
Saccharina,Pabay_15_7_22_1,Pabay,15_7_2022,15,7,2022,reads,36823.5,no,0.002715657,,Paraphysomonas sp.,,,,,,Paraphysomonas,Paraphysomonas sp.
Saccharina,Pabay_15_7_22_1,Pabay,15_7_2022,15,7,2022,reads,36823.5,no,0.032587885,,Pinnularia sp. 9 CS-2011,Eukaryota,Ochrophyta,Bacillariophyceae,Naviculales,Pinnulariaceae,Pinnularia,Pinnularia sp. 9 CS-2011
Saccharina,Pabay_15_7_22_1,Pabay,15_7_2022,15,7,2022,reads,36823.5,no,0.176517713,,Minutocellus polymorphus.7,Chromista,Ochrophyta,Coscinodiscophyceae,Coscinodiscales,Helminthophoraceae,Minutocellus,Minutocellus polymorphus
Saccharina,Pabay_15_7_22_1,Pabay,15_7_2022,15,7,2022,reads,36823.5,no,0.134425027,,Ditylum brightwellii.3,Chromista,Ochrophyta,Coscinodiscophyceae,Rhizosoleniales,Lithodesmiaceae,Ditylum,Ditylum brightwellii
Saccharina,Pabay_15_7_22_1,Pabay,15_7_2022,15,7,2022,reads,36823.5,no,0.108626285,,Minutocellus polymorphus.9,Chromista,Ochrophyta,Coscinodiscophyceae,Coscinodiscales,Helminthophoraceae,Minutocellus,Minutocellus polymorphus
Saccharina,Pabay_15_7_22_1,Pabay,15_7_2022,15,7,2022,reads,36823.5,no,0.032587885,,Minutocellus polymorphus.20,Chromista,Ochrophyta,Coscinodiscophyceae,Coscinodiscales,Helminthophoraceae,Minutocellus,Minutocellus polymorphus
Saccharina,Pabay_15_7_22_1,Pabay,15_7_2022,15,7,2022,reads,36823.5,no,0.010862628,,Hyleoglomeris sp..1,Animalia,Arthropoda,Diplopoda,Glomerida,Glomeridae,Hyleoglomeris,Hyleoglomeris sp.
Saccharina,Pabay_15_7_22_1,Pabay,15_7_2022,15,7,2022,reads,36823.5,no,0.885304221,,Monostilifera sp..1,Animalia,Nemertea,Anopla,Monostilifera,Monostylifera,Monostilifera,Monostilifera sp.
Saccharina,Pabay_15_7_22_1,Pabay,15_7_2022,15,7,2022,reads,36823.5,no,0.111341942,,Monostilifera sp..2,Animalia,Nemertea,Anopla,Monostilifera,Monostylifera,Monostilifera,Monostilifera sp.
Saccharina,Pabay_15_7_22_1,Pabay,15_7_2022,15,7,2022,reads,36823.5,no,0.033945714,,Euchlanis dilatata.2,Animalia,Rotifera,Eurotatoria,Ploima,Euchlanidae,Euchlanis,Euchlanis dilatata
Saccharina,Pabay_15_7_22_1,Pabay,15_7_2022,15,7,2022,reads,36823.5,no,0.044808342,,invertebrate environmental sample,,,,,,,
Saccharina,Pabay_15_7_22_1,Pabay,15_7_2022,15,7,2022,reads,36823.5,no,0.259345255,,invertebrate environmental sample.1,,,,,,,
Alaria,Pabay_15_7_22_2,Pabay,15_7_2022,15,7,2022,reads,15381.5,Branchiopoda,20.09882001,,Evadne sp..1,Animalia,Arthropoda,Branchiopoda,Onychopoda,Podonidae,Evadne,Evadne sp.
Saccharina,Pabay_15_7_22_2,Pabay,15_7_2022,15,7,2022,reads,15381.5,Branchiopoda,20.09882001,,Evadne sp..1,Animalia,Arthropoda,Branchiopoda,Onychopoda,Podonidae,Evadne,Evadne sp.
Alaria,Pabay_15_7_22_2,Pabay,15_7_2022,15,7,2022,reads,15381.5,Copepoda,21.91268732,,Paracalanus parvus,Animalia,Arthropoda,Hexanauplia,Calanoida,Paracalanidae,Paracalanus,Paracalanus parvus
Alaria,Pabay_15_7_22_2,Pabay,15_7_2022,15,7,2022,reads,15381.5,Copepoda,0.162532913,,Paracalanus parvus.1,Animalia,Arthropoda,Hexanauplia,Calanoida,Paracalanidae,Paracalanus,Paracalanus parvus
Alaria,Pabay_15_7_22_2,Pabay,15_7_2022,15,7,2022,reads,15381.5,Copepoda,0.065013165,,Paracalanus parvus.2,Animalia,Arthropoda,Hexanauplia,Calanoida,Paracalanidae,Paracalanus,Paracalanus parvus
Alaria,Pabay_15_7_22_2,Pabay,15_7_2022,15,7,2022,reads,15381.5,Copepoda,0.061762507,,Paracalanus parvus.3,Animalia,Arthropoda,Hexanauplia,Calanoida,Paracalanidae,Paracalanus,Paracalanus parvus
Alaria,Pabay_15_7_22_2,Pabay,15_7_2022,15,7,2022,reads,15381.5,Copepoda,0.052010532,,Paracalanus parvus.4,Animalia,Arthropoda,Hexanauplia,Calanoida,Paracalanidae,Paracalanus,Paracalanus parvus
Alaria,Pabay_15_7_22_2,Pabay,15_7_2022,15,7,2022,reads,15381.5,Copepoda,0.048759874,,Paracalanus parvus.5,Animalia,Arthropoda,Hexanauplia,Calanoida,Paracalanidae,Paracalanus,Paracalanus parvus
Alaria,Pabay_15_7_22_2,Pabay,15_7_2022,15,7,2022,reads,15381.5,Copepoda,0.039007899,,Paracalanus parvus.6,Animalia,Arthropoda,Hexanauplia,Calanoida,Paracalanidae,Paracalanus,Paracalanus parvus
Alaria,Pabay_15_7_22_2,Pabay,15_7_2022,15,7,2022,reads,15381.5,Copepoda,0.032506583,,Paracalanus parvus.7,Animalia,Arthropoda,Hexanauplia,Calanoida,Paracalanidae,Paracalanus,Paracalanus parvus
Saccharina,Pabay_15_7_22_2,Pabay,15_7_2022,15,7,2022,reads,15381.5,Copepoda,21.91268732,,Paracalanus parvus,Animalia,Arthropoda,Hexanauplia,Calanoida,Paracalanidae,Paracalanus,Paracalanus parvus
Saccharina,Pabay_15_7_22_2,Pabay,15_7_2022,15,7,2022,reads,15381.5,Copepoda,0.162532913,,Paracalanus parvus.1,Animalia,Arthropoda,Hexanauplia,Calanoida,Paracalanidae,Paracalanus,Paracalanus parvus
Saccharina,Pabay_15_7_22_2,Pabay,15_7_2022,15,7,2022,reads,15381.5,Copepoda,0.065013165,,Paracalanus parvus.2,Animalia,Arthropoda,Hexanauplia,Calanoida,Paracalanidae,Paracalanus,Paracalanus parvus
Saccharina,Pabay_15_7_22_2,Pabay,15_7_2022,15,7,2022,reads,15381.5,Copepoda,0.061762507,,Paracalanus parvus.3,Animalia,Arthropoda,Hexanauplia,Calanoida,Paracalanidae,Paracalanus,Paracalanus parvus
Saccharina,Pabay_15_7_22_2,Pabay,15_7_2022,15,7,2022,reads,15381.5,Copepoda,0.052010532,,Paracalanus parvus.4,Animalia,Arthropoda,Hexanauplia,Calanoida,Paracalanidae,Paracalanus,Paracalanus parvus
Saccharina,Pabay_15_7_22_2,Pabay,15_7_2022,15,7,2022,reads,15381.5,Copepoda,0.048759874,,Paracalanus parvus.5,Animalia,Arthropoda,Hexanauplia,Calanoida,Paracalanidae,Paracalanus,Paracalanus parvus
Saccharina,Pabay_15_7_22_2,Pabay,15_7_2022,15,7,2022,reads,15381.5,Copepoda,0.039007899,,Paracalanus parvus.6,Animalia,Arthropoda,Hexanauplia,Calanoida,Paracalanidae,Paracalanus,Paracalanus parvus
Saccharina,Pabay_15_7_22_2,Pabay,15_7_2022,15,7,2022,reads,15381.5,Copepoda,0.032506583,,Paracalanus parvus.7,Animalia,Arthropoda,Hexanauplia,Calanoida,Paracalanidae,Paracalanus,Paracalanus parvus
Alaria,Pabay_15_7_22_2,Pabay,15_7_2022,15,7,2022,reads,15381.5,Gastropoda,0.068263823,,Antarctoneptunea aurora,Animalia,Mollusca,Gastropoda,Neogastropoda,Buccinidae,Antarctoneptunea,Antarctoneptunea aurora
Saccharina,Pabay_15_7_22_2,Pabay,15_7_2022,15,7,2022,reads,15381.5,Gastropoda,0.068263823,,Antarctoneptunea aurora,Animalia,Mollusca,Gastropoda,Neogastropoda,Buccinidae,Antarctoneptunea,Antarctoneptunea aurora
Alaria,Pabay_15_7_22_2,Pabay,15_7_2022,15,7,2022,reads,15381.5,Hydrozoa,0.081266456,,Garveia annulata.1,Animalia,Cnidaria,Hydrozoa,Anthoathecata,Bougainvilliidae,Garveia,Garveia annulata
Alaria,Pabay_15_7_22_2,Pabay,15_7_2022,15,7,2022,reads,15381.5,Hydrozoa,0.221044762,,Siphonophorae sp. NHM_339,Animalia,Cnidaria,Hydrozoa,Siphonophorae,Siphonophorae,Siphonophorae,Siphonophorae sp. NHM 339
Alaria,Pabay_15_7_22_2,Pabay,15_7_2022,15,7,2022,reads,15381.5,Hydrozoa,0.185287521,,Mitrocomella brownei,Animalia,Cnidaria,Hydrozoa,Leptothecata,Mitrocomidae,Mitrocomella,Mitrocomella brownei
Saccharina,Pabay_15_7_22_2,Pabay,15_7_2022,15,7,2022,reads,15381.5,Hydrozoa,0.081266456,,Garveia annulata.1,Animalia,Cnidaria,Hydrozoa,Anthoathecata,Bougainvilliidae,Garveia,Garveia annulata
Saccharina,Pabay_15_7_22_2,Pabay,15_7_2022,15,7,2022,reads,15381.5,Hydrozoa,0.221044762,,Siphonophorae sp. NHM_339,Animalia,Cnidaria,Hydrozoa,Siphonophorae,Siphonophorae,Siphonophorae,Siphonophorae sp. NHM 339
Saccharina,Pabay_15_7_22_2,Pabay,15_7_2022,15,7,2022,reads,15381.5,Hydrozoa,0.185287521,,Mitrocomella brownei,Animalia,Cnidaria,Hydrozoa,Leptothecata,Mitrocomidae,Mitrocomella,Mitrocomella brownei
Alaria,Pabay_15_7_22_2,Pabay,15_7_2022,15,7,2022,reads,15381.5,no,0.490849397,,Chrysochromulina tobinii,Chromista,Haptophyta,Coccolithophyceae,Prymnesiales,Chrysochromulinaceae,Chrysochromulina,Chrysochromulina tobinii
Alaria,Pabay_15_7_22_2,Pabay,15_7_2022,15,7,2022,reads,15381.5,no,0.05526119,,Chrysochromulina sp. NIES-1333,Eukaryota,Haptophyta,Prymnesiophyceae,Prymnesiales,Chrysochromulinaceae,Chrysochromulina,Chrysochromulina sp. NIES-1333
Alaria,Pabay_15_7_22_2,Pabay,15_7_2022,15,7,2022,reads,15381.5,no,0.029255924,,Phaeocystis globosa.1,Chromista,Haptophyta,Coccolithophyceae,Phaeocystales,Phaeocystaceae,Phaeocystis,Phaeocystis globosa
Alaria,Pabay_15_7_22_2,Pabay,15_7_2022,15,7,2022,reads,15381.5,no,0.100770406,,Octactis speculum,Chromista,Ochrophyta,Dictyochophyceae,Dictyochales,Dictyochaceae,Octactis,Octactis speculum
Alaria,Pabay_15_7_22_2,Pabay,15_7_2022,15,7,2022,reads,15381.5,no,0.052010532,,Octactis speculum.1,Chromista,Ochrophyta,Dictyochophyceae,Dictyochales,Dictyochaceae,Octactis,Octactis speculum
Alaria,Pabay_15_7_22_2,Pabay,15_7_2022,15,7,2022,reads,15381.5,no,0.240548711,,Ministeria vibrans,Opisthokonta,Holozoa,Filasterea,Ministeriida,Ministeriidae,Ministeria,Ministeria vibrans
Alaria,Pabay_15_7_22_2,Pabay,15_7_2022,15,7,2022,reads,15381.5,no,0.139778305,,Guinardia delicatula.2,Chromista,Ochrophyta,Coscinodiscophyceae,Rhizosoleniales,Rhizosoleniaceae,Guinardia,Guinardia delicatula
Alaria,Pabay_15_7_22_2,Pabay,15_7_2022,15,7,2022,reads,15381.5,no,0.315313851,,Minutocellus polymorphus.9,Chromista,Ochrophyta,Coscinodiscophyceae,Coscinodiscales,Helminthophoraceae,Minutocellus,Minutocellus polymorphus
Alaria,Pabay_15_7_22_2,Pabay,15_7_2022,15,7,2022,reads,15381.5,no,0.029255924,,Cassiopea xamachana,Animalia,Cnidaria,Scyphozoa,Rhizostomeae,Cassiopeidae,Cassiopea,Cassiopea xamachana
Alaria,Pabay_15_7_22_2,Pabay,15_7_2022,15,7,2022,reads,15381.5,no,0.045509216,,Cassiopea sp. PGNIMCP.1,,,,,,Cassiopea,Cassiopea sp. PGNIMCP
Alaria,Pabay_15_7_22_2,Pabay,15_7_2022,15,7,2022,reads,15381.5,no,0.315313851,,Thoosa mismalolli,Animalia,Porifera,Demospongiae,Clionaida,Clionaidae,Thoosa,Thoosa mismalolli
Alaria,Pabay_15_7_22_2,Pabay,15_7_2022,15,7,2022,reads,15381.5,no,0.217794103,,Monogononta sp. R35_CoastL,,,,,,Monogononta,Monogononta sp. R35 CoastL
Alaria,Pabay_15_7_22_2,Pabay,15_7_2022,15,7,2022,reads,15381.5,no,1.943893638,,invertebrate environmental sample,,,,,,,
Alaria,Pabay_15_7_22_2,Pabay,15_7_2022,15,7,2022,reads,15381.5,no,0.185287521,,invertebrate environmental sample.6,,,,,,,
Saccharina,Pabay_15_7_22_2,Pabay,15_7_2022,15,7,2022,reads,15381.5,no,0.490849397,,Chrysochromulina tobinii,Chromista,Haptophyta,Coccolithophyceae,Prymnesiales,Chrysochromulinaceae,Chrysochromulina,Chrysochromulina tobinii
Saccharina,Pabay_15_7_22_2,Pabay,15_7_2022,15,7,2022,reads,15381.5,no,0.05526119,,Chrysochromulina sp. NIES-1333,Eukaryota,Haptophyta,Prymnesiophyceae,Prymnesiales,Chrysochromulinaceae,Chrysochromulina,Chrysochromulina sp. NIES-1333
Saccharina,Pabay_15_7_22_2,Pabay,15_7_2022,15,7,2022,reads,15381.5,no,0.029255924,,Phaeocystis globosa.1,Chromista,Haptophyta,Coccolithophyceae,Phaeocystales,Phaeocystaceae,Phaeocystis,Phaeocystis globosa
Saccharina,Pabay_15_7_22_2,Pabay,15_7_2022,15,7,2022,reads,15381.5,no,0.100770406,,Octactis speculum,Chromista,Ochrophyta,Dictyochophyceae,Dictyochales,Dictyochaceae,Octactis,Octactis speculum
Saccharina,Pabay_15_7_22_2,Pabay,15_7_2022,15,7,2022,reads,15381.5,no,0.052010532,,Octactis speculum.1,Chromista,Ochrophyta,Dictyochophyceae,Dictyochales,Dictyochaceae,Octactis,Octactis speculum
Saccharina,Pabay_15_7_22_2,Pabay,15_7_2022,15,7,2022,reads,15381.5,no,0.240548711,,Ministeria vibrans,Opisthokonta,Holozoa,Filasterea,Ministeriida,Ministeriidae,Ministeria,Ministeria vibrans
Saccharina,Pabay_15_7_22_2,Pabay,15_7_2022,15,7,2022,reads,15381.5,no,0.139778305,,Guinardia delicatula.2,Chromista,Ochrophyta,Coscinodiscophyceae,Rhizosoleniales,Rhizosoleniaceae,Guinardia,Guinardia delicatula
Saccharina,Pabay_15_7_22_2,Pabay,15_7_2022,15,7,2022,reads,15381.5,no,0.315313851,,Minutocellus polymorphus.9,Chromista,Ochrophyta,Coscinodiscophyceae,Coscinodiscales,Helminthophoraceae,Minutocellus,Minutocellus polymorphus
Saccharina,Pabay_15_7_22_2,Pabay,15_7_2022,15,7,2022,reads,15381.5,no,0.029255924,,Cassiopea xamachana,Animalia,Cnidaria,Scyphozoa,Rhizostomeae,Cassiopeidae,Cassiopea,Cassiopea xamachana
Saccharina,Pabay_15_7_22_2,Pabay,15_7_2022,15,7,2022,reads,15381.5,no,0.045509216,,Cassiopea sp. PGNIMCP.1,,,,,,Cassiopea,Cassiopea sp. PGNIMCP
Saccharina,Pabay_15_7_22_2,Pabay,15_7_2022,15,7,2022,reads,15381.5,no,0.315313851,,Thoosa mismalolli,Animalia,Porifera,Demospongiae,Clionaida,Clionaidae,Thoosa,Thoosa mismalolli
Saccharina,Pabay_15_7_22_2,Pabay,15_7_2022,15,7,2022,reads,15381.5,no,0.217794103,,Monogononta sp. R35_CoastL,,,,,,Monogononta,Monogononta sp. R35 CoastL
Saccharina,Pabay_15_7_22_2,Pabay,15_7_2022,15,7,2022,reads,15381.5,no,1.943893638,,invertebrate environmental sample,,,,,,,
Saccharina,Pabay_15_7_22_2,Pabay,15_7_2022,15,7,2022,reads,15381.5,no,0.185287521,,invertebrate environmental sample.6,,,,,,,
Alaria,Pabay_15_7_22_2,Pabay,15_7_2022,15,7,2022,reads,15381.5,Polychaet,5.474108507,,Prionospio fallax,Animalia,Annelida,Polychaeta,Spionida,Spionidae,Prionospio,Prionospio fallax
Saccharina,Pabay_15_7_22_2,Pabay,15_7_2022,15,7,2022,reads,15381.5,Polychaet,5.474108507,,Prionospio fallax,Animalia,Annelida,Polychaeta,Spionida,Spionidae,Prionospio,Prionospio fallax
Alaria,Pabay_15_7_22_3,Pabay,15_7_2022,15,7,2022,reads,31703.5,Gastropoda,0.097781002,,Siphonaria pectinata,Animalia,Mollusca,Gastropoda,Siphonariida,Siphonariidae,Siphonaria,Siphonaria pectinata
Alaria,Pabay_15_7_22_3,Pabay,15_7_2022,15,7,2022,reads,31703.5,Gastropoda,0.006308452,,Bulinus nasutus,Animalia,Mollusca,Gastropoda,Hygrophila,Planorbidae,Bulinus,Bulinus nasutus
Saccharina,Pabay_15_7_22_3,Pabay,15_7_2022,15,7,2022,reads,31703.5,Gastropoda,0.097781002,,Siphonaria pectinata,Animalia,Mollusca,Gastropoda,Siphonariida,Siphonariidae,Siphonaria,Siphonaria pectinata
Saccharina,Pabay_15_7_22_3,Pabay,15_7_2022,15,7,2022,reads,31703.5,Gastropoda,0.006308452,,Bulinus nasutus,Animalia,Mollusca,Gastropoda,Hygrophila,Planorbidae,Bulinus,Bulinus nasutus
Alaria,Pabay_15_7_22_3,Pabay,15_7_2022,15,7,2022,reads,31703.5,no,0.014194016,,Skeletonema menzelii,Chromista,Ochrophyta,Bacillariophyceae,Thalassiosirales,Skeletonemataceae,Skeletonema,Skeletonema menzelii
Alaria,Pabay_15_7_22_3,Pabay,15_7_2022,15,7,2022,reads,31703.5,no,0.588263126,,Minutocellus polymorphus.7,Chromista,Ochrophyta,Coscinodiscophyceae,Coscinodiscales,Helminthophoraceae,Minutocellus,Minutocellus polymorphus
Alaria,Pabay_15_7_22_3,Pabay,15_7_2022,15,7,2022,reads,31703.5,no,0.249183844,,Ditylum brightwellii.3,Chromista,Ochrophyta,Coscinodiscophyceae,Rhizosoleniales,Lithodesmiaceae,Ditylum,Ditylum brightwellii
Alaria,Pabay_15_7_22_3,Pabay,15_7_2022,15,7,2022,reads,31703.5,no,0.047313388,,Minutocellus polymorphus.9,Chromista,Ochrophyta,Coscinodiscophyceae,Coscinodiscales,Helminthophoraceae,Minutocellus,Minutocellus polymorphus
Alaria,Pabay_15_7_22_3,Pabay,15_7_2022,15,7,2022,reads,31703.5,no,0.234989828,,Cernosvitoviella minor,Animalia,Annelida,Clitellata,Enchytraeida,Enchytraeidae,Cernosvitoviella,Cernosvitoviella minor
Alaria,Pabay_15_7_22_3,Pabay,15_7_2022,15,7,2022,reads,31703.5,no,0.006308452,,Edwardsia timida,Animalia,Cnidaria,Anthozoa,Actiniaria,Edwardsiidae,Edwardsia,Edwardsia timida
Alaria,Pabay_15_7_22_3,Pabay,15_7_2022,15,7,2022,reads,31703.5,no,0.189253552,,Monostilifera sp..2,Animalia,Nemertea,Anopla,Monostilifera,Monostylifera,Monostilifera,Monostilifera sp.
Alaria,Pabay_15_7_22_3,Pabay,15_7_2022,15,7,2022,reads,31703.5,no,0.321731039,,Polyarthra major,Animalia,Rotifera,Eurotatoria,Ploima,Synchaetidae,Polyarthra,Polyarthra major
Alaria,Pabay_15_7_22_3,Pabay,15_7_2022,15,7,2022,reads,31703.5,no,0.119860583,,Euchlanis dilatata.1,Animalia,Rotifera,Eurotatoria,Ploima,Euchlanidae,Euchlanis,Euchlanis dilatata
Alaria,Pabay_15_7_22_3,Pabay,15_7_2022,15,7,2022,reads,31703.5,no,0.34381062,,invertebrate environmental sample,,,,,,,
Alaria,Pabay_15_7_22_3,Pabay,15_7_2022,15,7,2022,reads,31703.5,no,1.146561105,,invertebrate environmental sample.1,,,,,,,
Alaria,Pabay_15_7_22_3,Pabay,15_7_2022,15,7,2022,reads,31703.5,no,0.011039791,,invertebrate environmental sample.28,,,,,,,
Saccharina,Pabay_15_7_22_3,Pabay,15_7_2022,15,7,2022,reads,31703.5,no,0.014194016,,Skeletonema menzelii,Chromista,Ochrophyta,Bacillariophyceae,Thalassiosirales,Skeletonemataceae,Skeletonema,Skeletonema menzelii
Saccharina,Pabay_15_7_22_3,Pabay,15_7_2022,15,7,2022,reads,31703.5,no,0.588263126,,Minutocellus polymorphus.7,Chromista,Ochrophyta,Coscinodiscophyceae,Coscinodiscales,Helminthophoraceae,Minutocellus,Minutocellus polymorphus
Saccharina,Pabay_15_7_22_3,Pabay,15_7_2022,15,7,2022,reads,31703.5,no,0.249183844,,Ditylum brightwellii.3,Chromista,Ochrophyta,Coscinodiscophyceae,Rhizosoleniales,Lithodesmiaceae,Ditylum,Ditylum brightwellii
Saccharina,Pabay_15_7_22_3,Pabay,15_7_2022,15,7,2022,reads,31703.5,no,0.047313388,,Minutocellus polymorphus.9,Chromista,Ochrophyta,Coscinodiscophyceae,Coscinodiscales,Helminthophoraceae,Minutocellus,Minutocellus polymorphus
Saccharina,Pabay_15_7_22_3,Pabay,15_7_2022,15,7,2022,reads,31703.5,no,0.234989828,,Cernosvitoviella minor,Animalia,Annelida,Clitellata,Enchytraeida,Enchytraeidae,Cernosvitoviella,Cernosvitoviella minor
Saccharina,Pabay_15_7_22_3,Pabay,15_7_2022,15,7,2022,reads,31703.5,no,0.006308452,,Edwardsia timida,Animalia,Cnidaria,Anthozoa,Actiniaria,Edwardsiidae,Edwardsia,Edwardsia timida
Saccharina,Pabay_15_7_22_3,Pabay,15_7_2022,15,7,2022,reads,31703.5,no,0.189253552,,Monostilifera sp..2,Animalia,Nemertea,Anopla,Monostilifera,Monostylifera,Monostilifera,Monostilifera sp.
Saccharina,Pabay_15_7_22_3,Pabay,15_7_2022,15,7,2022,reads,31703.5,no,0.321731039,,Polyarthra major,Animalia,Rotifera,Eurotatoria,Ploima,Synchaetidae,Polyarthra,Polyarthra major
Saccharina,Pabay_15_7_22_3,Pabay,15_7_2022,15,7,2022,reads,31703.5,no,0.119860583,,Euchlanis dilatata.1,Animalia,Rotifera,Eurotatoria,Ploima,Euchlanidae,Euchlanis,Euchlanis dilatata
Saccharina,Pabay_15_7_22_3,Pabay,15_7_2022,15,7,2022,reads,31703.5,no,0.34381062,,invertebrate environmental sample,,,,,,,
Saccharina,Pabay_15_7_22_3,Pabay,15_7_2022,15,7,2022,reads,31703.5,no,1.146561105,,invertebrate environmental sample.1,,,,,,,
Saccharina,Pabay_15_7_22_3,Pabay,15_7_2022,15,7,2022,reads,31703.5,no,0.011039791,,invertebrate environmental sample.28,,,,,,,
Alaria,Pabay_16_9_21_1,Pabay,16_9_2021,16,9,2021,reads,16711.5,no,0.020943662,,Emiliania huxleyi,Chromista,Haptophyta,Coccolithophyceae,Isochrysidales,Noelaerhabdaceae,Emiliania,Emiliania huxleyi
Alaria,Pabay_16_9_21_1,Pabay,16_9_2021,16,9,2021,reads,16711.5,no,0.463752506,,Skeletonema menzelii,Chromista,Ochrophyta,Bacillariophyceae,Thalassiosirales,Skeletonemataceae,Skeletonema,Skeletonema menzelii
Alaria,Pabay_16_9_21_1,Pabay,16_9_2021,16,9,2021,reads,16711.5,no,0.038895371,,Cyclotella cryptica,Chromista,Ochrophyta,Mediophyceae,Thalassiosirales,Stephanodiscaceae,Cyclotella,Cyclotella cryptica
Alaria,Pabay_16_9_21_1,Pabay,16_9_2021,16,9,2021,reads,16711.5,no,0.338090536,,Minutocellus polymorphus.7,Chromista,Ochrophyta,Coscinodiscophyceae,Coscinodiscales,Helminthophoraceae,Minutocellus,Minutocellus polymorphus
Alaria,Pabay_16_9_21_1,Pabay,16_9_2021,16,9,2021,reads,16711.5,no,0.284235407,,Minutocellus polymorphus.10,Chromista,Ochrophyta,Coscinodiscophyceae,Coscinodiscales,Helminthophoraceae,Minutocellus,Minutocellus polymorphus
Saccharina,Pabay_16_9_21_1,Pabay,16_9_2021,16,9,2021,reads,16711.5,no,0.020943662,,Emiliania huxleyi,Chromista,Haptophyta,Coccolithophyceae,Isochrysidales,Noelaerhabdaceae,Emiliania,Emiliania huxleyi
Saccharina,Pabay_16_9_21_1,Pabay,16_9_2021,16,9,2021,reads,16711.5,no,0.463752506,,Skeletonema menzelii,Chromista,Ochrophyta,Bacillariophyceae,Thalassiosirales,Skeletonemataceae,Skeletonema,Skeletonema menzelii
Saccharina,Pabay_16_9_21_1,Pabay,16_9_2021,16,9,2021,reads,16711.5,no,0.038895371,,Cyclotella cryptica,Chromista,Ochrophyta,Mediophyceae,Thalassiosirales,Stephanodiscaceae,Cyclotella,Cyclotella cryptica
Saccharina,Pabay_16_9_21_1,Pabay,16_9_2021,16,9,2021,reads,16711.5,no,0.338090536,,Minutocellus polymorphus.7,Chromista,Ochrophyta,Coscinodiscophyceae,Coscinodiscales,Helminthophoraceae,Minutocellus,Minutocellus polymorphus
Saccharina,Pabay_16_9_21_1,Pabay,16_9_2021,16,9,2021,reads,16711.5,no,0.284235407,,Minutocellus polymorphus.10,Chromista,Ochrophyta,Coscinodiscophyceae,Coscinodiscales,Helminthophoraceae,Minutocellus,Minutocellus polymorphus
Alaria,Pabay_16_9_21_2,Pabay,16_9_2021,16,9,2021,reads,12941.5,Copepoda,0.115906193,,Paracalanus parvus,Animalia,Arthropoda,Hexanauplia,Calanoida,Paracalanidae,Paracalanus,Paracalanus parvus
Saccharina,Pabay_16_9_21_2,Pabay,16_9_2021,16,9,2021,reads,12941.5,Copepoda,0.115906193,,Paracalanus parvus,Animalia,Arthropoda,Hexanauplia,Calanoida,Paracalanidae,Paracalanus,Paracalanus parvus
Alaria,Pabay_16_9_21_2,Pabay,16_9_2021,16,9,2021,reads,12941.5,Gastropoda,0.583394506,,Steromphala cineraria,Animalia,Mollusca,Gastropoda,Trochida,Trochidae,Steromphala,Steromphala cineraria
Saccharina,Pabay_16_9_21_2,Pabay,16_9_2021,16,9,2021,reads,12941.5,Gastropoda,0.583394506,,Steromphala cineraria,Animalia,Mollusca,Gastropoda,Trochida,Trochidae,Steromphala,Steromphala cineraria
Alaria,Pabay_16_9_21_2,Pabay,16_9_2021,16,9,2021,reads,12941.5,no,0.011590619,,Skeletonema menzelii,Chromista,Ochrophyta,Bacillariophyceae,Thalassiosirales,Skeletonemataceae,Skeletonema,Skeletonema menzelii
Alaria,Pabay_16_9_21_2,Pabay,16_9_2021,16,9,2021,reads,12941.5,no,0.011590619,,Microchloropsis salina,Chromista,Ochrophyta,Eustigmatophyceae,Eustigmatales,Monodopsidaceae,Microchloropsis,Microchloropsis salina
Alaria,Pabay_16_9_21_2,Pabay,16_9_2021,16,9,2021,reads,12941.5,no,0.030908318,,Minutocellus polymorphus.7,Chromista,Ochrophyta,Coscinodiscophyceae,Coscinodiscales,Helminthophoraceae,Minutocellus,Minutocellus polymorphus
Alaria,Pabay_16_9_21_2,Pabay,16_9_2021,16,9,2021,reads,12941.5,no,3.593091991,,Monostilifera sp.,Animalia,Nemertea,Anopla,Monostilifera,Monostylifera,Monostilifera,Monostilifera sp.
Saccharina,Pabay_16_9_21_2,Pabay,16_9_2021,16,9,2021,reads,12941.5,no,0.011590619,,Skeletonema menzelii,Chromista,Ochrophyta,Bacillariophyceae,Thalassiosirales,Skeletonemataceae,Skeletonema,Skeletonema menzelii
Saccharina,Pabay_16_9_21_2,Pabay,16_9_2021,16,9,2021,reads,12941.5,no,0.011590619,,Microchloropsis salina,Chromista,Ochrophyta,Eustigmatophyceae,Eustigmatales,Monodopsidaceae,Microchloropsis,Microchloropsis salina
Saccharina,Pabay_16_9_21_2,Pabay,16_9_2021,16,9,2021,reads,12941.5,no,0.030908318,,Minutocellus polymorphus.7,Chromista,Ochrophyta,Coscinodiscophyceae,Coscinodiscales,Helminthophoraceae,Minutocellus,Minutocellus polymorphus
Saccharina,Pabay_16_9_21_2,Pabay,16_9_2021,16,9,2021,reads,12941.5,no,3.593091991,,Monostilifera sp.,Animalia,Nemertea,Anopla,Monostilifera,Monostylifera,Monostilifera,Monostilifera sp.
Alaria,Pabay_16_9_21_3,Pabay,16_9_2021,16,9,2021,reads,6499,no,0.038467457,,Skeletonema menzelii,Chromista,Ochrophyta,Bacillariophyceae,Thalassiosirales,Skeletonemataceae,Skeletonema,Skeletonema menzelii
Alaria,Pabay_16_9_21_3,Pabay,16_9_2021,16,9,2021,reads,6499,no,0.100015387,,Minutocellus polymorphus.7,Chromista,Ochrophyta,Coscinodiscophyceae,Coscinodiscales,Helminthophoraceae,Minutocellus,Minutocellus polymorphus
Alaria,Pabay_16_9_21_3,Pabay,16_9_2021,16,9,2021,reads,6499,no,0.084628404,,Minutocellus polymorphus.10,Chromista,Ochrophyta,Coscinodiscophyceae,Coscinodiscales,Helminthophoraceae,Minutocellus,Minutocellus polymorphus
Alaria,Pabay_16_9_21_3,Pabay,16_9_2021,16,9,2021,reads,6499,no,10.40160025,,Nesometra sp. i GP-2023,Animalia,Echinodermata,Crinoidea,Comatulida,Mariametridae,Nesometra,Nesometra sp. i GP-2023
Saccharina,Pabay_16_9_21_3,Pabay,16_9_2021,16,9,2021,reads,6499,no,0.038467457,,Skeletonema menzelii,Chromista,Ochrophyta,Bacillariophyceae,Thalassiosirales,Skeletonemataceae,Skeletonema,Skeletonema menzelii
Saccharina,Pabay_16_9_21_3,Pabay,16_9_2021,16,9,2021,reads,6499,no,0.100015387,,Minutocellus polymorphus.7,Chromista,Ochrophyta,Coscinodiscophyceae,Coscinodiscales,Helminthophoraceae,Minutocellus,Minutocellus polymorphus
Saccharina,Pabay_16_9_21_3,Pabay,16_9_2021,16,9,2021,reads,6499,no,0.084628404,,Minutocellus polymorphus.10,Chromista,Ochrophyta,Coscinodiscophyceae,Coscinodiscales,Helminthophoraceae,Minutocellus,Minutocellus polymorphus
Saccharina,Pabay_16_9_21_3,Pabay,16_9_2021,16,9,2021,reads,6499,no,10.40160025,,Nesometra sp. i GP-2023,Animalia,Echinodermata,Crinoidea,Comatulida,Mariametridae,Nesometra,Nesometra sp. i GP-2023
Alaria,Pabay_21_12_21_1,Pabay,21_12_2021,21,12,2021,reads,598.5,no,0.501253133,,Thalassionema nitzschioides,Chromista,Ochrophyta,Bacillariophyceae,Thalassionematales,Thalassionemataceae,Thalassionema,Thalassionema nitzschioides
Saccharina,Pabay_21_12_21_1,Pabay,21_12_2021,21,12,2021,reads,598.5,no,0.501253133,,Thalassionema nitzschioides,Chromista,Ochrophyta,Bacillariophyceae,Thalassionematales,Thalassionemataceae,Thalassionema,Thalassionema nitzschioides
Alaria,Pabay_21_12_21_2,Pabay,21_12_2021,21,12,2021,reads,624,Hydrozoa,0.480769231,,Aglaophenia tubulifera,Animalia,Cnidaria,Hydrozoa,Leptothecata,Aglaopheniidae,Aglaophenia,Aglaophenia tubulifera
Saccharina,Pabay_21_12_21_2,Pabay,21_12_2021,21,12,2021,reads,624,Hydrozoa,0.480769231,,Aglaophenia tubulifera,Animalia,Cnidaria,Hydrozoa,Leptothecata,Aglaopheniidae,Aglaophenia,Aglaophenia tubulifera
Alaria,Pabay_21_12_21_2,Pabay,21_12_2021,21,12,2021,reads,624,no,0.961538462,,Skeletonema menzelii,Chromista,Ochrophyta,Bacillariophyceae,Thalassiosirales,Skeletonemataceae,Skeletonema,Skeletonema menzelii
Alaria,Pabay_21_12_21_2,Pabay,21_12_2021,21,12,2021,reads,624,no,3.365384615,,Thalassionema nitzschioides,Chromista,Ochrophyta,Bacillariophyceae,Thalassionematales,Thalassionemataceae,Thalassionema,Thalassionema nitzschioides
Saccharina,Pabay_21_12_21_2,Pabay,21_12_2021,21,12,2021,reads,624,no,0.961538462,,Skeletonema menzelii,Chromista,Ochrophyta,Bacillariophyceae,Thalassiosirales,Skeletonemataceae,Skeletonema,Skeletonema menzelii
Saccharina,Pabay_21_12_21_2,Pabay,21_12_2021,21,12,2021,reads,624,no,3.365384615,,Thalassionema nitzschioides,Chromista,Ochrophyta,Bacillariophyceae,Thalassionematales,Thalassionemataceae,Thalassionema,Thalassionema nitzschioides
Alaria,Pabay_21_12_21_3,Pabay,21_12_2021,21,12,2021,reads,7662.5,Gastropoda,0.019575856,,Ercolania sp. KH-2011.1,Animalia,Mollusca,Gastropoda,Sacoglossa,Limapontiidae,Ercolania,Ercolania sp. KH-2011
Saccharina,Pabay_21_12_21_3,Pabay,21_12_2021,21,12,2021,reads,7662.5,Gastropoda,0.019575856,,Ercolania sp. KH-2011.1,Animalia,Mollusca,Gastropoda,Sacoglossa,Limapontiidae,Ercolania,Ercolania sp. KH-2011
Alaria,Pabay_21_12_21_3,Pabay,21_12_2021,21,12,2021,reads,7662.5,no,0.045676998,,Minutocellus polymorphus.5,Chromista,Ochrophyta,Coscinodiscophyceae,Coscinodiscales,Helminthophoraceae,Minutocellus,Minutocellus polymorphus
Alaria,Pabay_21_12_21_3,Pabay,21_12_2021,21,12,2021,reads,7662.5,no,0.019575856,,Pseudochattonella farcimen.1,Chromista,Ochrophyta,Dictyochophyceae,Dictyochales,Chattonellaceae,Pseudochattonella,Pseudochattonella farcimen
Saccharina,Pabay_21_12_21_3,Pabay,21_12_2021,21,12,2021,reads,7662.5,no,0.045676998,,Minutocellus polymorphus.5,Chromista,Ochrophyta,Coscinodiscophyceae,Coscinodiscales,Helminthophoraceae,Minutocellus,Minutocellus polymorphus
Saccharina,Pabay_21_12_21_3,Pabay,21_12_2021,21,12,2021,reads,7662.5,no,0.019575856,,Pseudochattonella farcimen.1,Chromista,Ochrophyta,Dictyochophyceae,Dictyochales,Chattonellaceae,Pseudochattonella,Pseudochattonella farcimen
Alaria,Pabay_21_3_22_1,Pabay,21_3_2022,21,3,2022,reads,1093,Hydrozoa,0.091491308,,Botrynema brucei,Animalia,Cnidaria,Hydrozoa,Trachylina,Halicreatidae,Botrynema,Botrynema brucei
Saccharina,Pabay_21_3_22_1,Pabay,21_3_2022,21,3,2022,reads,1093,Hydrozoa,0.091491308,,Botrynema brucei,Animalia,Cnidaria,Hydrozoa,Trachylina,Halicreatidae,Botrynema,Botrynema brucei
Alaria,Pabay_21_3_22_1,Pabay,21_3_2022,21,3,2022,reads,1093,no,3.934126258,,Skeletonema marinoi,Chromista,Ochrophyta,Bacillariophyceae,Thalassiosirales,Skeletonemataceae,Skeletonema,Skeletonema marinoi
Alaria,Pabay_21_3_22_1,Pabay,21_3_2022,21,3,2022,reads,1093,no,0.594693504,,Skeletonema menzelii.3,Chromista,Ochrophyta,Bacillariophyceae,Thalassiosirales,Skeletonemataceae,Skeletonema,Skeletonema menzelii
Alaria,Pabay_21_3_22_1,Pabay,21_3_2022,21,3,2022,reads,1093,no,0.960658737,,Lithodesmium undulatum.3,Chromista,Ochrophyta,Coscinodiscophyceae,Rhizosoleniales,Lithodesmiaceae,Lithodesmium,Lithodesmium undulatum
Alaria,Pabay_21_3_22_1,Pabay,21_3_2022,21,3,2022,reads,1093,no,0.54894785,,Urodasys sp. 114a.6,Animalia,Gastrotricha,Macrodasyida,Macrodasyoidea,Urodasidae,Urodasys,Urodasys sp. 114a
Alaria,Pabay_21_3_22_1,Pabay,21_3_2022,21,3,2022,reads,1093,no,0.457456542,,Urodasys sp. 114a.7,Animalia,Gastrotricha,Macrodasyida,Macrodasyoidea,Urodasidae,Urodasys,Urodasys sp. 114a
Alaria,Pabay_21_3_22_1,Pabay,21_3_2022,21,3,2022,reads,1093,no,20.31107045,,invertebrate environmental sample,,,,,,,
Saccharina,Pabay_21_3_22_1,Pabay,21_3_2022,21,3,2022,reads,1093,no,3.934126258,,Skeletonema marinoi,Chromista,Ochrophyta,Bacillariophyceae,Thalassiosirales,Skeletonemataceae,Skeletonema,Skeletonema marinoi
Saccharina,Pabay_21_3_22_1,Pabay,21_3_2022,21,3,2022,reads,1093,no,0.594693504,,Skeletonema menzelii.3,Chromista,Ochrophyta,Bacillariophyceae,Thalassiosirales,Skeletonemataceae,Skeletonema,Skeletonema menzelii
Saccharina,Pabay_21_3_22_1,Pabay,21_3_2022,21,3,2022,reads,1093,no,0.960658737,,Lithodesmium undulatum.3,Chromista,Ochrophyta,Coscinodiscophyceae,Rhizosoleniales,Lithodesmiaceae,Lithodesmium,Lithodesmium undulatum
Saccharina,Pabay_21_3_22_1,Pabay,21_3_2022,21,3,2022,reads,1093,no,0.54894785,,Urodasys sp. 114a.6,Animalia,Gastrotricha,Macrodasyida,Macrodasyoidea,Urodasidae,Urodasys,Urodasys sp. 114a
Saccharina,Pabay_21_3_22_1,Pabay,21_3_2022,21,3,2022,reads,1093,no,0.457456542,,Urodasys sp. 114a.7,Animalia,Gastrotricha,Macrodasyida,Macrodasyoidea,Urodasidae,Urodasys,Urodasys sp. 114a
Saccharina,Pabay_21_3_22_1,Pabay,21_3_2022,21,3,2022,reads,1093,no,20.31107045,,invertebrate environmental sample,,,,,,,
Alaria,Pabay_21_3_22_2,Pabay,21_3_2022,21,3,2022,reads,2658,Copepoda,2.445447705,,Temora sp.,Animalia,Arthropoda,Hexanauplia,Calanoida,Temoridae,Temora,Temora sp.
Saccharina,Pabay_21_3_22_2,Pabay,21_3_2022,21,3,2022,reads,2658,Copepoda,2.445447705,,Temora sp.,Animalia,Arthropoda,Hexanauplia,Calanoida,Temoridae,Temora,Temora sp.
Alaria,Pabay_21_3_22_2,Pabay,21_3_2022,21,3,2022,reads,2658,Hydrozoa,2.878103837,,Clytia sp. 2 AFC-2016,Animalia,Cnidaria,Hydrozoa,Leptothecata,Campanulariidae,Clytia,Clytia sp. 2 AFC-2016
Alaria,Pabay_21_3_22_2,Pabay,21_3_2022,21,3,2022,reads,2658,Hydrozoa,0.808878856,,Maresearsia praeclara,Animalia,Cnidaria,Hydrozoa,Anthoathecata,Corynidae,Maresearsia,Maresearsia praeclara
Saccharina,Pabay_21_3_22_2,Pabay,21_3_2022,21,3,2022,reads,2658,Hydrozoa,2.878103837,,Clytia sp. 2 AFC-2016,Animalia,Cnidaria,Hydrozoa,Leptothecata,Campanulariidae,Clytia,Clytia sp. 2 AFC-2016
Saccharina,Pabay_21_3_22_2,Pabay,21_3_2022,21,3,2022,reads,2658,Hydrozoa,0.808878856,,Maresearsia praeclara,Animalia,Cnidaria,Hydrozoa,Anthoathecata,Corynidae,Maresearsia,Maresearsia praeclara
Alaria,Pabay_21_3_22_2,Pabay,21_3_2022,21,3,2022,reads,2658,no,2.91572611,,Lithodesmium undulatum.3,Chromista,Ochrophyta,Coscinodiscophyceae,Rhizosoleniales,Lithodesmiaceae,Lithodesmium,Lithodesmium undulatum
Alaria,Pabay_21_3_22_2,Pabay,21_3_2022,21,3,2022,reads,2658,no,1.918735892,,Urodasys sp. 114a.6,Animalia,Gastrotricha,Macrodasyida,Macrodasyoidea,Urodasidae,Urodasys,Urodasys sp. 114a
Saccharina,Pabay_21_3_22_2,Pabay,21_3_2022,21,3,2022,reads,2658,no,2.91572611,,Lithodesmium undulatum.3,Chromista,Ochrophyta,Coscinodiscophyceae,Rhizosoleniales,Lithodesmiaceae,Lithodesmium,Lithodesmium undulatum
Saccharina,Pabay_21_3_22_2,Pabay,21_3_2022,21,3,2022,reads,2658,no,1.918735892,,Urodasys sp. 114a.6,Animalia,Gastrotricha,Macrodasyida,Macrodasyoidea,Urodasidae,Urodasys,Urodasys sp. 114a
Alaria,Pabay_21_3_22_3,Pabay,21_3_2022,21,3,2022,reads,2908.5,Hydrozoa,4.813477738,,Maresearsia praeclara,Animalia,Cnidaria,Hydrozoa,Anthoathecata,Corynidae,Maresearsia,Maresearsia praeclara
Saccharina,Pabay_21_3_22_3,Pabay,21_3_2022,21,3,2022,reads,2908.5,Hydrozoa,4.813477738,,Maresearsia praeclara,Animalia,Cnidaria,Hydrozoa,Anthoathecata,Corynidae,Maresearsia,Maresearsia praeclara
Alaria,Pabay_21_3_22_3,Pabay,21_3_2022,21,3,2022,reads,2908.5,no,0.53292075,,Skeletonema marinoi,Chromista,Ochrophyta,Bacillariophyceae,Thalassiosirales,Skeletonemataceae,Skeletonema,Skeletonema marinoi
Alaria,Pabay_21_3_22_3,Pabay,21_3_2022,21,3,2022,reads,2908.5,no,0.154718927,,Skeletonema menzelii.3,Chromista,Ochrophyta,Bacillariophyceae,Thalassiosirales,Skeletonemataceae,Skeletonema,Skeletonema menzelii
Alaria,Pabay_21_3_22_3,Pabay,21_3_2022,21,3,2022,reads,2908.5,no,0.257864879,,Thalassionema nitzschioides,Chromista,Ochrophyta,Bacillariophyceae,Thalassionematales,Thalassionemataceae,Thalassionema,Thalassionema nitzschioides
Alaria,Pabay_21_3_22_3,Pabay,21_3_2022,21,3,2022,reads,2908.5,no,0.240673887,,Ditylum brightwellii.4,Chromista,Ochrophyta,Coscinodiscophyceae,Rhizosoleniales,Lithodesmiaceae,Ditylum,Ditylum brightwellii
Alaria,Pabay_21_3_22_3,Pabay,21_3_2022,21,3,2022,reads,2908.5,no,0.309437855,,Cassiopea xamachana,Animalia,Cnidaria,Scyphozoa,Rhizostomeae,Cassiopeidae,Cassiopea,Cassiopea xamachana
Alaria,Pabay_21_3_22_3,Pabay,21_3_2022,21,3,2022,reads,2908.5,no,0.395392814,,Urodasys sp. 114a.1,Animalia,Gastrotricha,Macrodasyida,Macrodasyoidea,Urodasidae,Urodasys,Urodasys sp. 114a
Alaria,Pabay_21_3_22_3,Pabay,21_3_2022,21,3,2022,reads,2908.5,no,0.80797662,,Urodasys sp. 114a.6,Animalia,Gastrotricha,Macrodasyida,Macrodasyoidea,Urodasidae,Urodasys,Urodasys sp. 114a
Alaria,Pabay_21_3_22_3,Pabay,21_3_2022,21,3,2022,reads,2908.5,no,0.464156782,,Urodasys sp. 114a.11,Animalia,Gastrotricha,Macrodasyida,Macrodasyoidea,Urodasidae,Urodasys,Urodasys sp. 114a
Alaria,Pabay_21_3_22_3,Pabay,21_3_2022,21,3,2022,reads,2908.5,no,0.36101083,,Urodasys sp. 114a.12,Animalia,Gastrotricha,Macrodasyida,Macrodasyoidea,Urodasidae,Urodasys,Urodasys sp. 114a
Alaria,Pabay_21_3_22_3,Pabay,21_3_2022,21,3,2022,reads,2908.5,no,0.292246863,,Urodasys sp. 114a.14,Animalia,Gastrotricha,Macrodasyida,Macrodasyoidea,Urodasidae,Urodasys,Urodasys sp. 114a
Alaria,Pabay_21_3_22_3,Pabay,21_3_2022,21,3,2022,reads,2908.5,no,0.068763968,,Urodasys sp. 114a.25,Animalia,Gastrotricha,Macrodasyida,Macrodasyoidea,Urodasidae,Urodasys,Urodasys sp. 114a
Alaria,Pabay_21_3_22_3,Pabay,21_3_2022,21,3,2022,reads,2908.5,no,0.051572976,,Monostilifera sp..6,Animalia,Nemertea,Anopla,Monostilifera,Monostylifera,Monostilifera,Monostilifera sp.
Alaria,Pabay_21_3_22_3,Pabay,21_3_2022,21,3,2022,reads,2908.5,no,25.04727523,,invertebrate environmental sample,,,,,,,
Saccharina,Pabay_21_3_22_3,Pabay,21_3_2022,21,3,2022,reads,2908.5,no,0.53292075,,Skeletonema marinoi,Chromista,Ochrophyta,Bacillariophyceae,Thalassiosirales,Skeletonemataceae,Skeletonema,Skeletonema marinoi
Saccharina,Pabay_21_3_22_3,Pabay,21_3_2022,21,3,2022,reads,2908.5,no,0.154718927,,Skeletonema menzelii.3,Chromista,Ochrophyta,Bacillariophyceae,Thalassiosirales,Skeletonemataceae,Skeletonema,Skeletonema menzelii
Saccharina,Pabay_21_3_22_3,Pabay,21_3_2022,21,3,2022,reads,2908.5,no,0.257864879,,Thalassionema nitzschioides,Chromista,Ochrophyta,Bacillariophyceae,Thalassionematales,Thalassionemataceae,Thalassionema,Thalassionema nitzschioides
Saccharina,Pabay_21_3_22_3,Pabay,21_3_2022,21,3,2022,reads,2908.5,no,0.240673887,,Ditylum brightwellii.4,Chromista,Ochrophyta,Coscinodiscophyceae,Rhizosoleniales,Lithodesmiaceae,Ditylum,Ditylum brightwellii
Saccharina,Pabay_21_3_22_3,Pabay,21_3_2022,21,3,2022,reads,2908.5,no,0.309437855,,Cassiopea xamachana,Animalia,Cnidaria,Scyphozoa,Rhizostomeae,Cassiopeidae,Cassiopea,Cassiopea xamachana
Saccharina,Pabay_21_3_22_3,Pabay,21_3_2022,21,3,2022,reads,2908.5,no,0.395392814,,Urodasys sp. 114a.1,Animalia,Gastrotricha,Macrodasyida,Macrodasyoidea,Urodasidae,Urodasys,Urodasys sp. 114a
Saccharina,Pabay_21_3_22_3,Pabay,21_3_2022,21,3,2022,reads,2908.5,no,0.80797662,,Urodasys sp. 114a.6,Animalia,Gastrotricha,Macrodasyida,Macrodasyoidea,Urodasidae,Urodasys,Urodasys sp. 114a
Saccharina,Pabay_21_3_22_3,Pabay,21_3_2022,21,3,2022,reads,2908.5,no,0.464156782,,Urodasys sp. 114a.11,Animalia,Gastrotricha,Macrodasyida,Macrodasyoidea,Urodasidae,Urodasys,Urodasys sp. 114a
Saccharina,Pabay_21_3_22_3,Pabay,21_3_2022,21,3,2022,reads,2908.5,no,0.36101083,,Urodasys sp. 114a.12,Animalia,Gastrotricha,Macrodasyida,Macrodasyoidea,Urodasidae,Urodasys,Urodasys sp. 114a
Saccharina,Pabay_21_3_22_3,Pabay,21_3_2022,21,3,2022,reads,2908.5,no,0.292246863,,Urodasys sp. 114a.14,Animalia,Gastrotricha,Macrodasyida,Macrodasyoidea,Urodasidae,Urodasys,Urodasys sp. 114a
Saccharina,Pabay_21_3_22_3,Pabay,21_3_2022,21,3,2022,reads,2908.5,no,0.068763968,,Urodasys sp. 114a.25,Animalia,Gastrotricha,Macrodasyida,Macrodasyoidea,Urodasidae,Urodasys,Urodasys sp. 114a
Saccharina,Pabay_21_3_22_3,Pabay,21_3_2022,21,3,2022,reads,2908.5,no,0.051572976,,Monostilifera sp..6,Animalia,Nemertea,Anopla,Monostilifera,Monostylifera,Monostilifera,Monostilifera sp.
Saccharina,Pabay_21_3_22_3,Pabay,21_3_2022,21,3,2022,reads,2908.5,no,25.04727523,,invertebrate environmental sample,,,,,,,
Alaria,Pabay_22_5_22_1,Pabay,22_5_2022,22,5,2022,reads,5717,no,0.026237537,,Thalassiosira rotula.8,Chromista,Ochrophyta,Bacillariophyceae,Thalassiosirales,Thalassiosiraceae,Thalassiosira,Thalassiosira rotula
Alaria,Pabay_22_5_22_1,Pabay,22_5_2022,22,5,2022,reads,5717,no,0.008745846,,Thalassiosira rotula.10,Chromista,Ochrophyta,Bacillariophyceae,Thalassiosirales,Thalassiosiraceae,Thalassiosira,Thalassiosira rotula
Alaria,Pabay_22_5_22_1,Pabay,22_5_2022,22,5,2022,reads,5717,no,2.273919888,,invertebrate environmental sample,,,,,,,
Saccharina,Pabay_22_5_22_1,Pabay,22_5_2022,22,5,2022,reads,5717,no,0.026237537,,Thalassiosira rotula.8,Chromista,Ochrophyta,Bacillariophyceae,Thalassiosirales,Thalassiosiraceae,Thalassiosira,Thalassiosira rotula
Saccharina,Pabay_22_5_22_1,Pabay,22_5_2022,22,5,2022,reads,5717,no,0.008745846,,Thalassiosira rotula.10,Chromista,Ochrophyta,Bacillariophyceae,Thalassiosirales,Thalassiosiraceae,Thalassiosira,Thalassiosira rotula
Saccharina,Pabay_22_5_22_1,Pabay,22_5_2022,22,5,2022,reads,5717,no,2.273919888,,invertebrate environmental sample,,,,,,,
Alaria,Pabay_22_5_22_2,Pabay,22_5_2022,22,5,2022,reads,46114.5,Bivalvia,0.043370307,,Kurtiella bidentata,Animalia,Mollusca,Bivalvia,Galeommatida,Lasaeidae,Kurtiella,Kurtiella bidentata
Saccharina,Pabay_22_5_22_2,Pabay,22_5_2022,22,5,2022,reads,46114.5,Bivalvia,0.043370307,,Kurtiella bidentata,Animalia,Mollusca,Bivalvia,Galeommatida,Lasaeidae,Kurtiella,Kurtiella bidentata
Alaria,Pabay_22_5_22_2,Pabay,22_5_2022,22,5,2022,reads,46114.5,Copepoda,0.206008956,,Pseudocalanus elongatus,Animalia,Arthropoda,Hexanauplia,Calanoida,Pseudocalanidae,Pseudocalanus,Pseudocalanus elongatus
Alaria,Pabay_22_5_22_2,Pabay,22_5_2022,22,5,2022,reads,46114.5,Copepoda,0.103004478,,Temora sp..1,Animalia,Arthropoda,Hexanauplia,Calanoida,Temoridae,Temora,Temora sp.
Saccharina,Pabay_22_5_22_2,Pabay,22_5_2022,22,5,2022,reads,46114.5,Copepoda,0.206008956,,Pseudocalanus elongatus,Animalia,Arthropoda,Hexanauplia,Calanoida,Pseudocalanidae,Pseudocalanus,Pseudocalanus elongatus
Saccharina,Pabay_22_5_22_2,Pabay,22_5_2022,22,5,2022,reads,46114.5,Copepoda,0.103004478,,Temora sp..1,Animalia,Arthropoda,Hexanauplia,Calanoida,Temoridae,Temora,Temora sp.
Alaria,Pabay_22_5_22_2,Pabay,22_5_2022,22,5,2022,reads,46114.5,Gastropoda,0.053128625,,Assiminea grayana,Animalia,Mollusca,Gastropoda,Littorinimorpha,Assimineidae,Assiminea,Assiminea grayana
Saccharina,Pabay_22_5_22_2,Pabay,22_5_2022,22,5,2022,reads,46114.5,Gastropoda,0.053128625,,Assiminea grayana,Animalia,Mollusca,Gastropoda,Littorinimorpha,Assimineidae,Assiminea,Assiminea grayana
Alaria,Pabay_22_5_22_2,Pabay,22_5_2022,22,5,2022,reads,46114.5,Hydrozoa,0.304676403,,Clytia sp. 2 AFC-2016,Animalia,Cnidaria,Hydrozoa,Leptothecata,Campanulariidae,Clytia,Clytia sp. 2 AFC-2016
Alaria,Pabay_22_5_22_2,Pabay,22_5_2022,22,5,2022,reads,46114.5,Hydrozoa,0.224441336,,Apolemia sp.,Animalia,Cnidaria,Hydrozoa,Siphonophorae,Apolemiidae,Apolemia,Apolemia sp.
Alaria,Pabay_22_5_22_2,Pabay,22_5_2022,22,5,2022,reads,46114.5,Hydrozoa,0.165891422,,Obelia dichotoma,Animalia,Cnidaria,Hydrozoa,Leptothecata,Campanulariidae,Obelia,Obelia dichotoma
Alaria,Pabay_22_5_22_2,Pabay,22_5_2022,22,5,2022,reads,46114.5,Hydrozoa,0.123605374,,Pennaria disticha,Animalia,Cnidaria,Hydrozoa,Anthoathecata,Pennariidae,Pennaria,Pennaria disticha
Alaria,Pabay_22_5_22_2,Pabay,22_5_2022,22,5,2022,reads,46114.5,Hydrozoa,0.004337031,,Clytia sp. 2 AFC-2016.2,Animalia,Cnidaria,Hydrozoa,Leptothecata,Campanulariidae,Clytia,Clytia sp. 2 AFC-2016
Alaria,Pabay_22_5_22_2,Pabay,22_5_2022,22,5,2022,reads,46114.5,Hydrozoa,0.026022184,,Sarsia tubulosa,Animalia,Cnidaria,Hydrozoa,Anthoathecata,Corynidae,Sarsia,Sarsia tubulosa
Alaria,Pabay_22_5_22_2,Pabay,22_5_2022,22,5,2022,reads,46114.5,Hydrozoa,0.007589804,,Clytia sp. 1 SL-2013.2,Animalia,Cnidaria,Hydrozoa,Leptothecata,Campanulariidae,Clytia,Clytia sp. 1 SL-2013
Alaria,Pabay_22_5_22_2,Pabay,22_5_2022,22,5,2022,reads,46114.5,Hydrozoa,0.005421288,,Bougainvillia muscus.7,Animalia,Cnidaria,Hydrozoa,Anthoathecata,Bougainvilliidae,Bougainvillia,Bougainvillia muscus
Alaria,Pabay_22_5_22_2,Pabay,22_5_2022,22,5,2022,reads,46114.5,Hydrozoa,0.005421288,,Clytia sp. 1 SL-2013.4,Animalia,Cnidaria,Hydrozoa,Leptothecata,Campanulariidae,Clytia,Clytia sp. 1 SL-2013
Saccharina,Pabay_22_5_22_2,Pabay,22_5_2022,22,5,2022,reads,46114.5,Hydrozoa,0.304676403,,Clytia sp. 2 AFC-2016,Animalia,Cnidaria,Hydrozoa,Leptothecata,Campanulariidae,Clytia,Clytia sp. 2 AFC-2016
Saccharina,Pabay_22_5_22_2,Pabay,22_5_2022,22,5,2022,reads,46114.5,Hydrozoa,0.224441336,,Apolemia sp.,Animalia,Cnidaria,Hydrozoa,Siphonophorae,Apolemiidae,Apolemia,Apolemia sp.
Saccharina,Pabay_22_5_22_2,Pabay,22_5_2022,22,5,2022,reads,46114.5,Hydrozoa,0.165891422,,Obelia dichotoma,Animalia,Cnidaria,Hydrozoa,Leptothecata,Campanulariidae,Obelia,Obelia dichotoma
Saccharina,Pabay_22_5_22_2,Pabay,22_5_2022,22,5,2022,reads,46114.5,Hydrozoa,0.123605374,,Pennaria disticha,Animalia,Cnidaria,Hydrozoa,Anthoathecata,Pennariidae,Pennaria,Pennaria disticha
Saccharina,Pabay_22_5_22_2,Pabay,22_5_2022,22,5,2022,reads,46114.5,Hydrozoa,0.004337031,,Clytia sp. 2 AFC-2016.2,Animalia,Cnidaria,Hydrozoa,Leptothecata,Campanulariidae,Clytia,Clytia sp. 2 AFC-2016
Saccharina,Pabay_22_5_22_2,Pabay,22_5_2022,22,5,2022,reads,46114.5,Hydrozoa,0.026022184,,Sarsia tubulosa,Animalia,Cnidaria,Hydrozoa,Anthoathecata,Corynidae,Sarsia,Sarsia tubulosa
Saccharina,Pabay_22_5_22_2,Pabay,22_5_2022,22,5,2022,reads,46114.5,Hydrozoa,0.007589804,,Clytia sp. 1 SL-2013.2,Animalia,Cnidaria,Hydrozoa,Leptothecata,Campanulariidae,Clytia,Clytia sp. 1 SL-2013
Saccharina,Pabay_22_5_22_2,Pabay,22_5_2022,22,5,2022,reads,46114.5,Hydrozoa,0.005421288,,Bougainvillia muscus.7,Animalia,Cnidaria,Hydrozoa,Anthoathecata,Bougainvilliidae,Bougainvillia,Bougainvillia muscus
Saccharina,Pabay_22_5_22_2,Pabay,22_5_2022,22,5,2022,reads,46114.5,Hydrozoa,0.005421288,,Clytia sp. 1 SL-2013.4,Animalia,Cnidaria,Hydrozoa,Leptothecata,Campanulariidae,Clytia,Clytia sp. 1 SL-2013
Alaria,Pabay_22_5_22_2,Pabay,22_5_2022,22,5,2022,reads,46114.5,Malacostraca,0.172396968,,Jassa herdmani.2,Animalia,Arthropoda,Malacostraca,Amphipoda,Ischyroceridae,Jassa,Jassa herdmani
Saccharina,Pabay_22_5_22_2,Pabay,22_5_2022,22,5,2022,reads,46114.5,Malacostraca,0.172396968,,Jassa herdmani.2,Animalia,Arthropoda,Malacostraca,Amphipoda,Ischyroceridae,Jassa,Jassa herdmani
Alaria,Pabay_22_5_22_2,Pabay,22_5_2022,22,5,2022,reads,46114.5,no,0.003252773,,Hemiaulus sinensis.2,Chromista,Ochrophyta,Mediophyceae,Hemiaulales,Hemiaulaceae,Hemiaulus,Hemiaulus sinensis
Alaria,Pabay_22_5_22_2,Pabay,22_5_2022,22,5,2022,reads,46114.5,no,0.053128625,,Chrysochromulina tobinii.1,Chromista,Haptophyta,Coccolithophyceae,Prymnesiales,Chrysochromulinaceae,Chrysochromulina,Chrysochromulina tobinii
Alaria,Pabay_22_5_22_2,Pabay,22_5_2022,22,5,2022,reads,46114.5,no,0.011926834,,Phaeocystis globosa,Chromista,Haptophyta,Coccolithophyceae,Phaeocystales,Phaeocystaceae,Phaeocystis,Phaeocystis globosa
Alaria,Pabay_22_5_22_2,Pabay,22_5_2022,22,5,2022,reads,46114.5,no,0.221188563,,Skeletonema menzelii,Chromista,Ochrophyta,Bacillariophyceae,Thalassiosirales,Skeletonemataceae,Skeletonema,Skeletonema menzelii
Alaria,Pabay_22_5_22_2,Pabay,22_5_2022,22,5,2022,reads,46114.5,no,0.06505546,,Pedospumella sinomuralis.1,Chromista,Ochrophyta,Chrysophyceae,Chromulinales,Paraphysomonadaceae,Pedospumella,Pedospumella sinomuralis
Alaria,Pabay_22_5_22_2,Pabay,22_5_2022,22,5,2022,reads,46114.5,no,1.683852151,,Chaetoceros tenuissimus,Chromista,Ochrophyta,Mediophyceae,Chaetocerotales,Chaetocerotaceae,Chaetoceros,Chaetoceros tenuissimus
Alaria,Pabay_22_5_22_2,Pabay,22_5_2022,22,5,2022,reads,46114.5,no,0.190829349,,Guinardia delicatula,Chromista,Ochrophyta,Coscinodiscophyceae,Rhizosoleniales,Rhizosoleniaceae,Guinardia,Guinardia delicatula
Alaria,Pabay_22_5_22_2,Pabay,22_5_2022,22,5,2022,reads,46114.5,no,0.112762797,,Guinardia delicatula.1,Chromista,Ochrophyta,Coscinodiscophyceae,Rhizosoleniales,Rhizosoleniaceae,Guinardia,Guinardia delicatula
Alaria,Pabay_22_5_22_2,Pabay,22_5_2022,22,5,2022,reads,46114.5,no,0.01409535,,Aureococcus anophagefferens,Chromista,Ochrophyta,Pelagophyceae,Pelagomonadales,Pelagomonadaceae,Aureococcus,Aureococcus anophagefferens
Alaria,Pabay_22_5_22_2,Pabay,22_5_2022,22,5,2022,reads,46114.5,no,0.210345987,,Guinardia delicatula.2,Chromista,Ochrophyta,Coscinodiscophyceae,Rhizosoleniales,Rhizosoleniaceae,Guinardia,Guinardia delicatula
Alaria,Pabay_22_5_22_2,Pabay,22_5_2022,22,5,2022,reads,46114.5,no,0.011926834,,Skeletonema marinoi,Chromista,Ochrophyta,Bacillariophyceae,Thalassiosirales,Skeletonemataceae,Skeletonema,Skeletonema marinoi
Alaria,Pabay_22_5_22_2,Pabay,22_5_2022,22,5,2022,reads,46114.5,no,0.173481226,,Chaetoceros socialis,Chromista,Ochrophyta,Mediophyceae,Chaetocerotales,Chaetocerotaceae,Chaetoceros,Chaetoceros socialis
Alaria,Pabay_22_5_22_2,Pabay,22_5_2022,22,5,2022,reads,46114.5,no,0.168059938,,Chaetoceros tenuissimus.1,Chromista,Ochrophyta,Mediophyceae,Chaetocerotales,Chaetocerotaceae,Chaetoceros,Chaetoceros tenuissimus
Alaria,Pabay_22_5_22_2,Pabay,22_5_2022,22,5,2022,reads,46114.5,no,0.044454564,,Guinardia striata,Chromista,Ochrophyta,Coscinodiscophyceae,Rhizosoleniales,Rhizosoleniaceae,Guinardia,Guinardia striata
Alaria,Pabay_22_5_22_2,Pabay,22_5_2022,22,5,2022,reads,46114.5,no,0.119268343,,Guinardia striata.1,Chromista,Ochrophyta,Coscinodiscophyceae,Rhizosoleniales,Rhizosoleniaceae,Guinardia,Guinardia striata
Alaria,Pabay_22_5_22_2,Pabay,22_5_2022,22,5,2022,reads,46114.5,no,0.085656355,,Guinardia delicatula.4,Chromista,Ochrophyta,Coscinodiscophyceae,Rhizosoleniales,Rhizosoleniaceae,Guinardia,Guinardia delicatula
Alaria,Pabay_22_5_22_2,Pabay,22_5_2022,22,5,2022,reads,46114.5,no,8.76405469,,Thalassionema nitzschioides,Chromista,Ochrophyta,Bacillariophyceae,Thalassionematales,Thalassionemataceae,Thalassionema,Thalassionema nitzschioides
Alaria,Pabay_22_5_22_2,Pabay,22_5_2022,22,5,2022,reads,46114.5,no,0.222272821,,Thalassionema nitzschioides.1,Chromista,Ochrophyta,Bacillariophyceae,Thalassionematales,Thalassionemataceae,Thalassionema,Thalassionema nitzschioides
Alaria,Pabay_22_5_22_2,Pabay,22_5_2022,22,5,2022,reads,46114.5,no,0.686335101,,Ditylum brightwellii.3,Chromista,Ochrophyta,Coscinodiscophyceae,Rhizosoleniales,Lithodesmiaceae,Ditylum,Ditylum brightwellii
Alaria,Pabay_22_5_22_2,Pabay,22_5_2022,22,5,2022,reads,46114.5,no,0.10192022,,Lithodesmium undulatum.4,Chromista,Ochrophyta,Coscinodiscophyceae,Rhizosoleniales,Lithodesmiaceae,Lithodesmium,Lithodesmium undulatum
Alaria,Pabay_22_5_22_2,Pabay,22_5_2022,22,5,2022,reads,46114.5,no,0.25046352,,Psathyrometra cf. fragilis,Animalia,Echinodermata,Crinoidea,Comatulida,Psathyrometridae,Psathyrometra,Psathyrometra cf. fragilis
Alaria,Pabay_22_5_22_2,Pabay,22_5_2022,22,5,2022,reads,46114.5,no,0.361057802,,Urodasys sp. 114a,Animalia,Gastrotricha,Macrodasyida,Macrodasyoidea,Urodasidae,Urodasys,Urodasys sp. 114a
Alaria,Pabay_22_5_22_2,Pabay,22_5_2022,22,5,2022,reads,46114.5,no,0.095414674,,Urodasys sp. 114a.3,Animalia,Gastrotricha,Macrodasyida,Macrodasyoidea,Urodasidae,Urodasys,Urodasys sp. 114a
Alaria,Pabay_22_5_22_2,Pabay,22_5_2022,22,5,2022,reads,46114.5,no,0.200587668,,Urodasys sp. 114a.5,Animalia,Gastrotricha,Macrodasyida,Macrodasyoidea,Urodasidae,Urodasys,Urodasys sp. 114a
Alaria,Pabay_22_5_22_2,Pabay,22_5_2022,22,5,2022,reads,46114.5,no,0.200587668,,Chromadoridae sp. 09PROBE-01551,Animalia,Nematoda,Chromadorea,Chromadorida,Chromadoridae,Chromadoridae,Chromadoridae sp. 09PROBE-01551
Alaria,Pabay_22_5_22_2,Pabay,22_5_2022,22,5,2022,reads,46114.5,no,0.762233137,,Monostilifera sp.,Animalia,Nemertea,Anopla,Monostilifera,Monostylifera,Monostilifera,Monostilifera sp.
Alaria,Pabay_22_5_22_2,Pabay,22_5_2022,22,5,2022,reads,46114.5,no,0.701514708,,Monostilifera sp..1,Animalia,Nemertea,Anopla,Monostilifera,Monostylifera,Monostilifera,Monostilifera sp.
Alaria,Pabay_22_5_22_2,Pabay,22_5_2022,22,5,2022,reads,46114.5,no,0.13444795,,Monostilifera sp..2,Animalia,Nemertea,Anopla,Monostilifera,Monostylifera,Monostilifera,Monostilifera sp.
Alaria,Pabay_22_5_22_2,Pabay,22_5_2022,22,5,2022,reads,46114.5,no,0.200587668,,Monostilifera sp..3,Animalia,Nemertea,Anopla,Monostilifera,Monostylifera,Monostilifera,Monostilifera sp.
Alaria,Pabay_22_5_22_2,Pabay,22_5_2022,22,5,2022,reads,46114.5,no,0.313350465,,Asplanchna sieboldii.1,Animalia,Rotifera,Eurotatoria,Ploima,Asplanchnidae,Asplanchna,Asplanchna sieboldii
Alaria,Pabay_22_5_22_2,Pabay,22_5_2022,22,5,2022,reads,46114.5,no,0.027106442,,Euchlanis dilatata.3,Animalia,Rotifera,Eurotatoria,Ploima,Euchlanidae,Euchlanis,Euchlanis dilatata
Alaria,Pabay_22_5_22_2,Pabay,22_5_2022,22,5,2022,reads,46114.5,no,0.092161901,,invertebrate environmental sample,,,,,,,
Alaria,Pabay_22_5_22_2,Pabay,22_5_2022,22,5,2022,reads,46114.5,no,0.274317189,,invertebrate environmental sample.3,,,,,,,
Alaria,Pabay_22_5_22_2,Pabay,22_5_2022,22,5,2022,reads,46114.5,no,0.031443472,,Parasagitta setosa,Animalia,Chaetognatha,Sagittoidea,Aphragmophora,Sagittidae,Parasagitta,Parasagitta setosa
Alaria,Pabay_22_5_22_2,Pabay,22_5_2022,22,5,2022,reads,46114.5,no,0.577909334,,Chaetognatha environmental sample,,,,,,,
Saccharina,Pabay_22_5_22_2,Pabay,22_5_2022,22,5,2022,reads,46114.5,no,0.003252773,,Hemiaulus sinensis.2,Chromista,Ochrophyta,Mediophyceae,Hemiaulales,Hemiaulaceae,Hemiaulus,Hemiaulus sinensis
Saccharina,Pabay_22_5_22_2,Pabay,22_5_2022,22,5,2022,reads,46114.5,no,0.053128625,,Chrysochromulina tobinii.1,Chromista,Haptophyta,Coccolithophyceae,Prymnesiales,Chrysochromulinaceae,Chrysochromulina,Chrysochromulina tobinii
Saccharina,Pabay_22_5_22_2,Pabay,22_5_2022,22,5,2022,reads,46114.5,no,0.011926834,,Phaeocystis globosa,Chromista,Haptophyta,Coccolithophyceae,Phaeocystales,Phaeocystaceae,Phaeocystis,Phaeocystis globosa
Saccharina,Pabay_22_5_22_2,Pabay,22_5_2022,22,5,2022,reads,46114.5,no,0.221188563,,Skeletonema menzelii,Chromista,Ochrophyta,Bacillariophyceae,Thalassiosirales,Skeletonemataceae,Skeletonema,Skeletonema menzelii
Saccharina,Pabay_22_5_22_2,Pabay,22_5_2022,22,5,2022,reads,46114.5,no,0.06505546,,Pedospumella sinomuralis.1,Chromista,Ochrophyta,Chrysophyceae,Chromulinales,Paraphysomonadaceae,Pedospumella,Pedospumella sinomuralis
Saccharina,Pabay_22_5_22_2,Pabay,22_5_2022,22,5,2022,reads,46114.5,no,1.683852151,,Chaetoceros tenuissimus,Chromista,Ochrophyta,Mediophyceae,Chaetocerotales,Chaetocerotaceae,Chaetoceros,Chaetoceros tenuissimus
Saccharina,Pabay_22_5_22_2,Pabay,22_5_2022,22,5,2022,reads,46114.5,no,0.190829349,,Guinardia delicatula,Chromista,Ochrophyta,Coscinodiscophyceae,Rhizosoleniales,Rhizosoleniaceae,Guinardia,Guinardia delicatula
Saccharina,Pabay_22_5_22_2,Pabay,22_5_2022,22,5,2022,reads,46114.5,no,0.112762797,,Guinardia delicatula.1,Chromista,Ochrophyta,Coscinodiscophyceae,Rhizosoleniales,Rhizosoleniaceae,Guinardia,Guinardia delicatula
Saccharina,Pabay_22_5_22_2,Pabay,22_5_2022,22,5,2022,reads,46114.5,no,0.01409535,,Aureococcus anophagefferens,Chromista,Ochrophyta,Pelagophyceae,Pelagomonadales,Pelagomonadaceae,Aureococcus,Aureococcus anophagefferens
Saccharina,Pabay_22_5_22_2,Pabay,22_5_2022,22,5,2022,reads,46114.5,no,0.210345987,,Guinardia delicatula.2,Chromista,Ochrophyta,Coscinodiscophyceae,Rhizosoleniales,Rhizosoleniaceae,Guinardia,Guinardia delicatula
Saccharina,Pabay_22_5_22_2,Pabay,22_5_2022,22,5,2022,reads,46114.5,no,0.011926834,,Skeletonema marinoi,Chromista,Ochrophyta,Bacillariophyceae,Thalassiosirales,Skeletonemataceae,Skeletonema,Skeletonema marinoi
Saccharina,Pabay_22_5_22_2,Pabay,22_5_2022,22,5,2022,reads,46114.5,no,0.173481226,,Chaetoceros socialis,Chromista,Ochrophyta,Mediophyceae,Chaetocerotales,Chaetocerotaceae,Chaetoceros,Chaetoceros socialis
Saccharina,Pabay_22_5_22_2,Pabay,22_5_2022,22,5,2022,reads,46114.5,no,0.168059938,,Chaetoceros tenuissimus.1,Chromista,Ochrophyta,Mediophyceae,Chaetocerotales,Chaetocerotaceae,Chaetoceros,Chaetoceros tenuissimus
Saccharina,Pabay_22_5_22_2,Pabay,22_5_2022,22,5,2022,reads,46114.5,no,0.044454564,,Guinardia striata,Chromista,Ochrophyta,Coscinodiscophyceae,Rhizosoleniales,Rhizosoleniaceae,Guinardia,Guinardia striata
Saccharina,Pabay_22_5_22_2,Pabay,22_5_2022,22,5,2022,reads,46114.5,no,0.119268343,,Guinardia striata.1,Chromista,Ochrophyta,Coscinodiscophyceae,Rhizosoleniales,Rhizosoleniaceae,Guinardia,Guinardia striata
Saccharina,Pabay_22_5_22_2,Pabay,22_5_2022,22,5,2022,reads,46114.5,no,0.085656355,,Guinardia delicatula.4,Chromista,Ochrophyta,Coscinodiscophyceae,Rhizosoleniales,Rhizosoleniaceae,Guinardia,Guinardia delicatula
Saccharina,Pabay_22_5_22_2,Pabay,22_5_2022,22,5,2022,reads,46114.5,no,8.76405469,,Thalassionema nitzschioides,Chromista,Ochrophyta,Bacillariophyceae,Thalassionematales,Thalassionemataceae,Thalassionema,Thalassionema nitzschioides
Saccharina,Pabay_22_5_22_2,Pabay,22_5_2022,22,5,2022,reads,46114.5,no,0.222272821,,Thalassionema nitzschioides.1,Chromista,Ochrophyta,Bacillariophyceae,Thalassionematales,Thalassionemataceae,Thalassionema,Thalassionema nitzschioides
Saccharina,Pabay_22_5_22_2,Pabay,22_5_2022,22,5,2022,reads,46114.5,no,0.686335101,,Ditylum brightwellii.3,Chromista,Ochrophyta,Coscinodiscophyceae,Rhizosoleniales,Lithodesmiaceae,Ditylum,Ditylum brightwellii
Saccharina,Pabay_22_5_22_2,Pabay,22_5_2022,22,5,2022,reads,46114.5,no,0.10192022,,Lithodesmium undulatum.4,Chromista,Ochrophyta,Coscinodiscophyceae,Rhizosoleniales,Lithodesmiaceae,Lithodesmium,Lithodesmium undulatum
Saccharina,Pabay_22_5_22_2,Pabay,22_5_2022,22,5,2022,reads,46114.5,no,0.25046352,,Psathyrometra cf. fragilis,Animalia,Echinodermata,Crinoidea,Comatulida,Psathyrometridae,Psathyrometra,Psathyrometra cf. fragilis
Saccharina,Pabay_22_5_22_2,Pabay,22_5_2022,22,5,2022,reads,46114.5,no,0.361057802,,Urodasys sp. 114a,Animalia,Gastrotricha,Macrodasyida,Macrodasyoidea,Urodasidae,Urodasys,Urodasys sp. 114a
Saccharina,Pabay_22_5_22_2,Pabay,22_5_2022,22,5,2022,reads,46114.5,no,0.095414674,,Urodasys sp. 114a.3,Animalia,Gastrotricha,Macrodasyida,Macrodasyoidea,Urodasidae,Urodasys,Urodasys sp. 114a
Saccharina,Pabay_22_5_22_2,Pabay,22_5_2022,22,5,2022,reads,46114.5,no,0.200587668,,Urodasys sp. 114a.5,Animalia,Gastrotricha,Macrodasyida,Macrodasyoidea,Urodasidae,Urodasys,Urodasys sp. 114a
Saccharina,Pabay_22_5_22_2,Pabay,22_5_2022,22,5,2022,reads,46114.5,no,0.200587668,,Chromadoridae sp. 09PROBE-01551,Animalia,Nematoda,Chromadorea,Chromadorida,Chromadoridae,Chromadoridae,Chromadoridae sp. 09PROBE-01551
Saccharina,Pabay_22_5_22_2,Pabay,22_5_2022,22,5,2022,reads,46114.5,no,0.762233137,,Monostilifera sp.,Animalia,Nemertea,Anopla,Monostilifera,Monostylifera,Monostilifera,Monostilifera sp.
Saccharina,Pabay_22_5_22_2,Pabay,22_5_2022,22,5,2022,reads,46114.5,no,0.701514708,,Monostilifera sp..1,Animalia,Nemertea,Anopla,Monostilifera,Monostylifera,Monostilifera,Monostilifera sp.
Saccharina,Pabay_22_5_22_2,Pabay,22_5_2022,22,5,2022,reads,46114.5,no,0.13444795,,Monostilifera sp..2,Animalia,Nemertea,Anopla,Monostilifera,Monostylifera,Monostilifera,Monostilifera sp.
Saccharina,Pabay_22_5_22_2,Pabay,22_5_2022,22,5,2022,reads,46114.5,no,0.200587668,,Monostilifera sp..3,Animalia,Nemertea,Anopla,Monostilifera,Monostylifera,Monostilifera,Monostilifera sp.
Saccharina,Pabay_22_5_22_2,Pabay,22_5_2022,22,5,2022,reads,46114.5,no,0.313350465,,Asplanchna sieboldii.1,Animalia,Rotifera,Eurotatoria,Ploima,Asplanchnidae,Asplanchna,Asplanchna sieboldii
Saccharina,Pabay_22_5_22_2,Pabay,22_5_2022,22,5,2022,reads,46114.5,no,0.027106442,,Euchlanis dilatata.3,Animalia,Rotifera,Eurotatoria,Ploima,Euchlanidae,Euchlanis,Euchlanis dilatata
Saccharina,Pabay_22_5_22_2,Pabay,22_5_2022,22,5,2022,reads,46114.5,no,0.092161901,,invertebrate environmental sample,,,,,,,
Saccharina,Pabay_22_5_22_2,Pabay,22_5_2022,22,5,2022,reads,46114.5,no,0.274317189,,invertebrate environmental sample.3,,,,,,,
Saccharina,Pabay_22_5_22_2,Pabay,22_5_2022,22,5,2022,reads,46114.5,no,0.031443472,,Parasagitta setosa,Animalia,Chaetognatha,Sagittoidea,Aphragmophora,Sagittidae,Parasagitta,Parasagitta setosa
Saccharina,Pabay_22_5_22_2,Pabay,22_5_2022,22,5,2022,reads,46114.5,no,0.577909334,,Chaetognatha environmental sample,,,,,,,
Alaria,Pabay_22_5_22_3,Pabay,22_5_2022,22,5,2022,reads,3883.5,Hydrozoa,0.308999614,,Clytia sp. 2 AFC-2016,Animalia,Cnidaria,Hydrozoa,Leptothecata,Campanulariidae,Clytia,Clytia sp. 2 AFC-2016
Saccharina,Pabay_22_5_22_3,Pabay,22_5_2022,22,5,2022,reads,3883.5,Hydrozoa,0.308999614,,Clytia sp. 2 AFC-2016,Animalia,Cnidaria,Hydrozoa,Leptothecata,Campanulariidae,Clytia,Clytia sp. 2 AFC-2016
Alaria,Pabay_22_5_22_3,Pabay,22_5_2022,22,5,2022,reads,3883.5,no,0.29612463,,Chaetoceros tenuissimus.3,Chromista,Ochrophyta,Mediophyceae,Chaetocerotales,Chaetocerotaceae,Chaetoceros,Chaetoceros tenuissimus
Alaria,Pabay_22_5_22_3,Pabay,22_5_2022,22,5,2022,reads,3883.5,no,0.386249517,,Thalassionema nitzschioides,Chromista,Ochrophyta,Bacillariophyceae,Thalassionematales,Thalassionemataceae,Thalassionema,Thalassionema nitzschioides
Alaria,Pabay_22_5_22_3,Pabay,22_5_2022,22,5,2022,reads,3883.5,no,0.141624823,,Monostilifera sp.,Animalia,Nemertea,Anopla,Monostilifera,Monostylifera,Monostilifera,Monostilifera sp.
Saccharina,Pabay_22_5_22_3,Pabay,22_5_2022,22,5,2022,reads,3883.5,no,0.29612463,,Chaetoceros tenuissimus.3,Chromista,Ochrophyta,Mediophyceae,Chaetocerotales,Chaetocerotaceae,Chaetoceros,Chaetoceros tenuissimus
Saccharina,Pabay_22_5_22_3,Pabay,22_5_2022,22,5,2022,reads,3883.5,no,0.386249517,,Thalassionema nitzschioides,Chromista,Ochrophyta,Bacillariophyceae,Thalassionematales,Thalassionemataceae,Thalassionema,Thalassionema nitzschioides
Saccharina,Pabay_22_5_22_3,Pabay,22_5_2022,22,5,2022,reads,3883.5,no,0.141624823,,Monostilifera sp.,Animalia,Nemertea,Anopla,Monostilifera,Monostylifera,Monostilifera,Monostilifera sp.
Alaria,Pabay_25_2_22_1,Pabay,25_2_2022,25,2,2022,reads,7907,Gastropoda,0.145440749,,Ercolania sp. KH-2011,Animalia,Mollusca,Gastropoda,Sacoglossa,Limapontiidae,Ercolania,Ercolania sp. KH-2011
Saccharina,Pabay_25_2_22_1,Pabay,25_2_2022,25,2,2022,reads,7907,Gastropoda,0.145440749,,Ercolania sp. KH-2011,Animalia,Mollusca,Gastropoda,Sacoglossa,Limapontiidae,Ercolania,Ercolania sp. KH-2011
Alaria,Pabay_25_2_22_1,Pabay,25_2_2022,25,2,2022,reads,7907,Hydrozoa,0.031617554,,Maresearsia praeclara,Animalia,Cnidaria,Hydrozoa,Anthoathecata,Corynidae,Maresearsia,Maresearsia praeclara
Saccharina,Pabay_25_2_22_1,Pabay,25_2_2022,25,2,2022,reads,7907,Hydrozoa,0.031617554,,Maresearsia praeclara,Animalia,Cnidaria,Hydrozoa,Anthoathecata,Corynidae,Maresearsia,Maresearsia praeclara
Alaria,Pabay_25_2_22_1,Pabay,25_2_2022,25,2,2022,reads,7907,no,6.06424687,,Skeletonema menzelii,Chromista,Ochrophyta,Bacillariophyceae,Thalassiosirales,Skeletonemataceae,Skeletonema,Skeletonema menzelii
Alaria,Pabay_25_2_22_1,Pabay,25_2_2022,25,2,2022,reads,7907,no,0.031617554,,Skeletonema potamos,Chromista,Ochrophyta,Bacillariophyceae,Thalassiosirales,Skeletonemataceae,Skeletonema,Skeletonema potamos
Alaria,Pabay_25_2_22_1,Pabay,25_2_2022,25,2,2022,reads,7907,no,9.554824839,,invertebrate environmental sample,,,,,,,
Saccharina,Pabay_25_2_22_1,Pabay,25_2_2022,25,2,2022,reads,7907,no,6.06424687,,Skeletonema menzelii,Chromista,Ochrophyta,Bacillariophyceae,Thalassiosirales,Skeletonemataceae,Skeletonema,Skeletonema menzelii
Saccharina,Pabay_25_2_22_1,Pabay,25_2_2022,25,2,2022,reads,7907,no,0.031617554,,Skeletonema potamos,Chromista,Ochrophyta,Bacillariophyceae,Thalassiosirales,Skeletonemataceae,Skeletonema,Skeletonema potamos
Saccharina,Pabay_25_2_22_1,Pabay,25_2_2022,25,2,2022,reads,7907,no,9.554824839,,invertebrate environmental sample,,,,,,,
Alaria,Pabay_25_2_22_2,Pabay,25_2_2022,25,2,2022,reads,12847.5,Copepoda,0.416423429,,Temora sp.,Animalia,Arthropoda,Hexanauplia,Calanoida,Temoridae,Temora,Temora sp.
Saccharina,Pabay_25_2_22_2,Pabay,25_2_2022,25,2,2022,reads,12847.5,Copepoda,0.416423429,,Temora sp.,Animalia,Arthropoda,Hexanauplia,Calanoida,Temoridae,Temora,Temora sp.
Alaria,Pabay_25_2_22_2,Pabay,25_2_2022,25,2,2022,reads,12847.5,Hydrozoa,0.023350846,,Siphonophorae sp. NHM_339.2,Animalia,Cnidaria,Hydrozoa,Siphonophorae,Siphonophorae,Siphonophorae,Siphonophorae sp. NHM 339
Saccharina,Pabay_25_2_22_2,Pabay,25_2_2022,25,2,2022,reads,12847.5,Hydrozoa,0.023350846,,Siphonophorae sp. NHM_339.2,Animalia,Cnidaria,Hydrozoa,Siphonophorae,Siphonophorae,Siphonophorae,Siphonophorae sp. NHM 339
Alaria,Pabay_25_2_22_2,Pabay,25_2_2022,25,2,2022,reads,12847.5,no,0.015567231,,Lithodesmium intricatum.2,Chromista,Ochrophyta,Coscinodiscophyceae,Rhizosoleniales,Lithodesmiaceae,Lithodesmium,Lithodesmium intricatum
Alaria,Pabay_25_2_22_2,Pabay,25_2_2022,25,2,2022,reads,12847.5,no,0.019459039,,Emiliania huxleyi,Chromista,Haptophyta,Coccolithophyceae,Isochrysidales,Noelaerhabdaceae,Emiliania,Emiliania huxleyi
Alaria,Pabay_25_2_22_2,Pabay,25_2_2022,25,2,2022,reads,12847.5,no,0.179023156,,Skeletonema menzelii,Chromista,Ochrophyta,Bacillariophyceae,Thalassiosirales,Skeletonemataceae,Skeletonema,Skeletonema menzelii
Alaria,Pabay_25_2_22_2,Pabay,25_2_2022,25,2,2022,reads,12847.5,no,0.015567231,,Phaeocystis globosa.3,Chromista,Haptophyta,Coccolithophyceae,Phaeocystales,Phaeocystaceae,Phaeocystis,Phaeocystis globosa
Alaria,Pabay_25_2_22_2,Pabay,25_2_2022,25,2,2022,reads,12847.5,no,0.058377116,,Minutocellus polymorphus.8,Chromista,Ochrophyta,Coscinodiscophyceae,Coscinodiscales,Helminthophoraceae,Minutocellus,Minutocellus polymorphus
Alaria,Pabay_25_2_22_2,Pabay,25_2_2022,25,2,2022,reads,12847.5,no,0.848414088,,Lithodesmium intricatum.3,Chromista,Ochrophyta,Coscinodiscophyceae,Rhizosoleniales,Lithodesmiaceae,Lithodesmium,Lithodesmium intricatum
Alaria,Pabay_25_2_22_2,Pabay,25_2_2022,25,2,2022,reads,12847.5,no,0.315236427,,Lithodesmium intricatum.4,Chromista,Ochrophyta,Coscinodiscophyceae,Rhizosoleniales,Lithodesmiaceae,Lithodesmium,Lithodesmium intricatum
Saccharina,Pabay_25_2_22_2,Pabay,25_2_2022,25,2,2022,reads,12847.5,no,0.015567231,,Lithodesmium intricatum.2,Chromista,Ochrophyta,Coscinodiscophyceae,Rhizosoleniales,Lithodesmiaceae,Lithodesmium,Lithodesmium intricatum
Saccharina,Pabay_25_2_22_2,Pabay,25_2_2022,25,2,2022,reads,12847.5,no,0.019459039,,Emiliania huxleyi,Chromista,Haptophyta,Coccolithophyceae,Isochrysidales,Noelaerhabdaceae,Emiliania,Emiliania huxleyi
Saccharina,Pabay_25_2_22_2,Pabay,25_2_2022,25,2,2022,reads,12847.5,no,0.179023156,,Skeletonema menzelii,Chromista,Ochrophyta,Bacillariophyceae,Thalassiosirales,Skeletonemataceae,Skeletonema,Skeletonema menzelii
Saccharina,Pabay_25_2_22_2,Pabay,25_2_2022,25,2,2022,reads,12847.5,no,0.015567231,,Phaeocystis globosa.3,Chromista,Haptophyta,Coccolithophyceae,Phaeocystales,Phaeocystaceae,Phaeocystis,Phaeocystis globosa
Saccharina,Pabay_25_2_22_2,Pabay,25_2_2022,25,2,2022,reads,12847.5,no,0.058377116,,Minutocellus polymorphus.8,Chromista,Ochrophyta,Coscinodiscophyceae,Coscinodiscales,Helminthophoraceae,Minutocellus,Minutocellus polymorphus
Saccharina,Pabay_25_2_22_2,Pabay,25_2_2022,25,2,2022,reads,12847.5,no,0.848414088,,Lithodesmium intricatum.3,Chromista,Ochrophyta,Coscinodiscophyceae,Rhizosoleniales,Lithodesmiaceae,Lithodesmium,Lithodesmium intricatum
Saccharina,Pabay_25_2_22_2,Pabay,25_2_2022,25,2,2022,reads,12847.5,no,0.315236427,,Lithodesmium intricatum.4,Chromista,Ochrophyta,Coscinodiscophyceae,Rhizosoleniales,Lithodesmiaceae,Lithodesmium,Lithodesmium intricatum
Alaria,Pabay_25_2_22_3,Pabay,25_2_2022,25,2,2022,reads,6863.5,Hydrozoa,0.029139652,,Clytia sp. 2 AFC-2016,Animalia,Cnidaria,Hydrozoa,Leptothecata,Campanulariidae,Clytia,Clytia sp. 2 AFC-2016
Alaria,Pabay_25_2_22_3,Pabay,25_2_2022,25,2,2022,reads,6863.5,Hydrozoa,0.058279304,,Maresearsia praeclara,Animalia,Cnidaria,Hydrozoa,Anthoathecata,Corynidae,Maresearsia,Maresearsia praeclara
Saccharina,Pabay_25_2_22_3,Pabay,25_2_2022,25,2,2022,reads,6863.5,Hydrozoa,0.029139652,,Clytia sp. 2 AFC-2016,Animalia,Cnidaria,Hydrozoa,Leptothecata,Campanulariidae,Clytia,Clytia sp. 2 AFC-2016
Saccharina,Pabay_25_2_22_3,Pabay,25_2_2022,25,2,2022,reads,6863.5,Hydrozoa,0.058279304,,Maresearsia praeclara,Animalia,Cnidaria,Hydrozoa,Anthoathecata,Corynidae,Maresearsia,Maresearsia praeclara
Alaria,Pabay_25_2_22_3,Pabay,25_2_2022,25,2,2022,reads,6863.5,no,1.005317986,,Skeletonema menzelii,Chromista,Ochrophyta,Bacillariophyceae,Thalassiosirales,Skeletonemataceae,Skeletonema,Skeletonema menzelii
Alaria,Pabay_25_2_22_3,Pabay,25_2_2022,25,2,2022,reads,6863.5,no,0.080134042,,Monostilifera sp.,Animalia,Nemertea,Anopla,Monostilifera,Monostylifera,Monostilifera,Monostilifera sp.
Alaria,Pabay_25_2_22_3,Pabay,25_2_2022,25,2,2022,reads,6863.5,no,0.036424565,,Asplanchna sieboldii.4,Animalia,Rotifera,Eurotatoria,Ploima,Asplanchnidae,Asplanchna,Asplanchna sieboldii
Alaria,Pabay_25_2_22_3,Pabay,25_2_2022,25,2,2022,reads,6863.5,no,0.131128433,,invertebrate environmental sample,,,,,,,
Saccharina,Pabay_25_2_22_3,Pabay,25_2_2022,25,2,2022,reads,6863.5,no,1.005317986,,Skeletonema menzelii,Chromista,Ochrophyta,Bacillariophyceae,Thalassiosirales,Skeletonemataceae,Skeletonema,Skeletonema menzelii
Saccharina,Pabay_25_2_22_3,Pabay,25_2_2022,25,2,2022,reads,6863.5,no,0.080134042,,Monostilifera sp.,Animalia,Nemertea,Anopla,Monostilifera,Monostylifera,Monostilifera,Monostilifera sp.
Saccharina,Pabay_25_2_22_3,Pabay,25_2_2022,25,2,2022,reads,6863.5,no,0.036424565,,Asplanchna sieboldii.4,Animalia,Rotifera,Eurotatoria,Ploima,Asplanchnidae,Asplanchna,Asplanchna sieboldii
Saccharina,Pabay_25_2_22_3,Pabay,25_2_2022,25,2,2022,reads,6863.5,no,0.131128433,,invertebrate environmental sample,,,,,,,
Alaria,Pabay_29_11_21_1,Pabay,29_11_2021,29,11,2021,reads,10058.75,Bivalvia,0.042251771,,Montacutona sigalionidcola,Animalia,Mollusca,Bivalvia,Galeommatida,Montacutidae,Montacutona,Montacutona sigalionidcola
Saccharina,Pabay_29_11_21_1,Pabay,29_11_2021,29,11,2021,reads,10058.75,Bivalvia,0.042251771,,Montacutona sigalionidcola,Animalia,Mollusca,Bivalvia,Galeommatida,Montacutidae,Montacutona,Montacutona sigalionidcola
Alaria,Pabay_29_11_21_1,Pabay,29_11_2021,29,11,2021,reads,10058.75,Bryozoa,0.201317261,,Electra pilosa,Animalia,Bryozoa,Gymnolaemata,Cheilostomatida,Electridae,Electra,Electra pilosa
Alaria,Pabay_29_11_21_1,Pabay,29_11_2021,29,11,2021,reads,10058.75,Bryozoa,0.268423015,,Electra pilosa.1,Animalia,Bryozoa,Gymnolaemata,Cheilostomatida,Electridae,Electra,Electra pilosa
Alaria,Pabay_29_11_21_1,Pabay,29_11_2021,29,11,2021,reads,10058.75,Bryozoa,0.052193364,,Electra pilosa.2,Animalia,Bryozoa,Gymnolaemata,Cheilostomatida,Electridae,Electra,Electra pilosa
Alaria,Pabay_29_11_21_1,Pabay,29_11_2021,29,11,2021,reads,10058.75,Bryozoa,0.022368585,,Electra pilosa.3,Animalia,Bryozoa,Gymnolaemata,Cheilostomatida,Electridae,Electra,Electra pilosa
Saccharina,Pabay_29_11_21_1,Pabay,29_11_2021,29,11,2021,reads,10058.75,Bryozoa,0.201317261,,Electra pilosa,Animalia,Bryozoa,Gymnolaemata,Cheilostomatida,Electridae,Electra,Electra pilosa
Saccharina,Pabay_29_11_21_1,Pabay,29_11_2021,29,11,2021,reads,10058.75,Bryozoa,0.268423015,,Electra pilosa.1,Animalia,Bryozoa,Gymnolaemata,Cheilostomatida,Electridae,Electra,Electra pilosa
Saccharina,Pabay_29_11_21_1,Pabay,29_11_2021,29,11,2021,reads,10058.75,Bryozoa,0.052193364,,Electra pilosa.2,Animalia,Bryozoa,Gymnolaemata,Cheilostomatida,Electridae,Electra,Electra pilosa
Saccharina,Pabay_29_11_21_1,Pabay,29_11_2021,29,11,2021,reads,10058.75,Bryozoa,0.022368585,,Electra pilosa.3,Animalia,Bryozoa,Gymnolaemata,Cheilostomatida,Electridae,Electra,Electra pilosa
Alaria,Pabay_29_11_21_1,Pabay,29_11_2021,29,11,2021,reads,10058.75,Copepoda,0.541816826,,Temora sp.,Animalia,Arthropoda,Hexanauplia,Calanoida,Temoridae,Temora,Temora sp.
Alaria,Pabay_29_11_21_1,Pabay,29_11_2021,29,11,2021,reads,10058.75,Copepoda,0.037280974,,Centropages hamatus,Animalia,Arthropoda,Hexanauplia,Calanoida,Centropagidae,Centropages,Centropages hamatus
Saccharina,Pabay_29_11_21_1,Pabay,29_11_2021,29,11,2021,reads,10058.75,Copepoda,0.541816826,,Temora sp.,Animalia,Arthropoda,Hexanauplia,Calanoida,Temoridae,Temora,Temora sp.
Saccharina,Pabay_29_11_21_1,Pabay,29_11_2021,29,11,2021,reads,10058.75,Copepoda,0.037280974,,Centropages hamatus,Animalia,Arthropoda,Hexanauplia,Calanoida,Centropagidae,Centropages,Centropages hamatus
Alaria,Pabay_29_11_21_1,Pabay,29_11_2021,29,11,2021,reads,10058.75,Gastropoda,0.037280974,,Segmentina nitida,Animalia,Mollusca,Gastropoda,Hygrophila,Planorbidae,Segmentina,Segmentina nitida
Saccharina,Pabay_29_11_21_1,Pabay,29_11_2021,29,11,2021,reads,10058.75,Gastropoda,0.037280974,,Segmentina nitida,Animalia,Mollusca,Gastropoda,Hygrophila,Planorbidae,Segmentina,Segmentina nitida
Alaria,Pabay_29_11_21_1,Pabay,29_11_2021,29,11,2021,reads,10058.75,Hydrozoa,0.357897353,,Clytia sp. 2 AFC-2016,Animalia,Cnidaria,Hydrozoa,Leptothecata,Campanulariidae,Clytia,Clytia sp. 2 AFC-2016
Alaria,Pabay_29_11_21_1,Pabay,29_11_2021,29,11,2021,reads,10058.75,Hydrozoa,0.012426991,,Maresearsia praeclara,Animalia,Cnidaria,Hydrozoa,Anthoathecata,Corynidae,Maresearsia,Maresearsia praeclara
Alaria,Pabay_29_11_21_1,Pabay,29_11_2021,29,11,2021,reads,10058.75,Hydrozoa,0.193861066,,Obelia bidentata,Animalia,Cnidaria,Hydrozoa,Leptothecata,Campanulariidae,Obelia,Obelia bidentata
Alaria,Pabay_29_11_21_1,Pabay,29_11_2021,29,11,2021,reads,10058.75,Hydrozoa,0.121784516,,Orthopyxis crenata,Animalia,Cnidaria,Hydrozoa,Leptothecata,Campanulariidae,Orthopyxis,Orthopyxis crenata
Alaria,Pabay_29_11_21_1,Pabay,29_11_2021,29,11,2021,reads,10058.75,Hydrozoa,0.089474338,,Siphonophorae sp. NHM_339.2,Animalia,Cnidaria,Hydrozoa,Siphonophorae,Siphonophorae,Siphonophorae,Siphonophorae sp. NHM 339
Alaria,Pabay_29_11_21_1,Pabay,29_11_2021,29,11,2021,reads,10058.75,Hydrozoa,0.044737169,,Bougainvillia muscus.5,Animalia,Cnidaria,Hydrozoa,Anthoathecata,Bougainvilliidae,Bougainvillia,Bougainvillia muscus
Alaria,Pabay_29_11_21_1,Pabay,29_11_2021,29,11,2021,reads,10058.75,Hydrozoa,0.044737169,,Dynamena pumila,Animalia,Cnidaria,Hydrozoa,Leptothecata,Sertulariidae,Dynamena,Dynamena pumila
Alaria,Pabay_29_11_21_1,Pabay,29_11_2021,29,11,2021,reads,10058.75,Hydrozoa,0.007456195,,Coryne pintneri.1,Animalia,Cnidaria,Hydrozoa,Anthoathecata,Corynidae,Coryne,Coryne pintneri
Alaria,Pabay_29_11_21_1,Pabay,29_11_2021,29,11,2021,reads,10058.75,Hydrozoa,0.007456195,,Eucheilota maculata,Animalia,Cnidaria,Hydrozoa,Leptothecata,Lovenellidae,Eucheilota,Eucheilota maculata
Alaria,Pabay_29_11_21_1,Pabay,29_11_2021,29,11,2021,reads,10058.75,Hydrozoa,0.004970797,,Apolemia sp. 3 CWD-2005,Animalia,Cnidaria,Hydrozoa,Siphonophorae,Apolemiidae,Apolemia,Apolemia sp. 3 CWD-2005
Saccharina,Pabay_29_11_21_1,Pabay,29_11_2021,29,11,2021,reads,10058.75,Hydrozoa,0.357897353,,Clytia sp. 2 AFC-2016,Animalia,Cnidaria,Hydrozoa,Leptothecata,Campanulariidae,Clytia,Clytia sp. 2 AFC-2016
Saccharina,Pabay_29_11_21_1,Pabay,29_11_2021,29,11,2021,reads,10058.75,Hydrozoa,0.012426991,,Maresearsia praeclara,Animalia,Cnidaria,Hydrozoa,Anthoathecata,Corynidae,Maresearsia,Maresearsia praeclara
Saccharina,Pabay_29_11_21_1,Pabay,29_11_2021,29,11,2021,reads,10058.75,Hydrozoa,0.193861066,,Obelia bidentata,Animalia,Cnidaria,Hydrozoa,Leptothecata,Campanulariidae,Obelia,Obelia bidentata
Saccharina,Pabay_29_11_21_1,Pabay,29_11_2021,29,11,2021,reads,10058.75,Hydrozoa,0.121784516,,Orthopyxis crenata,Animalia,Cnidaria,Hydrozoa,Leptothecata,Campanulariidae,Orthopyxis,Orthopyxis crenata
Saccharina,Pabay_29_11_21_1,Pabay,29_11_2021,29,11,2021,reads,10058.75,Hydrozoa,0.089474338,,Siphonophorae sp. NHM_339.2,Animalia,Cnidaria,Hydrozoa,Siphonophorae,Siphonophorae,Siphonophorae,Siphonophorae sp. NHM 339
Saccharina,Pabay_29_11_21_1,Pabay,29_11_2021,29,11,2021,reads,10058.75,Hydrozoa,0.044737169,,Bougainvillia muscus.5,Animalia,Cnidaria,Hydrozoa,Anthoathecata,Bougainvilliidae,Bougainvillia,Bougainvillia muscus
Saccharina,Pabay_29_11_21_1,Pabay,29_11_2021,29,11,2021,reads,10058.75,Hydrozoa,0.044737169,,Dynamena pumila,Animalia,Cnidaria,Hydrozoa,Leptothecata,Sertulariidae,Dynamena,Dynamena pumila
Saccharina,Pabay_29_11_21_1,Pabay,29_11_2021,29,11,2021,reads,10058.75,Hydrozoa,0.007456195,,Coryne pintneri.1,Animalia,Cnidaria,Hydrozoa,Anthoathecata,Corynidae,Coryne,Coryne pintneri
Saccharina,Pabay_29_11_21_1,Pabay,29_11_2021,29,11,2021,reads,10058.75,Hydrozoa,0.007456195,,Eucheilota maculata,Animalia,Cnidaria,Hydrozoa,Leptothecata,Lovenellidae,Eucheilota,Eucheilota maculata
Saccharina,Pabay_29_11_21_1,Pabay,29_11_2021,29,11,2021,reads,10058.75,Hydrozoa,0.004970797,,Apolemia sp. 3 CWD-2005,Animalia,Cnidaria,Hydrozoa,Siphonophorae,Apolemiidae,Apolemia,Apolemia sp. 3 CWD-2005
Alaria,Pabay_29_11_21_1,Pabay,29_11_2021,29,11,2021,reads,10058.75,Malacostraca,0.069591152,,Pagurus longicarpus,Animalia,Arthropoda,Malacostraca,Decapoda,Paguridae,Pagurus,Pagurus longicarpus
Saccharina,Pabay_29_11_21_1,Pabay,29_11_2021,29,11,2021,reads,10058.75,Malacostraca,0.069591152,,Pagurus longicarpus,Animalia,Arthropoda,Malacostraca,Decapoda,Paguridae,Pagurus,Pagurus longicarpus
Alaria,Pabay_29_11_21_1,Pabay,29_11_2021,29,11,2021,reads,10058.75,no,0.029824779,,Dimeregramma acutum.1,Chromista,Ochrophyta,Bacillariophyceae,Cymbellales,Cymbellaceae,Dimeregramma,Dimeregramma acutum
Alaria,Pabay_29_11_21_1,Pabay,29_11_2021,29,11,2021,reads,10058.75,no,0.019883186,,Lithodesmium intricatum,Chromista,Ochrophyta,Coscinodiscophyceae,Rhizosoleniales,Lithodesmiaceae,Lithodesmium,Lithodesmium intricatum
Alaria,Pabay_29_11_21_1,Pabay,29_11_2021,29,11,2021,reads,10058.75,no,0.134211507,,Emiliania huxleyi,Chromista,Haptophyta,Coccolithophyceae,Isochrysidales,Noelaerhabdaceae,Emiliania,Emiliania huxleyi
Alaria,Pabay_29_11_21_1,Pabay,29_11_2021,29,11,2021,reads,10058.75,no,5.293898347,,Skeletonema menzelii,Chromista,Ochrophyta,Bacillariophyceae,Thalassiosirales,Skeletonemataceae,Skeletonema,Skeletonema menzelii
Alaria,Pabay_29_11_21_1,Pabay,29_11_2021,29,11,2021,reads,10058.75,no,0.027339381,,Pedospumella sinomuralis.1,Chromista,Ochrophyta,Chrysophyceae,Chromulinales,Paraphysomonadaceae,Pedospumella,Pedospumella sinomuralis
Alaria,Pabay_29_11_21_1,Pabay,29_11_2021,29,11,2021,reads,10058.75,no,0.062134957,,Pedospumella sp. JBM19,,,,,,Pedospumella,Pedospumella sp. JBM19
Alaria,Pabay_29_11_21_1,Pabay,29_11_2021,29,11,2021,reads,10058.75,no,0.019883186,,Pedospumella sinomuralis.2,Chromista,Ochrophyta,Chrysophyceae,Chromulinales,Paraphysomonadaceae,Pedospumella,Pedospumella sinomuralis
Alaria,Pabay_29_11_21_1,Pabay,29_11_2021,29,11,2021,reads,10058.75,no,0.07207655,,Chaetoceros tenuissimus,Chromista,Ochrophyta,Mediophyceae,Chaetocerotales,Chaetocerotaceae,Chaetoceros,Chaetoceros tenuissimus
Alaria,Pabay_29_11_21_1,Pabay,29_11_2021,29,11,2021,reads,10058.75,no,0.079532745,,Pseudochattonella verruculosa,Chromista,Ochrophyta,Dictyochophyceae,Dictyochales,Chattonellaceae,Pseudochattonella,Pseudochattonella verruculosa
Alaria,Pabay_29_11_21_1,Pabay,29_11_2021,29,11,2021,reads,10058.75,no,0.037280974,,uncultured dinoflagellate,,,,,,uncultured,uncultured dinoflagellate
Alaria,Pabay_29_11_21_1,Pabay,29_11_2021,29,11,2021,reads,10058.75,no,0.074561949,,Ministeria vibrans,Opisthokonta,Holozoa,Filasterea,Ministeriida,Ministeriidae,Ministeria,Ministeria vibrans
Alaria,Pabay_29_11_21_1,Pabay,29_11_2021,29,11,2021,reads,10058.75,no,0.104386728,,Skeletonema potamos,Chromista,Ochrophyta,Bacillariophyceae,Thalassiosirales,Skeletonemataceae,Skeletonema,Skeletonema potamos
Alaria,Pabay_29_11_21_1,Pabay,29_11_2021,29,11,2021,reads,10058.75,no,0.390207531,,Cyclotella cryptica,Chromista,Ochrophyta,Mediophyceae,Thalassiosirales,Stephanodiscaceae,Cyclotella,Cyclotella cryptica
Alaria,Pabay_29_11_21_1,Pabay,29_11_2021,29,11,2021,reads,10058.75,no,0.084503542,,Thalassiosira rotula.1,Chromista,Ochrophyta,Bacillariophyceae,Thalassiosirales,Thalassiosiraceae,Thalassiosira,Thalassiosira rotula
Alaria,Pabay_29_11_21_1,Pabay,29_11_2021,29,11,2021,reads,10058.75,no,0.074561949,,Thalassiosira punctigera.1,Chromista,Ochrophyta,Bacillariophyceae,Thalassiosirales,Thalassiosiraceae,Thalassiosira,Thalassiosira punctigera
Alaria,Pabay_29_11_21_1,Pabay,29_11_2021,29,11,2021,reads,10058.75,no,0.059649559,,Pleurosigma inscriptura.2,Chromista,Ochrophyta,Bacillariophyceae,Naviculales,Pleurosigmataceae,Pleurosigma,Pleurosigma inscriptura
Alaria,Pabay_29_11_21_1,Pabay,29_11_2021,29,11,2021,reads,10058.75,no,0.027339381,,Skeletonema subsalsum,Chromista,Ochrophyta,Bacillariophyceae,Thalassiosirales,Skeletonemataceae,Skeletonema,Skeletonema subsalsum
Alaria,Pabay_29_11_21_1,Pabay,29_11_2021,29,11,2021,reads,10058.75,no,0.208773456,,Thalassionema nitzschioides,Chromista,Ochrophyta,Bacillariophyceae,Thalassionematales,Thalassionemataceae,Thalassionema,Thalassionema nitzschioides
Alaria,Pabay_29_11_21_1,Pabay,29_11_2021,29,11,2021,reads,10058.75,no,2.430719523,,Minutocellus polymorphus.7,Chromista,Ochrophyta,Coscinodiscophyceae,Coscinodiscales,Helminthophoraceae,Minutocellus,Minutocellus polymorphus
Alaria,Pabay_29_11_21_1,Pabay,29_11_2021,29,11,2021,reads,10058.75,no,0.382751336,,Minutocellus polymorphus.8,Chromista,Ochrophyta,Coscinodiscophyceae,Coscinodiscales,Helminthophoraceae,Minutocellus,Minutocellus polymorphus
Alaria,Pabay_29_11_21_1,Pabay,29_11_2021,29,11,2021,reads,10058.75,no,0.810239841,,Minutocellus polymorphus.9,Chromista,Ochrophyta,Coscinodiscophyceae,Coscinodiscales,Helminthophoraceae,Minutocellus,Minutocellus polymorphus
Alaria,Pabay_29_11_21_1,Pabay,29_11_2021,29,11,2021,reads,10058.75,no,0.221200447,,Minutocellus polymorphus.11,Chromista,Ochrophyta,Coscinodiscophyceae,Coscinodiscales,Helminthophoraceae,Minutocellus,Minutocellus polymorphus
Alaria,Pabay_29_11_21_1,Pabay,29_11_2021,29,11,2021,reads,10058.75,no,0.820181434,,Minutocellus polymorphus.12,Chromista,Ochrophyta,Coscinodiscophyceae,Coscinodiscales,Helminthophoraceae,Minutocellus,Minutocellus polymorphus
Alaria,Pabay_29_11_21_1,Pabay,29_11_2021,29,11,2021,reads,10058.75,no,0.288306201,,Minutocellus polymorphus.14,Chromista,Ochrophyta,Coscinodiscophyceae,Coscinodiscales,Helminthophoraceae,Minutocellus,Minutocellus polymorphus
Alaria,Pabay_29_11_21_1,Pabay,29_11_2021,29,11,2021,reads,10058.75,no,0.415061514,,Ditylum brightwellii.4,Chromista,Ochrophyta,Coscinodiscophyceae,Rhizosoleniales,Lithodesmiaceae,Ditylum,Ditylum brightwellii
Alaria,Pabay_29_11_21_1,Pabay,29_11_2021,29,11,2021,reads,10058.75,no,0.084503542,,Dimeregramma acutum.2,Chromista,Ochrophyta,Bacillariophyceae,Cymbellales,Cymbellaceae,Dimeregramma,Dimeregramma acutum
Alaria,Pabay_29_11_21_1,Pabay,29_11_2021,29,11,2021,reads,10058.75,no,0.062134957,,Minutocellus polymorphus.21,Chromista,Ochrophyta,Coscinodiscophyceae,Coscinodiscales,Helminthophoraceae,Minutocellus,Minutocellus polymorphus
Alaria,Pabay_29_11_21_1,Pabay,29_11_2021,29,11,2021,reads,10058.75,no,0.057164161,,Hemiaulus sinensis.3,Chromista,Ochrophyta,Mediophyceae,Hemiaulales,Hemiaulaceae,Hemiaulus,Hemiaulus sinensis
Alaria,Pabay_29_11_21_1,Pabay,29_11_2021,29,11,2021,reads,10058.75,no,11.53970424,,Cassiopea xamachana,Animalia,Cnidaria,Scyphozoa,Rhizostomeae,Cassiopeidae,Cassiopea,Cassiopea xamachana
Alaria,Pabay_29_11_21_1,Pabay,29_11_2021,29,11,2021,reads,10058.75,no,0.042251771,,Aurelia sp. 11 sensu Dawson et al. (2005),,,,,,Aurelia,Aurelia sp. 11 sensu Dawson et al. (2005)
Alaria,Pabay_29_11_21_1,Pabay,29_11_2021,29,11,2021,reads,10058.75,no,0.047222567,,Aurelia aurita,Animalia,Cnidaria,Scyphozoa,Semaeostomeae,Ulmaridae,Aurelia,Aurelia aurita
Alaria,Pabay_29_11_21_1,Pabay,29_11_2021,29,11,2021,reads,10058.75,no,0.017397788,,Cassiopea sp. PGNIMCP,,,,,,Cassiopea,Cassiopea sp. PGNIMCP
Alaria,Pabay_29_11_21_1,Pabay,29_11_2021,29,11,2021,reads,10058.75,no,0.019883186,,Aurelia sp. 11 sensu Dawson et al. (2005).1,,,,,,Aurelia,Aurelia sp. 11 sensu Dawson et al. (2005)
Alaria,Pabay_29_11_21_1,Pabay,29_11_2021,29,11,2021,reads,10058.75,no,0.01491239,,Asterias rubens.3,Animalia,Echinodermata,Asteroidea,Forcipulatida,Asteriidae,Asterias,Asterias rubens
Alaria,Pabay_29_11_21_1,Pabay,29_11_2021,29,11,2021,reads,10058.75,no,0.049707966,,Endoxocrinus parrae,Animalia,Echinodermata,Crinoidea,Comatulida,Endoxocrinidae,Endoxocrinus,Endoxocrinus parrae
Alaria,Pabay_29_11_21_1,Pabay,29_11_2021,29,11,2021,reads,10058.75,no,0.032310178,,Ophiothrix fragilis,Animalia,Echinodermata,Ophiuroidea,Ophiurida,Ophiothricidae,Ophiothrix,Ophiothrix fragilis
Alaria,Pabay_29_11_21_1,Pabay,29_11_2021,29,11,2021,reads,10058.75,no,0.71082391,,Urodasys sp. 114a.1,Animalia,Gastrotricha,Macrodasyida,Macrodasyoidea,Urodasidae,Urodasys,Urodasys sp. 114a
Alaria,Pabay_29_11_21_1,Pabay,29_11_2021,29,11,2021,reads,10058.75,no,0.069591152,,Urodasys sp. 114a.2,Animalia,Gastrotricha,Macrodasyida,Macrodasyoidea,Urodasidae,Urodasys,Urodasys sp. 114a
Alaria,Pabay_29_11_21_1,Pabay,29_11_2021,29,11,2021,reads,10058.75,no,0.166521685,,Urodasys sp. 114a.3,Animalia,Gastrotricha,Macrodasyida,Macrodasyoidea,Urodasidae,Urodasys,Urodasys sp. 114a
Alaria,Pabay_29_11_21_1,Pabay,29_11_2021,29,11,2021,reads,10058.75,no,0.151609295,,Urodasys sp. 114a.7,Animalia,Gastrotricha,Macrodasyida,Macrodasyoidea,Urodasidae,Urodasys,Urodasys sp. 114a
Alaria,Pabay_29_11_21_1,Pabay,29_11_2021,29,11,2021,reads,10058.75,no,0.313160184,,Urodasys sp. 114a.8,Animalia,Gastrotricha,Macrodasyida,Macrodasyoidea,Urodasidae,Urodasys,Urodasys sp. 114a
Alaria,Pabay_29_11_21_1,Pabay,29_11_2021,29,11,2021,reads,10058.75,no,0.032310178,,Urodasys sp. 114a.16,Animalia,Gastrotricha,Macrodasyida,Macrodasyoidea,Urodasidae,Urodasys,Urodasys sp. 114a
Alaria,Pabay_29_11_21_1,Pabay,29_11_2021,29,11,2021,reads,10058.75,no,0.032310178,,Urodasys sp. 114a.17,Animalia,Gastrotricha,Macrodasyida,Macrodasyoidea,Urodasidae,Urodasys,Urodasys sp. 114a
Alaria,Pabay_29_11_21_1,Pabay,29_11_2021,29,11,2021,reads,10058.75,no,0.009941593,,Urodasys sp. 114a.24,Animalia,Gastrotricha,Macrodasyida,Macrodasyoidea,Urodasidae,Urodasys,Urodasys sp. 114a
Alaria,Pabay_29_11_21_1,Pabay,29_11_2021,29,11,2021,reads,10058.75,no,0.169007083,,Hyleoglomeris sp.,Animalia,Arthropoda,Diplopoda,Glomerida,Glomeridae,Hyleoglomeris,Hyleoglomeris sp.
Alaria,Pabay_29_11_21_1,Pabay,29_11_2021,29,11,2021,reads,10058.75,no,0.10190133,,Bursaphelenchus cocophilus,Animalia,Nematoda,Chromadorea,Tylenchida,Parasitaphelenchidae,Bursaphelenchus,Bursaphelenchus cocophilus
Alaria,Pabay_29_11_21_1,Pabay,29_11_2021,29,11,2021,reads,10058.75,no,0.146638499,,Monostilifera sp.,Animalia,Nemertea,Anopla,Monostilifera,Monostylifera,Monostilifera,Monostilifera sp.
Alaria,Pabay_29_11_21_1,Pabay,29_11_2021,29,11,2021,reads,10058.75,no,0.131726109,,Monostilifera sp..1,Animalia,Nemertea,Anopla,Monostilifera,Monostylifera,Monostilifera,Monostilifera sp.
Alaria,Pabay_29_11_21_1,Pabay,29_11_2021,29,11,2021,reads,10058.75,no,0.022368585,,Scopalina ruetzleri,Animalia,Porifera,Demospongiae,Scopalinida,Scopalinidae,Scopalina,Scopalina ruetzleri
Alaria,Pabay_29_11_21_1,Pabay,29_11_2021,29,11,2021,reads,10058.75,no,0.01491239,,Echinodictyum mesenterinum,Animalia,Porifera,Demospongiae,Hadromerida,Clionaidae,Echinodictyum,Echinodictyum mesenterinum
Alaria,Pabay_29_11_21_1,Pabay,29_11_2021,29,11,2021,reads,10058.75,no,0.009941593,,Hymedesmia hibernica,Animalia,Porifera,Demospongiae,Poecilosclerida,Hymedesmiidae,Hymedesmia,Hymedesmia hibernica
Alaria,Pabay_29_11_21_1,Pabay,29_11_2021,29,11,2021,reads,10058.75,no,0.064620355,,Asplanchna sieboldii.3,Animalia,Rotifera,Eurotatoria,Ploima,Asplanchnidae,Asplanchna,Asplanchna sieboldii
Alaria,Pabay_29_11_21_1,Pabay,29_11_2021,29,11,2021,reads,10058.75,no,0.146638499,,Tubificoides sp. CED,,,,,,Tubificoides,Tubificoides sp. CED
Alaria,Pabay_29_11_21_1,Pabay,29_11_2021,29,11,2021,reads,10058.75,no,0.017397788,,Tripleuchlanis plicata.1,Animalia,Rotifera,Eurotatoria,Ploima,Euchlanidae,Tripleuchlanis,Tripleuchlanis plicata
Alaria,Pabay_29_11_21_1,Pabay,29_11_2021,29,11,2021,reads,10058.75,no,0.019883186,,invertebrate environmental sample,,,,,,,
Alaria,Pabay_29_11_21_1,Pabay,29_11_2021,29,11,2021,reads,10058.75,no,0.062134957,,invertebrate environmental sample.2,,,,,,,
Alaria,Pabay_29_11_21_1,Pabay,29_11_2021,29,11,2021,reads,10058.75,no,0.154094694,,invertebrate environmental sample.4,,,,,,,
Alaria,Pabay_29_11_21_1,Pabay,29_11_2021,29,11,2021,reads,10058.75,no,0.017397788,,invertebrate environmental sample.6,,,,,,,
Alaria,Pabay_29_11_21_1,Pabay,29_11_2021,29,11,2021,reads,10058.75,no,0.039766373,,invertebrate environmental sample.17,,,,,,,
Alaria,Pabay_29_11_21_1,Pabay,29_11_2021,29,11,2021,reads,10058.75,no,0.116813719,,Tubificoides benedii,Animalia,Annelida,Clitellata,Naidida,Naididae,Tubificoides,Tubificoides benedii
Alaria,Pabay_29_11_21_1,Pabay,29_11_2021,29,11,2021,reads,10058.75,no,0.07207655,,Hormogaster redii,Animalia,Annelida,Clitellata,Crassiclitellata,Hormogastridae,Hormogaster,Hormogaster redii
Alaria,Pabay_29_11_21_1,Pabay,29_11_2021,29,11,2021,reads,10058.75,no,0.044737169,,Enchytraeus albidus,Animalia,Annelida,Clitellata,Enchytraeida,Enchytraeidae,Enchytraeus,Enchytraeus albidus
Saccharina,Pabay_29_11_21_1,Pabay,29_11_2021,29,11,2021,reads,10058.75,no,0.029824779,,Dimeregramma acutum.1,Chromista,Ochrophyta,Bacillariophyceae,Cymbellales,Cymbellaceae,Dimeregramma,Dimeregramma acutum
Saccharina,Pabay_29_11_21_1,Pabay,29_11_2021,29,11,2021,reads,10058.75,no,0.019883186,,Lithodesmium intricatum,Chromista,Ochrophyta,Coscinodiscophyceae,Rhizosoleniales,Lithodesmiaceae,Lithodesmium,Lithodesmium intricatum
Saccharina,Pabay_29_11_21_1,Pabay,29_11_2021,29,11,2021,reads,10058.75,no,0.134211507,,Emiliania huxleyi,Chromista,Haptophyta,Coccolithophyceae,Isochrysidales,Noelaerhabdaceae,Emiliania,Emiliania huxleyi
Saccharina,Pabay_29_11_21_1,Pabay,29_11_2021,29,11,2021,reads,10058.75,no,5.293898347,,Skeletonema menzelii,Chromista,Ochrophyta,Bacillariophyceae,Thalassiosirales,Skeletonemataceae,Skeletonema,Skeletonema menzelii
Saccharina,Pabay_29_11_21_1,Pabay,29_11_2021,29,11,2021,reads,10058.75,no,0.027339381,,Pedospumella sinomuralis.1,Chromista,Ochrophyta,Chrysophyceae,Chromulinales,Paraphysomonadaceae,Pedospumella,Pedospumella sinomuralis
Saccharina,Pabay_29_11_21_1,Pabay,29_11_2021,29,11,2021,reads,10058.75,no,0.062134957,,Pedospumella sp. JBM19,,,,,,Pedospumella,Pedospumella sp. JBM19
Saccharina,Pabay_29_11_21_1,Pabay,29_11_2021,29,11,2021,reads,10058.75,no,0.019883186,,Pedospumella sinomuralis.2,Chromista,Ochrophyta,Chrysophyceae,Chromulinales,Paraphysomonadaceae,Pedospumella,Pedospumella sinomuralis
Saccharina,Pabay_29_11_21_1,Pabay,29_11_2021,29,11,2021,reads,10058.75,no,0.07207655,,Chaetoceros tenuissimus,Chromista,Ochrophyta,Mediophyceae,Chaetocerotales,Chaetocerotaceae,Chaetoceros,Chaetoceros tenuissimus
Saccharina,Pabay_29_11_21_1,Pabay,29_11_2021,29,11,2021,reads,10058.75,no,0.079532745,,Pseudochattonella verruculosa,Chromista,Ochrophyta,Dictyochophyceae,Dictyochales,Chattonellaceae,Pseudochattonella,Pseudochattonella verruculosa
Saccharina,Pabay_29_11_21_1,Pabay,29_11_2021,29,11,2021,reads,10058.75,no,0.037280974,,uncultured dinoflagellate,,,,,,uncultured,uncultured dinoflagellate
Saccharina,Pabay_29_11_21_1,Pabay,29_11_2021,29,11,2021,reads,10058.75,no,0.074561949,,Ministeria vibrans,Opisthokonta,Holozoa,Filasterea,Ministeriida,Ministeriidae,Ministeria,Ministeria vibrans
Saccharina,Pabay_29_11_21_1,Pabay,29_11_2021,29,11,2021,reads,10058.75,no,0.104386728,,Skeletonema potamos,Chromista,Ochrophyta,Bacillariophyceae,Thalassiosirales,Skeletonemataceae,Skeletonema,Skeletonema potamos
Saccharina,Pabay_29_11_21_1,Pabay,29_11_2021,29,11,2021,reads,10058.75,no,0.390207531,,Cyclotella cryptica,Chromista,Ochrophyta,Mediophyceae,Thalassiosirales,Stephanodiscaceae,Cyclotella,Cyclotella cryptica
Saccharina,Pabay_29_11_21_1,Pabay,29_11_2021,29,11,2021,reads,10058.75,no,0.084503542,,Thalassiosira rotula.1,Chromista,Ochrophyta,Bacillariophyceae,Thalassiosirales,Thalassiosiraceae,Thalassiosira,Thalassiosira rotula
Saccharina,Pabay_29_11_21_1,Pabay,29_11_2021,29,11,2021,reads,10058.75,no,0.074561949,,Thalassiosira punctigera.1,Chromista,Ochrophyta,Bacillariophyceae,Thalassiosirales,Thalassiosiraceae,Thalassiosira,Thalassiosira punctigera
Saccharina,Pabay_29_11_21_1,Pabay,29_11_2021,29,11,2021,reads,10058.75,no,0.059649559,,Pleurosigma inscriptura.2,Chromista,Ochrophyta,Bacillariophyceae,Naviculales,Pleurosigmataceae,Pleurosigma,Pleurosigma inscriptura
Saccharina,Pabay_29_11_21_1,Pabay,29_11_2021,29,11,2021,reads,10058.75,no,0.027339381,,Skeletonema subsalsum,Chromista,Ochrophyta,Bacillariophyceae,Thalassiosirales,Skeletonemataceae,Skeletonema,Skeletonema subsalsum
Saccharina,Pabay_29_11_21_1,Pabay,29_11_2021,29,11,2021,reads,10058.75,no,0.208773456,,Thalassionema nitzschioides,Chromista,Ochrophyta,Bacillariophyceae,Thalassionematales,Thalassionemataceae,Thalassionema,Thalassionema nitzschioides
Saccharina,Pabay_29_11_21_1,Pabay,29_11_2021,29,11,2021,reads,10058.75,no,2.430719523,,Minutocellus polymorphus.7,Chromista,Ochrophyta,Coscinodiscophyceae,Coscinodiscales,Helminthophoraceae,Minutocellus,Minutocellus polymorphus
Saccharina,Pabay_29_11_21_1,Pabay,29_11_2021,29,11,2021,reads,10058.75,no,0.382751336,,Minutocellus polymorphus.8,Chromista,Ochrophyta,Coscinodiscophyceae,Coscinodiscales,Helminthophoraceae,Minutocellus,Minutocellus polymorphus
Saccharina,Pabay_29_11_21_1,Pabay,29_11_2021,29,11,2021,reads,10058.75,no,0.810239841,,Minutocellus polymorphus.9,Chromista,Ochrophyta,Coscinodiscophyceae,Coscinodiscales,Helminthophoraceae,Minutocellus,Minutocellus polymorphus
Saccharina,Pabay_29_11_21_1,Pabay,29_11_2021,29,11,2021,reads,10058.75,no,0.221200447,,Minutocellus polymorphus.11,Chromista,Ochrophyta,Coscinodiscophyceae,Coscinodiscales,Helminthophoraceae,Minutocellus,Minutocellus polymorphus
Saccharina,Pabay_29_11_21_1,Pabay,29_11_2021,29,11,2021,reads,10058.75,no,0.820181434,,Minutocellus polymorphus.12,Chromista,Ochrophyta,Coscinodiscophyceae,Coscinodiscales,Helminthophoraceae,Minutocellus,Minutocellus polymorphus
Saccharina,Pabay_29_11_21_1,Pabay,29_11_2021,29,11,2021,reads,10058.75,no,0.288306201,,Minutocellus polymorphus.14,Chromista,Ochrophyta,Coscinodiscophyceae,Coscinodiscales,Helminthophoraceae,Minutocellus,Minutocellus polymorphus
Saccharina,Pabay_29_11_21_1,Pabay,29_11_2021,29,11,2021,reads,10058.75,no,0.415061514,,Ditylum brightwellii.4,Chromista,Ochrophyta,Coscinodiscophyceae,Rhizosoleniales,Lithodesmiaceae,Ditylum,Ditylum brightwellii
Saccharina,Pabay_29_11_21_1,Pabay,29_11_2021,29,11,2021,reads,10058.75,no,0.084503542,,Dimeregramma acutum.2,Chromista,Ochrophyta,Bacillariophyceae,Cymbellales,Cymbellaceae,Dimeregramma,Dimeregramma acutum
Saccharina,Pabay_29_11_21_1,Pabay,29_11_2021,29,11,2021,reads,10058.75,no,0.062134957,,Minutocellus polymorphus.21,Chromista,Ochrophyta,Coscinodiscophyceae,Coscinodiscales,Helminthophoraceae,Minutocellus,Minutocellus polymorphus
Saccharina,Pabay_29_11_21_1,Pabay,29_11_2021,29,11,2021,reads,10058.75,no,0.057164161,,Hemiaulus sinensis.3,Chromista,Ochrophyta,Mediophyceae,Hemiaulales,Hemiaulaceae,Hemiaulus,Hemiaulus sinensis
Saccharina,Pabay_29_11_21_1,Pabay,29_11_2021,29,11,2021,reads,10058.75,no,11.53970424,,Cassiopea xamachana,Animalia,Cnidaria,Scyphozoa,Rhizostomeae,Cassiopeidae,Cassiopea,Cassiopea xamachana
Saccharina,Pabay_29_11_21_1,Pabay,29_11_2021,29,11,2021,reads,10058.75,no,0.042251771,,Aurelia sp. 11 sensu Dawson et al. (2005),,,,,,Aurelia,Aurelia sp. 11 sensu Dawson et al. (2005)
Saccharina,Pabay_29_11_21_1,Pabay,29_11_2021,29,11,2021,reads,10058.75,no,0.047222567,,Aurelia aurita,Animalia,Cnidaria,Scyphozoa,Semaeostomeae,Ulmaridae,Aurelia,Aurelia aurita
Saccharina,Pabay_29_11_21_1,Pabay,29_11_2021,29,11,2021,reads,10058.75,no,0.017397788,,Cassiopea sp. PGNIMCP,,,,,,Cassiopea,Cassiopea sp. PGNIMCP
Saccharina,Pabay_29_11_21_1,Pabay,29_11_2021,29,11,2021,reads,10058.75,no,0.019883186,,Aurelia sp. 11 sensu Dawson et al. (2005).1,,,,,,Aurelia,Aurelia sp. 11 sensu Dawson et al. (2005)
Saccharina,Pabay_29_11_21_1,Pabay,29_11_2021,29,11,2021,reads,10058.75,no,0.01491239,,Asterias rubens.3,Animalia,Echinodermata,Asteroidea,Forcipulatida,Asteriidae,Asterias,Asterias rubens
Saccharina,Pabay_29_11_21_1,Pabay,29_11_2021,29,11,2021,reads,10058.75,no,0.049707966,,Endoxocrinus parrae,Animalia,Echinodermata,Crinoidea,Comatulida,Endoxocrinidae,Endoxocrinus,Endoxocrinus parrae
Saccharina,Pabay_29_11_21_1,Pabay,29_11_2021,29,11,2021,reads,10058.75,no,0.032310178,,Ophiothrix fragilis,Animalia,Echinodermata,Ophiuroidea,Ophiurida,Ophiothricidae,Ophiothrix,Ophiothrix fragilis
Saccharina,Pabay_29_11_21_1,Pabay,29_11_2021,29,11,2021,reads,10058.75,no,0.71082391,,Urodasys sp. 114a.1,Animalia,Gastrotricha,Macrodasyida,Macrodasyoidea,Urodasidae,Urodasys,Urodasys sp. 114a
Saccharina,Pabay_29_11_21_1,Pabay,29_11_2021,29,11,2021,reads,10058.75,no,0.069591152,,Urodasys sp. 114a.2,Animalia,Gastrotricha,Macrodasyida,Macrodasyoidea,Urodasidae,Urodasys,Urodasys sp. 114a
Saccharina,Pabay_29_11_21_1,Pabay,29_11_2021,29,11,2021,reads,10058.75,no,0.166521685,,Urodasys sp. 114a.3,Animalia,Gastrotricha,Macrodasyida,Macrodasyoidea,Urodasidae,Urodasys,Urodasys sp. 114a
Saccharina,Pabay_29_11_21_1,Pabay,29_11_2021,29,11,2021,reads,10058.75,no,0.151609295,,Urodasys sp. 114a.7,Animalia,Gastrotricha,Macrodasyida,Macrodasyoidea,Urodasidae,Urodasys,Urodasys sp. 114a
Saccharina,Pabay_29_11_21_1,Pabay,29_11_2021,29,11,2021,reads,10058.75,no,0.313160184,,Urodasys sp. 114a.8,Animalia,Gastrotricha,Macrodasyida,Macrodasyoidea,Urodasidae,Urodasys,Urodasys sp. 114a
Saccharina,Pabay_29_11_21_1,Pabay,29_11_2021,29,11,2021,reads,10058.75,no,0.032310178,,Urodasys sp. 114a.16,Animalia,Gastrotricha,Macrodasyida,Macrodasyoidea,Urodasidae,Urodasys,Urodasys sp. 114a
Saccharina,Pabay_29_11_21_1,Pabay,29_11_2021,29,11,2021,reads,10058.75,no,0.032310178,,Urodasys sp. 114a.17,Animalia,Gastrotricha,Macrodasyida,Macrodasyoidea,Urodasidae,Urodasys,Urodasys sp. 114a
Saccharina,Pabay_29_11_21_1,Pabay,29_11_2021,29,11,2021,reads,10058.75,no,0.009941593,,Urodasys sp. 114a.24,Animalia,Gastrotricha,Macrodasyida,Macrodasyoidea,Urodasidae,Urodasys,Urodasys sp. 114a
Saccharina,Pabay_29_11_21_1,Pabay,29_11_2021,29,11,2021,reads,10058.75,no,0.169007083,,Hyleoglomeris sp.,Animalia,Arthropoda,Diplopoda,Glomerida,Glomeridae,Hyleoglomeris,Hyleoglomeris sp.
Saccharina,Pabay_29_11_21_1,Pabay,29_11_2021,29,11,2021,reads,10058.75,no,0.10190133,,Bursaphelenchus cocophilus,Animalia,Nematoda,Chromadorea,Tylenchida,Parasitaphelenchidae,Bursaphelenchus,Bursaphelenchus cocophilus
Saccharina,Pabay_29_11_21_1,Pabay,29_11_2021,29,11,2021,reads,10058.75,no,0.146638499,,Monostilifera sp.,Animalia,Nemertea,Anopla,Monostilifera,Monostylifera,Monostilifera,Monostilifera sp.
Saccharina,Pabay_29_11_21_1,Pabay,29_11_2021,29,11,2021,reads,10058.75,no,0.131726109,,Monostilifera sp..1,Animalia,Nemertea,Anopla,Monostilifera,Monostylifera,Monostilifera,Monostilifera sp.
Saccharina,Pabay_29_11_21_1,Pabay,29_11_2021,29,11,2021,reads,10058.75,no,0.022368585,,Scopalina ruetzleri,Animalia,Porifera,Demospongiae,Scopalinida,Scopalinidae,Scopalina,Scopalina ruetzleri
Saccharina,Pabay_29_11_21_1,Pabay,29_11_2021,29,11,2021,reads,10058.75,no,0.01491239,,Echinodictyum mesenterinum,Animalia,Porifera,Demospongiae,Hadromerida,Clionaidae,Echinodictyum,Echinodictyum mesenterinum
Saccharina,Pabay_29_11_21_1,Pabay,29_11_2021,29,11,2021,reads,10058.75,no,0.009941593,,Hymedesmia hibernica,Animalia,Porifera,Demospongiae,Poecilosclerida,Hymedesmiidae,Hymedesmia,Hymedesmia hibernica
Saccharina,Pabay_29_11_21_1,Pabay,29_11_2021,29,11,2021,reads,10058.75,no,0.064620355,,Asplanchna sieboldii.3,Animalia,Rotifera,Eurotatoria,Ploima,Asplanchnidae,Asplanchna,Asplanchna sieboldii
Saccharina,Pabay_29_11_21_1,Pabay,29_11_2021,29,11,2021,reads,10058.75,no,0.146638499,,Tubificoides sp. CED,,,,,,Tubificoides,Tubificoides sp. CED
Saccharina,Pabay_29_11_21_1,Pabay,29_11_2021,29,11,2021,reads,10058.75,no,0.017397788,,Tripleuchlanis plicata.1,Animalia,Rotifera,Eurotatoria,Ploima,Euchlanidae,Tripleuchlanis,Tripleuchlanis plicata
Saccharina,Pabay_29_11_21_1,Pabay,29_11_2021,29,11,2021,reads,10058.75,no,0.019883186,,invertebrate environmental sample,,,,,,,
Saccharina,Pabay_29_11_21_1,Pabay,29_11_2021,29,11,2021,reads,10058.75,no,0.062134957,,invertebrate environmental sample.2,,,,,,,
Saccharina,Pabay_29_11_21_1,Pabay,29_11_2021,29,11,2021,reads,10058.75,no,0.154094694,,invertebrate environmental sample.4,,,,,,,
Saccharina,Pabay_29_11_21_1,Pabay,29_11_2021,29,11,2021,reads,10058.75,no,0.017397788,,invertebrate environmental sample.6,,,,,,,
Saccharina,Pabay_29_11_21_1,Pabay,29_11_2021,29,11,2021,reads,10058.75,no,0.039766373,,invertebrate environmental sample.17,,,,,,,
Saccharina,Pabay_29_11_21_1,Pabay,29_11_2021,29,11,2021,reads,10058.75,no,0.116813719,,Tubificoides benedii,Animalia,Annelida,Clitellata,Naidida,Naididae,Tubificoides,Tubificoides benedii
Saccharina,Pabay_29_11_21_1,Pabay,29_11_2021,29,11,2021,reads,10058.75,no,0.07207655,,Hormogaster redii,Animalia,Annelida,Clitellata,Crassiclitellata,Hormogastridae,Hormogaster,Hormogaster redii
Saccharina,Pabay_29_11_21_1,Pabay,29_11_2021,29,11,2021,reads,10058.75,no,0.044737169,,Enchytraeus albidus,Animalia,Annelida,Clitellata,Enchytraeida,Enchytraeidae,Enchytraeus,Enchytraeus albidus
Alaria,Pabay_29_11_21_1,Pabay,29_11_2021,29,11,2021,reads,10058.75,Polychaet,0.109357525,,Trichobranchus glacialis,Animalia,Annelida,Polychaeta,Terebellida,Terebellidae,Trichobranchus,Trichobranchus glacialis
Saccharina,Pabay_29_11_21_1,Pabay,29_11_2021,29,11,2021,reads,10058.75,Polychaet,0.109357525,,Trichobranchus glacialis,Animalia,Annelida,Polychaeta,Terebellida,Terebellidae,Trichobranchus,Trichobranchus glacialis
Alaria,Pabay_29_11_21_2,Pabay,29_11_2021,29,11,2021,reads,4580,Bivalvia,0.18558952,,Montacutona sigalionidcola,Animalia,Mollusca,Bivalvia,Galeommatida,Montacutidae,Montacutona,Montacutona sigalionidcola
Saccharina,Pabay_29_11_21_2,Pabay,29_11_2021,29,11,2021,reads,4580,Bivalvia,0.18558952,,Montacutona sigalionidcola,Animalia,Mollusca,Bivalvia,Galeommatida,Montacutidae,Montacutona,Montacutona sigalionidcola
Alaria,Pabay_29_11_21_2,Pabay,29_11_2021,29,11,2021,reads,4580,Bryozoa,0.884279476,,Electra pilosa,Animalia,Bryozoa,Gymnolaemata,Cheilostomatida,Electridae,Electra,Electra pilosa
Alaria,Pabay_29_11_21_2,Pabay,29_11_2021,29,11,2021,reads,4580,Bryozoa,0.098253275,,Electra pilosa.3,Animalia,Bryozoa,Gymnolaemata,Cheilostomatida,Electridae,Electra,Electra pilosa
Saccharina,Pabay_29_11_21_2,Pabay,29_11_2021,29,11,2021,reads,4580,Bryozoa,0.884279476,,Electra pilosa,Animalia,Bryozoa,Gymnolaemata,Cheilostomatida,Electridae,Electra,Electra pilosa
Saccharina,Pabay_29_11_21_2,Pabay,29_11_2021,29,11,2021,reads,4580,Bryozoa,0.098253275,,Electra pilosa.3,Animalia,Bryozoa,Gymnolaemata,Cheilostomatida,Electridae,Electra,Electra pilosa
Alaria,Pabay_29_11_21_2,Pabay,29_11_2021,29,11,2021,reads,4580,Copepoda,0.895196507,,Temora sp.,Animalia,Arthropoda,Hexanauplia,Calanoida,Temoridae,Temora,Temora sp.
Saccharina,Pabay_29_11_21_2,Pabay,29_11_2021,29,11,2021,reads,4580,Copepoda,0.895196507,,Temora sp.,Animalia,Arthropoda,Hexanauplia,Calanoida,Temoridae,Temora,Temora sp.
Alaria,Pabay_29_11_21_2,Pabay,29_11_2021,29,11,2021,reads,4580,Hydrozoa,0.458515284,,Clytia sp. 2 AFC-2016,Animalia,Cnidaria,Hydrozoa,Leptothecata,Campanulariidae,Clytia,Clytia sp. 2 AFC-2016
Alaria,Pabay_29_11_21_2,Pabay,29_11_2021,29,11,2021,reads,4580,Hydrozoa,0.054585153,,Maresearsia praeclara,Animalia,Cnidaria,Hydrozoa,Anthoathecata,Corynidae,Maresearsia,Maresearsia praeclara
Alaria,Pabay_29_11_21_2,Pabay,29_11_2021,29,11,2021,reads,4580,Hydrozoa,0.19650655,,Dynamena pumila,Animalia,Cnidaria,Hydrozoa,Leptothecata,Sertulariidae,Dynamena,Dynamena pumila
Alaria,Pabay_29_11_21_2,Pabay,29_11_2021,29,11,2021,reads,4580,Hydrozoa,0.032751092,,Eucheilota maculata,Animalia,Cnidaria,Hydrozoa,Leptothecata,Lovenellidae,Eucheilota,Eucheilota maculata
Saccharina,Pabay_29_11_21_2,Pabay,29_11_2021,29,11,2021,reads,4580,Hydrozoa,0.458515284,,Clytia sp. 2 AFC-2016,Animalia,Cnidaria,Hydrozoa,Leptothecata,Campanulariidae,Clytia,Clytia sp. 2 AFC-2016
Saccharina,Pabay_29_11_21_2,Pabay,29_11_2021,29,11,2021,reads,4580,Hydrozoa,0.054585153,,Maresearsia praeclara,Animalia,Cnidaria,Hydrozoa,Anthoathecata,Corynidae,Maresearsia,Maresearsia praeclara
Saccharina,Pabay_29_11_21_2,Pabay,29_11_2021,29,11,2021,reads,4580,Hydrozoa,0.19650655,,Dynamena pumila,Animalia,Cnidaria,Hydrozoa,Leptothecata,Sertulariidae,Dynamena,Dynamena pumila
Saccharina,Pabay_29_11_21_2,Pabay,29_11_2021,29,11,2021,reads,4580,Hydrozoa,0.032751092,,Eucheilota maculata,Animalia,Cnidaria,Hydrozoa,Leptothecata,Lovenellidae,Eucheilota,Eucheilota maculata
Alaria,Pabay_29_11_21_2,Pabay,29_11_2021,29,11,2021,reads,4580,Malacostraca,0.305676856,,Pagurus longicarpus,Animalia,Arthropoda,Malacostraca,Decapoda,Paguridae,Pagurus,Pagurus longicarpus
Saccharina,Pabay_29_11_21_2,Pabay,29_11_2021,29,11,2021,reads,4580,Malacostraca,0.305676856,,Pagurus longicarpus,Animalia,Arthropoda,Malacostraca,Decapoda,Paguridae,Pagurus,Pagurus longicarpus
Alaria,Pabay_29_11_21_2,Pabay,29_11_2021,29,11,2021,reads,4580,no,0.131004367,,Dimeregramma acutum.1,Chromista,Ochrophyta,Bacillariophyceae,Cymbellales,Cymbellaceae,Dimeregramma,Dimeregramma acutum
Alaria,Pabay_29_11_21_2,Pabay,29_11_2021,29,11,2021,reads,4580,no,3.024017467,,Skeletonema menzelii,Chromista,Ochrophyta,Bacillariophyceae,Thalassiosirales,Skeletonemataceae,Skeletonema,Skeletonema menzelii
Alaria,Pabay_29_11_21_2,Pabay,29_11_2021,29,11,2021,reads,4580,no,0.120087336,,Pedospumella sinomuralis.1,Chromista,Ochrophyta,Chrysophyceae,Chromulinales,Paraphysomonadaceae,Pedospumella,Pedospumella sinomuralis
Alaria,Pabay_29_11_21_2,Pabay,29_11_2021,29,11,2021,reads,4580,no,0.327510917,,Ministeria vibrans,Opisthokonta,Holozoa,Filasterea,Ministeriida,Ministeriidae,Ministeria,Ministeria vibrans
Alaria,Pabay_29_11_21_2,Pabay,29_11_2021,29,11,2021,reads,4580,no,0.087336245,,Skeletonema potamos,Chromista,Ochrophyta,Bacillariophyceae,Thalassiosirales,Skeletonemataceae,Skeletonema,Skeletonema potamos
Alaria,Pabay_29_11_21_2,Pabay,29_11_2021,29,11,2021,reads,4580,no,0.163755459,,Cyclotella cryptica,Chromista,Ochrophyta,Mediophyceae,Thalassiosirales,Stephanodiscaceae,Cyclotella,Cyclotella cryptica
Alaria,Pabay_29_11_21_2,Pabay,29_11_2021,29,11,2021,reads,4580,no,0.262008734,,Pleurosigma inscriptura.2,Chromista,Ochrophyta,Bacillariophyceae,Naviculales,Pleurosigmataceae,Pleurosigma,Pleurosigma inscriptura
Alaria,Pabay_29_11_21_2,Pabay,29_11_2021,29,11,2021,reads,4580,no,3.613537118,,Minutocellus polymorphus.7,Chromista,Ochrophyta,Coscinodiscophyceae,Coscinodiscales,Helminthophoraceae,Minutocellus,Minutocellus polymorphus
Alaria,Pabay_29_11_21_2,Pabay,29_11_2021,29,11,2021,reads,4580,no,0.600436681,,Minutocellus polymorphus.11,Chromista,Ochrophyta,Coscinodiscophyceae,Coscinodiscales,Helminthophoraceae,Minutocellus,Minutocellus polymorphus
Alaria,Pabay_29_11_21_2,Pabay,29_11_2021,29,11,2021,reads,4580,no,1.080786026,,Minutocellus polymorphus.12,Chromista,Ochrophyta,Coscinodiscophyceae,Coscinodiscales,Helminthophoraceae,Minutocellus,Minutocellus polymorphus
Alaria,Pabay_29_11_21_2,Pabay,29_11_2021,29,11,2021,reads,4580,no,0.796943231,,Minutocellus polymorphus.14,Chromista,Ochrophyta,Coscinodiscophyceae,Coscinodiscales,Helminthophoraceae,Minutocellus,Minutocellus polymorphus
Alaria,Pabay_29_11_21_2,Pabay,29_11_2021,29,11,2021,reads,4580,no,1.244541485,,Ditylum brightwellii.4,Chromista,Ochrophyta,Coscinodiscophyceae,Rhizosoleniales,Lithodesmiaceae,Ditylum,Ditylum brightwellii
Alaria,Pabay_29_11_21_2,Pabay,29_11_2021,29,11,2021,reads,4580,no,3.515283843,,Cassiopea xamachana,Animalia,Cnidaria,Scyphozoa,Rhizostomeae,Cassiopeidae,Cassiopea,Cassiopea xamachana
Alaria,Pabay_29_11_21_2,Pabay,29_11_2021,29,11,2021,reads,4580,no,0.207423581,,Aurelia aurita,Animalia,Cnidaria,Scyphozoa,Semaeostomeae,Ulmaridae,Aurelia,Aurelia aurita
Alaria,Pabay_29_11_21_2,Pabay,29_11_2021,29,11,2021,reads,4580,no,0.032751092,,Cassiopea sp. PGNIMCP,,,,,,Cassiopea,Cassiopea sp. PGNIMCP
Alaria,Pabay_29_11_21_2,Pabay,29_11_2021,29,11,2021,reads,4580,no,0.305676856,,Urodasys sp. 114a.2,Animalia,Gastrotricha,Macrodasyida,Macrodasyoidea,Urodasidae,Urodasys,Urodasys sp. 114a
Alaria,Pabay_29_11_21_2,Pabay,29_11_2021,29,11,2021,reads,4580,no,0.109170306,,Urodasys sp. 114a.3,Animalia,Gastrotricha,Macrodasyida,Macrodasyoidea,Urodasidae,Urodasys,Urodasys sp. 114a
Alaria,Pabay_29_11_21_2,Pabay,29_11_2021,29,11,2021,reads,4580,no,0.403930131,,Urodasys sp. 114a.7,Animalia,Gastrotricha,Macrodasyida,Macrodasyoidea,Urodasidae,Urodasys,Urodasys sp. 114a
Alaria,Pabay_29_11_21_2,Pabay,29_11_2021,29,11,2021,reads,4580,no,0.141921397,,Urodasys sp. 114a.16,Animalia,Gastrotricha,Macrodasyida,Macrodasyoidea,Urodasidae,Urodasys,Urodasys sp. 114a
Alaria,Pabay_29_11_21_2,Pabay,29_11_2021,29,11,2021,reads,4580,no,0.141921397,,Urodasys sp. 114a.17,Animalia,Gastrotricha,Macrodasyida,Macrodasyoidea,Urodasidae,Urodasys,Urodasys sp. 114a
Alaria,Pabay_29_11_21_2,Pabay,29_11_2021,29,11,2021,reads,4580,no,0.447598253,,Bursaphelenchus cocophilus,Animalia,Nematoda,Chromadorea,Tylenchida,Parasitaphelenchidae,Bursaphelenchus,Bursaphelenchus cocophilus
Alaria,Pabay_29_11_21_2,Pabay,29_11_2021,29,11,2021,reads,4580,no,0.57860262,,Monostilifera sp..1,Animalia,Nemertea,Anopla,Monostilifera,Monostylifera,Monostilifera,Monostilifera sp.
Alaria,Pabay_29_11_21_2,Pabay,29_11_2021,29,11,2021,reads,4580,no,0.043668122,,Hymedesmia hibernica,Animalia,Porifera,Demospongiae,Poecilosclerida,Hymedesmiidae,Hymedesmia,Hymedesmia hibernica
Alaria,Pabay_29_11_21_2,Pabay,29_11_2021,29,11,2021,reads,4580,no,0.087336245,,invertebrate environmental sample,,,,,,,
Alaria,Pabay_29_11_21_2,Pabay,29_11_2021,29,11,2021,reads,4580,no,0.272925764,,invertebrate environmental sample.2,,,,,,,
Alaria,Pabay_29_11_21_2,Pabay,29_11_2021,29,11,2021,reads,4580,no,0.131004367,,invertebrate environmental sample.4,,,,,,,
Alaria,Pabay_29_11_21_2,Pabay,29_11_2021,29,11,2021,reads,4580,no,0.076419214,,invertebrate environmental sample.6,,,,,,,
Alaria,Pabay_29_11_21_2,Pabay,29_11_2021,29,11,2021,reads,4580,no,0.316593886,,Hormogaster redii,Animalia,Annelida,Clitellata,Crassiclitellata,Hormogastridae,Hormogaster,Hormogaster redii
Saccharina,Pabay_29_11_21_2,Pabay,29_11_2021,29,11,2021,reads,4580,no,0.131004367,,Dimeregramma acutum.1,Chromista,Ochrophyta,Bacillariophyceae,Cymbellales,Cymbellaceae,Dimeregramma,Dimeregramma acutum
Saccharina,Pabay_29_11_21_2,Pabay,29_11_2021,29,11,2021,reads,4580,no,3.024017467,,Skeletonema menzelii,Chromista,Ochrophyta,Bacillariophyceae,Thalassiosirales,Skeletonemataceae,Skeletonema,Skeletonema menzelii
Saccharina,Pabay_29_11_21_2,Pabay,29_11_2021,29,11,2021,reads,4580,no,0.120087336,,Pedospumella sinomuralis.1,Chromista,Ochrophyta,Chrysophyceae,Chromulinales,Paraphysomonadaceae,Pedospumella,Pedospumella sinomuralis
Saccharina,Pabay_29_11_21_2,Pabay,29_11_2021,29,11,2021,reads,4580,no,0.327510917,,Ministeria vibrans,Opisthokonta,Holozoa,Filasterea,Ministeriida,Ministeriidae,Ministeria,Ministeria vibrans
Saccharina,Pabay_29_11_21_2,Pabay,29_11_2021,29,11,2021,reads,4580,no,0.087336245,,Skeletonema potamos,Chromista,Ochrophyta,Bacillariophyceae,Thalassiosirales,Skeletonemataceae,Skeletonema,Skeletonema potamos
Saccharina,Pabay_29_11_21_2,Pabay,29_11_2021,29,11,2021,reads,4580,no,0.163755459,,Cyclotella cryptica,Chromista,Ochrophyta,Mediophyceae,Thalassiosirales,Stephanodiscaceae,Cyclotella,Cyclotella cryptica
Saccharina,Pabay_29_11_21_2,Pabay,29_11_2021,29,11,2021,reads,4580,no,0.262008734,,Pleurosigma inscriptura.2,Chromista,Ochrophyta,Bacillariophyceae,Naviculales,Pleurosigmataceae,Pleurosigma,Pleurosigma inscriptura
Saccharina,Pabay_29_11_21_2,Pabay,29_11_2021,29,11,2021,reads,4580,no,3.613537118,,Minutocellus polymorphus.7,Chromista,Ochrophyta,Coscinodiscophyceae,Coscinodiscales,Helminthophoraceae,Minutocellus,Minutocellus polymorphus
Saccharina,Pabay_29_11_21_2,Pabay,29_11_2021,29,11,2021,reads,4580,no,0.600436681,,Minutocellus polymorphus.11,Chromista,Ochrophyta,Coscinodiscophyceae,Coscinodiscales,Helminthophoraceae,Minutocellus,Minutocellus polymorphus
Saccharina,Pabay_29_11_21_2,Pabay,29_11_2021,29,11,2021,reads,4580,no,1.080786026,,Minutocellus polymorphus.12,Chromista,Ochrophyta,Coscinodiscophyceae,Coscinodiscales,Helminthophoraceae,Minutocellus,Minutocellus polymorphus
Saccharina,Pabay_29_11_21_2,Pabay,29_11_2021,29,11,2021,reads,4580,no,0.796943231,,Minutocellus polymorphus.14,Chromista,Ochrophyta,Coscinodiscophyceae,Coscinodiscales,Helminthophoraceae,Minutocellus,Minutocellus polymorphus
Saccharina,Pabay_29_11_21_2,Pabay,29_11_2021,29,11,2021,reads,4580,no,1.244541485,,Ditylum brightwellii.4,Chromista,Ochrophyta,Coscinodiscophyceae,Rhizosoleniales,Lithodesmiaceae,Ditylum,Ditylum brightwellii
Saccharina,Pabay_29_11_21_2,Pabay,29_11_2021,29,11,2021,reads,4580,no,3.515283843,,Cassiopea xamachana,Animalia,Cnidaria,Scyphozoa,Rhizostomeae,Cassiopeidae,Cassiopea,Cassiopea xamachana
Saccharina,Pabay_29_11_21_2,Pabay,29_11_2021,29,11,2021,reads,4580,no,0.207423581,,Aurelia aurita,Animalia,Cnidaria,Scyphozoa,Semaeostomeae,Ulmaridae,Aurelia,Aurelia aurita
Saccharina,Pabay_29_11_21_2,Pabay,29_11_2021,29,11,2021,reads,4580,no,0.032751092,,Cassiopea sp. PGNIMCP,,,,,,Cassiopea,Cassiopea sp. PGNIMCP
Saccharina,Pabay_29_11_21_2,Pabay,29_11_2021,29,11,2021,reads,4580,no,0.305676856,,Urodasys sp. 114a.2,Animalia,Gastrotricha,Macrodasyida,Macrodasyoidea,Urodasidae,Urodasys,Urodasys sp. 114a
Saccharina,Pabay_29_11_21_2,Pabay,29_11_2021,29,11,2021,reads,4580,no,0.109170306,,Urodasys sp. 114a.3,Animalia,Gastrotricha,Macrodasyida,Macrodasyoidea,Urodasidae,Urodasys,Urodasys sp. 114a
Saccharina,Pabay_29_11_21_2,Pabay,29_11_2021,29,11,2021,reads,4580,no,0.403930131,,Urodasys sp. 114a.7,Animalia,Gastrotricha,Macrodasyida,Macrodasyoidea,Urodasidae,Urodasys,Urodasys sp. 114a
Saccharina,Pabay_29_11_21_2,Pabay,29_11_2021,29,11,2021,reads,4580,no,0.141921397,,Urodasys sp. 114a.16,Animalia,Gastrotricha,Macrodasyida,Macrodasyoidea,Urodasidae,Urodasys,Urodasys sp. 114a
Saccharina,Pabay_29_11_21_2,Pabay,29_11_2021,29,11,2021,reads,4580,no,0.141921397,,Urodasys sp. 114a.17,Animalia,Gastrotricha,Macrodasyida,Macrodasyoidea,Urodasidae,Urodasys,Urodasys sp. 114a
Saccharina,Pabay_29_11_21_2,Pabay,29_11_2021,29,11,2021,reads,4580,no,0.447598253,,Bursaphelenchus cocophilus,Animalia,Nematoda,Chromadorea,Tylenchida,Parasitaphelenchidae,Bursaphelenchus,Bursaphelenchus cocophilus
Saccharina,Pabay_29_11_21_2,Pabay,29_11_2021,29,11,2021,reads,4580,no,0.57860262,,Monostilifera sp..1,Animalia,Nemertea,Anopla,Monostilifera,Monostylifera,Monostilifera,Monostilifera sp.
Saccharina,Pabay_29_11_21_2,Pabay,29_11_2021,29,11,2021,reads,4580,no,0.043668122,,Hymedesmia hibernica,Animalia,Porifera,Demospongiae,Poecilosclerida,Hymedesmiidae,Hymedesmia,Hymedesmia hibernica
Saccharina,Pabay_29_11_21_2,Pabay,29_11_2021,29,11,2021,reads,4580,no,0.087336245,,invertebrate environmental sample,,,,,,,
Saccharina,Pabay_29_11_21_2,Pabay,29_11_2021,29,11,2021,reads,4580,no,0.272925764,,invertebrate environmental sample.2,,,,,,,
Saccharina,Pabay_29_11_21_2,Pabay,29_11_2021,29,11,2021,reads,4580,no,0.131004367,,invertebrate environmental sample.4,,,,,,,
Saccharina,Pabay_29_11_21_2,Pabay,29_11_2021,29,11,2021,reads,4580,no,0.076419214,,invertebrate environmental sample.6,,,,,,,
Saccharina,Pabay_29_11_21_2,Pabay,29_11_2021,29,11,2021,reads,4580,no,0.316593886,,Hormogaster redii,Animalia,Annelida,Clitellata,Crassiclitellata,Hormogastridae,Hormogaster,Hormogaster redii
Alaria,Pabay_29_11_21_3,Pabay,29_11_2021,29,11,2021,reads,15537.5,Bryozoa,0.347546259,,Electra pilosa.1,Animalia,Bryozoa,Gymnolaemata,Cheilostomatida,Electridae,Electra,Electra pilosa
Alaria,Pabay_29_11_21_3,Pabay,29_11_2021,29,11,2021,reads,15537.5,Bryozoa,0.067578439,,Electra pilosa.2,Animalia,Bryozoa,Gymnolaemata,Cheilostomatida,Electridae,Electra,Electra pilosa
Saccharina,Pabay_29_11_21_3,Pabay,29_11_2021,29,11,2021,reads,15537.5,Bryozoa,0.347546259,,Electra pilosa.1,Animalia,Bryozoa,Gymnolaemata,Cheilostomatida,Electridae,Electra,Electra pilosa
Saccharina,Pabay_29_11_21_3,Pabay,29_11_2021,29,11,2021,reads,15537.5,Bryozoa,0.067578439,,Electra pilosa.2,Animalia,Bryozoa,Gymnolaemata,Cheilostomatida,Electridae,Electra,Electra pilosa
Alaria,Pabay_29_11_21_3,Pabay,29_11_2021,29,11,2021,reads,15537.5,Copepoda,0.437650845,,Temora sp.,Animalia,Arthropoda,Hexanauplia,Calanoida,Temoridae,Temora,Temora sp.
Alaria,Pabay_29_11_21_3,Pabay,29_11_2021,29,11,2021,reads,15537.5,Copepoda,0.048270314,,Centropages hamatus,Animalia,Arthropoda,Hexanauplia,Calanoida,Centropagidae,Centropages,Centropages hamatus
Saccharina,Pabay_29_11_21_3,Pabay,29_11_2021,29,11,2021,reads,15537.5,Copepoda,0.437650845,,Temora sp.,Animalia,Arthropoda,Hexanauplia,Calanoida,Temoridae,Temora,Temora sp.
Saccharina,Pabay_29_11_21_3,Pabay,29_11_2021,29,11,2021,reads,15537.5,Copepoda,0.048270314,,Centropages hamatus,Animalia,Arthropoda,Hexanauplia,Calanoida,Centropagidae,Centropages,Centropages hamatus
Alaria,Pabay_29_11_21_3,Pabay,29_11_2021,29,11,2021,reads,15537.5,Gastropoda,0.048270314,,Segmentina nitida,Animalia,Mollusca,Gastropoda,Hygrophila,Planorbidae,Segmentina,Segmentina nitida
Saccharina,Pabay_29_11_21_3,Pabay,29_11_2021,29,11,2021,reads,15537.5,Gastropoda,0.048270314,,Segmentina nitida,Animalia,Mollusca,Gastropoda,Hygrophila,Planorbidae,Segmentina,Segmentina nitida
Alaria,Pabay_29_11_21_3,Pabay,29_11_2021,29,11,2021,reads,15537.5,Hydrozoa,0.328238134,,Clytia sp. 2 AFC-2016,Animalia,Cnidaria,Hydrozoa,Leptothecata,Campanulariidae,Clytia,Clytia sp. 2 AFC-2016
Alaria,Pabay_29_11_21_3,Pabay,29_11_2021,29,11,2021,reads,15537.5,Hydrozoa,0.251005632,,Obelia bidentata,Animalia,Cnidaria,Hydrozoa,Leptothecata,Campanulariidae,Obelia,Obelia bidentata
Alaria,Pabay_29_11_21_3,Pabay,29_11_2021,29,11,2021,reads,15537.5,Hydrozoa,0.157683025,,Orthopyxis crenata,Animalia,Cnidaria,Hydrozoa,Leptothecata,Campanulariidae,Orthopyxis,Orthopyxis crenata
Alaria,Pabay_29_11_21_3,Pabay,29_11_2021,29,11,2021,reads,15537.5,Hydrozoa,0.115848753,,Siphonophorae sp. NHM_339.2,Animalia,Cnidaria,Hydrozoa,Siphonophorae,Siphonophorae,Siphonophorae,Siphonophorae sp. NHM 339
Alaria,Pabay_29_11_21_3,Pabay,29_11_2021,29,11,2021,reads,15537.5,Hydrozoa,0.057924377,,Bougainvillia muscus.5,Animalia,Cnidaria,Hydrozoa,Anthoathecata,Bougainvilliidae,Bougainvillia,Bougainvillia muscus
Alaria,Pabay_29_11_21_3,Pabay,29_11_2021,29,11,2021,reads,15537.5,Hydrozoa,0.009654063,,Coryne pintneri.1,Animalia,Cnidaria,Hydrozoa,Anthoathecata,Corynidae,Coryne,Coryne pintneri
Alaria,Pabay_29_11_21_3,Pabay,29_11_2021,29,11,2021,reads,15537.5,Hydrozoa,0.006436042,,Apolemia sp. 3 CWD-2005,Animalia,Cnidaria,Hydrozoa,Siphonophorae,Apolemiidae,Apolemia,Apolemia sp. 3 CWD-2005
Saccharina,Pabay_29_11_21_3,Pabay,29_11_2021,29,11,2021,reads,15537.5,Hydrozoa,0.328238134,,Clytia sp. 2 AFC-2016,Animalia,Cnidaria,Hydrozoa,Leptothecata,Campanulariidae,Clytia,Clytia sp. 2 AFC-2016
Saccharina,Pabay_29_11_21_3,Pabay,29_11_2021,29,11,2021,reads,15537.5,Hydrozoa,0.251005632,,Obelia bidentata,Animalia,Cnidaria,Hydrozoa,Leptothecata,Campanulariidae,Obelia,Obelia bidentata
Saccharina,Pabay_29_11_21_3,Pabay,29_11_2021,29,11,2021,reads,15537.5,Hydrozoa,0.157683025,,Orthopyxis crenata,Animalia,Cnidaria,Hydrozoa,Leptothecata,Campanulariidae,Orthopyxis,Orthopyxis crenata
Saccharina,Pabay_29_11_21_3,Pabay,29_11_2021,29,11,2021,reads,15537.5,Hydrozoa,0.115848753,,Siphonophorae sp. NHM_339.2,Animalia,Cnidaria,Hydrozoa,Siphonophorae,Siphonophorae,Siphonophorae,Siphonophorae sp. NHM 339
Saccharina,Pabay_29_11_21_3,Pabay,29_11_2021,29,11,2021,reads,15537.5,Hydrozoa,0.057924377,,Bougainvillia muscus.5,Animalia,Cnidaria,Hydrozoa,Anthoathecata,Bougainvilliidae,Bougainvillia,Bougainvillia muscus
Saccharina,Pabay_29_11_21_3,Pabay,29_11_2021,29,11,2021,reads,15537.5,Hydrozoa,0.009654063,,Coryne pintneri.1,Animalia,Cnidaria,Hydrozoa,Anthoathecata,Corynidae,Coryne,Coryne pintneri
Saccharina,Pabay_29_11_21_3,Pabay,29_11_2021,29,11,2021,reads,15537.5,Hydrozoa,0.006436042,,Apolemia sp. 3 CWD-2005,Animalia,Cnidaria,Hydrozoa,Siphonophorae,Apolemiidae,Apolemia,Apolemia sp. 3 CWD-2005
Alaria,Pabay_29_11_21_3,Pabay,29_11_2021,29,11,2021,reads,15537.5,no,0.025744167,,Lithodesmium intricatum,Chromista,Ochrophyta,Coscinodiscophyceae,Rhizosoleniales,Lithodesmiaceae,Lithodesmium,Lithodesmium intricatum
Alaria,Pabay_29_11_21_3,Pabay,29_11_2021,29,11,2021,reads,15537.5,no,0.17377313,,Emiliania huxleyi,Chromista,Haptophyta,Coccolithophyceae,Isochrysidales,Noelaerhabdaceae,Emiliania,Emiliania huxleyi
Alaria,Pabay_29_11_21_3,Pabay,29_11_2021,29,11,2021,reads,15537.5,no,5.962992759,,Skeletonema menzelii,Chromista,Ochrophyta,Bacillariophyceae,Thalassiosirales,Skeletonemataceae,Skeletonema,Skeletonema menzelii
Alaria,Pabay_29_11_21_3,Pabay,29_11_2021,29,11,2021,reads,15537.5,no,0.080450523,,Pedospumella sp. JBM19,,,,,,Pedospumella,Pedospumella sp. JBM19
Alaria,Pabay_29_11_21_3,Pabay,29_11_2021,29,11,2021,reads,15537.5,no,0.025744167,,Pedospumella sinomuralis.2,Chromista,Ochrophyta,Chrysophyceae,Chromulinales,Paraphysomonadaceae,Pedospumella,Pedospumella sinomuralis
Alaria,Pabay_29_11_21_3,Pabay,29_11_2021,29,11,2021,reads,15537.5,no,0.093322607,,Chaetoceros tenuissimus,Chromista,Ochrophyta,Mediophyceae,Chaetocerotales,Chaetocerotaceae,Chaetoceros,Chaetoceros tenuissimus
Alaria,Pabay_29_11_21_3,Pabay,29_11_2021,29,11,2021,reads,15537.5,no,0.102976669,,Pseudochattonella verruculosa,Chromista,Ochrophyta,Dictyochophyceae,Dictyochales,Chattonellaceae,Pseudochattonella,Pseudochattonella verruculosa
Alaria,Pabay_29_11_21_3,Pabay,29_11_2021,29,11,2021,reads,15537.5,no,0.048270314,,uncultured dinoflagellate,,,,,,uncultured,uncultured dinoflagellate
Alaria,Pabay_29_11_21_3,Pabay,29_11_2021,29,11,2021,reads,15537.5,no,0.109412711,,Skeletonema potamos,Chromista,Ochrophyta,Bacillariophyceae,Thalassiosirales,Skeletonemataceae,Skeletonema,Skeletonema potamos
Alaria,Pabay_29_11_21_3,Pabay,29_11_2021,29,11,2021,reads,15537.5,no,0.45695897,,Cyclotella cryptica,Chromista,Ochrophyta,Mediophyceae,Thalassiosirales,Stephanodiscaceae,Cyclotella,Cyclotella cryptica
Alaria,Pabay_29_11_21_3,Pabay,29_11_2021,29,11,2021,reads,15537.5,no,0.109412711,,Thalassiosira rotula.1,Chromista,Ochrophyta,Bacillariophyceae,Thalassiosirales,Thalassiosiraceae,Thalassiosira,Thalassiosira rotula
Alaria,Pabay_29_11_21_3,Pabay,29_11_2021,29,11,2021,reads,15537.5,no,0.096540628,,Thalassiosira punctigera.1,Chromista,Ochrophyta,Bacillariophyceae,Thalassiosirales,Thalassiosiraceae,Thalassiosira,Thalassiosira punctigera
Alaria,Pabay_29_11_21_3,Pabay,29_11_2021,29,11,2021,reads,15537.5,no,0.03539823,,Skeletonema subsalsum,Chromista,Ochrophyta,Bacillariophyceae,Thalassiosirales,Skeletonemataceae,Skeletonema,Skeletonema subsalsum
Alaria,Pabay_29_11_21_3,Pabay,29_11_2021,29,11,2021,reads,15537.5,no,0.270313757,,Thalassionema nitzschioides,Chromista,Ochrophyta,Bacillariophyceae,Thalassionematales,Thalassionemataceae,Thalassionema,Thalassionema nitzschioides
Alaria,Pabay_29_11_21_3,Pabay,29_11_2021,29,11,2021,reads,15537.5,no,2.082059533,,Minutocellus polymorphus.7,Chromista,Ochrophyta,Coscinodiscophyceae,Coscinodiscales,Helminthophoraceae,Minutocellus,Minutocellus polymorphus
Alaria,Pabay_29_11_21_3,Pabay,29_11_2021,29,11,2021,reads,15537.5,no,0.495575221,,Minutocellus polymorphus.8,Chromista,Ochrophyta,Coscinodiscophyceae,Coscinodiscales,Helminthophoraceae,Minutocellus,Minutocellus polymorphus
Alaria,Pabay_29_11_21_3,Pabay,29_11_2021,29,11,2021,reads,15537.5,no,1.049074819,,Minutocellus polymorphus.9,Chromista,Ochrophyta,Coscinodiscophyceae,Coscinodiscales,Helminthophoraceae,Minutocellus,Minutocellus polymorphus
Alaria,Pabay_29_11_21_3,Pabay,29_11_2021,29,11,2021,reads,15537.5,no,0.109412711,,Minutocellus polymorphus.11,Chromista,Ochrophyta,Coscinodiscophyceae,Coscinodiscales,Helminthophoraceae,Minutocellus,Minutocellus polymorphus
Alaria,Pabay_29_11_21_3,Pabay,29_11_2021,29,11,2021,reads,15537.5,no,0.743362832,,Minutocellus polymorphus.12,Chromista,Ochrophyta,Coscinodiscophyceae,Coscinodiscales,Helminthophoraceae,Minutocellus,Minutocellus polymorphus
Alaria,Pabay_29_11_21_3,Pabay,29_11_2021,29,11,2021,reads,15537.5,no,0.138374899,,Minutocellus polymorphus.14,Chromista,Ochrophyta,Coscinodiscophyceae,Coscinodiscales,Helminthophoraceae,Minutocellus,Minutocellus polymorphus
Alaria,Pabay_29_11_21_3,Pabay,29_11_2021,29,11,2021,reads,15537.5,no,0.170555109,,Ditylum brightwellii.4,Chromista,Ochrophyta,Coscinodiscophyceae,Rhizosoleniales,Lithodesmiaceae,Ditylum,Ditylum brightwellii
Alaria,Pabay_29_11_21_3,Pabay,29_11_2021,29,11,2021,reads,15537.5,no,0.109412711,,Dimeregramma acutum.2,Chromista,Ochrophyta,Bacillariophyceae,Cymbellales,Cymbellaceae,Dimeregramma,Dimeregramma acutum
Alaria,Pabay_29_11_21_3,Pabay,29_11_2021,29,11,2021,reads,15537.5,no,0.080450523,,Minutocellus polymorphus.21,Chromista,Ochrophyta,Coscinodiscophyceae,Coscinodiscales,Helminthophoraceae,Minutocellus,Minutocellus polymorphus
Alaria,Pabay_29_11_21_3,Pabay,29_11_2021,29,11,2021,reads,15537.5,no,0.074014481,,Hemiaulus sinensis.3,Chromista,Ochrophyta,Mediophyceae,Hemiaulales,Hemiaulaceae,Hemiaulus,Hemiaulus sinensis
Alaria,Pabay_29_11_21_3,Pabay,29_11_2021,29,11,2021,reads,15537.5,no,13.90506838,,Cassiopea xamachana,Animalia,Cnidaria,Scyphozoa,Rhizostomeae,Cassiopeidae,Cassiopea,Cassiopea xamachana
Alaria,Pabay_29_11_21_3,Pabay,29_11_2021,29,11,2021,reads,15537.5,no,0.054706356,,Aurelia sp. 11 sensu Dawson et al. (2005),,,,,,Aurelia,Aurelia sp. 11 sensu Dawson et al. (2005)
Alaria,Pabay_29_11_21_3,Pabay,29_11_2021,29,11,2021,reads,15537.5,no,0.012872084,,Cassiopea sp. PGNIMCP,,,,,,Cassiopea,Cassiopea sp. PGNIMCP
Alaria,Pabay_29_11_21_3,Pabay,29_11_2021,29,11,2021,reads,15537.5,no,0.025744167,,Aurelia sp. 11 sensu Dawson et al. (2005).1,,,,,,Aurelia,Aurelia sp. 11 sensu Dawson et al. (2005)
Alaria,Pabay_29_11_21_3,Pabay,29_11_2021,29,11,2021,reads,15537.5,no,0.019308126,,Asterias rubens.3,Animalia,Echinodermata,Asteroidea,Forcipulatida,Asteriidae,Asterias,Asterias rubens
Alaria,Pabay_29_11_21_3,Pabay,29_11_2021,29,11,2021,reads,15537.5,no,0.064360418,,Endoxocrinus parrae,Animalia,Echinodermata,Crinoidea,Comatulida,Endoxocrinidae,Endoxocrinus,Endoxocrinus parrae
Alaria,Pabay_29_11_21_3,Pabay,29_11_2021,29,11,2021,reads,15537.5,no,0.041834272,,Ophiothrix fragilis,Animalia,Echinodermata,Ophiuroidea,Ophiurida,Ophiothricidae,Ophiothrix,Ophiothrix fragilis
Alaria,Pabay_29_11_21_3,Pabay,29_11_2021,29,11,2021,reads,15537.5,no,0.920353982,,Urodasys sp. 114a.1,Animalia,Gastrotricha,Macrodasyida,Macrodasyoidea,Urodasidae,Urodasys,Urodasys sp. 114a
Alaria,Pabay_29_11_21_3,Pabay,29_11_2021,29,11,2021,reads,15537.5,no,0.183427192,,Urodasys sp. 114a.3,Animalia,Gastrotricha,Macrodasyida,Macrodasyoidea,Urodasidae,Urodasys,Urodasys sp. 114a
Alaria,Pabay_29_11_21_3,Pabay,29_11_2021,29,11,2021,reads,15537.5,no,0.077232502,,Urodasys sp. 114a.7,Animalia,Gastrotricha,Macrodasyida,Macrodasyoidea,Urodasidae,Urodasys,Urodasys sp. 114a
Alaria,Pabay_29_11_21_3,Pabay,29_11_2021,29,11,2021,reads,15537.5,no,0.405470636,,Urodasys sp. 114a.8,Animalia,Gastrotricha,Macrodasyida,Macrodasyoidea,Urodasidae,Urodasys,Urodasys sp. 114a
Alaria,Pabay_29_11_21_3,Pabay,29_11_2021,29,11,2021,reads,15537.5,no,0.012872084,,Urodasys sp. 114a.24,Animalia,Gastrotricha,Macrodasyida,Macrodasyoidea,Urodasidae,Urodasys,Urodasys sp. 114a
Alaria,Pabay_29_11_21_3,Pabay,29_11_2021,29,11,2021,reads,15537.5,no,0.218825422,,Hyleoglomeris sp.,Animalia,Arthropoda,Diplopoda,Glomerida,Glomeridae,Hyleoglomeris,Hyleoglomeris sp.
Alaria,Pabay_29_11_21_3,Pabay,29_11_2021,29,11,2021,reads,15537.5,no,0.189863234,,Monostilifera sp.,Animalia,Nemertea,Anopla,Monostilifera,Monostylifera,Monostilifera,Monostilifera sp.
Alaria,Pabay_29_11_21_3,Pabay,29_11_2021,29,11,2021,reads,15537.5,no,0.028962188,,Scopalina ruetzleri,Animalia,Porifera,Demospongiae,Scopalinida,Scopalinidae,Scopalina,Scopalina ruetzleri
Alaria,Pabay_29_11_21_3,Pabay,29_11_2021,29,11,2021,reads,15537.5,no,0.019308126,,Echinodictyum mesenterinum,Animalia,Porifera,Demospongiae,Hadromerida,Clionaidae,Echinodictyum,Echinodictyum mesenterinum
Alaria,Pabay_29_11_21_3,Pabay,29_11_2021,29,11,2021,reads,15537.5,no,0.083668544,,Asplanchna sieboldii.3,Animalia,Rotifera,Eurotatoria,Ploima,Asplanchnidae,Asplanchna,Asplanchna sieboldii
Alaria,Pabay_29_11_21_3,Pabay,29_11_2021,29,11,2021,reads,15537.5,no,0.189863234,,Tubificoides sp. CED,,,,,,Tubificoides,Tubificoides sp. CED
Alaria,Pabay_29_11_21_3,Pabay,29_11_2021,29,11,2021,reads,15537.5,no,0.022526146,,Tripleuchlanis plicata.1,Animalia,Rotifera,Eurotatoria,Ploima,Euchlanidae,Tripleuchlanis,Tripleuchlanis plicata
Alaria,Pabay_29_11_21_3,Pabay,29_11_2021,29,11,2021,reads,15537.5,no,0.160901046,,invertebrate environmental sample.4,,,,,,,
Alaria,Pabay_29_11_21_3,Pabay,29_11_2021,29,11,2021,reads,15537.5,no,0.051488335,,invertebrate environmental sample.17,,,,,,,
Alaria,Pabay_29_11_21_3,Pabay,29_11_2021,29,11,2021,reads,15537.5,no,0.151246983,,Tubificoides benedii,Animalia,Annelida,Clitellata,Naidida,Naididae,Tubificoides,Tubificoides benedii
Alaria,Pabay_29_11_21_3,Pabay,29_11_2021,29,11,2021,reads,15537.5,no,0.057924377,,Enchytraeus albidus,Animalia,Annelida,Clitellata,Enchytraeida,Enchytraeidae,Enchytraeus,Enchytraeus albidus
Saccharina,Pabay_29_11_21_3,Pabay,29_11_2021,29,11,2021,reads,15537.5,no,0.025744167,,Lithodesmium intricatum,Chromista,Ochrophyta,Coscinodiscophyceae,Rhizosoleniales,Lithodesmiaceae,Lithodesmium,Lithodesmium intricatum
Saccharina,Pabay_29_11_21_3,Pabay,29_11_2021,29,11,2021,reads,15537.5,no,0.17377313,,Emiliania huxleyi,Chromista,Haptophyta,Coccolithophyceae,Isochrysidales,Noelaerhabdaceae,Emiliania,Emiliania huxleyi
Saccharina,Pabay_29_11_21_3,Pabay,29_11_2021,29,11,2021,reads,15537.5,no,5.962992759,,Skeletonema menzelii,Chromista,Ochrophyta,Bacillariophyceae,Thalassiosirales,Skeletonemataceae,Skeletonema,Skeletonema menzelii
Saccharina,Pabay_29_11_21_3,Pabay,29_11_2021,29,11,2021,reads,15537.5,no,0.080450523,,Pedospumella sp. JBM19,,,,,,Pedospumella,Pedospumella sp. JBM19
Saccharina,Pabay_29_11_21_3,Pabay,29_11_2021,29,11,2021,reads,15537.5,no,0.025744167,,Pedospumella sinomuralis.2,Chromista,Ochrophyta,Chrysophyceae,Chromulinales,Paraphysomonadaceae,Pedospumella,Pedospumella sinomuralis
Saccharina,Pabay_29_11_21_3,Pabay,29_11_2021,29,11,2021,reads,15537.5,no,0.093322607,,Chaetoceros tenuissimus,Chromista,Ochrophyta,Mediophyceae,Chaetocerotales,Chaetocerotaceae,Chaetoceros,Chaetoceros tenuissimus
Saccharina,Pabay_29_11_21_3,Pabay,29_11_2021,29,11,2021,reads,15537.5,no,0.102976669,,Pseudochattonella verruculosa,Chromista,Ochrophyta,Dictyochophyceae,Dictyochales,Chattonellaceae,Pseudochattonella,Pseudochattonella verruculosa
Saccharina,Pabay_29_11_21_3,Pabay,29_11_2021,29,11,2021,reads,15537.5,no,0.048270314,,uncultured dinoflagellate,,,,,,uncultured,uncultured dinoflagellate
Saccharina,Pabay_29_11_21_3,Pabay,29_11_2021,29,11,2021,reads,15537.5,no,0.109412711,,Skeletonema potamos,Chromista,Ochrophyta,Bacillariophyceae,Thalassiosirales,Skeletonemataceae,Skeletonema,Skeletonema potamos
Saccharina,Pabay_29_11_21_3,Pabay,29_11_2021,29,11,2021,reads,15537.5,no,0.45695897,,Cyclotella cryptica,Chromista,Ochrophyta,Mediophyceae,Thalassiosirales,Stephanodiscaceae,Cyclotella,Cyclotella cryptica
Saccharina,Pabay_29_11_21_3,Pabay,29_11_2021,29,11,2021,reads,15537.5,no,0.109412711,,Thalassiosira rotula.1,Chromista,Ochrophyta,Bacillariophyceae,Thalassiosirales,Thalassiosiraceae,Thalassiosira,Thalassiosira rotula
Saccharina,Pabay_29_11_21_3,Pabay,29_11_2021,29,11,2021,reads,15537.5,no,0.096540628,,Thalassiosira punctigera.1,Chromista,Ochrophyta,Bacillariophyceae,Thalassiosirales,Thalassiosiraceae,Thalassiosira,Thalassiosira punctigera
Saccharina,Pabay_29_11_21_3,Pabay,29_11_2021,29,11,2021,reads,15537.5,no,0.03539823,,Skeletonema subsalsum,Chromista,Ochrophyta,Bacillariophyceae,Thalassiosirales,Skeletonemataceae,Skeletonema,Skeletonema subsalsum
Saccharina,Pabay_29_11_21_3,Pabay,29_11_2021,29,11,2021,reads,15537.5,no,0.270313757,,Thalassionema nitzschioides,Chromista,Ochrophyta,Bacillariophyceae,Thalassionematales,Thalassionemataceae,Thalassionema,Thalassionema nitzschioides
Saccharina,Pabay_29_11_21_3,Pabay,29_11_2021,29,11,2021,reads,15537.5,no,2.082059533,,Minutocellus polymorphus.7,Chromista,Ochrophyta,Coscinodiscophyceae,Coscinodiscales,Helminthophoraceae,Minutocellus,Minutocellus polymorphus
Saccharina,Pabay_29_11_21_3,Pabay,29_11_2021,29,11,2021,reads,15537.5,no,0.495575221,,Minutocellus polymorphus.8,Chromista,Ochrophyta,Coscinodiscophyceae,Coscinodiscales,Helminthophoraceae,Minutocellus,Minutocellus polymorphus
Saccharina,Pabay_29_11_21_3,Pabay,29_11_2021,29,11,2021,reads,15537.5,no,1.049074819,,Minutocellus polymorphus.9,Chromista,Ochrophyta,Coscinodiscophyceae,Coscinodiscales,Helminthophoraceae,Minutocellus,Minutocellus polymorphus
Saccharina,Pabay_29_11_21_3,Pabay,29_11_2021,29,11,2021,reads,15537.5,no,0.109412711,,Minutocellus polymorphus.11,Chromista,Ochrophyta,Coscinodiscophyceae,Coscinodiscales,Helminthophoraceae,Minutocellus,Minutocellus polymorphus
Saccharina,Pabay_29_11_21_3,Pabay,29_11_2021,29,11,2021,reads,15537.5,no,0.743362832,,Minutocellus polymorphus.12,Chromista,Ochrophyta,Coscinodiscophyceae,Coscinodiscales,Helminthophoraceae,Minutocellus,Minutocellus polymorphus
Saccharina,Pabay_29_11_21_3,Pabay,29_11_2021,29,11,2021,reads,15537.5,no,0.138374899,,Minutocellus polymorphus.14,Chromista,Ochrophyta,Coscinodiscophyceae,Coscinodiscales,Helminthophoraceae,Minutocellus,Minutocellus polymorphus
Saccharina,Pabay_29_11_21_3,Pabay,29_11_2021,29,11,2021,reads,15537.5,no,0.170555109,,Ditylum brightwellii.4,Chromista,Ochrophyta,Coscinodiscophyceae,Rhizosoleniales,Lithodesmiaceae,Ditylum,Ditylum brightwellii
Saccharina,Pabay_29_11_21_3,Pabay,29_11_2021,29,11,2021,reads,15537.5,no,0.109412711,,Dimeregramma acutum.2,Chromista,Ochrophyta,Bacillariophyceae,Cymbellales,Cymbellaceae,Dimeregramma,Dimeregramma acutum
Saccharina,Pabay_29_11_21_3,Pabay,29_11_2021,29,11,2021,reads,15537.5,no,0.080450523,,Minutocellus polymorphus.21,Chromista,Ochrophyta,Coscinodiscophyceae,Coscinodiscales,Helminthophoraceae,Minutocellus,Minutocellus polymorphus
Saccharina,Pabay_29_11_21_3,Pabay,29_11_2021,29,11,2021,reads,15537.5,no,0.074014481,,Hemiaulus sinensis.3,Chromista,Ochrophyta,Mediophyceae,Hemiaulales,Hemiaulaceae,Hemiaulus,Hemiaulus sinensis
Saccharina,Pabay_29_11_21_3,Pabay,29_11_2021,29,11,2021,reads,15537.5,no,13.90506838,,Cassiopea xamachana,Animalia,Cnidaria,Scyphozoa,Rhizostomeae,Cassiopeidae,Cassiopea,Cassiopea xamachana
Saccharina,Pabay_29_11_21_3,Pabay,29_11_2021,29,11,2021,reads,15537.5,no,0.054706356,,Aurelia sp. 11 sensu Dawson et al. (2005),,,,,,Aurelia,Aurelia sp. 11 sensu Dawson et al. (2005)
Saccharina,Pabay_29_11_21_3,Pabay,29_11_2021,29,11,2021,reads,15537.5,no,0.012872084,,Cassiopea sp. PGNIMCP,,,,,,Cassiopea,Cassiopea sp. PGNIMCP
Saccharina,Pabay_29_11_21_3,Pabay,29_11_2021,29,11,2021,reads,15537.5,no,0.025744167,,Aurelia sp. 11 sensu Dawson et al. (2005).1,,,,,,Aurelia,Aurelia sp. 11 sensu Dawson et al. (2005)
Saccharina,Pabay_29_11_21_3,Pabay,29_11_2021,29,11,2021,reads,15537.5,no,0.019308126,,Asterias rubens.3,Animalia,Echinodermata,Asteroidea,Forcipulatida,Asteriidae,Asterias,Asterias rubens
Saccharina,Pabay_29_11_21_3,Pabay,29_11_2021,29,11,2021,reads,15537.5,no,0.064360418,,Endoxocrinus parrae,Animalia,Echinodermata,Crinoidea,Comatulida,Endoxocrinidae,Endoxocrinus,Endoxocrinus parrae
Saccharina,Pabay_29_11_21_3,Pabay,29_11_2021,29,11,2021,reads,15537.5,no,0.041834272,,Ophiothrix fragilis,Animalia,Echinodermata,Ophiuroidea,Ophiurida,Ophiothricidae,Ophiothrix,Ophiothrix fragilis
Saccharina,Pabay_29_11_21_3,Pabay,29_11_2021,29,11,2021,reads,15537.5,no,0.920353982,,Urodasys sp. 114a.1,Animalia,Gastrotricha,Macrodasyida,Macrodasyoidea,Urodasidae,Urodasys,Urodasys sp. 114a
Saccharina,Pabay_29_11_21_3,Pabay,29_11_2021,29,11,2021,reads,15537.5,no,0.183427192,,Urodasys sp. 114a.3,Animalia,Gastrotricha,Macrodasyida,Macrodasyoidea,Urodasidae,Urodasys,Urodasys sp. 114a
Saccharina,Pabay_29_11_21_3,Pabay,29_11_2021,29,11,2021,reads,15537.5,no,0.077232502,,Urodasys sp. 114a.7,Animalia,Gastrotricha,Macrodasyida,Macrodasyoidea,Urodasidae,Urodasys,Urodasys sp. 114a
Saccharina,Pabay_29_11_21_3,Pabay,29_11_2021,29,11,2021,reads,15537.5,no,0.405470636,,Urodasys sp. 114a.8,Animalia,Gastrotricha,Macrodasyida,Macrodasyoidea,Urodasidae,Urodasys,Urodasys sp. 114a
Saccharina,Pabay_29_11_21_3,Pabay,29_11_2021,29,11,2021,reads,15537.5,no,0.012872084,,Urodasys sp. 114a.24,Animalia,Gastrotricha,Macrodasyida,Macrodasyoidea,Urodasidae,Urodasys,Urodasys sp. 114a
Saccharina,Pabay_29_11_21_3,Pabay,29_11_2021,29,11,2021,reads,15537.5,no,0.218825422,,Hyleoglomeris sp.,Animalia,Arthropoda,Diplopoda,Glomerida,Glomeridae,Hyleoglomeris,Hyleoglomeris sp.
Saccharina,Pabay_29_11_21_3,Pabay,29_11_2021,29,11,2021,reads,15537.5,no,0.189863234,,Monostilifera sp.,Animalia,Nemertea,Anopla,Monostilifera,Monostylifera,Monostilifera,Monostilifera sp.
Saccharina,Pabay_29_11_21_3,Pabay,29_11_2021,29,11,2021,reads,15537.5,no,0.028962188,,Scopalina ruetzleri,Animalia,Porifera,Demospongiae,Scopalinida,Scopalinidae,Scopalina,Scopalina ruetzleri
Saccharina,Pabay_29_11_21_3,Pabay,29_11_2021,29,11,2021,reads,15537.5,no,0.019308126,,Echinodictyum mesenterinum,Animalia,Porifera,Demospongiae,Hadromerida,Clionaidae,Echinodictyum,Echinodictyum mesenterinum
Saccharina,Pabay_29_11_21_3,Pabay,29_11_2021,29,11,2021,reads,15537.5,no,0.083668544,,Asplanchna sieboldii.3,Animalia,Rotifera,Eurotatoria,Ploima,Asplanchnidae,Asplanchna,Asplanchna sieboldii
Saccharina,Pabay_29_11_21_3,Pabay,29_11_2021,29,11,2021,reads,15537.5,no,0.189863234,,Tubificoides sp. CED,,,,,,Tubificoides,Tubificoides sp. CED
Saccharina,Pabay_29_11_21_3,Pabay,29_11_2021,29,11,2021,reads,15537.5,no,0.022526146,,Tripleuchlanis plicata.1,Animalia,Rotifera,Eurotatoria,Ploima,Euchlanidae,Tripleuchlanis,Tripleuchlanis plicata
Saccharina,Pabay_29_11_21_3,Pabay,29_11_2021,29,11,2021,reads,15537.5,no,0.160901046,,invertebrate environmental sample.4,,,,,,,
Saccharina,Pabay_29_11_21_3,Pabay,29_11_2021,29,11,2021,reads,15537.5,no,0.051488335,,invertebrate environmental sample.17,,,,,,,
Saccharina,Pabay_29_11_21_3,Pabay,29_11_2021,29,11,2021,reads,15537.5,no,0.151246983,,Tubificoides benedii,Animalia,Annelida,Clitellata,Naidida,Naididae,Tubificoides,Tubificoides benedii
Saccharina,Pabay_29_11_21_3,Pabay,29_11_2021,29,11,2021,reads,15537.5,no,0.057924377,,Enchytraeus albidus,Animalia,Annelida,Clitellata,Enchytraeida,Enchytraeidae,Enchytraeus,Enchytraeus albidus
Alaria,Pabay_29_11_21_3,Pabay,29_11_2021,29,11,2021,reads,15537.5,Polychaet,0.14159292,,Trichobranchus glacialis,Animalia,Annelida,Polychaeta,Terebellida,Terebellidae,Trichobranchus,Trichobranchus glacialis
Saccharina,Pabay_29_11_21_3,Pabay,29_11_2021,29,11,2021,reads,15537.5,Polychaet,0.14159292,,Trichobranchus glacialis,Animalia,Annelida,Polychaeta,Terebellida,Terebellidae,Trichobranchus,Trichobranchus glacialis
Alaria,Pabay_30_10_21_1,Pabay,30_10_2021,30,10,2021,reads,491,Bryozoa,2.138492872,,Electra pilosa,Animalia,Bryozoa,Gymnolaemata,Cheilostomatida,Electridae,Electra,Electra pilosa
Saccharina,Pabay_30_10_21_1,Pabay,30_10_2021,30,10,2021,reads,491,Bryozoa,2.138492872,,Electra pilosa,Animalia,Bryozoa,Gymnolaemata,Cheilostomatida,Electridae,Electra,Electra pilosa
Alaria,Pabay_30_10_21_1,Pabay,30_10_2021,30,10,2021,reads,491,no,1.120162933,,Ditylum brightwellii,Chromista,Ochrophyta,Coscinodiscophyceae,Rhizosoleniales,Lithodesmiaceae,Ditylum,Ditylum brightwellii
Alaria,Pabay_30_10_21_1,Pabay,30_10_2021,30,10,2021,reads,491,no,1.221995927,,Guinardia delicatula.7,Chromista,Ochrophyta,Coscinodiscophyceae,Rhizosoleniales,Rhizosoleniaceae,Guinardia,Guinardia delicatula
Alaria,Pabay_30_10_21_1,Pabay,30_10_2021,30,10,2021,reads,491,no,1.018329939,,Chaetoceros socialis.2,Chromista,Ochrophyta,Mediophyceae,Chaetocerotales,Chaetocerotaceae,Chaetoceros,Chaetoceros socialis
Alaria,Pabay_30_10_21_1,Pabay,30_10_2021,30,10,2021,reads,491,no,0.814663951,,Minutocellus polymorphus.7,Chromista,Ochrophyta,Coscinodiscophyceae,Coscinodiscales,Helminthophoraceae,Minutocellus,Minutocellus polymorphus
Alaria,Pabay_30_10_21_1,Pabay,30_10_2021,30,10,2021,reads,491,no,0.916496945,,Cassiopea xamachana.3,Animalia,Cnidaria,Scyphozoa,Rhizostomeae,Cassiopeidae,Cassiopea,Cassiopea xamachana
Alaria,Pabay_30_10_21_1,Pabay,30_10_2021,30,10,2021,reads,491,no,4.582484725,,Urodasys sp. 114a.2,Animalia,Gastrotricha,Macrodasyida,Macrodasyoidea,Urodasidae,Urodasys,Urodasys sp. 114a
Alaria,Pabay_30_10_21_1,Pabay,30_10_2021,30,10,2021,reads,491,no,3.054989817,,Monostilifera sp.,Animalia,Nemertea,Anopla,Monostilifera,Monostylifera,Monostilifera,Monostilifera sp.
Alaria,Pabay_30_10_21_1,Pabay,30_10_2021,30,10,2021,reads,491,no,1.120162933,,Monogononta sp. R35_CoastL,,,,,,Monogononta,Monogononta sp. R35 CoastL
Alaria,Pabay_30_10_21_1,Pabay,30_10_2021,30,10,2021,reads,491,no,1.018329939,,Tripleuchlanis plicata,Animalia,Rotifera,Eurotatoria,Ploima,Euchlanidae,Tripleuchlanis,Tripleuchlanis plicata
Saccharina,Pabay_30_10_21_1,Pabay,30_10_2021,30,10,2021,reads,491,no,1.120162933,,Ditylum brightwellii,Chromista,Ochrophyta,Coscinodiscophyceae,Rhizosoleniales,Lithodesmiaceae,Ditylum,Ditylum brightwellii
Saccharina,Pabay_30_10_21_1,Pabay,30_10_2021,30,10,2021,reads,491,no,1.221995927,,Guinardia delicatula.7,Chromista,Ochrophyta,Coscinodiscophyceae,Rhizosoleniales,Rhizosoleniaceae,Guinardia,Guinardia delicatula
Saccharina,Pabay_30_10_21_1,Pabay,30_10_2021,30,10,2021,reads,491,no,1.018329939,,Chaetoceros socialis.2,Chromista,Ochrophyta,Mediophyceae,Chaetocerotales,Chaetocerotaceae,Chaetoceros,Chaetoceros socialis
Saccharina,Pabay_30_10_21_1,Pabay,30_10_2021,30,10,2021,reads,491,no,0.814663951,,Minutocellus polymorphus.7,Chromista,Ochrophyta,Coscinodiscophyceae,Coscinodiscales,Helminthophoraceae,Minutocellus,Minutocellus polymorphus
Saccharina,Pabay_30_10_21_1,Pabay,30_10_2021,30,10,2021,reads,491,no,0.916496945,,Cassiopea xamachana.3,Animalia,Cnidaria,Scyphozoa,Rhizostomeae,Cassiopeidae,Cassiopea,Cassiopea xamachana
Saccharina,Pabay_30_10_21_1,Pabay,30_10_2021,30,10,2021,reads,491,no,4.582484725,,Urodasys sp. 114a.2,Animalia,Gastrotricha,Macrodasyida,Macrodasyoidea,Urodasidae,Urodasys,Urodasys sp. 114a
Saccharina,Pabay_30_10_21_1,Pabay,30_10_2021,30,10,2021,reads,491,no,3.054989817,,Monostilifera sp.,Animalia,Nemertea,Anopla,Monostilifera,Monostylifera,Monostilifera,Monostilifera sp.
Saccharina,Pabay_30_10_21_1,Pabay,30_10_2021,30,10,2021,reads,491,no,1.120162933,,Monogononta sp. R35_CoastL,,,,,,Monogononta,Monogononta sp. R35 CoastL
Saccharina,Pabay_30_10_21_1,Pabay,30_10_2021,30,10,2021,reads,491,no,1.018329939,,Tripleuchlanis plicata,Animalia,Rotifera,Eurotatoria,Ploima,Euchlanidae,Tripleuchlanis,Tripleuchlanis plicata
Alaria,Pabay_30_10_21_3,Pabay,30_10_2021,30,10,2021,reads,11803.5,Bivalvia,0.033888253,,Montacutona sigalionidcola.1,Animalia,Mollusca,Bivalvia,Galeommatida,Montacutidae,Montacutona,Montacutona sigalionidcola
Saccharina,Pabay_30_10_21_3,Pabay,30_10_2021,30,10,2021,reads,11803.5,Bivalvia,0.033888253,,Montacutona sigalionidcola.1,Animalia,Mollusca,Bivalvia,Galeommatida,Montacutidae,Montacutona,Montacutona sigalionidcola
Alaria,Pabay_30_10_21_3,Pabay,30_10_2021,30,10,2021,reads,11803.5,Copepoda,0.097428729,,Oithona nana,Animalia,Arthropoda,Hexanauplia,Cyclopoida,Oithonidae,Oithona,Oithona nana
Saccharina,Pabay_30_10_21_3,Pabay,30_10_2021,30,10,2021,reads,11803.5,Copepoda,0.097428729,,Oithona nana,Animalia,Arthropoda,Hexanauplia,Cyclopoida,Oithonidae,Oithona,Oithona nana
Alaria,Pabay_30_10_21_3,Pabay,30_10_2021,30,10,2021,reads,11803.5,Hydrozoa,0.012708095,,Tiaropsis multicirrata,Animalia,Cnidaria,Hydrozoa,Anthoathecata,Eirenidae,Tiaropsis,Tiaropsis multicirrata
Saccharina,Pabay_30_10_21_3,Pabay,30_10_2021,30,10,2021,reads,11803.5,Hydrozoa,0.012708095,,Tiaropsis multicirrata,Animalia,Cnidaria,Hydrozoa,Anthoathecata,Eirenidae,Tiaropsis,Tiaropsis multicirrata
Alaria,Pabay_30_10_21_3,Pabay,30_10_2021,30,10,2021,reads,11803.5,Malacostraca,0.173677299,,Caridea sp. LPdivOTU7,Animalia,Arthropoda,Malacostraca,Decapoda,Caridea,Caridea,Caridea sp. LPdivOTU7
Saccharina,Pabay_30_10_21_3,Pabay,30_10_2021,30,10,2021,reads,11803.5,Malacostraca,0.173677299,,Caridea sp. LPdivOTU7,Animalia,Arthropoda,Malacostraca,Decapoda,Caridea,Caridea,Caridea sp. LPdivOTU7
Alaria,Pabay_30_10_21_3,Pabay,30_10_2021,30,10,2021,reads,11803.5,no,0.008472063,,Chaetoceros tenuissimus.5,Chromista,Ochrophyta,Mediophyceae,Chaetocerotales,Chaetocerotaceae,Chaetoceros,Chaetoceros tenuissimus
Alaria,Pabay_30_10_21_3,Pabay,30_10_2021,30,10,2021,reads,11803.5,no,0.059304444,,Minutocellus polymorphus.7,Chromista,Ochrophyta,Coscinodiscophyceae,Coscinodiscales,Helminthophoraceae,Minutocellus,Minutocellus polymorphus
Alaria,Pabay_30_10_21_3,Pabay,30_10_2021,30,10,2021,reads,11803.5,no,0.029652222,,Asterias rubens.2,Animalia,Echinodermata,Asteroidea,Forcipulatida,Asteriidae,Asterias,Asterias rubens
Alaria,Pabay_30_10_21_3,Pabay,30_10_2021,30,10,2021,reads,11803.5,no,0.059304444,,Urodasys sp. 114a.3,Animalia,Gastrotricha,Macrodasyida,Macrodasyoidea,Urodasidae,Urodasys,Urodasys sp. 114a
Alaria,Pabay_30_10_21_3,Pabay,30_10_2021,30,10,2021,reads,11803.5,no,0.055068412,,Urodasys sp. 114a.15,Animalia,Gastrotricha,Macrodasyida,Macrodasyoidea,Urodasidae,Urodasys,Urodasys sp. 114a
Alaria,Pabay_30_10_21_3,Pabay,30_10_2021,30,10,2021,reads,11803.5,no,0.021180158,,Urodasys sp. 114a.23,Animalia,Gastrotricha,Macrodasyida,Macrodasyoidea,Urodasidae,Urodasys,Urodasys sp. 114a
Alaria,Pabay_30_10_21_3,Pabay,30_10_2021,30,10,2021,reads,11803.5,no,0.097428729,,Monostilifera sp..5,Animalia,Nemertea,Anopla,Monostilifera,Monostylifera,Monostilifera,Monostilifera sp.
Alaria,Pabay_30_10_21_3,Pabay,30_10_2021,30,10,2021,reads,11803.5,no,0.033888253,,Synchaeta vorax,Animalia,Rotifera,Eurotatoria,Ploima,Synchaetidae,Synchaeta,Synchaeta vorax
Alaria,Pabay_30_10_21_3,Pabay,30_10_2021,30,10,2021,reads,11803.5,no,0.012708095,,Brachionus rubens,Animalia,Rotifera,Eurotatoria,Ploima,Brachionidae,Brachionus,Brachionus rubens
Alaria,Pabay_30_10_21_3,Pabay,30_10_2021,30,10,2021,reads,11803.5,no,0.008472063,,Crustacea environmental sample,,,,,,,
Saccharina,Pabay_30_10_21_3,Pabay,30_10_2021,30,10,2021,reads,11803.5,no,0.008472063,,Chaetoceros tenuissimus.5,Chromista,Ochrophyta,Mediophyceae,Chaetocerotales,Chaetocerotaceae,Chaetoceros,Chaetoceros tenuissimus
Saccharina,Pabay_30_10_21_3,Pabay,30_10_2021,30,10,2021,reads,11803.5,no,0.059304444,,Minutocellus polymorphus.7,Chromista,Ochrophyta,Coscinodiscophyceae,Coscinodiscales,Helminthophoraceae,Minutocellus,Minutocellus polymorphus
Saccharina,Pabay_30_10_21_3,Pabay,30_10_2021,30,10,2021,reads,11803.5,no,0.029652222,,Asterias rubens.2,Animalia,Echinodermata,Asteroidea,Forcipulatida,Asteriidae,Asterias,Asterias rubens
Saccharina,Pabay_30_10_21_3,Pabay,30_10_2021,30,10,2021,reads,11803.5,no,0.059304444,,Urodasys sp. 114a.3,Animalia,Gastrotricha,Macrodasyida,Macrodasyoidea,Urodasidae,Urodasys,Urodasys sp. 114a
Saccharina,Pabay_30_10_21_3,Pabay,30_10_2021,30,10,2021,reads,11803.5,no,0.055068412,,Urodasys sp. 114a.15,Animalia,Gastrotricha,Macrodasyida,Macrodasyoidea,Urodasidae,Urodasys,Urodasys sp. 114a
Saccharina,Pabay_30_10_21_3,Pabay,30_10_2021,30,10,2021,reads,11803.5,no,0.021180158,,Urodasys sp. 114a.23,Animalia,Gastrotricha,Macrodasyida,Macrodasyoidea,Urodasidae,Urodasys,Urodasys sp. 114a
Saccharina,Pabay_30_10_21_3,Pabay,30_10_2021,30,10,2021,reads,11803.5,no,0.097428729,,Monostilifera sp..5,Animalia,Nemertea,Anopla,Monostilifera,Monostylifera,Monostilifera,Monostilifera sp.
Saccharina,Pabay_30_10_21_3,Pabay,30_10_2021,30,10,2021,reads,11803.5,no,0.033888253,,Synchaeta vorax,Animalia,Rotifera,Eurotatoria,Ploima,Synchaetidae,Synchaeta,Synchaeta vorax
Saccharina,Pabay_30_10_21_3,Pabay,30_10_2021,30,10,2021,reads,11803.5,no,0.012708095,,Brachionus rubens,Animalia,Rotifera,Eurotatoria,Ploima,Brachionidae,Brachionus,Brachionus rubens
Saccharina,Pabay_30_10_21_3,Pabay,30_10_2021,30,10,2021,reads,11803.5,no,0.008472063,,Crustacea environmental sample,,,,,,,
Alaria,Pabay_30_6_22_1,Pabay,30_6_2022,30,6,2022,reads,60441.5,Bivalvia,0.248173854,,Dosinia exoleta,Animalia,Mollusca,Bivalvia,Venerida,Veneridae,Dosinia,Dosinia exoleta
Alaria,Pabay_30_6_22_1,Pabay,30_6_2022,30,6,2022,reads,60441.5,Bivalvia,0.003308985,,Musculus sp. CROBB104.1,Animalia,Mollusca,Bivalvia,Mytiloida,Mytilidae,Musculus,Musculus sp. CROBB104
Saccharina,Pabay_30_6_22_1,Pabay,30_6_2022,30,6,2022,reads,60441.5,Bivalvia,0.248173854,,Dosinia exoleta,Animalia,Mollusca,Bivalvia,Venerida,Veneridae,Dosinia,Dosinia exoleta
Saccharina,Pabay_30_6_22_1,Pabay,30_6_2022,30,6,2022,reads,60441.5,Bivalvia,0.003308985,,Musculus sp. CROBB104.1,Animalia,Mollusca,Bivalvia,Mytiloida,Mytilidae,Musculus,Musculus sp. CROBB104
Alaria,Pabay_30_6_22_1,Pabay,30_6_2022,30,6,2022,reads,60441.5,Branchiopoda,0.057907233,,Evadne sp.,Animalia,Arthropoda,Branchiopoda,Onychopoda,Podonidae,Evadne,Evadne sp.
Saccharina,Pabay_30_6_22_1,Pabay,30_6_2022,30,6,2022,reads,60441.5,Branchiopoda,0.057907233,,Evadne sp.,Animalia,Arthropoda,Branchiopoda,Onychopoda,Podonidae,Evadne,Evadne sp.
Alaria,Pabay_30_6_22_1,Pabay,30_6_2022,30,6,2022,reads,60441.5,Copepoda,0.023990139,,Temora sp.,Animalia,Arthropoda,Hexanauplia,Calanoida,Temoridae,Temora,Temora sp.
Alaria,Pabay_30_6_22_1,Pabay,30_6_2022,30,6,2022,reads,60441.5,Copepoda,0.032262601,,Temora sp..2,Animalia,Arthropoda,Hexanauplia,Calanoida,Temoridae,Temora,Temora sp.
Saccharina,Pabay_30_6_22_1,Pabay,30_6_2022,30,6,2022,reads,60441.5,Copepoda,0.023990139,,Temora sp.,Animalia,Arthropoda,Hexanauplia,Calanoida,Temoridae,Temora,Temora sp.
Saccharina,Pabay_30_6_22_1,Pabay,30_6_2022,30,6,2022,reads,60441.5,Copepoda,0.032262601,,Temora sp..2,Animalia,Arthropoda,Hexanauplia,Calanoida,Temoridae,Temora,Temora sp.
Alaria,Pabay_30_6_22_1,Pabay,30_6_2022,30,6,2022,reads,60441.5,Gastropoda,0.011581447,,Rissoa guernei,Animalia,Mollusca,Gastropoda,Littorinimorpha,Rissoidae,Rissoa,Rissoa guernei
Alaria,Pabay_30_6_22_1,Pabay,30_6_2022,30,6,2022,reads,60441.5,Gastropoda,0.032262601,,Atlanta ariejansseni,Animalia,Mollusca,Gastropoda,Littorinimorpha,Atlantidae,Atlanta,Atlanta ariejansseni
Alaria,Pabay_30_6_22_1,Pabay,30_6_2022,30,6,2022,reads,60441.5,Gastropoda,0.027299124,,Placida dendritica,Animalia,Mollusca,Gastropoda,Sacoglossa,Limapontiidae,Placida,Placida dendritica
Alaria,Pabay_30_6_22_1,Pabay,30_6_2022,30,6,2022,reads,60441.5,Gastropoda,0.014890431,,Mitrella moleculina.1,Animalia,Mollusca,Gastropoda,Neogastropoda,Columbellidae,Mitrella,Mitrella moleculina
Saccharina,Pabay_30_6_22_1,Pabay,30_6_2022,30,6,2022,reads,60441.5,Gastropoda,0.011581447,,Rissoa guernei,Animalia,Mollusca,Gastropoda,Littorinimorpha,Rissoidae,Rissoa,Rissoa guernei
Saccharina,Pabay_30_6_22_1,Pabay,30_6_2022,30,6,2022,reads,60441.5,Gastropoda,0.032262601,,Atlanta ariejansseni,Animalia,Mollusca,Gastropoda,Littorinimorpha,Atlantidae,Atlanta,Atlanta ariejansseni
Saccharina,Pabay_30_6_22_1,Pabay,30_6_2022,30,6,2022,reads,60441.5,Gastropoda,0.027299124,,Placida dendritica,Animalia,Mollusca,Gastropoda,Sacoglossa,Limapontiidae,Placida,Placida dendritica
Saccharina,Pabay_30_6_22_1,Pabay,30_6_2022,30,6,2022,reads,60441.5,Gastropoda,0.014890431,,Mitrella moleculina.1,Animalia,Mollusca,Gastropoda,Neogastropoda,Columbellidae,Mitrella,Mitrella moleculina
Alaria,Pabay_30_6_22_1,Pabay,30_6_2022,30,6,2022,reads,60441.5,Hydrozoa,1.484079647,,Clytia sp. 2 AFC-2016,Animalia,Cnidaria,Hydrozoa,Leptothecata,Campanulariidae,Clytia,Clytia sp. 2 AFC-2016
Alaria,Pabay_30_6_22_1,Pabay,30_6_2022,30,6,2022,reads,60441.5,Hydrozoa,0.013235939,,Obelia dichotoma.3,Animalia,Cnidaria,Hydrozoa,Leptothecata,Campanulariidae,Obelia,Obelia dichotoma
Alaria,Pabay_30_6_22_1,Pabay,30_6_2022,30,6,2022,reads,60441.5,Hydrozoa,0.004136231,,Clytia sp. 1 SL-2013.3,Animalia,Cnidaria,Hydrozoa,Leptothecata,Campanulariidae,Clytia,Clytia sp. 1 SL-2013
Saccharina,Pabay_30_6_22_1,Pabay,30_6_2022,30,6,2022,reads,60441.5,Hydrozoa,1.484079647,,Clytia sp. 2 AFC-2016,Animalia,Cnidaria,Hydrozoa,Leptothecata,Campanulariidae,Clytia,Clytia sp. 2 AFC-2016
Saccharina,Pabay_30_6_22_1,Pabay,30_6_2022,30,6,2022,reads,60441.5,Hydrozoa,0.013235939,,Obelia dichotoma.3,Animalia,Cnidaria,Hydrozoa,Leptothecata,Campanulariidae,Obelia,Obelia dichotoma
Saccharina,Pabay_30_6_22_1,Pabay,30_6_2022,30,6,2022,reads,60441.5,Hydrozoa,0.004136231,,Clytia sp. 1 SL-2013.3,Animalia,Cnidaria,Hydrozoa,Leptothecata,Campanulariidae,Clytia,Clytia sp. 1 SL-2013
Alaria,Pabay_30_6_22_1,Pabay,30_6_2022,30,6,2022,reads,60441.5,Malacostraca,0.013235939,,Jassa herdmani,Animalia,Arthropoda,Malacostraca,Amphipoda,Ischyroceridae,Jassa,Jassa herdmani
Saccharina,Pabay_30_6_22_1,Pabay,30_6_2022,30,6,2022,reads,60441.5,Malacostraca,0.013235939,,Jassa herdmani,Animalia,Arthropoda,Malacostraca,Amphipoda,Ischyroceridae,Jassa,Jassa herdmani
Alaria,Pabay_30_6_22_1,Pabay,30_6_2022,30,6,2022,reads,60441.5,no,0.002481739,,Ditylum brightwellii.1,Chromista,Ochrophyta,Coscinodiscophyceae,Rhizosoleniales,Lithodesmiaceae,Ditylum,Ditylum brightwellii
Alaria,Pabay_30_6_22_1,Pabay,30_6_2022,30,6,2022,reads,60441.5,no,0.001654492,,Pinnularia subanglica,Chromista,Ochrophyta,Bacillariophyceae,Naviculales,Pinnulariaceae,Pinnularia,Pinnularia subanglica
Alaria,Pabay_30_6_22_1,Pabay,30_6_2022,30,6,2022,reads,60441.5,no,0.091824326,,Emiliania huxleyi,Chromista,Haptophyta,Coccolithophyceae,Isochrysidales,Noelaerhabdaceae,Emiliania,Emiliania huxleyi
Alaria,Pabay_30_6_22_1,Pabay,30_6_2022,30,6,2022,reads,60441.5,no,0.658487959,,Skeletonema menzelii,Chromista,Ochrophyta,Bacillariophyceae,Thalassiosirales,Skeletonemataceae,Skeletonema,Skeletonema menzelii
Alaria,Pabay_30_6_22_1,Pabay,30_6_2022,30,6,2022,reads,60441.5,no,0.002481739,,Dinobryon cylindricollarium,Chromista,Ochrophyta,Chrysophyceae,Chromulinales,Dinobryaceae,Dinobryon,Dinobryon cylindricollarium
Alaria,Pabay_30_6_22_1,Pabay,30_6_2022,30,6,2022,reads,60441.5,no,0.009099708,,Skeletonema potamos,Chromista,Ochrophyta,Bacillariophyceae,Thalassiosirales,Skeletonemataceae,Skeletonema,Skeletonema potamos
Alaria,Pabay_30_6_22_1,Pabay,30_6_2022,30,6,2022,reads,60441.5,no,0.004136231,,Skeletonema marinoi,Chromista,Ochrophyta,Bacillariophyceae,Thalassiosirales,Skeletonemataceae,Skeletonema,Skeletonema marinoi
Alaria,Pabay_30_6_22_1,Pabay,30_6_2022,30,6,2022,reads,60441.5,no,0.008272462,,Thalassiosira punctigera,Chromista,Ochrophyta,Bacillariophyceae,Thalassiosirales,Thalassiosiraceae,Thalassiosira,Thalassiosira punctigera
Alaria,Pabay_30_6_22_1,Pabay,30_6_2022,30,6,2022,reads,60441.5,no,0.004963477,,Skeletonema menzelii.3,Chromista,Ochrophyta,Bacillariophyceae,Thalassiosirales,Skeletonemataceae,Skeletonema,Skeletonema menzelii
Alaria,Pabay_30_6_22_1,Pabay,30_6_2022,30,6,2022,reads,60441.5,no,0.059561725,,Thalassionema nitzschioides,Chromista,Ochrophyta,Bacillariophyceae,Thalassionematales,Thalassionemataceae,Thalassionema,Thalassionema nitzschioides
Alaria,Pabay_30_6_22_1,Pabay,30_6_2022,30,6,2022,reads,60441.5,no,0.675860129,,Ditylum brightwellii.3,Chromista,Ochrophyta,Coscinodiscophyceae,Rhizosoleniales,Lithodesmiaceae,Ditylum,Ditylum brightwellii
Alaria,Pabay_30_6_22_1,Pabay,30_6_2022,30,6,2022,reads,60441.5,no,0.508756401,,Cassiopea xamachana,Animalia,Cnidaria,Scyphozoa,Rhizostomeae,Cassiopeidae,Cassiopea,Cassiopea xamachana
Alaria,Pabay_30_6_22_1,Pabay,30_6_2022,30,6,2022,reads,60441.5,no,0.011581447,,Urodasys sp. 114a.2,Animalia,Gastrotricha,Macrodasyida,Macrodasyoidea,Urodasidae,Urodasys,Urodasys sp. 114a
Alaria,Pabay_30_6_22_1,Pabay,30_6_2022,30,6,2022,reads,60441.5,no,0.031435355,,Microstomum compositum,Animalia,Platyhelminthes,Rhabditophora,Macrostomida,Microstomidae,Microstomum,Microstomum compositum
Alaria,Pabay_30_6_22_1,Pabay,30_6_2022,30,6,2022,reads,60441.5,no,0.055425494,,Trichocerca capucina,Animalia,Rotifera,Eurotatoria,Ploima,Trichocercidae,Trichocerca,Trichocerca capucina
Alaria,Pabay_30_6_22_1,Pabay,30_6_2022,30,6,2022,reads,60441.5,no,0.004963477,,Monogononta sp. R35_CoastL.2,,,,,,Monogononta,Monogononta sp. R35 CoastL
Alaria,Pabay_30_6_22_1,Pabay,30_6_2022,30,6,2022,reads,60441.5,no,0.470703077,,invertebrate environmental sample,,,,,,,
Alaria,Pabay_30_6_22_1,Pabay,30_6_2022,30,6,2022,reads,60441.5,no,0.006617969,,invertebrate environmental sample.26,,,,,,,
Saccharina,Pabay_30_6_22_1,Pabay,30_6_2022,30,6,2022,reads,60441.5,no,0.002481739,,Ditylum brightwellii.1,Chromista,Ochrophyta,Coscinodiscophyceae,Rhizosoleniales,Lithodesmiaceae,Ditylum,Ditylum brightwellii
Saccharina,Pabay_30_6_22_1,Pabay,30_6_2022,30,6,2022,reads,60441.5,no,0.001654492,,Pinnularia subanglica,Chromista,Ochrophyta,Bacillariophyceae,Naviculales,Pinnulariaceae,Pinnularia,Pinnularia subanglica
Saccharina,Pabay_30_6_22_1,Pabay,30_6_2022,30,6,2022,reads,60441.5,no,0.091824326,,Emiliania huxleyi,Chromista,Haptophyta,Coccolithophyceae,Isochrysidales,Noelaerhabdaceae,Emiliania,Emiliania huxleyi
Saccharina,Pabay_30_6_22_1,Pabay,30_6_2022,30,6,2022,reads,60441.5,no,0.658487959,,Skeletonema menzelii,Chromista,Ochrophyta,Bacillariophyceae,Thalassiosirales,Skeletonemataceae,Skeletonema,Skeletonema menzelii
Saccharina,Pabay_30_6_22_1,Pabay,30_6_2022,30,6,2022,reads,60441.5,no,0.002481739,,Dinobryon cylindricollarium,Chromista,Ochrophyta,Chrysophyceae,Chromulinales,Dinobryaceae,Dinobryon,Dinobryon cylindricollarium
Saccharina,Pabay_30_6_22_1,Pabay,30_6_2022,30,6,2022,reads,60441.5,no,0.009099708,,Skeletonema potamos,Chromista,Ochrophyta,Bacillariophyceae,Thalassiosirales,Skeletonemataceae,Skeletonema,Skeletonema potamos
Saccharina,Pabay_30_6_22_1,Pabay,30_6_2022,30,6,2022,reads,60441.5,no,0.004136231,,Skeletonema marinoi,Chromista,Ochrophyta,Bacillariophyceae,Thalassiosirales,Skeletonemataceae,Skeletonema,Skeletonema marinoi
Saccharina,Pabay_30_6_22_1,Pabay,30_6_2022,30,6,2022,reads,60441.5,no,0.008272462,,Thalassiosira punctigera,Chromista,Ochrophyta,Bacillariophyceae,Thalassiosirales,Thalassiosiraceae,Thalassiosira,Thalassiosira punctigera
Saccharina,Pabay_30_6_22_1,Pabay,30_6_2022,30,6,2022,reads,60441.5,no,0.004963477,,Skeletonema menzelii.3,Chromista,Ochrophyta,Bacillariophyceae,Thalassiosirales,Skeletonemataceae,Skeletonema,Skeletonema menzelii
Saccharina,Pabay_30_6_22_1,Pabay,30_6_2022,30,6,2022,reads,60441.5,no,0.059561725,,Thalassionema nitzschioides,Chromista,Ochrophyta,Bacillariophyceae,Thalassionematales,Thalassionemataceae,Thalassionema,Thalassionema nitzschioides
Saccharina,Pabay_30_6_22_1,Pabay,30_6_2022,30,6,2022,reads,60441.5,no,0.675860129,,Ditylum brightwellii.3,Chromista,Ochrophyta,Coscinodiscophyceae,Rhizosoleniales,Lithodesmiaceae,Ditylum,Ditylum brightwellii
Saccharina,Pabay_30_6_22_1,Pabay,30_6_2022,30,6,2022,reads,60441.5,no,0.508756401,,Cassiopea xamachana,Animalia,Cnidaria,Scyphozoa,Rhizostomeae,Cassiopeidae,Cassiopea,Cassiopea xamachana
Saccharina,Pabay_30_6_22_1,Pabay,30_6_2022,30,6,2022,reads,60441.5,no,0.011581447,,Urodasys sp. 114a.2,Animalia,Gastrotricha,Macrodasyida,Macrodasyoidea,Urodasidae,Urodasys,Urodasys sp. 114a
Saccharina,Pabay_30_6_22_1,Pabay,30_6_2022,30,6,2022,reads,60441.5,no,0.031435355,,Microstomum compositum,Animalia,Platyhelminthes,Rhabditophora,Macrostomida,Microstomidae,Microstomum,Microstomum compositum
Saccharina,Pabay_30_6_22_1,Pabay,30_6_2022,30,6,2022,reads,60441.5,no,0.055425494,,Trichocerca capucina,Animalia,Rotifera,Eurotatoria,Ploima,Trichocercidae,Trichocerca,Trichocerca capucina
Saccharina,Pabay_30_6_22_1,Pabay,30_6_2022,30,6,2022,reads,60441.5,no,0.004963477,,Monogononta sp. R35_CoastL.2,,,,,,Monogononta,Monogononta sp. R35 CoastL
Saccharina,Pabay_30_6_22_1,Pabay,30_6_2022,30,6,2022,reads,60441.5,no,0.470703077,,invertebrate environmental sample,,,,,,,
Saccharina,Pabay_30_6_22_1,Pabay,30_6_2022,30,6,2022,reads,60441.5,no,0.006617969,,invertebrate environmental sample.26,,,,,,,
Alaria,Pabay_30_6_22_2,Pabay,30_6_2022,30,6,2022,reads,1495,Hydrozoa,1.10367893,,Aglaophenia tubulifera.2,Animalia,Cnidaria,Hydrozoa,Leptothecata,Aglaopheniidae,Aglaophenia,Aglaophenia tubulifera
Alaria,Pabay_30_6_22_2,Pabay,30_6_2022,30,6,2022,reads,1495,Hydrozoa,0.568561873,,Forskalia tholoides,Animalia,Cnidaria,Hydrozoa,Siphonophorae,Forskaliidae,Forskalia,Forskalia tholoides
Saccharina,Pabay_30_6_22_2,Pabay,30_6_2022,30,6,2022,reads,1495,Hydrozoa,1.10367893,,Aglaophenia tubulifera.2,Animalia,Cnidaria,Hydrozoa,Leptothecata,Aglaopheniidae,Aglaophenia,Aglaophenia tubulifera
Saccharina,Pabay_30_6_22_2,Pabay,30_6_2022,30,6,2022,reads,1495,Hydrozoa,0.568561873,,Forskalia tholoides,Animalia,Cnidaria,Hydrozoa,Siphonophorae,Forskaliidae,Forskalia,Forskalia tholoides
Alaria,Pabay_30_7_22_2,Pabay,30_7_2022,30,7,2022,reads,22251,no,0.0224709,,Minutocellus polymorphus.9,Chromista,Ochrophyta,Coscinodiscophyceae,Coscinodiscales,Helminthophoraceae,Minutocellus,Minutocellus polymorphus
Alaria,Pabay_30_7_22_2,Pabay,30_7_2022,30,7,2022,reads,22251,no,0.05168307,,Dimeregramma acutum.2,Chromista,Ochrophyta,Bacillariophyceae,Cymbellales,Cymbellaceae,Dimeregramma,Dimeregramma acutum
Alaria,Pabay_30_7_22_2,Pabay,30_7_2022,30,7,2022,reads,22251,no,0.01348254,,Cassiopea xamachana,Animalia,Cnidaria,Scyphozoa,Rhizostomeae,Cassiopeidae,Cassiopea,Cassiopea xamachana
Alaria,Pabay_30_7_22_2,Pabay,30_7_2022,30,7,2022,reads,22251,no,0.01348254,,Urodasys sp. 114a.21,Animalia,Gastrotricha,Macrodasyida,Macrodasyoidea,Urodasidae,Urodasys,Urodasys sp. 114a
Alaria,Pabay_30_7_22_2,Pabay,30_7_2022,30,7,2022,reads,22251,no,0.00449418,,Urodasys sp. 114a.27,Animalia,Gastrotricha,Macrodasyida,Macrodasyoidea,Urodasidae,Urodasys,Urodasys sp. 114a
Alaria,Pabay_30_7_22_2,Pabay,30_7_2022,30,7,2022,reads,22251,no,5.244708103,,invertebrate environmental sample,,,,,,,
Alaria,Pabay_30_7_22_2,Pabay,30_7_2022,30,7,2022,reads,22251,no,0.087636511,,invertebrate environmental sample.1,,,,,,,
Saccharina,Pabay_30_7_22_2,Pabay,30_7_2022,30,7,2022,reads,22251,no,0.0224709,,Minutocellus polymorphus.9,Chromista,Ochrophyta,Coscinodiscophyceae,Coscinodiscales,Helminthophoraceae,Minutocellus,Minutocellus polymorphus
Saccharina,Pabay_30_7_22_2,Pabay,30_7_2022,30,7,2022,reads,22251,no,0.05168307,,Dimeregramma acutum.2,Chromista,Ochrophyta,Bacillariophyceae,Cymbellales,Cymbellaceae,Dimeregramma,Dimeregramma acutum
Saccharina,Pabay_30_7_22_2,Pabay,30_7_2022,30,7,2022,reads,22251,no,0.01348254,,Cassiopea xamachana,Animalia,Cnidaria,Scyphozoa,Rhizostomeae,Cassiopeidae,Cassiopea,Cassiopea xamachana
Saccharina,Pabay_30_7_22_2,Pabay,30_7_2022,30,7,2022,reads,22251,no,0.01348254,,Urodasys sp. 114a.21,Animalia,Gastrotricha,Macrodasyida,Macrodasyoidea,Urodasidae,Urodasys,Urodasys sp. 114a
Saccharina,Pabay_30_7_22_2,Pabay,30_7_2022,30,7,2022,reads,22251,no,0.00449418,,Urodasys sp. 114a.27,Animalia,Gastrotricha,Macrodasyida,Macrodasyoidea,Urodasidae,Urodasys,Urodasys sp. 114a
Saccharina,Pabay_30_7_22_2,Pabay,30_7_2022,30,7,2022,reads,22251,no,5.244708103,,invertebrate environmental sample,,,,,,,
Saccharina,Pabay_30_7_22_2,Pabay,30_7_2022,30,7,2022,reads,22251,no,0.087636511,,invertebrate environmental sample.1,,,,,,,
Alaria,Pabay_30_7_22_3,Pabay,30_7_2022,30,7,2022,reads,39995,Branchiopoda,0.162520315,,Evadne sp..1,Animalia,Arthropoda,Branchiopoda,Onychopoda,Podonidae,Evadne,Evadne sp.
Alaria,Pabay_30_7_22_3,Pabay,30_7_2022,30,7,2022,reads,39995,Branchiopoda,0.08376047,,Evadne sp..2,Animalia,Arthropoda,Branchiopoda,Onychopoda,Podonidae,Evadne,Evadne sp.
Saccharina,Pabay_30_7_22_3,Pabay,30_7_2022,30,7,2022,reads,39995,Branchiopoda,0.162520315,,Evadne sp..1,Animalia,Arthropoda,Branchiopoda,Onychopoda,Podonidae,Evadne,Evadne sp.
Saccharina,Pabay_30_7_22_3,Pabay,30_7_2022,30,7,2022,reads,39995,Branchiopoda,0.08376047,,Evadne sp..2,Animalia,Arthropoda,Branchiopoda,Onychopoda,Podonidae,Evadne,Evadne sp.
Alaria,Pabay_30_7_22_3,Pabay,30_7_2022,30,7,2022,reads,39995,Hydrozoa,0.048756095,,Clytia sp. 2 AFC-2016,Animalia,Cnidaria,Hydrozoa,Leptothecata,Campanulariidae,Clytia,Clytia sp. 2 AFC-2016
Alaria,Pabay_30_7_22_3,Pabay,30_7_2022,30,7,2022,reads,39995,Hydrozoa,0.118764846,,Garveia annulata,Animalia,Cnidaria,Hydrozoa,Anthoathecata,Bougainvilliidae,Garveia,Garveia annulata
Alaria,Pabay_30_7_22_3,Pabay,30_7_2022,30,7,2022,reads,39995,Hydrozoa,0.051256407,,Aglaophenia tubulifera.1,Animalia,Cnidaria,Hydrozoa,Leptothecata,Aglaopheniidae,Aglaophenia,Aglaophenia tubulifera
Alaria,Pabay_30_7_22_3,Pabay,30_7_2022,30,7,2022,reads,39995,Hydrozoa,0.001250156,,Clytia sp. 2 AFC-2016.7,Animalia,Cnidaria,Hydrozoa,Leptothecata,Campanulariidae,Clytia,Clytia sp. 2 AFC-2016
Saccharina,Pabay_30_7_22_3,Pabay,30_7_2022,30,7,2022,reads,39995,Hydrozoa,0.048756095,,Clytia sp. 2 AFC-2016,Animalia,Cnidaria,Hydrozoa,Leptothecata,Campanulariidae,Clytia,Clytia sp. 2 AFC-2016
Saccharina,Pabay_30_7_22_3,Pabay,30_7_2022,30,7,2022,reads,39995,Hydrozoa,0.118764846,,Garveia annulata,Animalia,Cnidaria,Hydrozoa,Anthoathecata,Bougainvilliidae,Garveia,Garveia annulata
Saccharina,Pabay_30_7_22_3,Pabay,30_7_2022,30,7,2022,reads,39995,Hydrozoa,0.051256407,,Aglaophenia tubulifera.1,Animalia,Cnidaria,Hydrozoa,Leptothecata,Aglaopheniidae,Aglaophenia,Aglaophenia tubulifera
Saccharina,Pabay_30_7_22_3,Pabay,30_7_2022,30,7,2022,reads,39995,Hydrozoa,0.001250156,,Clytia sp. 2 AFC-2016.7,Animalia,Cnidaria,Hydrozoa,Leptothecata,Campanulariidae,Clytia,Clytia sp. 2 AFC-2016
Alaria,Pabay_30_7_22_3,Pabay,30_7_2022,30,7,2022,reads,39995,no,0.008751094,,Phaeocystis globosa.2,Chromista,Haptophyta,Coccolithophyceae,Phaeocystales,Phaeocystaceae,Phaeocystis,Phaeocystis globosa
Alaria,Pabay_30_7_22_3,Pabay,30_7_2022,30,7,2022,reads,39995,no,3.207900988,,Skeletonema menzelii,Chromista,Ochrophyta,Bacillariophyceae,Thalassiosirales,Skeletonemataceae,Skeletonema,Skeletonema menzelii
Alaria,Pabay_30_7_22_3,Pabay,30_7_2022,30,7,2022,reads,39995,no,0.141267658,,Cyclotella cryptica.1,Chromista,Ochrophyta,Mediophyceae,Thalassiosirales,Stephanodiscaceae,Cyclotella,Cyclotella cryptica
Alaria,Pabay_30_7_22_3,Pabay,30_7_2022,30,7,2022,reads,39995,no,0.005000625,,Thalassiosira nordenskioeldii,Chromista,Ochrophyta,Bacillariophyceae,Thalassiosirales,Thalassiosiraceae,Thalassiosira,Thalassiosira nordenskioeldii
Alaria,Pabay_30_7_22_3,Pabay,30_7_2022,30,7,2022,reads,39995,no,0.056257032,,Cyclotella cryptica.2,Chromista,Ochrophyta,Mediophyceae,Thalassiosirales,Stephanodiscaceae,Cyclotella,Cyclotella cryptica
Alaria,Pabay_30_7_22_3,Pabay,30_7_2022,30,7,2022,reads,39995,no,0.011251406,,Skeletonema potamos.1,Chromista,Ochrophyta,Bacillariophyceae,Thalassiosirales,Skeletonemataceae,Skeletonema,Skeletonema potamos
Alaria,Pabay_30_7_22_3,Pabay,30_7_2022,30,7,2022,reads,39995,no,3.680460058,,Minutocellus polymorphus.7,Chromista,Ochrophyta,Coscinodiscophyceae,Coscinodiscales,Helminthophoraceae,Minutocellus,Minutocellus polymorphus
Alaria,Pabay_30_7_22_3,Pabay,30_7_2022,30,7,2022,reads,39995,no,0.301287661,,Ditylum brightwellii.3,Chromista,Ochrophyta,Coscinodiscophyceae,Rhizosoleniales,Lithodesmiaceae,Ditylum,Ditylum brightwellii
Alaria,Pabay_30_7_22_3,Pabay,30_7_2022,30,7,2022,reads,39995,no,1.512689086,,Minutocellus polymorphus.8,Chromista,Ochrophyta,Coscinodiscophyceae,Coscinodiscales,Helminthophoraceae,Minutocellus,Minutocellus polymorphus
Alaria,Pabay_30_7_22_3,Pabay,30_7_2022,30,7,2022,reads,39995,no,0.758844856,,Minutocellus polymorphus.10,Chromista,Ochrophyta,Coscinodiscophyceae,Coscinodiscales,Helminthophoraceae,Minutocellus,Minutocellus polymorphus
Alaria,Pabay_30_7_22_3,Pabay,30_7_2022,30,7,2022,reads,39995,no,0.283785473,,Minutocellus polymorphus.11,Chromista,Ochrophyta,Coscinodiscophyceae,Coscinodiscales,Helminthophoraceae,Minutocellus,Minutocellus polymorphus
Alaria,Pabay_30_7_22_3,Pabay,30_7_2022,30,7,2022,reads,39995,no,0.688836105,,Minutocellus polymorphus.12,Chromista,Ochrophyta,Coscinodiscophyceae,Coscinodiscales,Helminthophoraceae,Minutocellus,Minutocellus polymorphus
Alaria,Pabay_30_7_22_3,Pabay,30_7_2022,30,7,2022,reads,39995,no,0.198774847,,Minutocellus polymorphus.15,Chromista,Ochrophyta,Coscinodiscophyceae,Coscinodiscales,Helminthophoraceae,Minutocellus,Minutocellus polymorphus
Alaria,Pabay_30_7_22_3,Pabay,30_7_2022,30,7,2022,reads,39995,no,0.128766096,,invertebrate environmental sample,,,,,,,
Alaria,Pabay_30_7_22_3,Pabay,30_7_2022,30,7,2022,reads,39995,no,9.82247781,,invertebrate environmental sample.1,,,,,,,
Alaria,Pabay_30_7_22_3,Pabay,30_7_2022,30,7,2022,reads,39995,no,0.008751094,,invertebrate environmental sample.6,,,,,,,
Alaria,Pabay_30_7_22_3,Pabay,30_7_2022,30,7,2022,reads,39995,no,0.036254532,,invertebrate environmental sample.10,,,,,,,
Saccharina,Pabay_30_7_22_3,Pabay,30_7_2022,30,7,2022,reads,39995,no,0.008751094,,Phaeocystis globosa.2,Chromista,Haptophyta,Coccolithophyceae,Phaeocystales,Phaeocystaceae,Phaeocystis,Phaeocystis globosa
Saccharina,Pabay_30_7_22_3,Pabay,30_7_2022,30,7,2022,reads,39995,no,3.207900988,,Skeletonema menzelii,Chromista,Ochrophyta,Bacillariophyceae,Thalassiosirales,Skeletonemataceae,Skeletonema,Skeletonema menzelii
Saccharina,Pabay_30_7_22_3,Pabay,30_7_2022,30,7,2022,reads,39995,no,0.141267658,,Cyclotella cryptica.1,Chromista,Ochrophyta,Mediophyceae,Thalassiosirales,Stephanodiscaceae,Cyclotella,Cyclotella cryptica
Saccharina,Pabay_30_7_22_3,Pabay,30_7_2022,30,7,2022,reads,39995,no,0.005000625,,Thalassiosira nordenskioeldii,Chromista,Ochrophyta,Bacillariophyceae,Thalassiosirales,Thalassiosiraceae,Thalassiosira,Thalassiosira nordenskioeldii
Saccharina,Pabay_30_7_22_3,Pabay,30_7_2022,30,7,2022,reads,39995,no,0.056257032,,Cyclotella cryptica.2,Chromista,Ochrophyta,Mediophyceae,Thalassiosirales,Stephanodiscaceae,Cyclotella,Cyclotella cryptica
Saccharina,Pabay_30_7_22_3,Pabay,30_7_2022,30,7,2022,reads,39995,no,0.011251406,,Skeletonema potamos.1,Chromista,Ochrophyta,Bacillariophyceae,Thalassiosirales,Skeletonemataceae,Skeletonema,Skeletonema potamos
Saccharina,Pabay_30_7_22_3,Pabay,30_7_2022,30,7,2022,reads,39995,no,3.680460058,,Minutocellus polymorphus.7,Chromista,Ochrophyta,Coscinodiscophyceae,Coscinodiscales,Helminthophoraceae,Minutocellus,Minutocellus polymorphus
Saccharina,Pabay_30_7_22_3,Pabay,30_7_2022,30,7,2022,reads,39995,no,0.301287661,,Ditylum brightwellii.3,Chromista,Ochrophyta,Coscinodiscophyceae,Rhizosoleniales,Lithodesmiaceae,Ditylum,Ditylum brightwellii
Saccharina,Pabay_30_7_22_3,Pabay,30_7_2022,30,7,2022,reads,39995,no,1.512689086,,Minutocellus polymorphus.8,Chromista,Ochrophyta,Coscinodiscophyceae,Coscinodiscales,Helminthophoraceae,Minutocellus,Minutocellus polymorphus
Saccharina,Pabay_30_7_22_3,Pabay,30_7_2022,30,7,2022,reads,39995,no,0.758844856,,Minutocellus polymorphus.10,Chromista,Ochrophyta,Coscinodiscophyceae,Coscinodiscales,Helminthophoraceae,Minutocellus,Minutocellus polymorphus
Saccharina,Pabay_30_7_22_3,Pabay,30_7_2022,30,7,2022,reads,39995,no,0.283785473,,Minutocellus polymorphus.11,Chromista,Ochrophyta,Coscinodiscophyceae,Coscinodiscales,Helminthophoraceae,Minutocellus,Minutocellus polymorphus
Saccharina,Pabay_30_7_22_3,Pabay,30_7_2022,30,7,2022,reads,39995,no,0.688836105,,Minutocellus polymorphus.12,Chromista,Ochrophyta,Coscinodiscophyceae,Coscinodiscales,Helminthophoraceae,Minutocellus,Minutocellus polymorphus
Saccharina,Pabay_30_7_22_3,Pabay,30_7_2022,30,7,2022,reads,39995,no,0.198774847,,Minutocellus polymorphus.15,Chromista,Ochrophyta,Coscinodiscophyceae,Coscinodiscales,Helminthophoraceae,Minutocellus,Minutocellus polymorphus
Saccharina,Pabay_30_7_22_3,Pabay,30_7_2022,30,7,2022,reads,39995,no,0.128766096,,invertebrate environmental sample,,,,,,,
Saccharina,Pabay_30_7_22_3,Pabay,30_7_2022,30,7,2022,reads,39995,no,9.82247781,,invertebrate environmental sample.1,,,,,,,
Saccharina,Pabay_30_7_22_3,Pabay,30_7_2022,30,7,2022,reads,39995,no,0.008751094,,invertebrate environmental sample.6,,,,,,,
Saccharina,Pabay_30_7_22_3,Pabay,30_7_2022,30,7,2022,reads,39995,no,0.036254532,,invertebrate environmental sample.10,,,,,,,
Alaria,Pabay_7_5_22_1,Pabay,7_5_2022,7,5,2022,reads,16931.5,Copepoda,0.076779966,,Ectinosomatidae sp. SR-2019,Animalia,Arthropoda,Hexanauplia,Harpacticoida,Ectinosomatidae,Ectinosomatidae,Ectinosomatidae sp. SR-2019
Saccharina,Pabay_7_5_22_1,Pabay,7_5_2022,7,5,2022,reads,16931.5,Copepoda,0.076779966,,Ectinosomatidae sp. SR-2019,Animalia,Arthropoda,Hexanauplia,Harpacticoida,Ectinosomatidae,Ectinosomatidae,Ectinosomatidae sp. SR-2019
Alaria,Pabay_7_5_22_1,Pabay,7_5_2022,7,5,2022,reads,16931.5,Gastropoda,0.212621445,,Burnupia sp. UGSB 25228,Animalia,Mollusca,Gastropoda,Hygrophila,Planorbidae,Burnupia,Burnupia sp. UGSB 25228
Saccharina,Pabay_7_5_22_1,Pabay,7_5_2022,7,5,2022,reads,16931.5,Gastropoda,0.212621445,,Burnupia sp. UGSB 25228,Animalia,Mollusca,Gastropoda,Hygrophila,Planorbidae,Burnupia,Burnupia sp. UGSB 25228
Alaria,Pabay_7_5_22_1,Pabay,7_5_2022,7,5,2022,reads,16931.5,Hydrozoa,0.410477512,,Clytia sp. 2 AFC-2016,Animalia,Cnidaria,Hydrozoa,Leptothecata,Campanulariidae,Clytia,Clytia sp. 2 AFC-2016
Alaria,Pabay_7_5_22_1,Pabay,7_5_2022,7,5,2022,reads,16931.5,Hydrozoa,0.197856067,,Apatizanclea divergens,Animalia,Cnidaria,Hydrozoa,Leptothecata,Zancleidae,Apatizanclea,Apatizanclea divergens
Alaria,Pabay_7_5_22_1,Pabay,7_5_2022,7,5,2022,reads,16931.5,Hydrozoa,0.067920739,,Obelia dichotoma.2,Animalia,Cnidaria,Hydrozoa,Leptothecata,Campanulariidae,Obelia,Obelia dichotoma
Saccharina,Pabay_7_5_22_1,Pabay,7_5_2022,7,5,2022,reads,16931.5,Hydrozoa,0.410477512,,Clytia sp. 2 AFC-2016,Animalia,Cnidaria,Hydrozoa,Leptothecata,Campanulariidae,Clytia,Clytia sp. 2 AFC-2016
Saccharina,Pabay_7_5_22_1,Pabay,7_5_2022,7,5,2022,reads,16931.5,Hydrozoa,0.197856067,,Apatizanclea divergens,Animalia,Cnidaria,Hydrozoa,Leptothecata,Zancleidae,Apatizanclea,Apatizanclea divergens
Saccharina,Pabay_7_5_22_1,Pabay,7_5_2022,7,5,2022,reads,16931.5,Hydrozoa,0.067920739,,Obelia dichotoma.2,Animalia,Cnidaria,Hydrozoa,Leptothecata,Campanulariidae,Obelia,Obelia dichotoma
Alaria,Pabay_7_5_22_1,Pabay,7_5_2022,7,5,2022,reads,16931.5,Malacostraca,0.044296134,,Jassa herdmani,Animalia,Arthropoda,Malacostraca,Amphipoda,Ischyroceridae,Jassa,Jassa herdmani
Alaria,Pabay_7_5_22_1,Pabay,7_5_2022,7,5,2022,reads,16931.5,Malacostraca,0.191949916,,Aora gracilis,Animalia,Arthropoda,Malacostraca,Amphipoda,Aoridae,Aora,Aora gracilis
Saccharina,Pabay_7_5_22_1,Pabay,7_5_2022,7,5,2022,reads,16931.5,Malacostraca,0.044296134,,Jassa herdmani,Animalia,Arthropoda,Malacostraca,Amphipoda,Ischyroceridae,Jassa,Jassa herdmani
Saccharina,Pabay_7_5_22_1,Pabay,7_5_2022,7,5,2022,reads,16931.5,Malacostraca,0.191949916,,Aora gracilis,Animalia,Arthropoda,Malacostraca,Amphipoda,Aoridae,Aora,Aora gracilis
Alaria,Pabay_7_5_22_1,Pabay,7_5_2022,7,5,2022,reads,16931.5,no,0.044296134,,Emiliania huxleyi.1,Chromista,Haptophyta,Coccolithophyceae,Isochrysidales,Noelaerhabdaceae,Emiliania,Emiliania huxleyi
Alaria,Pabay_7_5_22_1,Pabay,7_5_2022,7,5,2022,reads,16931.5,no,0.307119865,,Chaetoceros tenuissimus,Chromista,Ochrophyta,Mediophyceae,Chaetocerotales,Chaetocerotaceae,Chaetoceros,Chaetoceros tenuissimus
Alaria,Pabay_7_5_22_1,Pabay,7_5_2022,7,5,2022,reads,16931.5,no,0.171278386,,Guinardia delicatula,Chromista,Ochrophyta,Coscinodiscophyceae,Rhizosoleniales,Rhizosoleniaceae,Guinardia,Guinardia delicatula
Alaria,Pabay_7_5_22_1,Pabay,7_5_2022,7,5,2022,reads,16931.5,no,0.109263798,,Guinardia delicatula.2,Chromista,Ochrophyta,Coscinodiscophyceae,Rhizosoleniales,Rhizosoleniaceae,Guinardia,Guinardia delicatula
Alaria,Pabay_7_5_22_1,Pabay,7_5_2022,7,5,2022,reads,16931.5,no,0.109263798,,Guinardia striata,Chromista,Ochrophyta,Coscinodiscophyceae,Rhizosoleniales,Rhizosoleniaceae,Guinardia,Guinardia striata
Alaria,Pabay_7_5_22_1,Pabay,7_5_2022,7,5,2022,reads,16931.5,no,0.005906151,,Guinardia striata.2,Chromista,Ochrophyta,Coscinodiscophyceae,Rhizosoleniales,Rhizosoleniaceae,Guinardia,Guinardia striata
Alaria,Pabay_7_5_22_1,Pabay,7_5_2022,7,5,2022,reads,16931.5,no,0.017718454,,Ditylum brightwellii.3,Chromista,Ochrophyta,Coscinodiscophyceae,Rhizosoleniales,Lithodesmiaceae,Ditylum,Ditylum brightwellii
Alaria,Pabay_7_5_22_1,Pabay,7_5_2022,7,5,2022,reads,16931.5,no,0.564037445,,Cassiopea xamachana,Animalia,Cnidaria,Scyphozoa,Rhizostomeae,Cassiopeidae,Cassiopea,Cassiopea xamachana
Alaria,Pabay_7_5_22_1,Pabay,7_5_2022,7,5,2022,reads,16931.5,no,0.313026017,,Cassiopea xamachana.1,Animalia,Cnidaria,Scyphozoa,Rhizostomeae,Cassiopeidae,Cassiopea,Cassiopea xamachana
Alaria,Pabay_7_5_22_1,Pabay,7_5_2022,7,5,2022,reads,16931.5,no,3.363553141,,Asplanchna sieboldii,Animalia,Rotifera,Eurotatoria,Ploima,Asplanchnidae,Asplanchna,Asplanchna sieboldii
Alaria,Pabay_7_5_22_1,Pabay,7_5_2022,7,5,2022,reads,16931.5,no,0.026577681,,Monogononta sp. R35_CoastL.1,,,,,,Monogononta,Monogononta sp. R35 CoastL
Alaria,Pabay_7_5_22_1,Pabay,7_5_2022,7,5,2022,reads,16931.5,no,10.08770635,,invertebrate environmental sample,,,,,,,
Saccharina,Pabay_7_5_22_1,Pabay,7_5_2022,7,5,2022,reads,16931.5,no,0.044296134,,Emiliania huxleyi.1,Chromista,Haptophyta,Coccolithophyceae,Isochrysidales,Noelaerhabdaceae,Emiliania,Emiliania huxleyi
Saccharina,Pabay_7_5_22_1,Pabay,7_5_2022,7,5,2022,reads,16931.5,no,0.307119865,,Chaetoceros tenuissimus,Chromista,Ochrophyta,Mediophyceae,Chaetocerotales,Chaetocerotaceae,Chaetoceros,Chaetoceros tenuissimus
Saccharina,Pabay_7_5_22_1,Pabay,7_5_2022,7,5,2022,reads,16931.5,no,0.171278386,,Guinardia delicatula,Chromista,Ochrophyta,Coscinodiscophyceae,Rhizosoleniales,Rhizosoleniaceae,Guinardia,Guinardia delicatula
Saccharina,Pabay_7_5_22_1,Pabay,7_5_2022,7,5,2022,reads,16931.5,no,0.109263798,,Guinardia delicatula.2,Chromista,Ochrophyta,Coscinodiscophyceae,Rhizosoleniales,Rhizosoleniaceae,Guinardia,Guinardia delicatula
Saccharina,Pabay_7_5_22_1,Pabay,7_5_2022,7,5,2022,reads,16931.5,no,0.109263798,,Guinardia striata,Chromista,Ochrophyta,Coscinodiscophyceae,Rhizosoleniales,Rhizosoleniaceae,Guinardia,Guinardia striata
Saccharina,Pabay_7_5_22_1,Pabay,7_5_2022,7,5,2022,reads,16931.5,no,0.005906151,,Guinardia striata.2,Chromista,Ochrophyta,Coscinodiscophyceae,Rhizosoleniales,Rhizosoleniaceae,Guinardia,Guinardia striata
Saccharina,Pabay_7_5_22_1,Pabay,7_5_2022,7,5,2022,reads,16931.5,no,0.017718454,,Ditylum brightwellii.3,Chromista,Ochrophyta,Coscinodiscophyceae,Rhizosoleniales,Lithodesmiaceae,Ditylum,Ditylum brightwellii
Saccharina,Pabay_7_5_22_1,Pabay,7_5_2022,7,5,2022,reads,16931.5,no,0.564037445,,Cassiopea xamachana,Animalia,Cnidaria,Scyphozoa,Rhizostomeae,Cassiopeidae,Cassiopea,Cassiopea xamachana
Saccharina,Pabay_7_5_22_1,Pabay,7_5_2022,7,5,2022,reads,16931.5,no,0.313026017,,Cassiopea xamachana.1,Animalia,Cnidaria,Scyphozoa,Rhizostomeae,Cassiopeidae,Cassiopea,Cassiopea xamachana
Saccharina,Pabay_7_5_22_1,Pabay,7_5_2022,7,5,2022,reads,16931.5,no,3.363553141,,Asplanchna sieboldii,Animalia,Rotifera,Eurotatoria,Ploima,Asplanchnidae,Asplanchna,Asplanchna sieboldii
Saccharina,Pabay_7_5_22_1,Pabay,7_5_2022,7,5,2022,reads,16931.5,no,0.026577681,,Monogononta sp. R35_CoastL.1,,,,,,Monogononta,Monogononta sp. R35 CoastL
Saccharina,Pabay_7_5_22_1,Pabay,7_5_2022,7,5,2022,reads,16931.5,no,10.08770635,,invertebrate environmental sample,,,,,,,
Alaria,Pabay_7_5_22_2,Pabay,7_5_2022,7,5,2022,reads,9577.5,Bivalvia,0.292351866,,Kurtiella bidentata,Animalia,Mollusca,Bivalvia,Galeommatida,Lasaeidae,Kurtiella,Kurtiella bidentata
Saccharina,Pabay_7_5_22_2,Pabay,7_5_2022,7,5,2022,reads,9577.5,Bivalvia,0.292351866,,Kurtiella bidentata,Animalia,Mollusca,Bivalvia,Galeommatida,Lasaeidae,Kurtiella,Kurtiella bidentata
Alaria,Pabay_7_5_22_2,Pabay,7_5_2022,7,5,2022,reads,9577.5,Hydrozoa,0.125293657,,Clytia sp. 2 AFC-2016,Animalia,Cnidaria,Hydrozoa,Leptothecata,Campanulariidae,Clytia,Clytia sp. 2 AFC-2016
Saccharina,Pabay_7_5_22_2,Pabay,7_5_2022,7,5,2022,reads,9577.5,Hydrozoa,0.125293657,,Clytia sp. 2 AFC-2016,Animalia,Cnidaria,Hydrozoa,Leptothecata,Campanulariidae,Clytia,Clytia sp. 2 AFC-2016
Alaria,Pabay_7_5_22_2,Pabay,7_5_2022,7,5,2022,reads,9577.5,no,0.078308536,,Dimeregramma acutum,Chromista,Ochrophyta,Bacillariophyceae,Cymbellales,Cymbellaceae,Dimeregramma,Dimeregramma acutum
Alaria,Pabay_7_5_22_2,Pabay,7_5_2022,7,5,2022,reads,9577.5,no,0.078308536,,Minutocellus polymorphus,Chromista,Ochrophyta,Coscinodiscophyceae,Coscinodiscales,Helminthophoraceae,Minutocellus,Minutocellus polymorphus
Alaria,Pabay_7_5_22_2,Pabay,7_5_2022,7,5,2022,reads,9577.5,no,0.041764552,,Minutocellus polymorphus.4,Chromista,Ochrophyta,Coscinodiscophyceae,Coscinodiscales,Helminthophoraceae,Minutocellus,Minutocellus polymorphus
Alaria,Pabay_7_5_22_2,Pabay,7_5_2022,7,5,2022,reads,9577.5,no,0.015661707,,Chaetoceros tenuissimus,Chromista,Ochrophyta,Mediophyceae,Chaetocerotales,Chaetocerotaceae,Chaetoceros,Chaetoceros tenuissimus
Alaria,Pabay_7_5_22_2,Pabay,7_5_2022,7,5,2022,reads,9577.5,no,0.031323414,,Guinardia delicatula.1,Chromista,Ochrophyta,Coscinodiscophyceae,Rhizosoleniales,Rhizosoleniaceae,Guinardia,Guinardia delicatula
Alaria,Pabay_7_5_22_2,Pabay,7_5_2022,7,5,2022,reads,9577.5,no,0.015661707,,Stephanodiscus cf. minutulus.1,Chromista,Ochrophyta,Mediophyceae,Thalassiosirales,Stephanodiscaceae,Stephanodiscus,Stephanodiscus cf. minutulus
Alaria,Pabay_7_5_22_2,Pabay,7_5_2022,7,5,2022,reads,9577.5,no,0.031323414,,Lithodesmium intricatum.3,Chromista,Ochrophyta,Coscinodiscophyceae,Rhizosoleniales,Lithodesmiaceae,Lithodesmium,Lithodesmium intricatum
Alaria,Pabay_7_5_22_2,Pabay,7_5_2022,7,5,2022,reads,9577.5,no,0.245366745,,Ceriantharia gen. n. sp. n. US-2023,Animalia,Cnidaria,Anthozoa,Ceriantharia,Cerianthidae,Ceriantharia,Ceriantharia gen. n. sp. n. US-2023
Alaria,Pabay_7_5_22_2,Pabay,7_5_2022,7,5,2022,reads,9577.5,no,0.083529105,,Cassiopea xamachana,Animalia,Cnidaria,Scyphozoa,Rhizostomeae,Cassiopeidae,Cassiopea,Cassiopea xamachana
Alaria,Pabay_7_5_22_2,Pabay,7_5_2022,7,5,2022,reads,9577.5,no,0.046985121,,Urodasys sp. 114a.19,Animalia,Gastrotricha,Macrodasyida,Macrodasyoidea,Urodasidae,Urodasys,Urodasys sp. 114a
Alaria,Pabay_7_5_22_2,Pabay,7_5_2022,7,5,2022,reads,9577.5,no,0.495954059,,Monostilifera sp.,Animalia,Nemertea,Anopla,Monostilifera,Monostylifera,Monostilifera,Monostilifera sp.
Alaria,Pabay_7_5_22_2,Pabay,7_5_2022,7,5,2022,reads,9577.5,no,0.589924302,,Monostilifera sp..1,Animalia,Nemertea,Anopla,Monostilifera,Monostylifera,Monostilifera,Monostilifera sp.
Alaria,Pabay_7_5_22_2,Pabay,7_5_2022,7,5,2022,reads,9577.5,no,0.589924302,,Monostilifera sp..4,Animalia,Nemertea,Anopla,Monostilifera,Monostylifera,Monostilifera,Monostilifera sp.
Alaria,Pabay_7_5_22_2,Pabay,7_5_2022,7,5,2022,reads,9577.5,no,0.020882276,,Svenzea sp. 1 PRT-2020,Animalia,Porifera,Demospongiae,Suberitida,Halichondriidae,Svenzea,Svenzea sp. 1 PRT-2020
Alaria,Pabay_7_5_22_2,Pabay,7_5_2022,7,5,2022,reads,9577.5,no,0.041764552,,Polyarthra dolichoptera complex sp. UO-2013,,,,,,Polyarthra,Polyarthra dolichoptera complex sp. UO-2013
Saccharina,Pabay_7_5_22_2,Pabay,7_5_2022,7,5,2022,reads,9577.5,no,0.078308536,,Dimeregramma acutum,Chromista,Ochrophyta,Bacillariophyceae,Cymbellales,Cymbellaceae,Dimeregramma,Dimeregramma acutum
Saccharina,Pabay_7_5_22_2,Pabay,7_5_2022,7,5,2022,reads,9577.5,no,0.078308536,,Minutocellus polymorphus,Chromista,Ochrophyta,Coscinodiscophyceae,Coscinodiscales,Helminthophoraceae,Minutocellus,Minutocellus polymorphus
Saccharina,Pabay_7_5_22_2,Pabay,7_5_2022,7,5,2022,reads,9577.5,no,0.041764552,,Minutocellus polymorphus.4,Chromista,Ochrophyta,Coscinodiscophyceae,Coscinodiscales,Helminthophoraceae,Minutocellus,Minutocellus polymorphus
Saccharina,Pabay_7_5_22_2,Pabay,7_5_2022,7,5,2022,reads,9577.5,no,0.015661707,,Chaetoceros tenuissimus,Chromista,Ochrophyta,Mediophyceae,Chaetocerotales,Chaetocerotaceae,Chaetoceros,Chaetoceros tenuissimus
Saccharina,Pabay_7_5_22_2,Pabay,7_5_2022,7,5,2022,reads,9577.5,no,0.031323414,,Guinardia delicatula.1,Chromista,Ochrophyta,Coscinodiscophyceae,Rhizosoleniales,Rhizosoleniaceae,Guinardia,Guinardia delicatula
Saccharina,Pabay_7_5_22_2,Pabay,7_5_2022,7,5,2022,reads,9577.5,no,0.015661707,,Stephanodiscus cf. minutulus.1,Chromista,Ochrophyta,Mediophyceae,Thalassiosirales,Stephanodiscaceae,Stephanodiscus,Stephanodiscus cf. minutulus
Saccharina,Pabay_7_5_22_2,Pabay,7_5_2022,7,5,2022,reads,9577.5,no,0.031323414,,Lithodesmium intricatum.3,Chromista,Ochrophyta,Coscinodiscophyceae,Rhizosoleniales,Lithodesmiaceae,Lithodesmium,Lithodesmium intricatum
Saccharina,Pabay_7_5_22_2,Pabay,7_5_2022,7,5,2022,reads,9577.5,no,0.245366745,,Ceriantharia gen. n. sp. n. US-2023,Animalia,Cnidaria,Anthozoa,Ceriantharia,Cerianthidae,Ceriantharia,Ceriantharia gen. n. sp. n. US-2023
Saccharina,Pabay_7_5_22_2,Pabay,7_5_2022,7,5,2022,reads,9577.5,no,0.083529105,,Cassiopea xamachana,Animalia,Cnidaria,Scyphozoa,Rhizostomeae,Cassiopeidae,Cassiopea,Cassiopea xamachana
Saccharina,Pabay_7_5_22_2,Pabay,7_5_2022,7,5,2022,reads,9577.5,no,0.046985121,,Urodasys sp. 114a.19,Animalia,Gastrotricha,Macrodasyida,Macrodasyoidea,Urodasidae,Urodasys,Urodasys sp. 114a
Saccharina,Pabay_7_5_22_2,Pabay,7_5_2022,7,5,2022,reads,9577.5,no,0.495954059,,Monostilifera sp.,Animalia,Nemertea,Anopla,Monostilifera,Monostylifera,Monostilifera,Monostilifera sp.
Saccharina,Pabay_7_5_22_2,Pabay,7_5_2022,7,5,2022,reads,9577.5,no,0.589924302,,Monostilifera sp..1,Animalia,Nemertea,Anopla,Monostilifera,Monostylifera,Monostilifera,Monostilifera sp.
Saccharina,Pabay_7_5_22_2,Pabay,7_5_2022,7,5,2022,reads,9577.5,no,0.589924302,,Monostilifera sp..4,Animalia,Nemertea,Anopla,Monostilifera,Monostylifera,Monostilifera,Monostilifera sp.
Saccharina,Pabay_7_5_22_2,Pabay,7_5_2022,7,5,2022,reads,9577.5,no,0.020882276,,Svenzea sp. 1 PRT-2020,Animalia,Porifera,Demospongiae,Suberitida,Halichondriidae,Svenzea,Svenzea sp. 1 PRT-2020
Saccharina,Pabay_7_5_22_2,Pabay,7_5_2022,7,5,2022,reads,9577.5,no,0.041764552,,Polyarthra dolichoptera complex sp. UO-2013,,,,,,Polyarthra,Polyarthra dolichoptera complex sp. UO-2013
Alaria,Pabay_8_2_22_1,Pabay,8_2_2022,8,2,2022,reads,8453,Copepoda,0.023660239,,Temora sp.,Animalia,Arthropoda,Hexanauplia,Calanoida,Temoridae,Temora,Temora sp.
Alaria,Pabay_8_2_22_1,Pabay,8_2_2022,8,2,2022,reads,8453,Copepoda,0.112386135,,Harpacticus flexus.1,Animalia,Arthropoda,Hexanauplia,Harpacticoida,Harpacticidae,Harpacticus,Harpacticus flexus
Saccharina,Pabay_8_2_22_1,Pabay,8_2_2022,8,2,2022,reads,8453,Copepoda,0.023660239,,Temora sp.,Animalia,Arthropoda,Hexanauplia,Calanoida,Temoridae,Temora,Temora sp.
Saccharina,Pabay_8_2_22_1,Pabay,8_2_2022,8,2,2022,reads,8453,Copepoda,0.112386135,,Harpacticus flexus.1,Animalia,Arthropoda,Hexanauplia,Harpacticoida,Harpacticidae,Harpacticus,Harpacticus flexus
Alaria,Pabay_8_2_22_1,Pabay,8_2_2022,8,2,2022,reads,8453,Gastropoda,0.053235538,,Neritina canalis,Animalia,Mollusca,Gastropoda,Cycloneritida,Neritidae,Neritina,Neritina canalis
Saccharina,Pabay_8_2_22_1,Pabay,8_2_2022,8,2,2022,reads,8453,Gastropoda,0.053235538,,Neritina canalis,Animalia,Mollusca,Gastropoda,Cycloneritida,Neritidae,Neritina,Neritina canalis
Alaria,Pabay_8_2_22_1,Pabay,8_2_2022,8,2,2022,reads,8453,Hydrozoa,25.7127647,,Clytia sp. 2 AFC-2016,Animalia,Cnidaria,Hydrozoa,Leptothecata,Campanulariidae,Clytia,Clytia sp. 2 AFC-2016
Alaria,Pabay_8_2_22_1,Pabay,8_2_2022,8,2,2022,reads,8453,Hydrozoa,0.047320478,,Aglaophenia tubulifera,Animalia,Cnidaria,Hydrozoa,Leptothecata,Aglaopheniidae,Aglaophenia,Aglaophenia tubulifera
Alaria,Pabay_8_2_22_1,Pabay,8_2_2022,8,2,2022,reads,8453,Hydrozoa,0.017745179,,Obelia bidentata,Animalia,Cnidaria,Hydrozoa,Leptothecata,Campanulariidae,Obelia,Obelia bidentata
Saccharina,Pabay_8_2_22_1,Pabay,8_2_2022,8,2,2022,reads,8453,Hydrozoa,25.7127647,,Clytia sp. 2 AFC-2016,Animalia,Cnidaria,Hydrozoa,Leptothecata,Campanulariidae,Clytia,Clytia sp. 2 AFC-2016
Saccharina,Pabay_8_2_22_1,Pabay,8_2_2022,8,2,2022,reads,8453,Hydrozoa,0.047320478,,Aglaophenia tubulifera,Animalia,Cnidaria,Hydrozoa,Leptothecata,Aglaopheniidae,Aglaophenia,Aglaophenia tubulifera
Saccharina,Pabay_8_2_22_1,Pabay,8_2_2022,8,2,2022,reads,8453,Hydrozoa,0.017745179,,Obelia bidentata,Animalia,Cnidaria,Hydrozoa,Leptothecata,Campanulariidae,Obelia,Obelia bidentata
Alaria,Pabay_8_2_22_1,Pabay,8_2_2022,8,2,2022,reads,8453,no,0.053235538,,Minutocellus polymorphus.2,Chromista,Ochrophyta,Coscinodiscophyceae,Coscinodiscales,Helminthophoraceae,Minutocellus,Minutocellus polymorphus
Alaria,Pabay_8_2_22_1,Pabay,8_2_2022,8,2,2022,reads,8453,no,0.46728972,,Skeletonema menzelii,Chromista,Ochrophyta,Bacillariophyceae,Thalassiosirales,Skeletonemataceae,Skeletonema,Skeletonema menzelii
Alaria,Pabay_8_2_22_1,Pabay,8_2_2022,8,2,2022,reads,8453,no,7.435230096,,Thalassionema nitzschioides,Chromista,Ochrophyta,Bacillariophyceae,Thalassionematales,Thalassionemataceae,Thalassionema,Thalassionema nitzschioides
Alaria,Pabay_8_2_22_1,Pabay,8_2_2022,8,2,2022,reads,8453,no,0.153791553,,Minutocellus polymorphus.7,Chromista,Ochrophyta,Coscinodiscophyceae,Coscinodiscales,Helminthophoraceae,Minutocellus,Minutocellus polymorphus
Alaria,Pabay_8_2_22_1,Pabay,8_2_2022,8,2,2022,reads,8453,no,0.289837927,,Minutocellus polymorphus.14,Chromista,Ochrophyta,Coscinodiscophyceae,Coscinodiscales,Helminthophoraceae,Minutocellus,Minutocellus polymorphus
Alaria,Pabay_8_2_22_1,Pabay,8_2_2022,8,2,2022,reads,8453,no,3.288773217,,Monostilifera sp.,Animalia,Nemertea,Anopla,Monostilifera,Monostylifera,Monostilifera,Monostilifera sp.
Alaria,Pabay_8_2_22_1,Pabay,8_2_2022,8,2,2022,reads,8453,no,0.703892109,,Asplanchna sieboldii,Animalia,Rotifera,Eurotatoria,Ploima,Asplanchnidae,Asplanchna,Asplanchna sieboldii
Alaria,Pabay_8_2_22_1,Pabay,8_2_2022,8,2,2022,reads,8453,no,0.035490358,,invertebrate environmental sample,,,,,,,
Alaria,Pabay_8_2_22_1,Pabay,8_2_2022,8,2,2022,reads,8453,no,0.011830119,,invertebrate environmental sample.30,,,,,,,
Alaria,Pabay_8_2_22_1,Pabay,8_2_2022,8,2,2022,reads,8453,no,5.335383887,,Crustacea environmental sample,,,,,,,
Saccharina,Pabay_8_2_22_1,Pabay,8_2_2022,8,2,2022,reads,8453,no,0.053235538,,Minutocellus polymorphus.2,Chromista,Ochrophyta,Coscinodiscophyceae,Coscinodiscales,Helminthophoraceae,Minutocellus,Minutocellus polymorphus
Saccharina,Pabay_8_2_22_1,Pabay,8_2_2022,8,2,2022,reads,8453,no,0.46728972,,Skeletonema menzelii,Chromista,Ochrophyta,Bacillariophyceae,Thalassiosirales,Skeletonemataceae,Skeletonema,Skeletonema menzelii
Saccharina,Pabay_8_2_22_1,Pabay,8_2_2022,8,2,2022,reads,8453,no,7.435230096,,Thalassionema nitzschioides,Chromista,Ochrophyta,Bacillariophyceae,Thalassionematales,Thalassionemataceae,Thalassionema,Thalassionema nitzschioides
Saccharina,Pabay_8_2_22_1,Pabay,8_2_2022,8,2,2022,reads,8453,no,0.153791553,,Minutocellus polymorphus.7,Chromista,Ochrophyta,Coscinodiscophyceae,Coscinodiscales,Helminthophoraceae,Minutocellus,Minutocellus polymorphus
Saccharina,Pabay_8_2_22_1,Pabay,8_2_2022,8,2,2022,reads,8453,no,0.289837927,,Minutocellus polymorphus.14,Chromista,Ochrophyta,Coscinodiscophyceae,Coscinodiscales,Helminthophoraceae,Minutocellus,Minutocellus polymorphus
Saccharina,Pabay_8_2_22_1,Pabay,8_2_2022,8,2,2022,reads,8453,no,3.288773217,,Monostilifera sp.,Animalia,Nemertea,Anopla,Monostilifera,Monostylifera,Monostilifera,Monostilifera sp.
Saccharina,Pabay_8_2_22_1,Pabay,8_2_2022,8,2,2022,reads,8453,no,0.703892109,,Asplanchna sieboldii,Animalia,Rotifera,Eurotatoria,Ploima,Asplanchnidae,Asplanchna,Asplanchna sieboldii
Saccharina,Pabay_8_2_22_1,Pabay,8_2_2022,8,2,2022,reads,8453,no,0.035490358,,invertebrate environmental sample,,,,,,,
Saccharina,Pabay_8_2_22_1,Pabay,8_2_2022,8,2,2022,reads,8453,no,0.011830119,,invertebrate environmental sample.30,,,,,,,
Saccharina,Pabay_8_2_22_1,Pabay,8_2_2022,8,2,2022,reads,8453,no,5.335383887,,Crustacea environmental sample,,,,,,,
Alaria,Pabay_8_2_22_2,Pabay,8_2_2022,8,2,2022,reads,3594.5,Copepoda,0.111281124,,Temora sp.,Animalia,Arthropoda,Hexanauplia,Calanoida,Temoridae,Temora,Temora sp.
Saccharina,Pabay_8_2_22_2,Pabay,8_2_2022,8,2,2022,reads,3594.5,Copepoda,0.111281124,,Temora sp.,Animalia,Arthropoda,Hexanauplia,Calanoida,Temoridae,Temora,Temora sp.
Alaria,Pabay_8_2_22_2,Pabay,8_2_2022,8,2,2022,reads,3594.5,Gastropoda,0.180831826,,Therasia thaisa,Animalia,Mollusca,Gastropoda,Nudibranchia,Dorididae,Therasia,Therasia thaisa
Saccharina,Pabay_8_2_22_2,Pabay,8_2_2022,8,2,2022,reads,3594.5,Gastropoda,0.180831826,,Therasia thaisa,Animalia,Mollusca,Gastropoda,Nudibranchia,Dorididae,Therasia,Therasia thaisa
Alaria,Pabay_8_2_22_2,Pabay,8_2_2022,8,2,2022,reads,3594.5,Hydrozoa,13.71539853,,Clytia sp. 2 AFC-2016,Animalia,Cnidaria,Hydrozoa,Leptothecata,Campanulariidae,Clytia,Clytia sp. 2 AFC-2016
Alaria,Pabay_8_2_22_2,Pabay,8_2_2022,8,2,2022,reads,3594.5,Hydrozoa,0.041730421,,Maresearsia praeclara,Animalia,Cnidaria,Hydrozoa,Anthoathecata,Corynidae,Maresearsia,Maresearsia praeclara
Alaria,Pabay_8_2_22_2,Pabay,8_2_2022,8,2,2022,reads,3594.5,Hydrozoa,0.250382529,,Aglaophenia tubulifera,Animalia,Cnidaria,Hydrozoa,Leptothecata,Aglaopheniidae,Aglaophenia,Aglaophenia tubulifera
Alaria,Pabay_8_2_22_2,Pabay,8_2_2022,8,2,2022,reads,3594.5,Hydrozoa,0.069550702,,Clytia sp. 2 AFC-2016.5,Animalia,Cnidaria,Hydrozoa,Leptothecata,Campanulariidae,Clytia,Clytia sp. 2 AFC-2016
Saccharina,Pabay_8_2_22_2,Pabay,8_2_2022,8,2,2022,reads,3594.5,Hydrozoa,13.71539853,,Clytia sp. 2 AFC-2016,Animalia,Cnidaria,Hydrozoa,Leptothecata,Campanulariidae,Clytia,Clytia sp. 2 AFC-2016
Saccharina,Pabay_8_2_22_2,Pabay,8_2_2022,8,2,2022,reads,3594.5,Hydrozoa,0.041730421,,Maresearsia praeclara,Animalia,Cnidaria,Hydrozoa,Anthoathecata,Corynidae,Maresearsia,Maresearsia praeclara
Saccharina,Pabay_8_2_22_2,Pabay,8_2_2022,8,2,2022,reads,3594.5,Hydrozoa,0.250382529,,Aglaophenia tubulifera,Animalia,Cnidaria,Hydrozoa,Leptothecata,Aglaopheniidae,Aglaophenia,Aglaophenia tubulifera
Saccharina,Pabay_8_2_22_2,Pabay,8_2_2022,8,2,2022,reads,3594.5,Hydrozoa,0.069550702,,Clytia sp. 2 AFC-2016.5,Animalia,Cnidaria,Hydrozoa,Leptothecata,Campanulariidae,Clytia,Clytia sp. 2 AFC-2016
Alaria,Pabay_8_2_22_2,Pabay,8_2_2022,8,2,2022,reads,3594.5,no,0.417304215,,Thalassiosira rotula,Chromista,Ochrophyta,Bacillariophyceae,Thalassiosirales,Thalassiosiraceae,Thalassiosira,Thalassiosira rotula
Alaria,Pabay_8_2_22_2,Pabay,8_2_2022,8,2,2022,reads,3594.5,no,0.27820281,,Thalassiosira rotula.2,Chromista,Ochrophyta,Bacillariophyceae,Thalassiosirales,Thalassiosiraceae,Thalassiosira,Thalassiosira rotula
Alaria,Pabay_8_2_22_2,Pabay,8_2_2022,8,2,2022,reads,3594.5,no,0.041730421,,Thalassiosira rotula.9,Chromista,Ochrophyta,Bacillariophyceae,Thalassiosirales,Thalassiosiraceae,Thalassiosira,Thalassiosira rotula
Alaria,Pabay_8_2_22_2,Pabay,8_2_2022,8,2,2022,reads,3594.5,no,0.598136041,,Thalassionema nitzschioides,Chromista,Ochrophyta,Bacillariophyceae,Thalassionematales,Thalassionemataceae,Thalassionema,Thalassionema nitzschioides
Alaria,Pabay_8_2_22_2,Pabay,8_2_2022,8,2,2022,reads,3594.5,no,0.083460843,,Monostilifera sp.,Animalia,Nemertea,Anopla,Monostilifera,Monostylifera,Monostilifera,Monostilifera sp.
Alaria,Pabay_8_2_22_2,Pabay,8_2_2022,8,2,2022,reads,3594.5,no,2.225622479,,Crustacea environmental sample,,,,,,,
Saccharina,Pabay_8_2_22_2,Pabay,8_2_2022,8,2,2022,reads,3594.5,no,0.417304215,,Thalassiosira rotula,Chromista,Ochrophyta,Bacillariophyceae,Thalassiosirales,Thalassiosiraceae,Thalassiosira,Thalassiosira rotula
Saccharina,Pabay_8_2_22_2,Pabay,8_2_2022,8,2,2022,reads,3594.5,no,0.27820281,,Thalassiosira rotula.2,Chromista,Ochrophyta,Bacillariophyceae,Thalassiosirales,Thalassiosiraceae,Thalassiosira,Thalassiosira rotula
Saccharina,Pabay_8_2_22_2,Pabay,8_2_2022,8,2,2022,reads,3594.5,no,0.041730421,,Thalassiosira rotula.9,Chromista,Ochrophyta,Bacillariophyceae,Thalassiosirales,Thalassiosiraceae,Thalassiosira,Thalassiosira rotula
Saccharina,Pabay_8_2_22_2,Pabay,8_2_2022,8,2,2022,reads,3594.5,no,0.598136041,,Thalassionema nitzschioides,Chromista,Ochrophyta,Bacillariophyceae,Thalassionematales,Thalassionemataceae,Thalassionema,Thalassionema nitzschioides
Saccharina,Pabay_8_2_22_2,Pabay,8_2_2022,8,2,2022,reads,3594.5,no,0.083460843,,Monostilifera sp.,Animalia,Nemertea,Anopla,Monostilifera,Monostylifera,Monostilifera,Monostilifera sp.
Saccharina,Pabay_8_2_22_2,Pabay,8_2_2022,8,2,2022,reads,3594.5,no,2.225622479,,Crustacea environmental sample,,,,,,,
Alaria,Pabay_8_2_22_3,Pabay,8_2_2022,8,2,2022,reads,5686,Copepoda,0.061554696,,Temora sp..5,Animalia,Arthropoda,Hexanauplia,Calanoida,Temoridae,Temora,Temora sp.
Alaria,Pabay_8_2_22_3,Pabay,8_2_2022,8,2,2022,reads,5686,Copepoda,0.035174112,,Temora sp..7,Animalia,Arthropoda,Hexanauplia,Calanoida,Temoridae,Temora,Temora sp.
Alaria,Pabay_8_2_22_3,Pabay,8_2_2022,8,2,2022,reads,5686,Copepoda,0.017587056,,Paraeuchaeta sp. KJ753,Animalia,Arthropoda,Hexanauplia,Calanoida,Euchaetidae,Paraeuchaeta,Paraeuchaeta sp. KJ753
Saccharina,Pabay_8_2_22_3,Pabay,8_2_2022,8,2,2022,reads,5686,Copepoda,0.061554696,,Temora sp..5,Animalia,Arthropoda,Hexanauplia,Calanoida,Temoridae,Temora,Temora sp.
Saccharina,Pabay_8_2_22_3,Pabay,8_2_2022,8,2,2022,reads,5686,Copepoda,0.035174112,,Temora sp..7,Animalia,Arthropoda,Hexanauplia,Calanoida,Temoridae,Temora,Temora sp.
Saccharina,Pabay_8_2_22_3,Pabay,8_2_2022,8,2,2022,reads,5686,Copepoda,0.017587056,,Paraeuchaeta sp. KJ753,Animalia,Arthropoda,Hexanauplia,Calanoida,Euchaetidae,Paraeuchaeta,Paraeuchaeta sp. KJ753
Alaria,Pabay_8_2_22_3,Pabay,8_2_2022,8,2,2022,reads,5686,Hydrozoa,24.63946535,,Clytia sp. 2 AFC-2016,Animalia,Cnidaria,Hydrozoa,Leptothecata,Campanulariidae,Clytia,Clytia sp. 2 AFC-2016
Alaria,Pabay_8_2_22_3,Pabay,8_2_2022,8,2,2022,reads,5686,Hydrozoa,0.395708758,,Clytia sp. 2 AFC-2016.3,Animalia,Cnidaria,Hydrozoa,Leptothecata,Campanulariidae,Clytia,Clytia sp. 2 AFC-2016
Saccharina,Pabay_8_2_22_3,Pabay,8_2_2022,8,2,2022,reads,5686,Hydrozoa,24.63946535,,Clytia sp. 2 AFC-2016,Animalia,Cnidaria,Hydrozoa,Leptothecata,Campanulariidae,Clytia,Clytia sp. 2 AFC-2016
Saccharina,Pabay_8_2_22_3,Pabay,8_2_2022,8,2,2022,reads,5686,Hydrozoa,0.395708758,,Clytia sp. 2 AFC-2016.3,Animalia,Cnidaria,Hydrozoa,Leptothecata,Campanulariidae,Clytia,Clytia sp. 2 AFC-2016
Alaria,Pabay_8_2_22_3,Pabay,8_2_2022,8,2,2022,reads,5686,no,0.589166374,,Skeletonema menzelii,Chromista,Ochrophyta,Bacillariophyceae,Thalassiosirales,Skeletonemataceae,Skeletonema,Skeletonema menzelii
Alaria,Pabay_8_2_22_3,Pabay,8_2_2022,8,2,2022,reads,5686,no,0.105522336,,Thalassiosira rotula.5,Chromista,Ochrophyta,Bacillariophyceae,Thalassiosirales,Thalassiosiraceae,Thalassiosira,Thalassiosira rotula
Alaria,Pabay_8_2_22_3,Pabay,8_2_2022,8,2,2022,reads,5686,no,6.8237777,,Thalassionema nitzschioides,Chromista,Ochrophyta,Bacillariophyceae,Thalassionematales,Thalassionemataceae,Thalassionema,Thalassionema nitzschioides
Alaria,Pabay_8_2_22_3,Pabay,8_2_2022,8,2,2022,reads,5686,no,0.43088287,,Minutocellus polymorphus.7,Chromista,Ochrophyta,Coscinodiscophyceae,Coscinodiscales,Helminthophoraceae,Minutocellus,Minutocellus polymorphus
Alaria,Pabay_8_2_22_3,Pabay,8_2_2022,8,2,2022,reads,5686,no,0.307773479,,Minutocellus polymorphus.20,Chromista,Ochrophyta,Coscinodiscophyceae,Coscinodiscales,Helminthophoraceae,Minutocellus,Minutocellus polymorphus
Alaria,Pabay_8_2_22_3,Pabay,8_2_2022,8,2,2022,reads,5686,no,0.940907492,,Monostilifera sp.,Animalia,Nemertea,Anopla,Monostilifera,Monostylifera,Monostilifera,Monostilifera sp.
Alaria,Pabay_8_2_22_3,Pabay,8_2_2022,8,2,2022,reads,5686,no,0.932113964,,Asplanchna sieboldii,Animalia,Rotifera,Eurotatoria,Ploima,Asplanchnidae,Asplanchna,Asplanchna sieboldii
Alaria,Pabay_8_2_22_3,Pabay,8_2_2022,8,2,2022,reads,5686,no,1.55645445,,Crustacea environmental sample,,,,,,,
Saccharina,Pabay_8_2_22_3,Pabay,8_2_2022,8,2,2022,reads,5686,no,0.589166374,,Skeletonema menzelii,Chromista,Ochrophyta,Bacillariophyceae,Thalassiosirales,Skeletonemataceae,Skeletonema,Skeletonema menzelii
Saccharina,Pabay_8_2_22_3,Pabay,8_2_2022,8,2,2022,reads,5686,no,0.105522336,,Thalassiosira rotula.5,Chromista,Ochrophyta,Bacillariophyceae,Thalassiosirales,Thalassiosiraceae,Thalassiosira,Thalassiosira rotula
Saccharina,Pabay_8_2_22_3,Pabay,8_2_2022,8,2,2022,reads,5686,no,6.8237777,,Thalassionema nitzschioides,Chromista,Ochrophyta,Bacillariophyceae,Thalassionematales,Thalassionemataceae,Thalassionema,Thalassionema nitzschioides
Saccharina,Pabay_8_2_22_3,Pabay,8_2_2022,8,2,2022,reads,5686,no,0.43088287,,Minutocellus polymorphus.7,Chromista,Ochrophyta,Coscinodiscophyceae,Coscinodiscales,Helminthophoraceae,Minutocellus,Minutocellus polymorphus
Saccharina,Pabay_8_2_22_3,Pabay,8_2_2022,8,2,2022,reads,5686,no,0.307773479,,Minutocellus polymorphus.20,Chromista,Ochrophyta,Coscinodiscophyceae,Coscinodiscales,Helminthophoraceae,Minutocellus,Minutocellus polymorphus
Saccharina,Pabay_8_2_22_3,Pabay,8_2_2022,8,2,2022,reads,5686,no,0.940907492,,Monostilifera sp.,Animalia,Nemertea,Anopla,Monostilifera,Monostylifera,Monostilifera,Monostilifera sp.
Saccharina,Pabay_8_2_22_3,Pabay,8_2_2022,8,2,2022,reads,5686,no,0.932113964,,Asplanchna sieboldii,Animalia,Rotifera,Eurotatoria,Ploima,Asplanchnidae,Asplanchna,Asplanchna sieboldii
Saccharina,Pabay_8_2_22_3,Pabay,8_2_2022,8,2,2022,reads,5686,no,1.55645445,,Crustacea environmental sample,,,,,,,
Alaria,Pabay_8_3_22_1,Pabay,8_3_2022,8,3,2022,reads,18127.5,Balanidae,1.677010068,,Semibalanus balanoides,Animalia,Arthropoda,Hexanauplia,Balanomorpha,Balanidae,Semibalanus,Semibalanus balanoides
Saccharina,Pabay_8_3_22_1,Pabay,8_3_2022,8,3,2022,reads,18127.5,Balanidae,1.677010068,,Semibalanus balanoides,Animalia,Arthropoda,Hexanauplia,Balanomorpha,Balanidae,Semibalanus,Semibalanus balanoides
Alaria,Pabay_8_3_22_1,Pabay,8_3_2022,8,3,2022,reads,18127.5,Bryozoa,0.612329334,,Celleporella hyalina,Animalia,Bryozoa,Gymnolaemata,Cheilostomatida,Hippothoidae,Celleporella,Celleporella hyalina
Alaria,Pabay_8_3_22_1,Pabay,8_3_2022,8,3,2022,reads,18127.5,Bryozoa,0.264791063,,Celleporella hyalina.1,Animalia,Bryozoa,Gymnolaemata,Cheilostomatida,Hippothoidae,Celleporella,Celleporella hyalina
Saccharina,Pabay_8_3_22_1,Pabay,8_3_2022,8,3,2022,reads,18127.5,Bryozoa,0.612329334,,Celleporella hyalina,Animalia,Bryozoa,Gymnolaemata,Cheilostomatida,Hippothoidae,Celleporella,Celleporella hyalina
Saccharina,Pabay_8_3_22_1,Pabay,8_3_2022,8,3,2022,reads,18127.5,Bryozoa,0.264791063,,Celleporella hyalina.1,Animalia,Bryozoa,Gymnolaemata,Cheilostomatida,Hippothoidae,Celleporella,Celleporella hyalina
Alaria,Pabay_8_3_22_1,Pabay,8_3_2022,8,3,2022,reads,18127.5,Copepoda,1.177768584,,Temora sp.,Animalia,Arthropoda,Hexanauplia,Calanoida,Temoridae,Temora,Temora sp.
Saccharina,Pabay_8_3_22_1,Pabay,8_3_2022,8,3,2022,reads,18127.5,Copepoda,1.177768584,,Temora sp.,Animalia,Arthropoda,Hexanauplia,Calanoida,Temoridae,Temora,Temora sp.
Alaria,Pabay_8_3_22_1,Pabay,8_3_2022,8,3,2022,reads,18127.5,Gastropoda,0.096538408,,Lacuna vincta.1,Animalia,Mollusca,Gastropoda,Littorinimorpha,Littorinidae,Lacuna,Lacuna vincta
Alaria,Pabay_8_3_22_1,Pabay,8_3_2022,8,3,2022,reads,18127.5,Gastropoda,0.082747207,,Lacuna vincta.2,Animalia,Mollusca,Gastropoda,Littorinimorpha,Littorinidae,Lacuna,Lacuna vincta
Alaria,Pabay_8_3_22_1,Pabay,8_3_2022,8,3,2022,reads,18127.5,Gastropoda,0.052406565,,Doto coronata.1,Animalia,Mollusca,Gastropoda,Nudibranchia,Dotidae,Doto,Doto coronata
Alaria,Pabay_8_3_22_1,Pabay,8_3_2022,8,3,2022,reads,18127.5,Gastropoda,0.046890084,,Doto coronata.2,Animalia,Mollusca,Gastropoda,Nudibranchia,Dotidae,Doto,Doto coronata
Saccharina,Pabay_8_3_22_1,Pabay,8_3_2022,8,3,2022,reads,18127.5,Gastropoda,0.096538408,,Lacuna vincta.1,Animalia,Mollusca,Gastropoda,Littorinimorpha,Littorinidae,Lacuna,Lacuna vincta
Saccharina,Pabay_8_3_22_1,Pabay,8_3_2022,8,3,2022,reads,18127.5,Gastropoda,0.082747207,,Lacuna vincta.2,Animalia,Mollusca,Gastropoda,Littorinimorpha,Littorinidae,Lacuna,Lacuna vincta
Saccharina,Pabay_8_3_22_1,Pabay,8_3_2022,8,3,2022,reads,18127.5,Gastropoda,0.052406565,,Doto coronata.1,Animalia,Mollusca,Gastropoda,Nudibranchia,Dotidae,Doto,Doto coronata
Saccharina,Pabay_8_3_22_1,Pabay,8_3_2022,8,3,2022,reads,18127.5,Gastropoda,0.046890084,,Doto coronata.2,Animalia,Mollusca,Gastropoda,Nudibranchia,Dotidae,Doto,Doto coronata
Alaria,Pabay_8_3_22_1,Pabay,8_3_2022,8,3,2022,reads,18127.5,Hydrozoa,1.199834506,,Clytia sp. 2 AFC-2016,Animalia,Cnidaria,Hydrozoa,Leptothecata,Campanulariidae,Clytia,Clytia sp. 2 AFC-2016
Alaria,Pabay_8_3_22_1,Pabay,8_3_2022,8,3,2022,reads,18127.5,Hydrozoa,1.572196938,,Bougainvillia muscus,Animalia,Cnidaria,Hydrozoa,Anthoathecata,Bougainvilliidae,Bougainvillia,Bougainvillia muscus
Alaria,Pabay_8_3_22_1,Pabay,8_3_2022,8,3,2022,reads,18127.5,Hydrozoa,0.388911874,,Obelia bidentata,Animalia,Cnidaria,Hydrozoa,Leptothecata,Campanulariidae,Obelia,Obelia bidentata
Alaria,Pabay_8_3_22_1,Pabay,8_3_2022,8,3,2022,reads,18127.5,Hydrozoa,0.204109778,,Ectopleura larynx,Animalia,Cnidaria,Hydrozoa,Anthoathecata,Tubulariidae,Ectopleura,Ectopleura larynx
Alaria,Pabay_8_3_22_1,Pabay,8_3_2022,8,3,2022,reads,18127.5,Hydrozoa,0.046890084,,Clytia sp. 2 AFC-2016.2,Animalia,Cnidaria,Hydrozoa,Leptothecata,Campanulariidae,Clytia,Clytia sp. 2 AFC-2016
Alaria,Pabay_8_3_22_1,Pabay,8_3_2022,8,3,2022,reads,18127.5,Hydrozoa,0.063439526,,Obelia bidentata.2,Animalia,Cnidaria,Hydrozoa,Leptothecata,Campanulariidae,Obelia,Obelia bidentata
Alaria,Pabay_8_3_22_1,Pabay,8_3_2022,8,3,2022,reads,18127.5,Hydrozoa,0.11308785,,Obelia sp. MZUSP 3356,Animalia,Cnidaria,Hydrozoa,Leptothecata,Campanulariidae,Obelia,Obelia sp. MZUSP 3356
Alaria,Pabay_8_3_22_1,Pabay,8_3_2022,8,3,2022,reads,18127.5,Hydrozoa,0.102054889,,Halecium sp. BMOO-08734,Animalia,Cnidaria,Hydrozoa,Leptothecata,Haleciidae,Halecium,Halecium sp. BMOO-08734
Alaria,Pabay_8_3_22_1,Pabay,8_3_2022,8,3,2022,reads,18127.5,Hydrozoa,0.057923045,,Eutima mira,Animalia,Cnidaria,Hydrozoa,Leptothecata,Eirenidae,Eutima,Eutima mira
Alaria,Pabay_8_3_22_1,Pabay,8_3_2022,8,3,2022,reads,18127.5,Hydrozoa,0.055164805,,Aglaophenia pluma.1,Animalia,Cnidaria,Hydrozoa,Leptothecata,Aglaopheniidae,Aglaophenia,Aglaophenia pluma
Saccharina,Pabay_8_3_22_1,Pabay,8_3_2022,8,3,2022,reads,18127.5,Hydrozoa,1.199834506,,Clytia sp. 2 AFC-2016,Animalia,Cnidaria,Hydrozoa,Leptothecata,Campanulariidae,Clytia,Clytia sp. 2 AFC-2016
Saccharina,Pabay_8_3_22_1,Pabay,8_3_2022,8,3,2022,reads,18127.5,Hydrozoa,1.572196938,,Bougainvillia muscus,Animalia,Cnidaria,Hydrozoa,Anthoathecata,Bougainvilliidae,Bougainvillia,Bougainvillia muscus
Saccharina,Pabay_8_3_22_1,Pabay,8_3_2022,8,3,2022,reads,18127.5,Hydrozoa,0.388911874,,Obelia bidentata,Animalia,Cnidaria,Hydrozoa,Leptothecata,Campanulariidae,Obelia,Obelia bidentata
Saccharina,Pabay_8_3_22_1,Pabay,8_3_2022,8,3,2022,reads,18127.5,Hydrozoa,0.204109778,,Ectopleura larynx,Animalia,Cnidaria,Hydrozoa,Anthoathecata,Tubulariidae,Ectopleura,Ectopleura larynx
Saccharina,Pabay_8_3_22_1,Pabay,8_3_2022,8,3,2022,reads,18127.5,Hydrozoa,0.046890084,,Clytia sp. 2 AFC-2016.2,Animalia,Cnidaria,Hydrozoa,Leptothecata,Campanulariidae,Clytia,Clytia sp. 2 AFC-2016
Saccharina,Pabay_8_3_22_1,Pabay,8_3_2022,8,3,2022,reads,18127.5,Hydrozoa,0.063439526,,Obelia bidentata.2,Animalia,Cnidaria,Hydrozoa,Leptothecata,Campanulariidae,Obelia,Obelia bidentata
Saccharina,Pabay_8_3_22_1,Pabay,8_3_2022,8,3,2022,reads,18127.5,Hydrozoa,0.11308785,,Obelia sp. MZUSP 3356,Animalia,Cnidaria,Hydrozoa,Leptothecata,Campanulariidae,Obelia,Obelia sp. MZUSP 3356
Saccharina,Pabay_8_3_22_1,Pabay,8_3_2022,8,3,2022,reads,18127.5,Hydrozoa,0.102054889,,Halecium sp. BMOO-08734,Animalia,Cnidaria,Hydrozoa,Leptothecata,Haleciidae,Halecium,Halecium sp. BMOO-08734
Saccharina,Pabay_8_3_22_1,Pabay,8_3_2022,8,3,2022,reads,18127.5,Hydrozoa,0.057923045,,Eutima mira,Animalia,Cnidaria,Hydrozoa,Leptothecata,Eirenidae,Eutima,Eutima mira
Saccharina,Pabay_8_3_22_1,Pabay,8_3_2022,8,3,2022,reads,18127.5,Hydrozoa,0.055164805,,Aglaophenia pluma.1,Animalia,Cnidaria,Hydrozoa,Leptothecata,Aglaopheniidae,Aglaophenia,Aglaophenia pluma
Alaria,Pabay_8_3_22_1,Pabay,8_3_2022,8,3,2022,reads,18127.5,Malacostraca,0.44959316,,Jassa herdmani,Animalia,Arthropoda,Malacostraca,Amphipoda,Ischyroceridae,Jassa,Jassa herdmani
Saccharina,Pabay_8_3_22_1,Pabay,8_3_2022,8,3,2022,reads,18127.5,Malacostraca,0.44959316,,Jassa herdmani,Animalia,Arthropoda,Malacostraca,Amphipoda,Ischyroceridae,Jassa,Jassa herdmani
Alaria,Pabay_8_3_22_1,Pabay,8_3_2022,8,3,2022,reads,18127.5,no,0.551648049,,Pleurosigma inscriptura,Chromista,Ochrophyta,Bacillariophyceae,Naviculales,Pleurosigmataceae,Pleurosigma,Pleurosigma inscriptura
Alaria,Pabay_8_3_22_1,Pabay,8_3_2022,8,3,2022,reads,18127.5,no,0.289615225,,Skeletonema menzelii,Chromista,Ochrophyta,Bacillariophyceae,Thalassiosirales,Skeletonemataceae,Skeletonema,Skeletonema menzelii
Alaria,Pabay_8_3_22_1,Pabay,8_3_2022,8,3,2022,reads,18127.5,no,0.060681285,,Pedospumella sinomuralis,Chromista,Ochrophyta,Chrysophyceae,Chromulinales,Paraphysomonadaceae,Pedospumella,Pedospumella sinomuralis
Alaria,Pabay_8_3_22_1,Pabay,8_3_2022,8,3,2022,reads,18127.5,no,0.085505448,,uncultured Kareniaceae,,,,,,uncultured,uncultured Kareniaceae
Alaria,Pabay_8_3_22_1,Pabay,8_3_2022,8,3,2022,reads,18127.5,no,0.157219694,,Rhizosolenia setigera,Chromista,Ochrophyta,Coscinodiscophyceae,Rhizosoleniales,Rhizosoleniaceae,Rhizosolenia,Rhizosolenia setigera
Alaria,Pabay_8_3_22_1,Pabay,8_3_2022,8,3,2022,reads,18127.5,no,0.038615363,,Haslea ostrearia,Chromista,Ochrophyta,Bacillariophyceae,Naviculales,Naviculaceae,Haslea,Haslea ostrearia
Alaria,Pabay_8_3_22_1,Pabay,8_3_2022,8,3,2022,reads,18127.5,no,1.514273893,,Minutocellus polymorphus.11,Chromista,Ochrophyta,Coscinodiscophyceae,Coscinodiscales,Helminthophoraceae,Minutocellus,Minutocellus polymorphus
Alaria,Pabay_8_3_22_1,Pabay,8_3_2022,8,3,2022,reads,18127.5,no,0.049648324,,Lithodesmium intricatum.3,Chromista,Ochrophyta,Coscinodiscophyceae,Rhizosoleniales,Lithodesmiaceae,Lithodesmium,Lithodesmium intricatum
Alaria,Pabay_8_3_22_1,Pabay,8_3_2022,8,3,2022,reads,18127.5,no,0.035857123,,Cassiopea xamachana,Animalia,Cnidaria,Scyphozoa,Rhizostomeae,Cassiopeidae,Cassiopea,Cassiopea xamachana
Alaria,Pabay_8_3_22_1,Pabay,8_3_2022,8,3,2022,reads,18127.5,no,0.157219694,,Hyleoglomeris sp.,Animalia,Arthropoda,Diplopoda,Glomerida,Glomeridae,Hyleoglomeris,Hyleoglomeris sp.
Alaria,Pabay_8_3_22_1,Pabay,8_3_2022,8,3,2022,reads,18127.5,no,0.198593297,,Monostilifera sp.,Animalia,Nemertea,Anopla,Monostilifera,Monostylifera,Monostilifera,Monostilifera sp.
Alaria,Pabay_8_3_22_1,Pabay,8_3_2022,8,3,2022,reads,18127.5,no,0.220659219,,invertebrate environmental sample,,,,,,,
Saccharina,Pabay_8_3_22_1,Pabay,8_3_2022,8,3,2022,reads,18127.5,no,0.551648049,,Pleurosigma inscriptura,Chromista,Ochrophyta,Bacillariophyceae,Naviculales,Pleurosigmataceae,Pleurosigma,Pleurosigma inscriptura
Saccharina,Pabay_8_3_22_1,Pabay,8_3_2022,8,3,2022,reads,18127.5,no,0.289615225,,Skeletonema menzelii,Chromista,Ochrophyta,Bacillariophyceae,Thalassiosirales,Skeletonemataceae,Skeletonema,Skeletonema menzelii
Saccharina,Pabay_8_3_22_1,Pabay,8_3_2022,8,3,2022,reads,18127.5,no,0.060681285,,Pedospumella sinomuralis,Chromista,Ochrophyta,Chrysophyceae,Chromulinales,Paraphysomonadaceae,Pedospumella,Pedospumella sinomuralis
Saccharina,Pabay_8_3_22_1,Pabay,8_3_2022,8,3,2022,reads,18127.5,no,0.085505448,,uncultured Kareniaceae,,,,,,uncultured,uncultured Kareniaceae
Saccharina,Pabay_8_3_22_1,Pabay,8_3_2022,8,3,2022,reads,18127.5,no,0.157219694,,Rhizosolenia setigera,Chromista,Ochrophyta,Coscinodiscophyceae,Rhizosoleniales,Rhizosoleniaceae,Rhizosolenia,Rhizosolenia setigera
Saccharina,Pabay_8_3_22_1,Pabay,8_3_2022,8,3,2022,reads,18127.5,no,0.038615363,,Haslea ostrearia,Chromista,Ochrophyta,Bacillariophyceae,Naviculales,Naviculaceae,Haslea,Haslea ostrearia
Saccharina,Pabay_8_3_22_1,Pabay,8_3_2022,8,3,2022,reads,18127.5,no,1.514273893,,Minutocellus polymorphus.11,Chromista,Ochrophyta,Coscinodiscophyceae,Coscinodiscales,Helminthophoraceae,Minutocellus,Minutocellus polymorphus
Saccharina,Pabay_8_3_22_1,Pabay,8_3_2022,8,3,2022,reads,18127.5,no,0.049648324,,Lithodesmium intricatum.3,Chromista,Ochrophyta,Coscinodiscophyceae,Rhizosoleniales,Lithodesmiaceae,Lithodesmium,Lithodesmium intricatum
Saccharina,Pabay_8_3_22_1,Pabay,8_3_2022,8,3,2022,reads,18127.5,no,0.035857123,,Cassiopea xamachana,Animalia,Cnidaria,Scyphozoa,Rhizostomeae,Cassiopeidae,Cassiopea,Cassiopea xamachana
Saccharina,Pabay_8_3_22_1,Pabay,8_3_2022,8,3,2022,reads,18127.5,no,0.157219694,,Hyleoglomeris sp.,Animalia,Arthropoda,Diplopoda,Glomerida,Glomeridae,Hyleoglomeris,Hyleoglomeris sp.
Saccharina,Pabay_8_3_22_1,Pabay,8_3_2022,8,3,2022,reads,18127.5,no,0.198593297,,Monostilifera sp.,Animalia,Nemertea,Anopla,Monostilifera,Monostylifera,Monostilifera,Monostilifera sp.
Saccharina,Pabay_8_3_22_1,Pabay,8_3_2022,8,3,2022,reads,18127.5,no,0.220659219,,invertebrate environmental sample,,,,,,,
Alaria,Pabay_8_3_22_1,Pabay,8_3_2022,8,3,2022,reads,18127.5,Polychaet,0.044131844,,Rhizorhagium arenosum,Animalia,Annelida,Polychaeta,Terebellida,Terebellidae,Rhizorhagium,Rhizorhagium arenosum
Saccharina,Pabay_8_3_22_1,Pabay,8_3_2022,8,3,2022,reads,18127.5,Polychaet,0.044131844,,Rhizorhagium arenosum,Animalia,Annelida,Polychaeta,Terebellida,Terebellidae,Rhizorhagium,Rhizorhagium arenosum
Alaria,Pabay_8_3_22_2,Pabay,8_3_2022,8,3,2022,reads,12718,Balanidae,0.086491587,,Semibalanus balanoides.5,Animalia,Arthropoda,Hexanauplia,Balanomorpha,Balanidae,Semibalanus,Semibalanus balanoides
Saccharina,Pabay_8_3_22_2,Pabay,8_3_2022,8,3,2022,reads,12718,Balanidae,0.086491587,,Semibalanus balanoides.5,Animalia,Arthropoda,Hexanauplia,Balanomorpha,Balanidae,Semibalanus,Semibalanus balanoides
Alaria,Pabay_8_3_22_2,Pabay,8_3_2022,8,3,2022,reads,12718,Hydrozoa,0.098285894,,Clytia sp. 2 AFC-2016,Animalia,Cnidaria,Hydrozoa,Leptothecata,Campanulariidae,Clytia,Clytia sp. 2 AFC-2016
Alaria,Pabay_8_3_22_2,Pabay,8_3_2022,8,3,2022,reads,12718,Hydrozoa,0.165120302,,Maresearsia praeclara,Animalia,Cnidaria,Hydrozoa,Anthoathecata,Corynidae,Maresearsia,Maresearsia praeclara
Alaria,Pabay_8_3_22_2,Pabay,8_3_2022,8,3,2022,reads,12718,Hydrozoa,0.904230225,,Aglaophenia pluma,Animalia,Cnidaria,Hydrozoa,Leptothecata,Aglaopheniidae,Aglaophenia,Aglaophenia pluma
Alaria,Pabay_8_3_22_2,Pabay,8_3_2022,8,3,2022,reads,12718,Hydrozoa,0.12973738,,Garveia annulata.1,Animalia,Cnidaria,Hydrozoa,Anthoathecata,Bougainvilliidae,Garveia,Garveia annulata
Alaria,Pabay_8_3_22_2,Pabay,8_3_2022,8,3,2022,reads,12718,Hydrozoa,0.007862872,,Praya dubia,Animalia,Cnidaria,Hydrozoa,Siphonophorae,Prayidae,Praya,Praya dubia
Saccharina,Pabay_8_3_22_2,Pabay,8_3_2022,8,3,2022,reads,12718,Hydrozoa,0.098285894,,Clytia sp. 2 AFC-2016,Animalia,Cnidaria,Hydrozoa,Leptothecata,Campanulariidae,Clytia,Clytia sp. 2 AFC-2016
Saccharina,Pabay_8_3_22_2,Pabay,8_3_2022,8,3,2022,reads,12718,Hydrozoa,0.165120302,,Maresearsia praeclara,Animalia,Cnidaria,Hydrozoa,Anthoathecata,Corynidae,Maresearsia,Maresearsia praeclara
Saccharina,Pabay_8_3_22_2,Pabay,8_3_2022,8,3,2022,reads,12718,Hydrozoa,0.904230225,,Aglaophenia pluma,Animalia,Cnidaria,Hydrozoa,Leptothecata,Aglaopheniidae,Aglaophenia,Aglaophenia pluma
Saccharina,Pabay_8_3_22_2,Pabay,8_3_2022,8,3,2022,reads,12718,Hydrozoa,0.12973738,,Garveia annulata.1,Animalia,Cnidaria,Hydrozoa,Anthoathecata,Bougainvilliidae,Garveia,Garveia annulata
Saccharina,Pabay_8_3_22_2,Pabay,8_3_2022,8,3,2022,reads,12718,Hydrozoa,0.007862872,,Praya dubia,Animalia,Cnidaria,Hydrozoa,Siphonophorae,Prayidae,Praya,Praya dubia
Alaria,Pabay_8_3_22_2,Pabay,8_3_2022,8,3,2022,reads,12718,no,2.087592389,,Skeletonema menzelii,Chromista,Ochrophyta,Bacillariophyceae,Thalassiosirales,Skeletonemataceae,Skeletonema,Skeletonema menzelii
Alaria,Pabay_8_3_22_2,Pabay,8_3_2022,8,3,2022,reads,12718,no,0.023588615,,Minutocellus polymorphus.10,Chromista,Ochrophyta,Coscinodiscophyceae,Coscinodiscales,Helminthophoraceae,Minutocellus,Minutocellus polymorphus
Alaria,Pabay_8_3_22_2,Pabay,8_3_2022,8,3,2022,reads,12718,no,0.015725743,,Minutocellus polymorphus.11,Chromista,Ochrophyta,Coscinodiscophyceae,Coscinodiscales,Helminthophoraceae,Minutocellus,Minutocellus polymorphus
Alaria,Pabay_8_3_22_2,Pabay,8_3_2022,8,3,2022,reads,12718,no,0.047177229,,Ditylum brightwellii.4,Chromista,Ochrophyta,Coscinodiscophyceae,Rhizosoleniales,Lithodesmiaceae,Ditylum,Ditylum brightwellii
Alaria,Pabay_8_3_22_2,Pabay,8_3_2022,8,3,2022,reads,12718,no,0.043245793,,Cassiopea xamachana,Animalia,Cnidaria,Scyphozoa,Rhizostomeae,Cassiopeidae,Cassiopea,Cassiopea xamachana
Alaria,Pabay_8_3_22_2,Pabay,8_3_2022,8,3,2022,reads,12718,no,0.007862872,,Cassiopea sp. PGNIMCP,,,,,,Cassiopea,Cassiopea sp. PGNIMCP
Alaria,Pabay_8_3_22_2,Pabay,8_3_2022,8,3,2022,reads,12718,no,0.420663626,,Urodasys sp. 114a.9,Animalia,Gastrotricha,Macrodasyida,Macrodasyoidea,Urodasidae,Urodasys,Urodasys sp. 114a
Alaria,Pabay_8_3_22_2,Pabay,8_3_2022,8,3,2022,reads,12718,no,0.047177229,,Antichiropus sp. DIP147,Animalia,Arthropoda,Diplopoda,Polydesmida,Paradoxosomatidae,Antichiropus,Antichiropus sp. DIP147
Alaria,Pabay_8_3_22_2,Pabay,8_3_2022,8,3,2022,reads,12718,no,0.058971536,,Monostilifera sp.,Animalia,Nemertea,Anopla,Monostilifera,Monostylifera,Monostilifera,Monostilifera sp.
Alaria,Pabay_8_3_22_2,Pabay,8_3_2022,8,3,2022,reads,12718,no,0.121874509,,Monostilifera sp..1,Animalia,Nemertea,Anopla,Monostilifera,Monostylifera,Monostilifera,Monostilifera sp.
Alaria,Pabay_8_3_22_2,Pabay,8_3_2022,8,3,2022,reads,12718,no,9.172039629,,invertebrate environmental sample,,,,,,,
Alaria,Pabay_8_3_22_2,Pabay,8_3_2022,8,3,2022,reads,12718,no,0.062902972,,Cernosvitoviella minor.1,Animalia,Annelida,Clitellata,Enchytraeida,Enchytraeidae,Cernosvitoviella,Cernosvitoviella minor
Alaria,Pabay_8_3_22_2,Pabay,8_3_2022,8,3,2022,reads,12718,no,0.023588615,,Cernosvitoviella pusilla,Animalia,Annelida,Clitellata,Enchytraeida,Enchytraeidae,Cernosvitoviella,Cernosvitoviella pusilla
Saccharina,Pabay_8_3_22_2,Pabay,8_3_2022,8,3,2022,reads,12718,no,2.087592389,,Skeletonema menzelii,Chromista,Ochrophyta,Bacillariophyceae,Thalassiosirales,Skeletonemataceae,Skeletonema,Skeletonema menzelii
Saccharina,Pabay_8_3_22_2,Pabay,8_3_2022,8,3,2022,reads,12718,no,0.023588615,,Minutocellus polymorphus.10,Chromista,Ochrophyta,Coscinodiscophyceae,Coscinodiscales,Helminthophoraceae,Minutocellus,Minutocellus polymorphus
Saccharina,Pabay_8_3_22_2,Pabay,8_3_2022,8,3,2022,reads,12718,no,0.015725743,,Minutocellus polymorphus.11,Chromista,Ochrophyta,Coscinodiscophyceae,Coscinodiscales,Helminthophoraceae,Minutocellus,Minutocellus polymorphus
Saccharina,Pabay_8_3_22_2,Pabay,8_3_2022,8,3,2022,reads,12718,no,0.047177229,,Ditylum brightwellii.4,Chromista,Ochrophyta,Coscinodiscophyceae,Rhizosoleniales,Lithodesmiaceae,Ditylum,Ditylum brightwellii
Saccharina,Pabay_8_3_22_2,Pabay,8_3_2022,8,3,2022,reads,12718,no,0.043245793,,Cassiopea xamachana,Animalia,Cnidaria,Scyphozoa,Rhizostomeae,Cassiopeidae,Cassiopea,Cassiopea xamachana
Saccharina,Pabay_8_3_22_2,Pabay,8_3_2022,8,3,2022,reads,12718,no,0.007862872,,Cassiopea sp. PGNIMCP,,,,,,Cassiopea,Cassiopea sp. PGNIMCP
Saccharina,Pabay_8_3_22_2,Pabay,8_3_2022,8,3,2022,reads,12718,no,0.420663626,,Urodasys sp. 114a.9,Animalia,Gastrotricha,Macrodasyida,Macrodasyoidea,Urodasidae,Urodasys,Urodasys sp. 114a
Saccharina,Pabay_8_3_22_2,Pabay,8_3_2022,8,3,2022,reads,12718,no,0.047177229,,Antichiropus sp. DIP147,Animalia,Arthropoda,Diplopoda,Polydesmida,Paradoxosomatidae,Antichiropus,Antichiropus sp. DIP147
Saccharina,Pabay_8_3_22_2,Pabay,8_3_2022,8,3,2022,reads,12718,no,0.058971536,,Monostilifera sp.,Animalia,Nemertea,Anopla,Monostilifera,Monostylifera,Monostilifera,Monostilifera sp.
Saccharina,Pabay_8_3_22_2,Pabay,8_3_2022,8,3,2022,reads,12718,no,0.121874509,,Monostilifera sp..1,Animalia,Nemertea,Anopla,Monostilifera,Monostylifera,Monostilifera,Monostilifera sp.
Saccharina,Pabay_8_3_22_2,Pabay,8_3_2022,8,3,2022,reads,12718,no,9.172039629,,invertebrate environmental sample,,,,,,,
Saccharina,Pabay_8_3_22_2,Pabay,8_3_2022,8,3,2022,reads,12718,no,0.062902972,,Cernosvitoviella minor.1,Animalia,Annelida,Clitellata,Enchytraeida,Enchytraeidae,Cernosvitoviella,Cernosvitoviella minor
Saccharina,Pabay_8_3_22_2,Pabay,8_3_2022,8,3,2022,reads,12718,no,0.023588615,,Cernosvitoviella pusilla,Animalia,Annelida,Clitellata,Enchytraeida,Enchytraeidae,Cernosvitoviella,Cernosvitoviella pusilla
Alaria,Pabay_8_3_22_2,Pabay,8_3_2022,8,3,2022,reads,12718,Polychaet,0.538606699,,Lanice conchilega,Animalia,Annelida,Polychaeta,Terebellida,Terebellidae,Lanice,Lanice conchilega
Alaria,Pabay_8_3_22_2,Pabay,8_3_2022,8,3,2022,reads,12718,Polychaet,0.243749017,,Lanice conchilega.3,Animalia,Annelida,Polychaeta,Terebellida,Terebellidae,Lanice,Lanice conchilega
Saccharina,Pabay_8_3_22_2,Pabay,8_3_2022,8,3,2022,reads,12718,Polychaet,0.538606699,,Lanice conchilega,Animalia,Annelida,Polychaeta,Terebellida,Terebellidae,Lanice,Lanice conchilega
Saccharina,Pabay_8_3_22_2,Pabay,8_3_2022,8,3,2022,reads,12718,Polychaet,0.243749017,,Lanice conchilega.3,Animalia,Annelida,Polychaeta,Terebellida,Terebellidae,Lanice,Lanice conchilega
Alaria,Pabay_8_3_22_3,Pabay,8_3_2022,8,3,2022,reads,27323,Balanidae,11.3622223,,Semibalanus balanoides,Animalia,Arthropoda,Hexanauplia,Balanomorpha,Balanidae,Semibalanus,Semibalanus balanoides
Alaria,Pabay_8_3_22_3,Pabay,8_3_2022,8,3,2022,reads,27323,Balanidae,0.064048604,,Semibalanus balanoides.1,Animalia,Arthropoda,Hexanauplia,Balanomorpha,Balanidae,Semibalanus,Semibalanus balanoides
Alaria,Pabay_8_3_22_3,Pabay,8_3_2022,8,3,2022,reads,27323,Balanidae,0.058558723,,Semibalanus balanoides.2,Animalia,Arthropoda,Hexanauplia,Balanomorpha,Balanidae,Semibalanus,Semibalanus balanoides
Alaria,Pabay_8_3_22_3,Pabay,8_3_2022,8,3,2022,reads,27323,Balanidae,0.053068843,,Semibalanus balanoides.3,Animalia,Arthropoda,Hexanauplia,Balanomorpha,Balanidae,Semibalanus,Semibalanus balanoides
Alaria,Pabay_8_3_22_3,Pabay,8_3_2022,8,3,2022,reads,27323,Balanidae,0.053068843,,Semibalanus balanoides.4,Animalia,Arthropoda,Hexanauplia,Balanomorpha,Balanidae,Semibalanus,Semibalanus balanoides
Alaria,Pabay_8_3_22_3,Pabay,8_3_2022,8,3,2022,reads,27323,Balanidae,0.036599202,,Semibalanus balanoides.6,Animalia,Arthropoda,Hexanauplia,Balanomorpha,Balanidae,Semibalanus,Semibalanus balanoides
Alaria,Pabay_8_3_22_3,Pabay,8_3_2022,8,3,2022,reads,27323,Balanidae,0.034769242,,Semibalanus balanoides.7,Animalia,Arthropoda,Hexanauplia,Balanomorpha,Balanidae,Semibalanus,Semibalanus balanoides
Alaria,Pabay_8_3_22_3,Pabay,8_3_2022,8,3,2022,reads,27323,Balanidae,0.032939282,,Semibalanus balanoides.8,Animalia,Arthropoda,Hexanauplia,Balanomorpha,Balanidae,Semibalanus,Semibalanus balanoides
Alaria,Pabay_8_3_22_3,Pabay,8_3_2022,8,3,2022,reads,27323,Balanidae,0.032939282,,Semibalanus balanoides.9,Animalia,Arthropoda,Hexanauplia,Balanomorpha,Balanidae,Semibalanus,Semibalanus balanoides
Alaria,Pabay_8_3_22_3,Pabay,8_3_2022,8,3,2022,reads,27323,Balanidae,0.032939282,,Semibalanus balanoides.10,Animalia,Arthropoda,Hexanauplia,Balanomorpha,Balanidae,Semibalanus,Semibalanus balanoides
Alaria,Pabay_8_3_22_3,Pabay,8_3_2022,8,3,2022,reads,27323,Balanidae,0.025619441,,Semibalanus balanoides.11,Animalia,Arthropoda,Hexanauplia,Balanomorpha,Balanidae,Semibalanus,Semibalanus balanoides
Alaria,Pabay_8_3_22_3,Pabay,8_3_2022,8,3,2022,reads,27323,Balanidae,0.023789481,,Semibalanus balanoides.12,Animalia,Arthropoda,Hexanauplia,Balanomorpha,Balanidae,Semibalanus,Semibalanus balanoides
Alaria,Pabay_8_3_22_3,Pabay,8_3_2022,8,3,2022,reads,27323,Balanidae,0.021959521,,Semibalanus balanoides.13,Animalia,Arthropoda,Hexanauplia,Balanomorpha,Balanidae,Semibalanus,Semibalanus balanoides
Alaria,Pabay_8_3_22_3,Pabay,8_3_2022,8,3,2022,reads,27323,Balanidae,0.018299601,,Semibalanus balanoides.14,Animalia,Arthropoda,Hexanauplia,Balanomorpha,Balanidae,Semibalanus,Semibalanus balanoides
Alaria,Pabay_8_3_22_3,Pabay,8_3_2022,8,3,2022,reads,27323,Balanidae,0.016469641,,Balanus crenatus.2,Animalia,Arthropoda,Hexanauplia,Balanomorpha,Balanidae,Balanus,Balanus crenatus
Alaria,Pabay_8_3_22_3,Pabay,8_3_2022,8,3,2022,reads,27323,Balanidae,0.00731984,,Semibalanus balanoides.15,Animalia,Arthropoda,Hexanauplia,Balanomorpha,Balanidae,Semibalanus,Semibalanus balanoides
Alaria,Pabay_8_3_22_3,Pabay,8_3_2022,8,3,2022,reads,27323,Balanidae,0.00365992,,Semibalanus balanoides.16,Animalia,Arthropoda,Hexanauplia,Balanomorpha,Balanidae,Semibalanus,Semibalanus balanoides
Alaria,Pabay_8_3_22_3,Pabay,8_3_2022,8,3,2022,reads,27323,Balanidae,0.00182996,,Semibalanus balanoides.17,Animalia,Arthropoda,Hexanauplia,Balanomorpha,Balanidae,Semibalanus,Semibalanus balanoides
Alaria,Pabay_8_3_22_3,Pabay,8_3_2022,8,3,2022,reads,27323,Balanidae,0.00182996,,Semibalanus balanoides.18,Animalia,Arthropoda,Hexanauplia,Balanomorpha,Balanidae,Semibalanus,Semibalanus balanoides
Alaria,Pabay_8_3_22_3,Pabay,8_3_2022,8,3,2022,reads,27323,Balanidae,0.00182996,,Semibalanus balanoides.19,Animalia,Arthropoda,Hexanauplia,Balanomorpha,Balanidae,Semibalanus,Semibalanus balanoides
Alaria,Pabay_8_3_22_3,Pabay,8_3_2022,8,3,2022,reads,27323,Balanidae,0.00182996,,Semibalanus balanoides.20,Animalia,Arthropoda,Hexanauplia,Balanomorpha,Balanidae,Semibalanus,Semibalanus balanoides
Alaria,Pabay_8_3_22_3,Pabay,8_3_2022,8,3,2022,reads,27323,Balanidae,0.00182996,,Semibalanus balanoides.21,Animalia,Arthropoda,Hexanauplia,Balanomorpha,Balanidae,Semibalanus,Semibalanus balanoides
Saccharina,Pabay_8_3_22_3,Pabay,8_3_2022,8,3,2022,reads,27323,Balanidae,11.3622223,,Semibalanus balanoides,Animalia,Arthropoda,Hexanauplia,Balanomorpha,Balanidae,Semibalanus,Semibalanus balanoides
Saccharina,Pabay_8_3_22_3,Pabay,8_3_2022,8,3,2022,reads,27323,Balanidae,0.064048604,,Semibalanus balanoides.1,Animalia,Arthropoda,Hexanauplia,Balanomorpha,Balanidae,Semibalanus,Semibalanus balanoides
Saccharina,Pabay_8_3_22_3,Pabay,8_3_2022,8,3,2022,reads,27323,Balanidae,0.058558723,,Semibalanus balanoides.2,Animalia,Arthropoda,Hexanauplia,Balanomorpha,Balanidae,Semibalanus,Semibalanus balanoides
Saccharina,Pabay_8_3_22_3,Pabay,8_3_2022,8,3,2022,reads,27323,Balanidae,0.053068843,,Semibalanus balanoides.3,Animalia,Arthropoda,Hexanauplia,Balanomorpha,Balanidae,Semibalanus,Semibalanus balanoides
Saccharina,Pabay_8_3_22_3,Pabay,8_3_2022,8,3,2022,reads,27323,Balanidae,0.053068843,,Semibalanus balanoides.4,Animalia,Arthropoda,Hexanauplia,Balanomorpha,Balanidae,Semibalanus,Semibalanus balanoides
Saccharina,Pabay_8_3_22_3,Pabay,8_3_2022,8,3,2022,reads,27323,Balanidae,0.036599202,,Semibalanus balanoides.6,Animalia,Arthropoda,Hexanauplia,Balanomorpha,Balanidae,Semibalanus,Semibalanus balanoides
Saccharina,Pabay_8_3_22_3,Pabay,8_3_2022,8,3,2022,reads,27323,Balanidae,0.034769242,,Semibalanus balanoides.7,Animalia,Arthropoda,Hexanauplia,Balanomorpha,Balanidae,Semibalanus,Semibalanus balanoides
Saccharina,Pabay_8_3_22_3,Pabay,8_3_2022,8,3,2022,reads,27323,Balanidae,0.032939282,,Semibalanus balanoides.8,Animalia,Arthropoda,Hexanauplia,Balanomorpha,Balanidae,Semibalanus,Semibalanus balanoides
Saccharina,Pabay_8_3_22_3,Pabay,8_3_2022,8,3,2022,reads,27323,Balanidae,0.032939282,,Semibalanus balanoides.9,Animalia,Arthropoda,Hexanauplia,Balanomorpha,Balanidae,Semibalanus,Semibalanus balanoides
Saccharina,Pabay_8_3_22_3,Pabay,8_3_2022,8,3,2022,reads,27323,Balanidae,0.032939282,,Semibalanus balanoides.10,Animalia,Arthropoda,Hexanauplia,Balanomorpha,Balanidae,Semibalanus,Semibalanus balanoides
Saccharina,Pabay_8_3_22_3,Pabay,8_3_2022,8,3,2022,reads,27323,Balanidae,0.025619441,,Semibalanus balanoides.11,Animalia,Arthropoda,Hexanauplia,Balanomorpha,Balanidae,Semibalanus,Semibalanus balanoides
Saccharina,Pabay_8_3_22_3,Pabay,8_3_2022,8,3,2022,reads,27323,Balanidae,0.023789481,,Semibalanus balanoides.12,Animalia,Arthropoda,Hexanauplia,Balanomorpha,Balanidae,Semibalanus,Semibalanus balanoides
Saccharina,Pabay_8_3_22_3,Pabay,8_3_2022,8,3,2022,reads,27323,Balanidae,0.021959521,,Semibalanus balanoides.13,Animalia,Arthropoda,Hexanauplia,Balanomorpha,Balanidae,Semibalanus,Semibalanus balanoides
Saccharina,Pabay_8_3_22_3,Pabay,8_3_2022,8,3,2022,reads,27323,Balanidae,0.018299601,,Semibalanus balanoides.14,Animalia,Arthropoda,Hexanauplia,Balanomorpha,Balanidae,Semibalanus,Semibalanus balanoides
Saccharina,Pabay_8_3_22_3,Pabay,8_3_2022,8,3,2022,reads,27323,Balanidae,0.016469641,,Balanus crenatus.2,Animalia,Arthropoda,Hexanauplia,Balanomorpha,Balanidae,Balanus,Balanus crenatus
Saccharina,Pabay_8_3_22_3,Pabay,8_3_2022,8,3,2022,reads,27323,Balanidae,0.00731984,,Semibalanus balanoides.15,Animalia,Arthropoda,Hexanauplia,Balanomorpha,Balanidae,Semibalanus,Semibalanus balanoides
Saccharina,Pabay_8_3_22_3,Pabay,8_3_2022,8,3,2022,reads,27323,Balanidae,0.00365992,,Semibalanus balanoides.16,Animalia,Arthropoda,Hexanauplia,Balanomorpha,Balanidae,Semibalanus,Semibalanus balanoides
Saccharina,Pabay_8_3_22_3,Pabay,8_3_2022,8,3,2022,reads,27323,Balanidae,0.00182996,,Semibalanus balanoides.17,Animalia,Arthropoda,Hexanauplia,Balanomorpha,Balanidae,Semibalanus,Semibalanus balanoides
Saccharina,Pabay_8_3_22_3,Pabay,8_3_2022,8,3,2022,reads,27323,Balanidae,0.00182996,,Semibalanus balanoides.18,Animalia,Arthropoda,Hexanauplia,Balanomorpha,Balanidae,Semibalanus,Semibalanus balanoides
Saccharina,Pabay_8_3_22_3,Pabay,8_3_2022,8,3,2022,reads,27323,Balanidae,0.00182996,,Semibalanus balanoides.19,Animalia,Arthropoda,Hexanauplia,Balanomorpha,Balanidae,Semibalanus,Semibalanus balanoides
Saccharina,Pabay_8_3_22_3,Pabay,8_3_2022,8,3,2022,reads,27323,Balanidae,0.00182996,,Semibalanus balanoides.20,Animalia,Arthropoda,Hexanauplia,Balanomorpha,Balanidae,Semibalanus,Semibalanus balanoides
Saccharina,Pabay_8_3_22_3,Pabay,8_3_2022,8,3,2022,reads,27323,Balanidae,0.00182996,,Semibalanus balanoides.21,Animalia,Arthropoda,Hexanauplia,Balanomorpha,Balanidae,Semibalanus,Semibalanus balanoides
Alaria,Pabay_8_3_22_3,Pabay,8_3_2022,8,3,2022,reads,27323,Bryozoa,0.018299601,,Celleporella hyalina,Animalia,Bryozoa,Gymnolaemata,Cheilostomatida,Hippothoidae,Celleporella,Celleporella hyalina
Saccharina,Pabay_8_3_22_3,Pabay,8_3_2022,8,3,2022,reads,27323,Bryozoa,0.018299601,,Celleporella hyalina,Animalia,Bryozoa,Gymnolaemata,Cheilostomatida,Hippothoidae,Celleporella,Celleporella hyalina
Alaria,Pabay_8_3_22_3,Pabay,8_3_2022,8,3,2022,reads,27323,Gastropoda,0.075028364,,Glyptophysa sp. 11 PGA-2018,Animalia,Mollusca,Gastropoda,Hygrophila,Planorbidae,Glyptophysa,Glyptophysa sp. 11 PGA-2018
Alaria,Pabay_8_3_22_3,Pabay,8_3_2022,8,3,2022,reads,27323,Gastropoda,0.029279362,,Mitrella moleculina.2,Animalia,Mollusca,Gastropoda,Neogastropoda,Columbellidae,Mitrella,Mitrella moleculina
Saccharina,Pabay_8_3_22_3,Pabay,8_3_2022,8,3,2022,reads,27323,Gastropoda,0.075028364,,Glyptophysa sp. 11 PGA-2018,Animalia,Mollusca,Gastropoda,Hygrophila,Planorbidae,Glyptophysa,Glyptophysa sp. 11 PGA-2018
Saccharina,Pabay_8_3_22_3,Pabay,8_3_2022,8,3,2022,reads,27323,Gastropoda,0.029279362,,Mitrella moleculina.2,Animalia,Mollusca,Gastropoda,Neogastropoda,Columbellidae,Mitrella,Mitrella moleculina
Alaria,Pabay_8_3_22_3,Pabay,8_3_2022,8,3,2022,reads,27323,Hydrozoa,0.248874575,,Clytia sp. 2 AFC-2016,Animalia,Cnidaria,Hydrozoa,Leptothecata,Campanulariidae,Clytia,Clytia sp. 2 AFC-2016
Alaria,Pabay_8_3_22_3,Pabay,8_3_2022,8,3,2022,reads,27323,Hydrozoa,1.050397101,,Bougainvillia muscus,Animalia,Cnidaria,Hydrozoa,Anthoathecata,Bougainvilliidae,Bougainvillia,Bougainvillia muscus
Alaria,Pabay_8_3_22_3,Pabay,8_3_2022,8,3,2022,reads,27323,Hydrozoa,0.106137686,,Maresearsia praeclara,Animalia,Cnidaria,Hydrozoa,Anthoathecata,Corynidae,Maresearsia,Maresearsia praeclara
Alaria,Pabay_8_3_22_3,Pabay,8_3_2022,8,3,2022,reads,27323,Hydrozoa,0.060388684,,Bougainvillia muscus.4,Animalia,Cnidaria,Hydrozoa,Anthoathecata,Bougainvilliidae,Bougainvillia,Bougainvillia muscus
Alaria,Pabay_8_3_22_3,Pabay,8_3_2022,8,3,2022,reads,27323,Hydrozoa,0.040259122,,Sarsia tubulosa.1,Animalia,Cnidaria,Hydrozoa,Anthoathecata,Corynidae,Sarsia,Sarsia tubulosa
Alaria,Pabay_8_3_22_3,Pabay,8_3_2022,8,3,2022,reads,27323,Hydrozoa,0.029279362,,Bougainvillia muscus.6,Animalia,Cnidaria,Hydrozoa,Anthoathecata,Bougainvilliidae,Bougainvillia,Bougainvillia muscus
Alaria,Pabay_8_3_22_3,Pabay,8_3_2022,8,3,2022,reads,27323,Hydrozoa,0.018299601,,Clytia sp. 1 SL-2013.1,Animalia,Cnidaria,Hydrozoa,Leptothecata,Campanulariidae,Clytia,Clytia sp. 1 SL-2013
Saccharina,Pabay_8_3_22_3,Pabay,8_3_2022,8,3,2022,reads,27323,Hydrozoa,0.248874575,,Clytia sp. 2 AFC-2016,Animalia,Cnidaria,Hydrozoa,Leptothecata,Campanulariidae,Clytia,Clytia sp. 2 AFC-2016
Saccharina,Pabay_8_3_22_3,Pabay,8_3_2022,8,3,2022,reads,27323,Hydrozoa,1.050397101,,Bougainvillia muscus,Animalia,Cnidaria,Hydrozoa,Anthoathecata,Bougainvilliidae,Bougainvillia,Bougainvillia muscus
Saccharina,Pabay_8_3_22_3,Pabay,8_3_2022,8,3,2022,reads,27323,Hydrozoa,0.106137686,,Maresearsia praeclara,Animalia,Cnidaria,Hydrozoa,Anthoathecata,Corynidae,Maresearsia,Maresearsia praeclara
Saccharina,Pabay_8_3_22_3,Pabay,8_3_2022,8,3,2022,reads,27323,Hydrozoa,0.060388684,,Bougainvillia muscus.4,Animalia,Cnidaria,Hydrozoa,Anthoathecata,Bougainvilliidae,Bougainvillia,Bougainvillia muscus
Saccharina,Pabay_8_3_22_3,Pabay,8_3_2022,8,3,2022,reads,27323,Hydrozoa,0.040259122,,Sarsia tubulosa.1,Animalia,Cnidaria,Hydrozoa,Anthoathecata,Corynidae,Sarsia,Sarsia tubulosa
Saccharina,Pabay_8_3_22_3,Pabay,8_3_2022,8,3,2022,reads,27323,Hydrozoa,0.029279362,,Bougainvillia muscus.6,Animalia,Cnidaria,Hydrozoa,Anthoathecata,Bougainvilliidae,Bougainvillia,Bougainvillia muscus
Saccharina,Pabay_8_3_22_3,Pabay,8_3_2022,8,3,2022,reads,27323,Hydrozoa,0.018299601,,Clytia sp. 1 SL-2013.1,Animalia,Cnidaria,Hydrozoa,Leptothecata,Campanulariidae,Clytia,Clytia sp. 1 SL-2013
Alaria,Pabay_8_3_22_3,Pabay,8_3_2022,8,3,2022,reads,27323,Malacostraca,1.414559163,,Jassa herdmani,Animalia,Arthropoda,Malacostraca,Amphipoda,Ischyroceridae,Jassa,Jassa herdmani
Alaria,Pabay_8_3_22_3,Pabay,8_3_2022,8,3,2022,reads,27323,Malacostraca,0.17933609,,Jassa herdmani.5,Animalia,Arthropoda,Malacostraca,Amphipoda,Ischyroceridae,Jassa,Jassa herdmani
Alaria,Pabay_8_3_22_3,Pabay,8_3_2022,8,3,2022,reads,27323,Malacostraca,0.124437287,,Jassa herdmani.6,Animalia,Arthropoda,Malacostraca,Amphipoda,Ischyroceridae,Jassa,Jassa herdmani
Saccharina,Pabay_8_3_22_3,Pabay,8_3_2022,8,3,2022,reads,27323,Malacostraca,1.414559163,,Jassa herdmani,Animalia,Arthropoda,Malacostraca,Amphipoda,Ischyroceridae,Jassa,Jassa herdmani
Saccharina,Pabay_8_3_22_3,Pabay,8_3_2022,8,3,2022,reads,27323,Malacostraca,0.17933609,,Jassa herdmani.5,Animalia,Arthropoda,Malacostraca,Amphipoda,Ischyroceridae,Jassa,Jassa herdmani
Saccharina,Pabay_8_3_22_3,Pabay,8_3_2022,8,3,2022,reads,27323,Malacostraca,0.124437287,,Jassa herdmani.6,Animalia,Arthropoda,Malacostraca,Amphipoda,Ischyroceridae,Jassa,Jassa herdmani
Alaria,Pabay_8_3_22_3,Pabay,8_3_2022,8,3,2022,reads,27323,no,0.025619441,,Hemiaulus sinensis,Chromista,Ochrophyta,Mediophyceae,Hemiaulales,Hemiaulaceae,Hemiaulus,Hemiaulus sinensis
Alaria,Pabay_8_3_22_3,Pabay,8_3_2022,8,3,2022,reads,27323,no,0.014639681,,Lithodesmium intricatum.1,Chromista,Ochrophyta,Coscinodiscophyceae,Rhizosoleniales,Lithodesmiaceae,Lithodesmium,Lithodesmium intricatum
Alaria,Pabay_8_3_22_3,Pabay,8_3_2022,8,3,2022,reads,27323,no,0.010979761,,Hemiaulus sinensis.1,Chromista,Ochrophyta,Mediophyceae,Hemiaulales,Hemiaulaceae,Hemiaulus,Hemiaulus sinensis
Alaria,Pabay_8_3_22_3,Pabay,8_3_2022,8,3,2022,reads,27323,no,4.099110639,,Skeletonema menzelii,Chromista,Ochrophyta,Bacillariophyceae,Thalassiosirales,Skeletonemataceae,Skeletonema,Skeletonema menzelii
Alaria,Pabay_8_3_22_3,Pabay,8_3_2022,8,3,2022,reads,27323,no,0.133587088,,Pedospumella sinomuralis,Chromista,Ochrophyta,Chrysophyceae,Chromulinales,Paraphysomonadaceae,Pedospumella,Pedospumella sinomuralis
Alaria,Pabay_8_3_22_3,Pabay,8_3_2022,8,3,2022,reads,27323,no,0.034769242,,Pedospumella sp.,,,,,,Pedospumella,Pedospumella sp.
Alaria,Pabay_8_3_22_3,Pabay,8_3_2022,8,3,2022,reads,27323,no,0.031109322,,Pedospumella sp..1,,,,,,Pedospumella,Pedospumella sp.
Alaria,Pabay_8_3_22_3,Pabay,8_3_2022,8,3,2022,reads,27323,no,0.029279362,,Pedospumella sp..2,,,,,,Pedospumella,Pedospumella sp.
Alaria,Pabay_8_3_22_3,Pabay,8_3_2022,8,3,2022,reads,27323,no,0.023789481,,Pedospumella sp..3,,,,,,Pedospumella,Pedospumella sp.
Alaria,Pabay_8_3_22_3,Pabay,8_3_2022,8,3,2022,reads,27323,no,0.00182996,,Pedospumella sp..4,,,,,,Pedospumella,Pedospumella sp.
Alaria,Pabay_8_3_22_3,Pabay,8_3_2022,8,3,2022,reads,27323,no,0.00182996,,Pedospumella sp..5,,,,,,Pedospumella,Pedospumella sp.
Alaria,Pabay_8_3_22_3,Pabay,8_3_2022,8,3,2022,reads,27323,no,0.192145811,,Skeletonema potamos,Chromista,Ochrophyta,Bacillariophyceae,Thalassiosirales,Skeletonemataceae,Skeletonema,Skeletonema potamos
Alaria,Pabay_8_3_22_3,Pabay,8_3_2022,8,3,2022,reads,27323,no,0.020129561,,Skeletonema marinoi,Chromista,Ochrophyta,Bacillariophyceae,Thalassiosirales,Skeletonemataceae,Skeletonema,Skeletonema marinoi
Alaria,Pabay_8_3_22_3,Pabay,8_3_2022,8,3,2022,reads,27323,no,0.064048604,,Pleurosigma inscriptura.1,Chromista,Ochrophyta,Bacillariophyceae,Naviculales,Pleurosigmataceae,Pleurosigma,Pleurosigma inscriptura
Alaria,Pabay_8_3_22_3,Pabay,8_3_2022,8,3,2022,reads,27323,no,0.060388684,,Pleurosigma sp. mgcode 4,Eukaryota,Ochrophyta,Bacillariophyceae,Naviculales,Pleurosigmataceae,Pleurosigma,Pleurosigma sp. mgcode 4
Alaria,Pabay_8_3_22_3,Pabay,8_3_2022,8,3,2022,reads,27323,no,0.058558723,,Skeletonema menzelii.2,Chromista,Ochrophyta,Bacillariophyceae,Thalassiosirales,Skeletonemataceae,Skeletonema,Skeletonema menzelii
Alaria,Pabay_8_3_22_3,Pabay,8_3_2022,8,3,2022,reads,27323,no,0.034769242,,Cyclotella cryptica.3,Chromista,Ochrophyta,Mediophyceae,Thalassiosirales,Stephanodiscaceae,Cyclotella,Cyclotella cryptica
Alaria,Pabay_8_3_22_3,Pabay,8_3_2022,8,3,2022,reads,27323,no,0.016469641,,Skeletonema menzelii.4,Chromista,Ochrophyta,Bacillariophyceae,Thalassiosirales,Skeletonemataceae,Skeletonema,Skeletonema menzelii
Alaria,Pabay_8_3_22_3,Pabay,8_3_2022,8,3,2022,reads,27323,no,0.00182996,,Skeletonema menzelii.6,Chromista,Ochrophyta,Bacillariophyceae,Thalassiosirales,Skeletonemataceae,Skeletonema,Skeletonema menzelii
Alaria,Pabay_8_3_22_3,Pabay,8_3_2022,8,3,2022,reads,27323,no,0.053068843,,Minutocellus polymorphus.7,Chromista,Ochrophyta,Coscinodiscophyceae,Coscinodiscales,Helminthophoraceae,Minutocellus,Minutocellus polymorphus
Alaria,Pabay_8_3_22_3,Pabay,8_3_2022,8,3,2022,reads,27323,no,0.042089082,,Ditylum brightwellii.3,Chromista,Ochrophyta,Coscinodiscophyceae,Rhizosoleniales,Lithodesmiaceae,Ditylum,Ditylum brightwellii
Alaria,Pabay_8_3_22_3,Pabay,8_3_2022,8,3,2022,reads,27323,no,0.161036489,,Minutocellus polymorphus.10,Chromista,Ochrophyta,Coscinodiscophyceae,Coscinodiscales,Helminthophoraceae,Minutocellus,Minutocellus polymorphus
Alaria,Pabay_8_3_22_3,Pabay,8_3_2022,8,3,2022,reads,27323,no,0.144566848,,Minutocellus polymorphus.11,Chromista,Ochrophyta,Coscinodiscophyceae,Coscinodiscales,Helminthophoraceae,Minutocellus,Minutocellus polymorphus
Alaria,Pabay_8_3_22_3,Pabay,8_3_2022,8,3,2022,reads,27323,no,0.056728763,,Minutocellus polymorphus.14,Chromista,Ochrophyta,Coscinodiscophyceae,Coscinodiscales,Helminthophoraceae,Minutocellus,Minutocellus polymorphus
Alaria,Pabay_8_3_22_3,Pabay,8_3_2022,8,3,2022,reads,27323,no,0.060388684,,Cassiopea xamachana,Animalia,Cnidaria,Scyphozoa,Rhizostomeae,Cassiopeidae,Cassiopea,Cassiopea xamachana
Alaria,Pabay_8_3_22_3,Pabay,8_3_2022,8,3,2022,reads,27323,no,0.274494016,,Cassiopea xamachana.1,Animalia,Cnidaria,Scyphozoa,Rhizostomeae,Cassiopeidae,Cassiopea,Cassiopea xamachana
Alaria,Pabay_8_3_22_3,Pabay,8_3_2022,8,3,2022,reads,27323,no,0.036599202,,Urodasys sp. 114a.2,Animalia,Gastrotricha,Macrodasyida,Macrodasyoidea,Urodasidae,Urodasys,Urodasys sp. 114a
Alaria,Pabay_8_3_22_3,Pabay,8_3_2022,8,3,2022,reads,27323,no,0.020129561,,Urodasys sp. 114a.3,Animalia,Gastrotricha,Macrodasyida,Macrodasyoidea,Urodasidae,Urodasys,Urodasys sp. 114a
Alaria,Pabay_8_3_22_3,Pabay,8_3_2022,8,3,2022,reads,27323,no,0.089668045,,Urodasys sp. 114a.10,Animalia,Gastrotricha,Macrodasyida,Macrodasyoidea,Urodasidae,Urodasys,Urodasys sp. 114a
Alaria,Pabay_8_3_22_3,Pabay,8_3_2022,8,3,2022,reads,27323,no,0.254364455,,Chromadoridae sp. 09PROBE-01551,Animalia,Nematoda,Chromadorea,Chromadorida,Chromadoridae,Chromadoridae,Chromadoridae sp. 09PROBE-01551
Alaria,Pabay_8_3_22_3,Pabay,8_3_2022,8,3,2022,reads,27323,no,0.666105479,,Monostilifera sp..1,Animalia,Nemertea,Anopla,Monostilifera,Monostylifera,Monostilifera,Monostilifera sp.
Alaria,Pabay_8_3_22_3,Pabay,8_3_2022,8,3,2022,reads,27323,no,0.075028364,,Euchlanis dilatata.1,Animalia,Rotifera,Eurotatoria,Ploima,Euchlanidae,Euchlanis,Euchlanis dilatata
Alaria,Pabay_8_3_22_3,Pabay,8_3_2022,8,3,2022,reads,27323,no,18.82845954,,invertebrate environmental sample,,,,,,,
Alaria,Pabay_8_3_22_3,Pabay,8_3_2022,8,3,2022,reads,27323,no,0.161036489,,invertebrate environmental sample.5,,,,,,,
Alaria,Pabay_8_3_22_3,Pabay,8_3_2022,8,3,2022,reads,27323,no,0.093327965,,invertebrate environmental sample.7,,,,,,,
Alaria,Pabay_8_3_22_3,Pabay,8_3_2022,8,3,2022,reads,27323,no,0.087838085,,invertebrate environmental sample.8,,,,,,,
Alaria,Pabay_8_3_22_3,Pabay,8_3_2022,8,3,2022,reads,27323,no,0.049408923,,invertebrate environmental sample.11,,,,,,,
Alaria,Pabay_8_3_22_3,Pabay,8_3_2022,8,3,2022,reads,27323,no,0.047578963,,invertebrate environmental sample.12,,,,,,,
Alaria,Pabay_8_3_22_3,Pabay,8_3_2022,8,3,2022,reads,27323,no,0.047578963,,invertebrate environmental sample.13,,,,,,,
Alaria,Pabay_8_3_22_3,Pabay,8_3_2022,8,3,2022,reads,27323,no,0.040259122,,invertebrate environmental sample.15,,,,,,,
Alaria,Pabay_8_3_22_3,Pabay,8_3_2022,8,3,2022,reads,27323,no,0.031109322,,invertebrate environmental sample.16,,,,,,,
Alaria,Pabay_8_3_22_3,Pabay,8_3_2022,8,3,2022,reads,27323,no,0.029279362,,invertebrate environmental sample.18,,,,,,,
Alaria,Pabay_8_3_22_3,Pabay,8_3_2022,8,3,2022,reads,27323,no,0.021959521,,invertebrate environmental sample.21,,,,,,,
Alaria,Pabay_8_3_22_3,Pabay,8_3_2022,8,3,2022,reads,27323,no,0.020129561,,invertebrate environmental sample.22,,,,,,,
Alaria,Pabay_8_3_22_3,Pabay,8_3_2022,8,3,2022,reads,27323,no,0.016469641,,invertebrate environmental sample.24,,,,,,,
Alaria,Pabay_8_3_22_3,Pabay,8_3_2022,8,3,2022,reads,27323,no,0.016469641,,invertebrate environmental sample.25,,,,,,,
Alaria,Pabay_8_3_22_3,Pabay,8_3_2022,8,3,2022,reads,27323,no,0.009149801,,invertebrate environmental sample.29,,,,,,,
Alaria,Pabay_8_3_22_3,Pabay,8_3_2022,8,3,2022,reads,27323,no,0.00365992,,invertebrate environmental sample.31,,,,,,,
Alaria,Pabay_8_3_22_3,Pabay,8_3_2022,8,3,2022,reads,27323,no,0.00182996,,invertebrate environmental sample.32,,,,,,,
Alaria,Pabay_8_3_22_3,Pabay,8_3_2022,8,3,2022,reads,27323,no,0.00182996,,invertebrate environmental sample.33,,,,,,,
Alaria,Pabay_8_3_22_3,Pabay,8_3_2022,8,3,2022,reads,27323,no,0.00182996,,invertebrate environmental sample.34,,,,,,,
Alaria,Pabay_8_3_22_3,Pabay,8_3_2022,8,3,2022,reads,27323,no,0.00182996,,invertebrate environmental sample.35,,,,,,,
Alaria,Pabay_8_3_22_3,Pabay,8_3_2022,8,3,2022,reads,27323,no,0.00182996,,invertebrate environmental sample.36,,,,,,,
Alaria,Pabay_8_3_22_3,Pabay,8_3_2022,8,3,2022,reads,27323,no,0.00182996,,invertebrate environmental sample.37,,,,,,,
Alaria,Pabay_8_3_22_3,Pabay,8_3_2022,8,3,2022,reads,27323,no,0.00182996,,invertebrate environmental sample.38,,,,,,,
Alaria,Pabay_8_3_22_3,Pabay,8_3_2022,8,3,2022,reads,27323,no,0.00182996,,invertebrate environmental sample.39,,,,,,,
Saccharina,Pabay_8_3_22_3,Pabay,8_3_2022,8,3,2022,reads,27323,no,0.025619441,,Hemiaulus sinensis,Chromista,Ochrophyta,Mediophyceae,Hemiaulales,Hemiaulaceae,Hemiaulus,Hemiaulus sinensis
Saccharina,Pabay_8_3_22_3,Pabay,8_3_2022,8,3,2022,reads,27323,no,0.014639681,,Lithodesmium intricatum.1,Chromista,Ochrophyta,Coscinodiscophyceae,Rhizosoleniales,Lithodesmiaceae,Lithodesmium,Lithodesmium intricatum
Saccharina,Pabay_8_3_22_3,Pabay,8_3_2022,8,3,2022,reads,27323,no,0.010979761,,Hemiaulus sinensis.1,Chromista,Ochrophyta,Mediophyceae,Hemiaulales,Hemiaulaceae,Hemiaulus,Hemiaulus sinensis
Saccharina,Pabay_8_3_22_3,Pabay,8_3_2022,8,3,2022,reads,27323,no,4.099110639,,Skeletonema menzelii,Chromista,Ochrophyta,Bacillariophyceae,Thalassiosirales,Skeletonemataceae,Skeletonema,Skeletonema menzelii
Saccharina,Pabay_8_3_22_3,Pabay,8_3_2022,8,3,2022,reads,27323,no,0.133587088,,Pedospumella sinomuralis,Chromista,Ochrophyta,Chrysophyceae,Chromulinales,Paraphysomonadaceae,Pedospumella,Pedospumella sinomuralis
Saccharina,Pabay_8_3_22_3,Pabay,8_3_2022,8,3,2022,reads,27323,no,0.034769242,,Pedospumella sp.,,,,,,Pedospumella,Pedospumella sp.
Saccharina,Pabay_8_3_22_3,Pabay,8_3_2022,8,3,2022,reads,27323,no,0.031109322,,Pedospumella sp..1,,,,,,Pedospumella,Pedospumella sp.
Saccharina,Pabay_8_3_22_3,Pabay,8_3_2022,8,3,2022,reads,27323,no,0.029279362,,Pedospumella sp..2,,,,,,Pedospumella,Pedospumella sp.
Saccharina,Pabay_8_3_22_3,Pabay,8_3_2022,8,3,2022,reads,27323,no,0.023789481,,Pedospumella sp..3,,,,,,Pedospumella,Pedospumella sp.
Saccharina,Pabay_8_3_22_3,Pabay,8_3_2022,8,3,2022,reads,27323,no,0.00182996,,Pedospumella sp..4,,,,,,Pedospumella,Pedospumella sp.
Saccharina,Pabay_8_3_22_3,Pabay,8_3_2022,8,3,2022,reads,27323,no,0.00182996,,Pedospumella sp..5,,,,,,Pedospumella,Pedospumella sp.
Saccharina,Pabay_8_3_22_3,Pabay,8_3_2022,8,3,2022,reads,27323,no,0.192145811,,Skeletonema potamos,Chromista,Ochrophyta,Bacillariophyceae,Thalassiosirales,Skeletonemataceae,Skeletonema,Skeletonema potamos
Saccharina,Pabay_8_3_22_3,Pabay,8_3_2022,8,3,2022,reads,27323,no,0.020129561,,Skeletonema marinoi,Chromista,Ochrophyta,Bacillariophyceae,Thalassiosirales,Skeletonemataceae,Skeletonema,Skeletonema marinoi
Saccharina,Pabay_8_3_22_3,Pabay,8_3_2022,8,3,2022,reads,27323,no,0.064048604,,Pleurosigma inscriptura.1,Chromista,Ochrophyta,Bacillariophyceae,Naviculales,Pleurosigmataceae,Pleurosigma,Pleurosigma inscriptura
Saccharina,Pabay_8_3_22_3,Pabay,8_3_2022,8,3,2022,reads,27323,no,0.060388684,,Pleurosigma sp. mgcode 4,Eukaryota,Ochrophyta,Bacillariophyceae,Naviculales,Pleurosigmataceae,Pleurosigma,Pleurosigma sp. mgcode 4
Saccharina,Pabay_8_3_22_3,Pabay,8_3_2022,8,3,2022,reads,27323,no,0.058558723,,Skeletonema menzelii.2,Chromista,Ochrophyta,Bacillariophyceae,Thalassiosirales,Skeletonemataceae,Skeletonema,Skeletonema menzelii
Saccharina,Pabay_8_3_22_3,Pabay,8_3_2022,8,3,2022,reads,27323,no,0.034769242,,Cyclotella cryptica.3,Chromista,Ochrophyta,Mediophyceae,Thalassiosirales,Stephanodiscaceae,Cyclotella,Cyclotella cryptica
Saccharina,Pabay_8_3_22_3,Pabay,8_3_2022,8,3,2022,reads,27323,no,0.016469641,,Skeletonema menzelii.4,Chromista,Ochrophyta,Bacillariophyceae,Thalassiosirales,Skeletonemataceae,Skeletonema,Skeletonema menzelii
Saccharina,Pabay_8_3_22_3,Pabay,8_3_2022,8,3,2022,reads,27323,no,0.00182996,,Skeletonema menzelii.6,Chromista,Ochrophyta,Bacillariophyceae,Thalassiosirales,Skeletonemataceae,Skeletonema,Skeletonema menzelii
Saccharina,Pabay_8_3_22_3,Pabay,8_3_2022,8,3,2022,reads,27323,no,0.053068843,,Minutocellus polymorphus.7,Chromista,Ochrophyta,Coscinodiscophyceae,Coscinodiscales,Helminthophoraceae,Minutocellus,Minutocellus polymorphus
Saccharina,Pabay_8_3_22_3,Pabay,8_3_2022,8,3,2022,reads,27323,no,0.042089082,,Ditylum brightwellii.3,Chromista,Ochrophyta,Coscinodiscophyceae,Rhizosoleniales,Lithodesmiaceae,Ditylum,Ditylum brightwellii
Saccharina,Pabay_8_3_22_3,Pabay,8_3_2022,8,3,2022,reads,27323,no,0.161036489,,Minutocellus polymorphus.10,Chromista,Ochrophyta,Coscinodiscophyceae,Coscinodiscales,Helminthophoraceae,Minutocellus,Minutocellus polymorphus
Saccharina,Pabay_8_3_22_3,Pabay,8_3_2022,8,3,2022,reads,27323,no,0.144566848,,Minutocellus polymorphus.11,Chromista,Ochrophyta,Coscinodiscophyceae,Coscinodiscales,Helminthophoraceae,Minutocellus,Minutocellus polymorphus
Saccharina,Pabay_8_3_22_3,Pabay,8_3_2022,8,3,2022,reads,27323,no,0.056728763,,Minutocellus polymorphus.14,Chromista,Ochrophyta,Coscinodiscophyceae,Coscinodiscales,Helminthophoraceae,Minutocellus,Minutocellus polymorphus
Saccharina,Pabay_8_3_22_3,Pabay,8_3_2022,8,3,2022,reads,27323,no,0.060388684,,Cassiopea xamachana,Animalia,Cnidaria,Scyphozoa,Rhizostomeae,Cassiopeidae,Cassiopea,Cassiopea xamachana
Saccharina,Pabay_8_3_22_3,Pabay,8_3_2022,8,3,2022,reads,27323,no,0.274494016,,Cassiopea xamachana.1,Animalia,Cnidaria,Scyphozoa,Rhizostomeae,Cassiopeidae,Cassiopea,Cassiopea xamachana
Saccharina,Pabay_8_3_22_3,Pabay,8_3_2022,8,3,2022,reads,27323,no,0.036599202,,Urodasys sp. 114a.2,Animalia,Gastrotricha,Macrodasyida,Macrodasyoidea,Urodasidae,Urodasys,Urodasys sp. 114a
Saccharina,Pabay_8_3_22_3,Pabay,8_3_2022,8,3,2022,reads,27323,no,0.020129561,,Urodasys sp. 114a.3,Animalia,Gastrotricha,Macrodasyida,Macrodasyoidea,Urodasidae,Urodasys,Urodasys sp. 114a
Saccharina,Pabay_8_3_22_3,Pabay,8_3_2022,8,3,2022,reads,27323,no,0.089668045,,Urodasys sp. 114a.10,Animalia,Gastrotricha,Macrodasyida,Macrodasyoidea,Urodasidae,Urodasys,Urodasys sp. 114a
Saccharina,Pabay_8_3_22_3,Pabay,8_3_2022,8,3,2022,reads,27323,no,0.254364455,,Chromadoridae sp. 09PROBE-01551,Animalia,Nematoda,Chromadorea,Chromadorida,Chromadoridae,Chromadoridae,Chromadoridae sp. 09PROBE-01551
Saccharina,Pabay_8_3_22_3,Pabay,8_3_2022,8,3,2022,reads,27323,no,0.666105479,,Monostilifera sp..1,Animalia,Nemertea,Anopla,Monostilifera,Monostylifera,Monostilifera,Monostilifera sp.
Saccharina,Pabay_8_3_22_3,Pabay,8_3_2022,8,3,2022,reads,27323,no,0.075028364,,Euchlanis dilatata.1,Animalia,Rotifera,Eurotatoria,Ploima,Euchlanidae,Euchlanis,Euchlanis dilatata
Saccharina,Pabay_8_3_22_3,Pabay,8_3_2022,8,3,2022,reads,27323,no,18.82845954,,invertebrate environmental sample,,,,,,,
Saccharina,Pabay_8_3_22_3,Pabay,8_3_2022,8,3,2022,reads,27323,no,0.161036489,,invertebrate environmental sample.5,,,,,,,
Saccharina,Pabay_8_3_22_3,Pabay,8_3_2022,8,3,2022,reads,27323,no,0.093327965,,invertebrate environmental sample.7,,,,,,,
Saccharina,Pabay_8_3_22_3,Pabay,8_3_2022,8,3,2022,reads,27323,no,0.087838085,,invertebrate environmental sample.8,,,,,,,
Saccharina,Pabay_8_3_22_3,Pabay,8_3_2022,8,3,2022,reads,27323,no,0.049408923,,invertebrate environmental sample.11,,,,,,,
Saccharina,Pabay_8_3_22_3,Pabay,8_3_2022,8,3,2022,reads,27323,no,0.047578963,,invertebrate environmental sample.12,,,,,,,
Saccharina,Pabay_8_3_22_3,Pabay,8_3_2022,8,3,2022,reads,27323,no,0.047578963,,invertebrate environmental sample.13,,,,,,,
Saccharina,Pabay_8_3_22_3,Pabay,8_3_2022,8,3,2022,reads,27323,no,0.040259122,,invertebrate environmental sample.15,,,,,,,
Saccharina,Pabay_8_3_22_3,Pabay,8_3_2022,8,3,2022,reads,27323,no,0.031109322,,invertebrate environmental sample.16,,,,,,,
Saccharina,Pabay_8_3_22_3,Pabay,8_3_2022,8,3,2022,reads,27323,no,0.029279362,,invertebrate environmental sample.18,,,,,,,
Saccharina,Pabay_8_3_22_3,Pabay,8_3_2022,8,3,2022,reads,27323,no,0.021959521,,invertebrate environmental sample.21,,,,,,,
Saccharina,Pabay_8_3_22_3,Pabay,8_3_2022,8,3,2022,reads,27323,no,0.020129561,,invertebrate environmental sample.22,,,,,,,
Saccharina,Pabay_8_3_22_3,Pabay,8_3_2022,8,3,2022,reads,27323,no,0.016469641,,invertebrate environmental sample.24,,,,,,,
Saccharina,Pabay_8_3_22_3,Pabay,8_3_2022,8,3,2022,reads,27323,no,0.016469641,,invertebrate environmental sample.25,,,,,,,
Saccharina,Pabay_8_3_22_3,Pabay,8_3_2022,8,3,2022,reads,27323,no,0.009149801,,invertebrate environmental sample.29,,,,,,,
Saccharina,Pabay_8_3_22_3,Pabay,8_3_2022,8,3,2022,reads,27323,no,0.00365992,,invertebrate environmental sample.31,,,,,,,
Saccharina,Pabay_8_3_22_3,Pabay,8_3_2022,8,3,2022,reads,27323,no,0.00182996,,invertebrate environmental sample.32,,,,,,,
Saccharina,Pabay_8_3_22_3,Pabay,8_3_2022,8,3,2022,reads,27323,no,0.00182996,,invertebrate environmental sample.33,,,,,,,
Saccharina,Pabay_8_3_22_3,Pabay,8_3_2022,8,3,2022,reads,27323,no,0.00182996,,invertebrate environmental sample.34,,,,,,,
Saccharina,Pabay_8_3_22_3,Pabay,8_3_2022,8,3,2022,reads,27323,no,0.00182996,,invertebrate environmental sample.35,,,,,,,
Saccharina,Pabay_8_3_22_3,Pabay,8_3_2022,8,3,2022,reads,27323,no,0.00182996,,invertebrate environmental sample.36,,,,,,,
Saccharina,Pabay_8_3_22_3,Pabay,8_3_2022,8,3,2022,reads,27323,no,0.00182996,,invertebrate environmental sample.37,,,,,,,
Saccharina,Pabay_8_3_22_3,Pabay,8_3_2022,8,3,2022,reads,27323,no,0.00182996,,invertebrate environmental sample.38,,,,,,,
Saccharina,Pabay_8_3_22_3,Pabay,8_3_2022,8,3,2022,reads,27323,no,0.00182996,,invertebrate environmental sample.39,,,,,,,
Alaria,Pabay_8_3_22_3,Pabay,8_3_2022,8,3,2022,reads,27323,Polychaet,0.17933609,,Lanice conchilega.1,Animalia,Annelida,Polychaeta,Terebellida,Terebellidae,Lanice,Lanice conchilega
Alaria,Pabay_8_3_22_3,Pabay,8_3_2022,8,3,2022,reads,27323,Polychaet,0.133587088,,Lanice conchilega.2,Animalia,Annelida,Polychaeta,Terebellida,Terebellidae,Lanice,Lanice conchilega
Alaria,Pabay_8_3_22_3,Pabay,8_3_2022,8,3,2022,reads,27323,Polychaet,0.069538484,,Lanice conchilega.4,Animalia,Annelida,Polychaeta,Terebellida,Terebellidae,Lanice,Lanice conchilega
Saccharina,Pabay_8_3_22_3,Pabay,8_3_2022,8,3,2022,reads,27323,Polychaet,0.17933609,,Lanice conchilega.1,Animalia,Annelida,Polychaeta,Terebellida,Terebellidae,Lanice,Lanice conchilega
Saccharina,Pabay_8_3_22_3,Pabay,8_3_2022,8,3,2022,reads,27323,Polychaet,0.133587088,,Lanice conchilega.2,Animalia,Annelida,Polychaeta,Terebellida,Terebellidae,Lanice,Lanice conchilega
Saccharina,Pabay_8_3_22_3,Pabay,8_3_2022,8,3,2022,reads,27323,Polychaet,0.069538484,,Lanice conchilega.4,Animalia,Annelida,Polychaeta,Terebellida,Terebellidae,Lanice,Lanice conchilega
Alaria,Scalpay_15_6_21_1,Scalpay,15_6_2021,15,6,2021,reads,9594,no,2.418178028,,Emiliania huxleyi,Chromista,Haptophyta,Coccolithophyceae,Isochrysidales,Noelaerhabdaceae,Emiliania,Emiliania huxleyi
Alaria,Scalpay_15_6_21_1,Scalpay,15_6_2021,15,6,2021,reads,9594,no,0.317907025,,Emiliania huxleyi.1,Chromista,Haptophyta,Coccolithophyceae,Isochrysidales,Noelaerhabdaceae,Emiliania,Emiliania huxleyi
Saccharina,Scalpay_15_6_21_1,Scalpay,15_6_2021,15,6,2021,reads,9594,no,2.418178028,,Emiliania huxleyi,Chromista,Haptophyta,Coccolithophyceae,Isochrysidales,Noelaerhabdaceae,Emiliania,Emiliania huxleyi
Saccharina,Scalpay_15_6_21_1,Scalpay,15_6_2021,15,6,2021,reads,9594,no,0.317907025,,Emiliania huxleyi.1,Chromista,Haptophyta,Coccolithophyceae,Isochrysidales,Noelaerhabdaceae,Emiliania,Emiliania huxleyi
Alaria,Scalpay_15_6_21_1,Scalpay,15_6_2021,15,6,2021,reads,9594,Polychaet,0.135501355,,Malacoceros cf. fuliginosus ZMBN 130837,Animalia,Annelida,Polychaeta,Spionida,Spionidae,Malacoceros,Malacoceros cf. fuliginosus ZMBN 130837
Saccharina,Scalpay_15_6_21_1,Scalpay,15_6_2021,15,6,2021,reads,9594,Polychaet,0.135501355,,Malacoceros cf. fuliginosus ZMBN 130837,Animalia,Annelida,Polychaeta,Spionida,Spionidae,Malacoceros,Malacoceros cf. fuliginosus ZMBN 130837
Alaria,Scalpay_15_6_21_2,Scalpay,15_6_2021,15,6,2021,reads,36623,no,0.189771455,,Emiliania huxleyi,Chromista,Haptophyta,Coccolithophyceae,Isochrysidales,Noelaerhabdaceae,Emiliania,Emiliania huxleyi
Alaria,Scalpay_15_6_21_2,Scalpay,15_6_2021,15,6,2021,reads,36623,no,0.034131557,,Chaetoceros tenuissimus,Chromista,Ochrophyta,Mediophyceae,Chaetocerotales,Chaetocerotaceae,Chaetoceros,Chaetoceros tenuissimus
Alaria,Scalpay_15_6_21_2,Scalpay,15_6_2021,15,6,2021,reads,36623,no,0.002730525,,Durinskia baltica,Chromista,Myzozoa,Dinophyceae,Peridiniales,Peridinaceae,Durinskia,Durinskia baltica
Alaria,Scalpay_15_6_21_2,Scalpay,15_6_2021,15,6,2021,reads,36623,no,0.006826311,,Guinardia delicatula.1,Chromista,Ochrophyta,Coscinodiscophyceae,Rhizosoleniales,Rhizosoleniaceae,Guinardia,Guinardia delicatula
Alaria,Scalpay_15_6_21_2,Scalpay,15_6_2021,15,6,2021,reads,36623,no,0.013652623,,Psammechinus miliaris,Animalia,Echinodermata,Echinoidea,Camarodonta,Parechinidae,Psammechinus,Psammechinus miliaris
Saccharina,Scalpay_15_6_21_2,Scalpay,15_6_2021,15,6,2021,reads,36623,no,0.189771455,,Emiliania huxleyi,Chromista,Haptophyta,Coccolithophyceae,Isochrysidales,Noelaerhabdaceae,Emiliania,Emiliania huxleyi
Saccharina,Scalpay_15_6_21_2,Scalpay,15_6_2021,15,6,2021,reads,36623,no,0.034131557,,Chaetoceros tenuissimus,Chromista,Ochrophyta,Mediophyceae,Chaetocerotales,Chaetocerotaceae,Chaetoceros,Chaetoceros tenuissimus
Saccharina,Scalpay_15_6_21_2,Scalpay,15_6_2021,15,6,2021,reads,36623,no,0.002730525,,Durinskia baltica,Chromista,Myzozoa,Dinophyceae,Peridiniales,Peridinaceae,Durinskia,Durinskia baltica
Saccharina,Scalpay_15_6_21_2,Scalpay,15_6_2021,15,6,2021,reads,36623,no,0.006826311,,Guinardia delicatula.1,Chromista,Ochrophyta,Coscinodiscophyceae,Rhizosoleniales,Rhizosoleniaceae,Guinardia,Guinardia delicatula
Saccharina,Scalpay_15_6_21_2,Scalpay,15_6_2021,15,6,2021,reads,36623,no,0.013652623,,Psammechinus miliaris,Animalia,Echinodermata,Echinoidea,Camarodonta,Parechinidae,Psammechinus,Psammechinus miliaris
Alaria,Scalpay_15_6_21_2,Scalpay,15_6_2021,15,6,2021,reads,36623,Polychaet,0.232094585,,Dasybranchus sp. DH1,Animalia,Annelida,Polychaeta,Capitellida,Capitellidae,Dasybranchus,Dasybranchus sp. DH1
Saccharina,Scalpay_15_6_21_2,Scalpay,15_6_2021,15,6,2021,reads,36623,Polychaet,0.232094585,,Dasybranchus sp. DH1,Animalia,Annelida,Polychaeta,Capitellida,Capitellidae,Dasybranchus,Dasybranchus sp. DH1
Alaria,Scalpay_15_6_21_3,Scalpay,15_6_2021,15,6,2021,reads,30199,Bivalvia,0.013245472,,Dosinia lupinus,Animalia,Mollusca,Bivalvia,Venerida,Veneridae,Dosinia,Dosinia lupinus
Saccharina,Scalpay_15_6_21_3,Scalpay,15_6_2021,15,6,2021,reads,30199,Bivalvia,0.013245472,,Dosinia lupinus,Animalia,Mollusca,Bivalvia,Venerida,Veneridae,Dosinia,Dosinia lupinus
Alaria,Scalpay_15_6_21_3,Scalpay,15_6_2021,15,6,2021,reads,30199,no,0.003311368,,Minutocellus polymorphus.6,Chromista,Ochrophyta,Coscinodiscophyceae,Coscinodiscales,Helminthophoraceae,Minutocellus,Minutocellus polymorphus
Alaria,Scalpay_15_6_21_3,Scalpay,15_6_2021,15,6,2021,reads,30199,no,2.731878539,,Emiliania huxleyi,Chromista,Haptophyta,Coccolithophyceae,Isochrysidales,Noelaerhabdaceae,Emiliania,Emiliania huxleyi
Alaria,Scalpay_15_6_21_3,Scalpay,15_6_2021,15,6,2021,reads,30199,no,0.432133514,,Emiliania huxleyi.1,Chromista,Haptophyta,Coccolithophyceae,Isochrysidales,Noelaerhabdaceae,Emiliania,Emiliania huxleyi
Alaria,Scalpay_15_6_21_3,Scalpay,15_6_2021,15,6,2021,reads,30199,no,0.009934104,,Phaeocystis antarctica,Chromista,Haptophyta,Coccolithophyceae,Phaeocystales,Phaeocystaceae,Phaeocystis,Phaeocystis antarctica
Alaria,Scalpay_15_6_21_3,Scalpay,15_6_2021,15,6,2021,reads,30199,no,0.508294977,,Chaetoceros tenuissimus,Chromista,Ochrophyta,Mediophyceae,Chaetocerotales,Chaetocerotaceae,Chaetoceros,Chaetoceros tenuissimus
Alaria,Scalpay_15_6_21_3,Scalpay,15_6_2021,15,6,2021,reads,30199,no,0.139077453,,Guinardia delicatula.1,Chromista,Ochrophyta,Coscinodiscophyceae,Rhizosoleniales,Rhizosoleniaceae,Guinardia,Guinardia delicatula
Alaria,Scalpay_15_6_21_3,Scalpay,15_6_2021,15,6,2021,reads,30199,no,0.038080731,,Guinardia striata,Chromista,Ochrophyta,Coscinodiscophyceae,Rhizosoleniales,Rhizosoleniaceae,Guinardia,Guinardia striata
Alaria,Scalpay_15_6_21_3,Scalpay,15_6_2021,15,6,2021,reads,30199,no,0.105963774,,Guinardia delicatula.5,Chromista,Ochrophyta,Coscinodiscophyceae,Rhizosoleniales,Rhizosoleniaceae,Guinardia,Guinardia delicatula
Alaria,Scalpay_15_6_21_3,Scalpay,15_6_2021,15,6,2021,reads,30199,no,0.00827842,,Chaetoceros tenuissimus.4,Chromista,Ochrophyta,Mediophyceae,Chaetocerotales,Chaetocerotaceae,Chaetoceros,Chaetoceros tenuissimus
Alaria,Scalpay_15_6_21_3,Scalpay,15_6_2021,15,6,2021,reads,30199,no,0.004967052,,Guinardia delicatula.8,Chromista,Ochrophyta,Coscinodiscophyceae,Rhizosoleniales,Rhizosoleniaceae,Guinardia,Guinardia delicatula
Alaria,Scalpay_15_6_21_3,Scalpay,15_6_2021,15,6,2021,reads,30199,no,0.013245472,,Minutocellus polymorphus.8,Chromista,Ochrophyta,Coscinodiscophyceae,Coscinodiscales,Helminthophoraceae,Minutocellus,Minutocellus polymorphus
Alaria,Scalpay_15_6_21_3,Scalpay,15_6_2021,15,6,2021,reads,30199,no,0.152322925,,Minutocellus polymorphus.9,Chromista,Ochrophyta,Coscinodiscophyceae,Coscinodiscales,Helminthophoraceae,Minutocellus,Minutocellus polymorphus
Alaria,Scalpay_15_6_21_3,Scalpay,15_6_2021,15,6,2021,reads,30199,no,0.139077453,,Minutocellus polymorphus.19,Chromista,Ochrophyta,Coscinodiscophyceae,Coscinodiscales,Helminthophoraceae,Minutocellus,Minutocellus polymorphus
Alaria,Scalpay_15_6_21_3,Scalpay,15_6_2021,15,6,2021,reads,30199,no,0.018212524,,Hyleoglomeris sp.,Animalia,Arthropoda,Diplopoda,Glomerida,Glomeridae,Hyleoglomeris,Hyleoglomeris sp.
Saccharina,Scalpay_15_6_21_3,Scalpay,15_6_2021,15,6,2021,reads,30199,no,0.003311368,,Minutocellus polymorphus.6,Chromista,Ochrophyta,Coscinodiscophyceae,Coscinodiscales,Helminthophoraceae,Minutocellus,Minutocellus polymorphus
Saccharina,Scalpay_15_6_21_3,Scalpay,15_6_2021,15,6,2021,reads,30199,no,2.731878539,,Emiliania huxleyi,Chromista,Haptophyta,Coccolithophyceae,Isochrysidales,Noelaerhabdaceae,Emiliania,Emiliania huxleyi
Saccharina,Scalpay_15_6_21_3,Scalpay,15_6_2021,15,6,2021,reads,30199,no,0.432133514,,Emiliania huxleyi.1,Chromista,Haptophyta,Coccolithophyceae,Isochrysidales,Noelaerhabdaceae,Emiliania,Emiliania huxleyi
Saccharina,Scalpay_15_6_21_3,Scalpay,15_6_2021,15,6,2021,reads,30199,no,0.009934104,,Phaeocystis antarctica,Chromista,Haptophyta,Coccolithophyceae,Phaeocystales,Phaeocystaceae,Phaeocystis,Phaeocystis antarctica
Saccharina,Scalpay_15_6_21_3,Scalpay,15_6_2021,15,6,2021,reads,30199,no,0.508294977,,Chaetoceros tenuissimus,Chromista,Ochrophyta,Mediophyceae,Chaetocerotales,Chaetocerotaceae,Chaetoceros,Chaetoceros tenuissimus
Saccharina,Scalpay_15_6_21_3,Scalpay,15_6_2021,15,6,2021,reads,30199,no,0.139077453,,Guinardia delicatula.1,Chromista,Ochrophyta,Coscinodiscophyceae,Rhizosoleniales,Rhizosoleniaceae,Guinardia,Guinardia delicatula
Saccharina,Scalpay_15_6_21_3,Scalpay,15_6_2021,15,6,2021,reads,30199,no,0.038080731,,Guinardia striata,Chromista,Ochrophyta,Coscinodiscophyceae,Rhizosoleniales,Rhizosoleniaceae,Guinardia,Guinardia striata
Saccharina,Scalpay_15_6_21_3,Scalpay,15_6_2021,15,6,2021,reads,30199,no,0.105963774,,Guinardia delicatula.5,Chromista,Ochrophyta,Coscinodiscophyceae,Rhizosoleniales,Rhizosoleniaceae,Guinardia,Guinardia delicatula
Saccharina,Scalpay_15_6_21_3,Scalpay,15_6_2021,15,6,2021,reads,30199,no,0.00827842,,Chaetoceros tenuissimus.4,Chromista,Ochrophyta,Mediophyceae,Chaetocerotales,Chaetocerotaceae,Chaetoceros,Chaetoceros tenuissimus
Saccharina,Scalpay_15_6_21_3,Scalpay,15_6_2021,15,6,2021,reads,30199,no,0.004967052,,Guinardia delicatula.8,Chromista,Ochrophyta,Coscinodiscophyceae,Rhizosoleniales,Rhizosoleniaceae,Guinardia,Guinardia delicatula
Saccharina,Scalpay_15_6_21_3,Scalpay,15_6_2021,15,6,2021,reads,30199,no,0.013245472,,Minutocellus polymorphus.8,Chromista,Ochrophyta,Coscinodiscophyceae,Coscinodiscales,Helminthophoraceae,Minutocellus,Minutocellus polymorphus
Saccharina,Scalpay_15_6_21_3,Scalpay,15_6_2021,15,6,2021,reads,30199,no,0.152322925,,Minutocellus polymorphus.9,Chromista,Ochrophyta,Coscinodiscophyceae,Coscinodiscales,Helminthophoraceae,Minutocellus,Minutocellus polymorphus
Saccharina,Scalpay_15_6_21_3,Scalpay,15_6_2021,15,6,2021,reads,30199,no,0.139077453,,Minutocellus polymorphus.19,Chromista,Ochrophyta,Coscinodiscophyceae,Coscinodiscales,Helminthophoraceae,Minutocellus,Minutocellus polymorphus
Saccharina,Scalpay_15_6_21_3,Scalpay,15_6_2021,15,6,2021,reads,30199,no,0.018212524,,Hyleoglomeris sp.,Animalia,Arthropoda,Diplopoda,Glomerida,Glomeridae,Hyleoglomeris,Hyleoglomeris sp.
Alaria,Scalpay_15_6_21_4,Scalpay,15_6_2021,15,6,2021,reads,11373.5,Bivalvia,0.225064864,,Musculus sp. CROBB104,Animalia,Mollusca,Bivalvia,Mytiloida,Mytilidae,Musculus,Musculus sp. CROBB104
Saccharina,Scalpay_15_6_21_4,Scalpay,15_6_2021,15,6,2021,reads,11373.5,Bivalvia,0.225064864,,Musculus sp. CROBB104,Animalia,Mollusca,Bivalvia,Mytiloida,Mytilidae,Musculus,Musculus sp. CROBB104
Alaria,Scalpay_15_6_21_4,Scalpay,15_6_2021,15,6,2021,reads,11373.5,Gastropoda,0.003266135,,Lacuna vincta,Animalia,Mollusca,Gastropoda,Littorinimorpha,Littorinidae,Lacuna,Lacuna vincta
Alaria,Scalpay_15_6_21_4,Scalpay,15_6_2021,15,6,2021,reads,11373.5,Gastropoda,0.001525301,,Mitrella moleculina,Animalia,Mollusca,Gastropoda,Neogastropoda,Columbellidae,Mitrella,Mitrella moleculina
Saccharina,Scalpay_15_6_21_4,Scalpay,15_6_2021,15,6,2021,reads,11373.5,Gastropoda,0.003266135,,Lacuna vincta,Animalia,Mollusca,Gastropoda,Littorinimorpha,Littorinidae,Lacuna,Lacuna vincta
Saccharina,Scalpay_15_6_21_4,Scalpay,15_6_2021,15,6,2021,reads,11373.5,Gastropoda,0.001525301,,Mitrella moleculina,Animalia,Mollusca,Gastropoda,Neogastropoda,Columbellidae,Mitrella,Mitrella moleculina
Alaria,Scalpay_15_6_21_4,Scalpay,15_6_2021,15,6,2021,reads,11373.5,Hydrozoa,0.001525301,,Laodicea sp. HAW02,Animalia,Cnidaria,Hydrozoa,Leptothecata,Laodiceidae,Laodicea,Laodicea sp. HAW02
Alaria,Scalpay_15_6_21_4,Scalpay,15_6_2021,15,6,2021,reads,11373.5,Hydrozoa,0.001243452,,Obelia dichotoma.1,Animalia,Cnidaria,Hydrozoa,Leptothecata,Campanulariidae,Obelia,Obelia dichotoma
Alaria,Scalpay_15_6_21_4,Scalpay,15_6_2021,15,6,2021,reads,11373.5,Hydrozoa,0.000547119,,Obelia bidentata.2,Animalia,Cnidaria,Hydrozoa,Leptothecata,Campanulariidae,Obelia,Obelia bidentata
Saccharina,Scalpay_15_6_21_4,Scalpay,15_6_2021,15,6,2021,reads,11373.5,Hydrozoa,0.001525301,,Laodicea sp. HAW02,Animalia,Cnidaria,Hydrozoa,Leptothecata,Laodiceidae,Laodicea,Laodicea sp. HAW02
Saccharina,Scalpay_15_6_21_4,Scalpay,15_6_2021,15,6,2021,reads,11373.5,Hydrozoa,0.001243452,,Obelia dichotoma.1,Animalia,Cnidaria,Hydrozoa,Leptothecata,Campanulariidae,Obelia,Obelia dichotoma
Saccharina,Scalpay_15_6_21_4,Scalpay,15_6_2021,15,6,2021,reads,11373.5,Hydrozoa,0.000547119,,Obelia bidentata.2,Animalia,Cnidaria,Hydrozoa,Leptothecata,Campanulariidae,Obelia,Obelia bidentata
Alaria,Scalpay_15_6_21_4,Scalpay,15_6_2021,15,6,2021,reads,11373.5,no,0.106675606,,Emiliania huxleyi,Chromista,Haptophyta,Coccolithophyceae,Isochrysidales,Noelaerhabdaceae,Emiliania,Emiliania huxleyi
Alaria,Scalpay_15_6_21_4,Scalpay,15_6_2021,15,6,2021,reads,11373.5,no,0.001458984,,Emiliania huxleyi.2,Chromista,Haptophyta,Coccolithophyceae,Isochrysidales,Noelaerhabdaceae,Emiliania,Emiliania huxleyi
Alaria,Scalpay_15_6_21_4,Scalpay,15_6_2021,15,6,2021,reads,11373.5,no,0.00364746,,Chrysophyceae sp.,Eukaryota,Ochrophyta,Chrysophyceae,,,Chrysophyceae,Chrysophyceae sp.
Alaria,Scalpay_15_6_21_4,Scalpay,15_6_2021,15,6,2021,reads,11373.5,no,0.000198952,,uncultured Kareniaceae.1,,,,,,uncultured,uncultured Kareniaceae
Alaria,Scalpay_15_6_21_4,Scalpay,15_6_2021,15,6,2021,reads,11373.5,no,0.000812389,,Chaetoceros tenuissimus.2,Chromista,Ochrophyta,Mediophyceae,Chaetocerotales,Chaetocerotaceae,Chaetoceros,Chaetoceros tenuissimus
Alaria,Scalpay_15_6_21_4,Scalpay,15_6_2021,15,6,2021,reads,11373.5,no,0.001691095,,Lithodesmium intricatum.3,Chromista,Ochrophyta,Coscinodiscophyceae,Rhizosoleniales,Lithodesmiaceae,Lithodesmium,Lithodesmium intricatum
Alaria,Scalpay_15_6_21_4,Scalpay,15_6_2021,15,6,2021,reads,11373.5,no,0.001359508,,Lithodesmium intricatum.4,Chromista,Ochrophyta,Coscinodiscophyceae,Rhizosoleniales,Lithodesmiaceae,Lithodesmium,Lithodesmium intricatum
Alaria,Scalpay_15_6_21_4,Scalpay,15_6_2021,15,6,2021,reads,11373.5,no,0.259374863,,Amynthas sp. EWBC-3,Animalia,Annelida,Clitellata,Crassiclitellata,Megascolecidae,Amynthas,Amynthas sp. EWBC-3
Alaria,Scalpay_15_6_21_4,Scalpay,15_6_2021,15,6,2021,reads,11373.5,no,0.115058132,,Synchaeta vorax,Animalia,Rotifera,Eurotatoria,Ploima,Synchaetidae,Synchaeta,Synchaeta vorax
Alaria,Scalpay_15_6_21_4,Scalpay,15_6_2021,15,6,2021,reads,11373.5,no,0.001409246,,Synchaeta vorax.1,Animalia,Rotifera,Eurotatoria,Ploima,Synchaetidae,Synchaeta,Synchaeta vorax
Saccharina,Scalpay_15_6_21_4,Scalpay,15_6_2021,15,6,2021,reads,11373.5,no,0.106675606,,Emiliania huxleyi,Chromista,Haptophyta,Coccolithophyceae,Isochrysidales,Noelaerhabdaceae,Emiliania,Emiliania huxleyi
Saccharina,Scalpay_15_6_21_4,Scalpay,15_6_2021,15,6,2021,reads,11373.5,no,0.001458984,,Emiliania huxleyi.2,Chromista,Haptophyta,Coccolithophyceae,Isochrysidales,Noelaerhabdaceae,Emiliania,Emiliania huxleyi
Saccharina,Scalpay_15_6_21_4,Scalpay,15_6_2021,15,6,2021,reads,11373.5,no,0.00364746,,Chrysophyceae sp.,Eukaryota,Ochrophyta,Chrysophyceae,,,Chrysophyceae,Chrysophyceae sp.
Saccharina,Scalpay_15_6_21_4,Scalpay,15_6_2021,15,6,2021,reads,11373.5,no,0.000198952,,uncultured Kareniaceae.1,,,,,,uncultured,uncultured Kareniaceae
Saccharina,Scalpay_15_6_21_4,Scalpay,15_6_2021,15,6,2021,reads,11373.5,no,0.000812389,,Chaetoceros tenuissimus.2,Chromista,Ochrophyta,Mediophyceae,Chaetocerotales,Chaetocerotaceae,Chaetoceros,Chaetoceros tenuissimus
Saccharina,Scalpay_15_6_21_4,Scalpay,15_6_2021,15,6,2021,reads,11373.5,no,0.001691095,,Lithodesmium intricatum.3,Chromista,Ochrophyta,Coscinodiscophyceae,Rhizosoleniales,Lithodesmiaceae,Lithodesmium,Lithodesmium intricatum
Saccharina,Scalpay_15_6_21_4,Scalpay,15_6_2021,15,6,2021,reads,11373.5,no,0.001359508,,Lithodesmium intricatum.4,Chromista,Ochrophyta,Coscinodiscophyceae,Rhizosoleniales,Lithodesmiaceae,Lithodesmium,Lithodesmium intricatum
Saccharina,Scalpay_15_6_21_4,Scalpay,15_6_2021,15,6,2021,reads,11373.5,no,0.259374863,,Amynthas sp. EWBC-3,Animalia,Annelida,Clitellata,Crassiclitellata,Megascolecidae,Amynthas,Amynthas sp. EWBC-3
Saccharina,Scalpay_15_6_21_4,Scalpay,15_6_2021,15,6,2021,reads,11373.5,no,0.115058132,,Synchaeta vorax,Animalia,Rotifera,Eurotatoria,Ploima,Synchaetidae,Synchaeta,Synchaeta vorax
Saccharina,Scalpay_15_6_21_4,Scalpay,15_6_2021,15,6,2021,reads,11373.5,no,0.001409246,,Synchaeta vorax.1,Animalia,Rotifera,Eurotatoria,Ploima,Synchaetidae,Synchaeta,Synchaeta vorax
Alaria,Scalpay_15_6_21_5,Scalpay,15_6_2021,15,6,2021,reads,62.5,no,0.51037182,,Emiliania huxleyi,Chromista,Haptophyta,Coccolithophyceae,Isochrysidales,Noelaerhabdaceae,Emiliania,Emiliania huxleyi
Saccharina,Scalpay_15_6_21_5,Scalpay,15_6_2021,15,6,2021,reads,62.5,no,0.51037182,,Emiliania huxleyi,Chromista,Haptophyta,Coccolithophyceae,Isochrysidales,Noelaerhabdaceae,Emiliania,Emiliania huxleyi
Alaria,Scalpay_15_6_21_5,Scalpay,15_6_2021,15,6,2021,reads,62.5,Polychaet,0.025048924,,Nonparahalosydna pleiolepis,Animalia,Annelida,Polychaeta,Phyllodocida,Polynoidae,Nonparahalosydna,Nonparahalosydna pleiolepis
Saccharina,Scalpay_15_6_21_5,Scalpay,15_6_2021,15,6,2021,reads,62.5,Polychaet,0.025048924,,Nonparahalosydna pleiolepis,Animalia,Annelida,Polychaeta,Phyllodocida,Polynoidae,Nonparahalosydna,Nonparahalosydna pleiolepis
Alaria,Scalpay_21_12_21_1,Scalpay,21_12_2021,21,12,2021,reads,1740,Copepoda,0.229885057,,Temora sp..6,Animalia,Arthropoda,Hexanauplia,Calanoida,Temoridae,Temora,Temora sp.
Saccharina,Scalpay_21_12_21_1,Scalpay,21_12_2021,21,12,2021,reads,1740,Copepoda,0.229885057,,Temora sp..6,Animalia,Arthropoda,Hexanauplia,Calanoida,Temoridae,Temora,Temora sp.
Alaria,Scalpay_21_12_21_1,Scalpay,21_12_2021,21,12,2021,reads,1740,no,1.954022989,,Thalassiosira rotula,Chromista,Ochrophyta,Bacillariophyceae,Thalassiosirales,Thalassiosiraceae,Thalassiosira,Thalassiosira rotula
Alaria,Scalpay_21_12_21_1,Scalpay,21_12_2021,21,12,2021,reads,1740,no,0.172413793,,invertebrate environmental sample,,,,,,,
Saccharina,Scalpay_21_12_21_1,Scalpay,21_12_2021,21,12,2021,reads,1740,no,1.954022989,,Thalassiosira rotula,Chromista,Ochrophyta,Bacillariophyceae,Thalassiosirales,Thalassiosiraceae,Thalassiosira,Thalassiosira rotula
Saccharina,Scalpay_21_12_21_1,Scalpay,21_12_2021,21,12,2021,reads,1740,no,0.172413793,,invertebrate environmental sample,,,,,,,
Alaria,Scalpay_21_12_21_2,Scalpay,21_12_2021,21,12,2021,reads,5846.5,Hydrozoa,0.83810827,,Clytia sp. 2 AFC-2016,Animalia,Cnidaria,Hydrozoa,Leptothecata,Campanulariidae,Clytia,Clytia sp. 2 AFC-2016
Alaria,Scalpay_21_12_21_2,Scalpay,21_12_2021,21,12,2021,reads,5846.5,Hydrozoa,0.051312751,,Clytia sp. 2 AFC-2016.2,Animalia,Cnidaria,Hydrozoa,Leptothecata,Campanulariidae,Clytia,Clytia sp. 2 AFC-2016
Alaria,Scalpay_21_12_21_2,Scalpay,21_12_2021,21,12,2021,reads,5846.5,Hydrozoa,0.076969127,,Clytia sp. 2 AFC-2016.4,Animalia,Cnidaria,Hydrozoa,Leptothecata,Campanulariidae,Clytia,Clytia sp. 2 AFC-2016
Saccharina,Scalpay_21_12_21_2,Scalpay,21_12_2021,21,12,2021,reads,5846.5,Hydrozoa,0.83810827,,Clytia sp. 2 AFC-2016,Animalia,Cnidaria,Hydrozoa,Leptothecata,Campanulariidae,Clytia,Clytia sp. 2 AFC-2016
Saccharina,Scalpay_21_12_21_2,Scalpay,21_12_2021,21,12,2021,reads,5846.5,Hydrozoa,0.051312751,,Clytia sp. 2 AFC-2016.2,Animalia,Cnidaria,Hydrozoa,Leptothecata,Campanulariidae,Clytia,Clytia sp. 2 AFC-2016
Saccharina,Scalpay_21_12_21_2,Scalpay,21_12_2021,21,12,2021,reads,5846.5,Hydrozoa,0.076969127,,Clytia sp. 2 AFC-2016.4,Animalia,Cnidaria,Hydrozoa,Leptothecata,Campanulariidae,Clytia,Clytia sp. 2 AFC-2016
Alaria,Scalpay_21_12_21_2,Scalpay,21_12_2021,21,12,2021,reads,5846.5,no,0.461814761,,Skeletonema menzelii,Chromista,Ochrophyta,Bacillariophyceae,Thalassiosirales,Skeletonemataceae,Skeletonema,Skeletonema menzelii
Alaria,Scalpay_21_12_21_2,Scalpay,21_12_2021,21,12,2021,reads,5846.5,no,0.41050201,,Thalassionema nitzschioides,Chromista,Ochrophyta,Bacillariophyceae,Thalassionematales,Thalassionemataceae,Thalassionema,Thalassionema nitzschioides
Alaria,Scalpay_21_12_21_2,Scalpay,21_12_2021,21,12,2021,reads,5846.5,no,0.068417002,,Minutocellus polymorphus.7,Chromista,Ochrophyta,Coscinodiscophyceae,Coscinodiscales,Helminthophoraceae,Minutocellus,Minutocellus polymorphus
Alaria,Scalpay_21_12_21_2,Scalpay,21_12_2021,21,12,2021,reads,5846.5,no,0.102625502,,Cassiopea xamachana,Animalia,Cnidaria,Scyphozoa,Rhizostomeae,Cassiopeidae,Cassiopea,Cassiopea xamachana
Alaria,Scalpay_21_12_21_2,Scalpay,21_12_2021,21,12,2021,reads,5846.5,no,0.01710425,,Urodasys sp. 114a.28,Animalia,Gastrotricha,Macrodasyida,Macrodasyoidea,Urodasidae,Urodasys,Urodasys sp. 114a
Alaria,Scalpay_21_12_21_2,Scalpay,21_12_2021,21,12,2021,reads,5846.5,no,0.051312751,,Monostilifera sp.,Animalia,Nemertea,Anopla,Monostilifera,Monostylifera,Monostilifera,Monostilifera sp.
Saccharina,Scalpay_21_12_21_2,Scalpay,21_12_2021,21,12,2021,reads,5846.5,no,0.461814761,,Skeletonema menzelii,Chromista,Ochrophyta,Bacillariophyceae,Thalassiosirales,Skeletonemataceae,Skeletonema,Skeletonema menzelii
Saccharina,Scalpay_21_12_21_2,Scalpay,21_12_2021,21,12,2021,reads,5846.5,no,0.41050201,,Thalassionema nitzschioides,Chromista,Ochrophyta,Bacillariophyceae,Thalassionematales,Thalassionemataceae,Thalassionema,Thalassionema nitzschioides
Saccharina,Scalpay_21_12_21_2,Scalpay,21_12_2021,21,12,2021,reads,5846.5,no,0.068417002,,Minutocellus polymorphus.7,Chromista,Ochrophyta,Coscinodiscophyceae,Coscinodiscales,Helminthophoraceae,Minutocellus,Minutocellus polymorphus
Saccharina,Scalpay_21_12_21_2,Scalpay,21_12_2021,21,12,2021,reads,5846.5,no,0.102625502,,Cassiopea xamachana,Animalia,Cnidaria,Scyphozoa,Rhizostomeae,Cassiopeidae,Cassiopea,Cassiopea xamachana
Saccharina,Scalpay_21_12_21_2,Scalpay,21_12_2021,21,12,2021,reads,5846.5,no,0.01710425,,Urodasys sp. 114a.28,Animalia,Gastrotricha,Macrodasyida,Macrodasyoidea,Urodasidae,Urodasys,Urodasys sp. 114a
Saccharina,Scalpay_21_12_21_2,Scalpay,21_12_2021,21,12,2021,reads,5846.5,no,0.051312751,,Monostilifera sp.,Animalia,Nemertea,Anopla,Monostilifera,Monostylifera,Monostilifera,Monostilifera sp.
Alaria,Scalpay_21_12_21_3,Scalpay,21_12_2021,21,12,2021,reads,11647,no,0.008585902,,Ditylum brightwellii.2,Chromista,Ochrophyta,Coscinodiscophyceae,Rhizosoleniales,Lithodesmiaceae,Ditylum,Ditylum brightwellii
Alaria,Scalpay_21_12_21_3,Scalpay,21_12_2021,21,12,2021,reads,11647,no,0.163132137,,Thalassionema nitzschioides,Chromista,Ochrophyta,Bacillariophyceae,Thalassionematales,Thalassionemataceae,Thalassionema,Thalassionema nitzschioides
Alaria,Scalpay_21_12_21_3,Scalpay,21_12_2021,21,12,2021,reads,11647,no,0.012878853,,Urodasys sp. 114a.26,Animalia,Gastrotricha,Macrodasyida,Macrodasyoidea,Urodasidae,Urodasys,Urodasys sp. 114a
Saccharina,Scalpay_21_12_21_3,Scalpay,21_12_2021,21,12,2021,reads,11647,no,0.008585902,,Ditylum brightwellii.2,Chromista,Ochrophyta,Coscinodiscophyceae,Rhizosoleniales,Lithodesmiaceae,Ditylum,Ditylum brightwellii
Saccharina,Scalpay_21_12_21_3,Scalpay,21_12_2021,21,12,2021,reads,11647,no,0.163132137,,Thalassionema nitzschioides,Chromista,Ochrophyta,Bacillariophyceae,Thalassionematales,Thalassionemataceae,Thalassionema,Thalassionema nitzschioides
Saccharina,Scalpay_21_12_21_3,Scalpay,21_12_2021,21,12,2021,reads,11647,no,0.012878853,,Urodasys sp. 114a.26,Animalia,Gastrotricha,Macrodasyida,Macrodasyoidea,Urodasidae,Urodasys,Urodasys sp. 114a
,,,,,,,,,,,,,,,,,,,
