"","seaweed","sample_code","site","date","day","month","year","sample_type","total_zooplankton","taxa","abundance","taxa_key"
"1","Alaria","Pabay_10_12_21_1","Pabay","10_12_2021",10,12,2021,"zooplankton",178,"bivalvia",17,"bivalvia"
"2","Alaria","Pabay_10_12_21_1","Pabay","10_12_2021",10,12,2021,"zooplankton",178,"bryozoa",17,"bryozoa"
"3","Alaria","Pabay_10_12_21_1","Pabay","10_12_2021",10,12,2021,"zooplankton",178,"copepod_nauplii",85,"copepod_nauplii"
"4","Alaria","Pabay_10_12_21_1","Pabay","10_12_2021",10,12,2021,"zooplankton",178,"copepods",34,"copepods"
"5","Alaria","Pabay_10_12_21_1","Pabay","10_12_2021",10,12,2021,"zooplankton",178,"fish_egg",2,"fish_egg"
"6","Alaria","Pabay_10_12_21_1","Pabay","10_12_2021",10,12,2021,"zooplankton",178,"gastropoda",2,"gastropoda"
"7","Alaria","Pabay_10_12_21_1","Pabay","10_12_2021",10,12,2021,"zooplankton",178,"holoplankton",140,"holoplankton"
"8","Alaria","Pabay_10_12_21_1","Pabay","10_12_2021",10,12,2021,"zooplankton",178,"meroplankton",38,"meroplankton"
"9","Alaria","Pabay_10_12_21_1","Pabay","10_12_2021",10,12,2021,"zooplankton",178,"microfibers",2,"microfibers"
"10","Alaria","Pabay_10_12_21_1","Pabay","10_12_2021",10,12,2021,"zooplankton",178,"podon",2,"podon"
"11","Alaria","Pabay_10_12_21_1","Pabay","10_12_2021",10,12,2021,"zooplankton",178,"sabellariidae",2,"sabellariidae"
"12","Alaria","Pabay_10_12_21_1","Pabay","10_12_2021",10,12,2021,"zooplankton",178,"total_brachiopoda",2,"total_brachiopoda"
"13","Alaria","Pabay_10_12_21_1","Pabay","10_12_2021",10,12,2021,"zooplankton",178,"total_copepoda",119,"total_copepoda"
"14","Alaria","Pabay_10_12_21_1","Pabay","10_12_2021",10,12,2021,"zooplankton",178,"total_polychaeta",2,"total_polychaeta"
"15","Saccharina","Pabay_10_12_21_1","Pabay","10_12_2021",10,12,2021,"zooplankton",178,"bivalvia",17,"bivalvia"
"16","Saccharina","Pabay_10_12_21_1","Pabay","10_12_2021",10,12,2021,"zooplankton",178,"bryozoa",17,"bryozoa"
"17","Saccharina","Pabay_10_12_21_1","Pabay","10_12_2021",10,12,2021,"zooplankton",178,"copepod_nauplii",85,"copepod_nauplii"
"18","Saccharina","Pabay_10_12_21_1","Pabay","10_12_2021",10,12,2021,"zooplankton",178,"copepods",34,"copepods"
"19","Saccharina","Pabay_10_12_21_1","Pabay","10_12_2021",10,12,2021,"zooplankton",178,"fish_egg",2,"fish_egg"
"20","Saccharina","Pabay_10_12_21_1","Pabay","10_12_2021",10,12,2021,"zooplankton",178,"gastropoda",2,"gastropoda"
"21","Saccharina","Pabay_10_12_21_1","Pabay","10_12_2021",10,12,2021,"zooplankton",178,"holoplankton",140,"holoplankton"
"22","Saccharina","Pabay_10_12_21_1","Pabay","10_12_2021",10,12,2021,"zooplankton",178,"meroplankton",38,"meroplankton"
"23","Saccharina","Pabay_10_12_21_1","Pabay","10_12_2021",10,12,2021,"zooplankton",178,"microfibers",2,"microfibers"
"24","Saccharina","Pabay_10_12_21_1","Pabay","10_12_2021",10,12,2021,"zooplankton",178,"podon",2,"podon"
"25","Saccharina","Pabay_10_12_21_1","Pabay","10_12_2021",10,12,2021,"zooplankton",178,"sabellariidae",2,"sabellariidae"
"26","Saccharina","Pabay_10_12_21_1","Pabay","10_12_2021",10,12,2021,"zooplankton",178,"total_brachiopoda",2,"total_brachiopoda"
"27","Saccharina","Pabay_10_12_21_1","Pabay","10_12_2021",10,12,2021,"zooplankton",178,"total_copepoda",119,"total_copepoda"
"28","Saccharina","Pabay_10_12_21_1","Pabay","10_12_2021",10,12,2021,"zooplankton",178,"total_polychaeta",2,"total_polychaeta"
"29","Alaria","Pabay_10_12_21_2","Pabay","10_12_2021",10,12,2021,"zooplankton",462,"bivalvia",2,"bivalvia"
"30","Alaria","Pabay_10_12_21_2","Pabay","10_12_2021",10,12,2021,"zooplankton",462,"bryozoa",34,"bryozoa"
"31","Alaria","Pabay_10_12_21_2","Pabay","10_12_2021",10,12,2021,"zooplankton",462,"copepod_nauplii",204,"copepod_nauplii"
"32","Alaria","Pabay_10_12_21_2","Pabay","10_12_2021",10,12,2021,"zooplankton",462,"copepods",153,"copepods"
"33","Alaria","Pabay_10_12_21_2","Pabay","10_12_2021",10,12,2021,"zooplankton",462,"fish_egg",17,"fish_egg"
"34","Alaria","Pabay_10_12_21_2","Pabay","10_12_2021",10,12,2021,"zooplankton",462,"gastropoda",34,"gastropoda"
"35","Alaria","Pabay_10_12_21_2","Pabay","10_12_2021",10,12,2021,"zooplankton",462,"holoplankton",376,"holoplankton"
"36","Alaria","Pabay_10_12_21_2","Pabay","10_12_2021",10,12,2021,"zooplankton",462,"meroplankton",87,"meroplankton"
"37","Alaria","Pabay_10_12_21_2","Pabay","10_12_2021",10,12,2021,"zooplankton",462,"microfibers",2,"microfibers"
"38","Alaria","Pabay_10_12_21_2","Pabay","10_12_2021",10,12,2021,"zooplankton",462,"mp_fragments",2,"mp_fragments"
"39","Alaria","Pabay_10_12_21_2","Pabay","10_12_2021",10,12,2021,"zooplankton",462,"sabellariidae",17,"sabellariidae"
"40","Alaria","Pabay_10_12_21_2","Pabay","10_12_2021",10,12,2021,"zooplankton",462,"total_copepoda",357,"total_copepoda"
"41","Alaria","Pabay_10_12_21_2","Pabay","10_12_2021",10,12,2021,"zooplankton",462,"total_polychaeta",17,"total_polychaeta"
"42","Saccharina","Pabay_10_12_21_2","Pabay","10_12_2021",10,12,2021,"zooplankton",462,"bivalvia",2,"bivalvia"
"43","Saccharina","Pabay_10_12_21_2","Pabay","10_12_2021",10,12,2021,"zooplankton",462,"bryozoa",34,"bryozoa"
"44","Saccharina","Pabay_10_12_21_2","Pabay","10_12_2021",10,12,2021,"zooplankton",462,"copepod_nauplii",204,"copepod_nauplii"
"45","Saccharina","Pabay_10_12_21_2","Pabay","10_12_2021",10,12,2021,"zooplankton",462,"copepods",153,"copepods"
"46","Saccharina","Pabay_10_12_21_2","Pabay","10_12_2021",10,12,2021,"zooplankton",462,"fish_egg",17,"fish_egg"
"47","Saccharina","Pabay_10_12_21_2","Pabay","10_12_2021",10,12,2021,"zooplankton",462,"gastropoda",34,"gastropoda"
"48","Saccharina","Pabay_10_12_21_2","Pabay","10_12_2021",10,12,2021,"zooplankton",462,"holoplankton",376,"holoplankton"
"49","Saccharina","Pabay_10_12_21_2","Pabay","10_12_2021",10,12,2021,"zooplankton",462,"meroplankton",87,"meroplankton"
"50","Saccharina","Pabay_10_12_21_2","Pabay","10_12_2021",10,12,2021,"zooplankton",462,"microfibers",2,"microfibers"
"51","Saccharina","Pabay_10_12_21_2","Pabay","10_12_2021",10,12,2021,"zooplankton",462,"mp_fragments",2,"mp_fragments"
"52","Saccharina","Pabay_10_12_21_2","Pabay","10_12_2021",10,12,2021,"zooplankton",462,"sabellariidae",17,"sabellariidae"
"53","Saccharina","Pabay_10_12_21_2","Pabay","10_12_2021",10,12,2021,"zooplankton",462,"total_copepoda",357,"total_copepoda"
"54","Saccharina","Pabay_10_12_21_2","Pabay","10_12_2021",10,12,2021,"zooplankton",462,"total_polychaeta",17,"total_polychaeta"
"55","Alaria","Pabay_10_12_21_3","Pabay","10_12_2021",10,12,2021,"zooplankton",106,"bivalvia",17,"bivalvia"
"56","Alaria","Pabay_10_12_21_3","Pabay","10_12_2021",10,12,2021,"zooplankton",106,"bryozoa",2,"bryozoa"
"57","Alaria","Pabay_10_12_21_3","Pabay","10_12_2021",10,12,2021,"zooplankton",106,"copepod_nauplii",34,"copepod_nauplii"
"58","Alaria","Pabay_10_12_21_3","Pabay","10_12_2021",10,12,2021,"zooplankton",106,"copepods",17,"copepods"
"59","Alaria","Pabay_10_12_21_3","Pabay","10_12_2021",10,12,2021,"zooplankton",106,"gastropoda",2,"gastropoda"
"60","Alaria","Pabay_10_12_21_3","Pabay","10_12_2021",10,12,2021,"zooplankton",106,"holoplankton",68,"holoplankton"
"61","Alaria","Pabay_10_12_21_3","Pabay","10_12_2021",10,12,2021,"zooplankton",106,"meroplankton",38,"meroplankton"
"62","Alaria","Pabay_10_12_21_3","Pabay","10_12_2021",10,12,2021,"zooplankton",106,"microfibers",17,"microfibers"
"63","Alaria","Pabay_10_12_21_3","Pabay","10_12_2021",10,12,2021,"zooplankton",106,"ophiura_larvae",17,"ophiura_larvae"
"64","Alaria","Pabay_10_12_21_3","Pabay","10_12_2021",10,12,2021,"zooplankton",106,"total_copepoda",51,"total_copepoda"
"65","Saccharina","Pabay_10_12_21_3","Pabay","10_12_2021",10,12,2021,"zooplankton",106,"bivalvia",17,"bivalvia"
"66","Saccharina","Pabay_10_12_21_3","Pabay","10_12_2021",10,12,2021,"zooplankton",106,"bryozoa",2,"bryozoa"
"67","Saccharina","Pabay_10_12_21_3","Pabay","10_12_2021",10,12,2021,"zooplankton",106,"copepod_nauplii",34,"copepod_nauplii"
"68","Saccharina","Pabay_10_12_21_3","Pabay","10_12_2021",10,12,2021,"zooplankton",106,"copepods",17,"copepods"
"69","Saccharina","Pabay_10_12_21_3","Pabay","10_12_2021",10,12,2021,"zooplankton",106,"gastropoda",2,"gastropoda"
"70","Saccharina","Pabay_10_12_21_3","Pabay","10_12_2021",10,12,2021,"zooplankton",106,"holoplankton",68,"holoplankton"
"71","Saccharina","Pabay_10_12_21_3","Pabay","10_12_2021",10,12,2021,"zooplankton",106,"meroplankton",38,"meroplankton"
"72","Saccharina","Pabay_10_12_21_3","Pabay","10_12_2021",10,12,2021,"zooplankton",106,"microfibers",17,"microfibers"
"73","Saccharina","Pabay_10_12_21_3","Pabay","10_12_2021",10,12,2021,"zooplankton",106,"ophiura_larvae",17,"ophiura_larvae"
"74","Saccharina","Pabay_10_12_21_3","Pabay","10_12_2021",10,12,2021,"zooplankton",106,"total_copepoda",51,"total_copepoda"
"75","Alaria","Pabay_10_4_22_1","Pabay","10_4_2022",10,4,2022,"zooplankton",878,"bivalvia",2,"bivalvia"
"76","Alaria","Pabay_10_4_22_1","Pabay","10_4_2022",10,4,2022,"zooplankton",878,"copepod_nauplii",127,"copepod_nauplii"
"77","Alaria","Pabay_10_4_22_1","Pabay","10_4_2022",10,4,2022,"zooplankton",878,"copepods",229,"copepods"
"78","Alaria","Pabay_10_4_22_1","Pabay","10_4_2022",10,4,2022,"zooplankton",878,"decapoda_larvae",2,"decapoda_larvae"
"79","Alaria","Pabay_10_4_22_1","Pabay","10_4_2022",10,4,2022,"zooplankton",878,"evadne",204,"evadne"
"80","Alaria","Pabay_10_4_22_1","Pabay","10_4_2022",10,4,2022,"zooplankton",878,"fish_egg",25,"fish_egg"
"81","Alaria","Pabay_10_4_22_1","Pabay","10_4_2022",10,4,2022,"zooplankton",878,"gastropoda",2,"gastropoda"
"82","Alaria","Pabay_10_4_22_1","Pabay","10_4_2022",10,4,2022,"zooplankton",878,"holoplankton",789,"holoplankton"
"83","Alaria","Pabay_10_4_22_1","Pabay","10_4_2022",10,4,2022,"zooplankton",878,"meroplankton",89,"meroplankton"
"84","Alaria","Pabay_10_4_22_1","Pabay","10_4_2022",10,4,2022,"zooplankton",878,"obelia",2,"obelia"
"85","Alaria","Pabay_10_4_22_1","Pabay","10_4_2022",10,4,2022,"zooplankton",878,"other_polychaetae_larvae",76,"other_polychaetae_larvae"
"86","Alaria","Pabay_10_4_22_1","Pabay","10_4_2022",10,4,2022,"zooplankton",878,"podon",25,"podon"
"87","Alaria","Pabay_10_4_22_1","Pabay","10_4_2022",10,4,2022,"zooplankton",878,"sea_urchin_larvae",2,"sea_urchin_larvae"
"88","Alaria","Pabay_10_4_22_1","Pabay","10_4_2022",10,4,2022,"zooplankton",878,"total_balanoida",76,"total_balanoida"
"89","Alaria","Pabay_10_4_22_1","Pabay","10_4_2022",10,4,2022,"zooplankton",878,"total_brachiopoda",229,"total_brachiopoda"
"90","Alaria","Pabay_10_4_22_1","Pabay","10_4_2022",10,4,2022,"zooplankton",878,"total_copepoda",357,"total_copepoda"
"91","Alaria","Pabay_10_4_22_1","Pabay","10_4_2022",10,4,2022,"zooplankton",878,"total_hydrozoa",2,"total_hydrozoa"
"92","Alaria","Pabay_10_4_22_1","Pabay","10_4_2022",10,4,2022,"zooplankton",878,"total_malacostraca",2,"total_malacostraca"
"93","Alaria","Pabay_10_4_22_1","Pabay","10_4_2022",10,4,2022,"zooplankton",878,"total_polychaeta",76,"total_polychaeta"
"94","Saccharina","Pabay_10_4_22_1","Pabay","10_4_2022",10,4,2022,"zooplankton",878,"bivalvia",2,"bivalvia"
"95","Saccharina","Pabay_10_4_22_1","Pabay","10_4_2022",10,4,2022,"zooplankton",878,"copepod_nauplii",127,"copepod_nauplii"
"96","Saccharina","Pabay_10_4_22_1","Pabay","10_4_2022",10,4,2022,"zooplankton",878,"copepods",229,"copepods"
"97","Saccharina","Pabay_10_4_22_1","Pabay","10_4_2022",10,4,2022,"zooplankton",878,"decapoda_larvae",2,"decapoda_larvae"
"98","Saccharina","Pabay_10_4_22_1","Pabay","10_4_2022",10,4,2022,"zooplankton",878,"evadne",204,"evadne"
"99","Saccharina","Pabay_10_4_22_1","Pabay","10_4_2022",10,4,2022,"zooplankton",878,"fish_egg",25,"fish_egg"
"100","Saccharina","Pabay_10_4_22_1","Pabay","10_4_2022",10,4,2022,"zooplankton",878,"gastropoda",2,"gastropoda"
"101","Saccharina","Pabay_10_4_22_1","Pabay","10_4_2022",10,4,2022,"zooplankton",878,"holoplankton",789,"holoplankton"
"102","Saccharina","Pabay_10_4_22_1","Pabay","10_4_2022",10,4,2022,"zooplankton",878,"meroplankton",89,"meroplankton"
"103","Saccharina","Pabay_10_4_22_1","Pabay","10_4_2022",10,4,2022,"zooplankton",878,"obelia",2,"obelia"
"104","Saccharina","Pabay_10_4_22_1","Pabay","10_4_2022",10,4,2022,"zooplankton",878,"other_polychaetae_larvae",76,"other_polychaetae_larvae"
"105","Saccharina","Pabay_10_4_22_1","Pabay","10_4_2022",10,4,2022,"zooplankton",878,"podon",25,"podon"
"106","Saccharina","Pabay_10_4_22_1","Pabay","10_4_2022",10,4,2022,"zooplankton",878,"sea_urchin_larvae",2,"sea_urchin_larvae"
"107","Saccharina","Pabay_10_4_22_1","Pabay","10_4_2022",10,4,2022,"zooplankton",878,"total_balanoida",76,"total_balanoida"
"108","Saccharina","Pabay_10_4_22_1","Pabay","10_4_2022",10,4,2022,"zooplankton",878,"total_brachiopoda",229,"total_brachiopoda"
"109","Saccharina","Pabay_10_4_22_1","Pabay","10_4_2022",10,4,2022,"zooplankton",878,"total_copepoda",357,"total_copepoda"
"110","Saccharina","Pabay_10_4_22_1","Pabay","10_4_2022",10,4,2022,"zooplankton",878,"total_hydrozoa",2,"total_hydrozoa"
"111","Saccharina","Pabay_10_4_22_1","Pabay","10_4_2022",10,4,2022,"zooplankton",878,"total_malacostraca",2,"total_malacostraca"
"112","Saccharina","Pabay_10_4_22_1","Pabay","10_4_2022",10,4,2022,"zooplankton",878,"total_polychaeta",76,"total_polychaeta"
"113","Alaria","Pabay_10_4_22_2","Pabay","10_4_2022",10,4,2022,"zooplankton",437,"copepod_nauplii",51,"copepod_nauplii"
"114","Alaria","Pabay_10_4_22_2","Pabay","10_4_2022",10,4,2022,"zooplankton",437,"copepods",255,"copepods"
"115","Alaria","Pabay_10_4_22_2","Pabay","10_4_2022",10,4,2022,"zooplankton",437,"decapoda_larvae",51,"decapoda_larvae"
"116","Alaria","Pabay_10_4_22_2","Pabay","10_4_2022",10,4,2022,"zooplankton",437,"evadne",2,"evadne"
"117","Alaria","Pabay_10_4_22_2","Pabay","10_4_2022",10,4,2022,"zooplankton",437,"fish_egg",2,"fish_egg"
"118","Alaria","Pabay_10_4_22_2","Pabay","10_4_2022",10,4,2022,"zooplankton",437,"holoplankton",361,"holoplankton"
"119","Alaria","Pabay_10_4_22_2","Pabay","10_4_2022",10,4,2022,"zooplankton",437,"meroplankton",76,"meroplankton"
"120","Alaria","Pabay_10_4_22_2","Pabay","10_4_2022",10,4,2022,"zooplankton",437,"other_polychaetae_larvae",25,"other_polychaetae_larvae"
"121","Alaria","Pabay_10_4_22_2","Pabay","10_4_2022",10,4,2022,"zooplankton",437,"total_balanoida",51,"total_balanoida"
"122","Alaria","Pabay_10_4_22_2","Pabay","10_4_2022",10,4,2022,"zooplankton",437,"total_brachiopoda",2,"total_brachiopoda"
"123","Alaria","Pabay_10_4_22_2","Pabay","10_4_2022",10,4,2022,"zooplankton",437,"total_copepoda",306,"total_copepoda"
"124","Alaria","Pabay_10_4_22_2","Pabay","10_4_2022",10,4,2022,"zooplankton",437,"total_malacostraca",51,"total_malacostraca"
"125","Alaria","Pabay_10_4_22_2","Pabay","10_4_2022",10,4,2022,"zooplankton",437,"total_polychaeta",25,"total_polychaeta"
"126","Saccharina","Pabay_10_4_22_2","Pabay","10_4_2022",10,4,2022,"zooplankton",437,"copepod_nauplii",51,"copepod_nauplii"
"127","Saccharina","Pabay_10_4_22_2","Pabay","10_4_2022",10,4,2022,"zooplankton",437,"copepods",255,"copepods"
"128","Saccharina","Pabay_10_4_22_2","Pabay","10_4_2022",10,4,2022,"zooplankton",437,"decapoda_larvae",51,"decapoda_larvae"
"129","Saccharina","Pabay_10_4_22_2","Pabay","10_4_2022",10,4,2022,"zooplankton",437,"evadne",2,"evadne"
"130","Saccharina","Pabay_10_4_22_2","Pabay","10_4_2022",10,4,2022,"zooplankton",437,"fish_egg",2,"fish_egg"
"131","Saccharina","Pabay_10_4_22_2","Pabay","10_4_2022",10,4,2022,"zooplankton",437,"holoplankton",361,"holoplankton"
"132","Saccharina","Pabay_10_4_22_2","Pabay","10_4_2022",10,4,2022,"zooplankton",437,"meroplankton",76,"meroplankton"
"133","Saccharina","Pabay_10_4_22_2","Pabay","10_4_2022",10,4,2022,"zooplankton",437,"other_polychaetae_larvae",25,"other_polychaetae_larvae"
"134","Saccharina","Pabay_10_4_22_2","Pabay","10_4_2022",10,4,2022,"zooplankton",437,"total_balanoida",51,"total_balanoida"
"135","Saccharina","Pabay_10_4_22_2","Pabay","10_4_2022",10,4,2022,"zooplankton",437,"total_brachiopoda",2,"total_brachiopoda"
"136","Saccharina","Pabay_10_4_22_2","Pabay","10_4_2022",10,4,2022,"zooplankton",437,"total_copepoda",306,"total_copepoda"
"137","Saccharina","Pabay_10_4_22_2","Pabay","10_4_2022",10,4,2022,"zooplankton",437,"total_malacostraca",51,"total_malacostraca"
"138","Saccharina","Pabay_10_4_22_2","Pabay","10_4_2022",10,4,2022,"zooplankton",437,"total_polychaeta",25,"total_polychaeta"
"139","Alaria","Pabay_10_4_22_3","Pabay","10_4_2022",10,4,2022,"zooplankton",1385,"bivalvia",25,"bivalvia"
"140","Alaria","Pabay_10_4_22_3","Pabay","10_4_2022",10,4,2022,"zooplankton",1385,"clytia",17,"clytia"
"141","Alaria","Pabay_10_4_22_3","Pabay","10_4_2022",10,4,2022,"zooplankton",1385,"copepod_nauplii",102,"copepod_nauplii"
"142","Alaria","Pabay_10_4_22_3","Pabay","10_4_2022",10,4,2022,"zooplankton",1385,"copepods",178,"copepods"
"143","Alaria","Pabay_10_4_22_3","Pabay","10_4_2022",10,4,2022,"zooplankton",1385,"decapoda_larvae",25,"decapoda_larvae"
"144","Alaria","Pabay_10_4_22_3","Pabay","10_4_2022",10,4,2022,"zooplankton",1385,"evadne",255,"evadne"
"145","Alaria","Pabay_10_4_22_3","Pabay","10_4_2022",10,4,2022,"zooplankton",1385,"fish_egg",25,"fish_egg"
"146","Alaria","Pabay_10_4_22_3","Pabay","10_4_2022",10,4,2022,"zooplankton",1385,"gastropoda",76,"gastropoda"
"147","Alaria","Pabay_10_4_22_3","Pabay","10_4_2022",10,4,2022,"zooplankton",1385,"holoplankton",672,"holoplankton"
"148","Alaria","Pabay_10_4_22_3","Pabay","10_4_2022",10,4,2022,"zooplankton",1385,"meroplankton",713,"meroplankton"
"149","Alaria","Pabay_10_4_22_3","Pabay","10_4_2022",10,4,2022,"zooplankton",1385,"nemertini_larvae",2,"nemertini_larvae"
"150","Alaria","Pabay_10_4_22_3","Pabay","10_4_2022",10,4,2022,"zooplankton",1385,"obelia",2,"obelia"
"151","Alaria","Pabay_10_4_22_3","Pabay","10_4_2022",10,4,2022,"zooplankton",1385,"other_polychaetae_larvae",458,"other_polychaetae_larvae"
"152","Alaria","Pabay_10_4_22_3","Pabay","10_4_2022",10,4,2022,"zooplankton",1385,"phoronida_larvae",2,"phoronida_larvae"
"153","Alaria","Pabay_10_4_22_3","Pabay","10_4_2022",10,4,2022,"zooplankton",1385,"sea_urchin_larvae",102,"sea_urchin_larvae"
"154","Alaria","Pabay_10_4_22_3","Pabay","10_4_2022",10,4,2022,"zooplankton",1385,"total_balanoida",102,"total_balanoida"
"155","Alaria","Pabay_10_4_22_3","Pabay","10_4_2022",10,4,2022,"zooplankton",1385,"total_brachiopoda",255,"total_brachiopoda"
"156","Alaria","Pabay_10_4_22_3","Pabay","10_4_2022",10,4,2022,"zooplankton",1385,"total_copepoda",280,"total_copepoda"
"157","Alaria","Pabay_10_4_22_3","Pabay","10_4_2022",10,4,2022,"zooplankton",1385,"total_hydrozoa",19,"total_hydrozoa"
"158","Alaria","Pabay_10_4_22_3","Pabay","10_4_2022",10,4,2022,"zooplankton",1385,"total_malacostraca",25,"total_malacostraca"
"159","Alaria","Pabay_10_4_22_3","Pabay","10_4_2022",10,4,2022,"zooplankton",1385,"total_polychaeta",458,"total_polychaeta"
"160","Saccharina","Pabay_10_4_22_3","Pabay","10_4_2022",10,4,2022,"zooplankton",1385,"bivalvia",25,"bivalvia"
"161","Saccharina","Pabay_10_4_22_3","Pabay","10_4_2022",10,4,2022,"zooplankton",1385,"clytia",17,"clytia"
"162","Saccharina","Pabay_10_4_22_3","Pabay","10_4_2022",10,4,2022,"zooplankton",1385,"copepod_nauplii",102,"copepod_nauplii"
"163","Saccharina","Pabay_10_4_22_3","Pabay","10_4_2022",10,4,2022,"zooplankton",1385,"copepods",178,"copepods"
"164","Saccharina","Pabay_10_4_22_3","Pabay","10_4_2022",10,4,2022,"zooplankton",1385,"decapoda_larvae",25,"decapoda_larvae"
"165","Saccharina","Pabay_10_4_22_3","Pabay","10_4_2022",10,4,2022,"zooplankton",1385,"evadne",255,"evadne"
"166","Saccharina","Pabay_10_4_22_3","Pabay","10_4_2022",10,4,2022,"zooplankton",1385,"fish_egg",25,"fish_egg"
"167","Saccharina","Pabay_10_4_22_3","Pabay","10_4_2022",10,4,2022,"zooplankton",1385,"gastropoda",76,"gastropoda"
"168","Saccharina","Pabay_10_4_22_3","Pabay","10_4_2022",10,4,2022,"zooplankton",1385,"holoplankton",672,"holoplankton"
"169","Saccharina","Pabay_10_4_22_3","Pabay","10_4_2022",10,4,2022,"zooplankton",1385,"meroplankton",713,"meroplankton"
"170","Saccharina","Pabay_10_4_22_3","Pabay","10_4_2022",10,4,2022,"zooplankton",1385,"nemertini_larvae",2,"nemertini_larvae"
"171","Saccharina","Pabay_10_4_22_3","Pabay","10_4_2022",10,4,2022,"zooplankton",1385,"obelia",2,"obelia"
"172","Saccharina","Pabay_10_4_22_3","Pabay","10_4_2022",10,4,2022,"zooplankton",1385,"other_polychaetae_larvae",458,"other_polychaetae_larvae"
"173","Saccharina","Pabay_10_4_22_3","Pabay","10_4_2022",10,4,2022,"zooplankton",1385,"phoronida_larvae",2,"phoronida_larvae"
"174","Saccharina","Pabay_10_4_22_3","Pabay","10_4_2022",10,4,2022,"zooplankton",1385,"sea_urchin_larvae",102,"sea_urchin_larvae"
"175","Saccharina","Pabay_10_4_22_3","Pabay","10_4_2022",10,4,2022,"zooplankton",1385,"total_balanoida",102,"total_balanoida"
"176","Saccharina","Pabay_10_4_22_3","Pabay","10_4_2022",10,4,2022,"zooplankton",1385,"total_brachiopoda",255,"total_brachiopoda"
"177","Saccharina","Pabay_10_4_22_3","Pabay","10_4_2022",10,4,2022,"zooplankton",1385,"total_copepoda",280,"total_copepoda"
"178","Saccharina","Pabay_10_4_22_3","Pabay","10_4_2022",10,4,2022,"zooplankton",1385,"total_hydrozoa",19,"total_hydrozoa"
"179","Saccharina","Pabay_10_4_22_3","Pabay","10_4_2022",10,4,2022,"zooplankton",1385,"total_malacostraca",25,"total_malacostraca"
"180","Saccharina","Pabay_10_4_22_3","Pabay","10_4_2022",10,4,2022,"zooplankton",1385,"total_polychaeta",458,"total_polychaeta"
"181","Alaria","Pabay_13_11_21_1","Pabay","13_11_2021",13,11,2021,"zooplankton",3145,"bivalvia",2,"bivalvia"
"182","Alaria","Pabay_13_11_21_1","Pabay","13_11_2021",13,11,2021,"zooplankton",3145,"bryozoa",85,"bryozoa"
"183","Alaria","Pabay_13_11_21_1","Pabay","13_11_2021",13,11,2021,"zooplankton",3145,"copepod_nauplii",1392,"copepod_nauplii"
"184","Alaria","Pabay_13_11_21_1","Pabay","13_11_2021",13,11,2021,"zooplankton",3145,"copepods",1460,"copepods"
"185","Alaria","Pabay_13_11_21_1","Pabay","13_11_2021",13,11,2021,"zooplankton",3145,"fish_egg",2,"fish_egg"
"186","Alaria","Pabay_13_11_21_1","Pabay","13_11_2021",13,11,2021,"zooplankton",3145,"gastropoda",34,"gastropoda"
"187","Alaria","Pabay_13_11_21_1","Pabay","13_11_2021",13,11,2021,"zooplankton",3145,"holoplankton",2956,"holoplankton"
"188","Alaria","Pabay_13_11_21_1","Pabay","13_11_2021",13,11,2021,"zooplankton",3145,"meroplankton",189,"meroplankton"
"189","Alaria","Pabay_13_11_21_1","Pabay","13_11_2021",13,11,2021,"zooplankton",3145,"sabellariidae",51,"sabellariidae"
"190","Alaria","Pabay_13_11_21_1","Pabay","13_11_2021",13,11,2021,"zooplankton",3145,"total_balanoida",34,"total_balanoida"
"191","Alaria","Pabay_13_11_21_1","Pabay","13_11_2021",13,11,2021,"zooplankton",3145,"total_copepoda",2852,"total_copepoda"
"192","Alaria","Pabay_13_11_21_1","Pabay","13_11_2021",13,11,2021,"zooplankton",3145,"total_polychaeta",51,"total_polychaeta"
"193","Saccharina","Pabay_13_11_21_1","Pabay","13_11_2021",13,11,2021,"zooplankton",3145,"bivalvia",2,"bivalvia"
"194","Saccharina","Pabay_13_11_21_1","Pabay","13_11_2021",13,11,2021,"zooplankton",3145,"bryozoa",85,"bryozoa"
"195","Saccharina","Pabay_13_11_21_1","Pabay","13_11_2021",13,11,2021,"zooplankton",3145,"copepod_nauplii",1392,"copepod_nauplii"
"196","Saccharina","Pabay_13_11_21_1","Pabay","13_11_2021",13,11,2021,"zooplankton",3145,"copepods",1460,"copepods"
"197","Saccharina","Pabay_13_11_21_1","Pabay","13_11_2021",13,11,2021,"zooplankton",3145,"fish_egg",2,"fish_egg"
"198","Saccharina","Pabay_13_11_21_1","Pabay","13_11_2021",13,11,2021,"zooplankton",3145,"gastropoda",34,"gastropoda"
"199","Saccharina","Pabay_13_11_21_1","Pabay","13_11_2021",13,11,2021,"zooplankton",3145,"holoplankton",2956,"holoplankton"
"200","Saccharina","Pabay_13_11_21_1","Pabay","13_11_2021",13,11,2021,"zooplankton",3145,"meroplankton",189,"meroplankton"
"201","Saccharina","Pabay_13_11_21_1","Pabay","13_11_2021",13,11,2021,"zooplankton",3145,"sabellariidae",51,"sabellariidae"
"202","Saccharina","Pabay_13_11_21_1","Pabay","13_11_2021",13,11,2021,"zooplankton",3145,"total_balanoida",34,"total_balanoida"
"203","Saccharina","Pabay_13_11_21_1","Pabay","13_11_2021",13,11,2021,"zooplankton",3145,"total_copepoda",2852,"total_copepoda"
"204","Saccharina","Pabay_13_11_21_1","Pabay","13_11_2021",13,11,2021,"zooplankton",3145,"total_polychaeta",51,"total_polychaeta"
"205","Alaria","Pabay_13_11_21_2","Pabay","13_11_2021",13,11,2021,"zooplankton",2096,"bivalvia",2,"bivalvia"
"206","Alaria","Pabay_13_11_21_2","Pabay","13_11_2021",13,11,2021,"zooplankton",2096,"bryozoa",85,"bryozoa"
"207","Alaria","Pabay_13_11_21_2","Pabay","13_11_2021",13,11,2021,"zooplankton",2096,"copepod_nauplii",832,"copepod_nauplii"
"208","Alaria","Pabay_13_11_21_2","Pabay","13_11_2021",13,11,2021,"zooplankton",2096,"copepods",1086,"copepods"
"209","Alaria","Pabay_13_11_21_2","Pabay","13_11_2021",13,11,2021,"zooplankton",2096,"gastropoda",34,"gastropoda"
"210","Alaria","Pabay_13_11_21_2","Pabay","13_11_2021",13,11,2021,"zooplankton",2096,"holoplankton",1971,"holoplankton"
"211","Alaria","Pabay_13_11_21_2","Pabay","13_11_2021",13,11,2021,"zooplankton",2096,"meroplankton",125,"meroplankton"
"212","Alaria","Pabay_13_11_21_2","Pabay","13_11_2021",13,11,2021,"zooplankton",2096,"microfibers",2,"microfibers"
"213","Alaria","Pabay_13_11_21_2","Pabay","13_11_2021",13,11,2021,"zooplankton",2096,"mp_fragments",2,"mp_fragments"
"214","Alaria","Pabay_13_11_21_2","Pabay","13_11_2021",13,11,2021,"zooplankton",2096,"obelia",2,"obelia"
"215","Alaria","Pabay_13_11_21_2","Pabay","13_11_2021",13,11,2021,"zooplankton",2096,"podon",2,"podon"
"216","Alaria","Pabay_13_11_21_2","Pabay","13_11_2021",13,11,2021,"zooplankton",2096,"sabellariidae",2,"sabellariidae"
"217","Alaria","Pabay_13_11_21_2","Pabay","13_11_2021",13,11,2021,"zooplankton",2096,"total_brachiopoda",2,"total_brachiopoda"
"218","Alaria","Pabay_13_11_21_2","Pabay","13_11_2021",13,11,2021,"zooplankton",2096,"total_copepoda",1918,"total_copepoda"
"219","Alaria","Pabay_13_11_21_2","Pabay","13_11_2021",13,11,2021,"zooplankton",2096,"total_hydrozoa",2,"total_hydrozoa"
"220","Alaria","Pabay_13_11_21_2","Pabay","13_11_2021",13,11,2021,"zooplankton",2096,"total_polychaeta",2,"total_polychaeta"
"221","Saccharina","Pabay_13_11_21_2","Pabay","13_11_2021",13,11,2021,"zooplankton",2096,"bivalvia",2,"bivalvia"
"222","Saccharina","Pabay_13_11_21_2","Pabay","13_11_2021",13,11,2021,"zooplankton",2096,"bryozoa",85,"bryozoa"
"223","Saccharina","Pabay_13_11_21_2","Pabay","13_11_2021",13,11,2021,"zooplankton",2096,"copepod_nauplii",832,"copepod_nauplii"
"224","Saccharina","Pabay_13_11_21_2","Pabay","13_11_2021",13,11,2021,"zooplankton",2096,"copepods",1086,"copepods"
"225","Saccharina","Pabay_13_11_21_2","Pabay","13_11_2021",13,11,2021,"zooplankton",2096,"gastropoda",34,"gastropoda"
"226","Saccharina","Pabay_13_11_21_2","Pabay","13_11_2021",13,11,2021,"zooplankton",2096,"holoplankton",1971,"holoplankton"
"227","Saccharina","Pabay_13_11_21_2","Pabay","13_11_2021",13,11,2021,"zooplankton",2096,"meroplankton",125,"meroplankton"
"228","Saccharina","Pabay_13_11_21_2","Pabay","13_11_2021",13,11,2021,"zooplankton",2096,"microfibers",2,"microfibers"
"229","Saccharina","Pabay_13_11_21_2","Pabay","13_11_2021",13,11,2021,"zooplankton",2096,"mp_fragments",2,"mp_fragments"
"230","Saccharina","Pabay_13_11_21_2","Pabay","13_11_2021",13,11,2021,"zooplankton",2096,"obelia",2,"obelia"
"231","Saccharina","Pabay_13_11_21_2","Pabay","13_11_2021",13,11,2021,"zooplankton",2096,"podon",2,"podon"
"232","Saccharina","Pabay_13_11_21_2","Pabay","13_11_2021",13,11,2021,"zooplankton",2096,"sabellariidae",2,"sabellariidae"
"233","Saccharina","Pabay_13_11_21_2","Pabay","13_11_2021",13,11,2021,"zooplankton",2096,"total_brachiopoda",2,"total_brachiopoda"
"234","Saccharina","Pabay_13_11_21_2","Pabay","13_11_2021",13,11,2021,"zooplankton",2096,"total_copepoda",1918,"total_copepoda"
"235","Saccharina","Pabay_13_11_21_2","Pabay","13_11_2021",13,11,2021,"zooplankton",2096,"total_hydrozoa",2,"total_hydrozoa"
"236","Saccharina","Pabay_13_11_21_2","Pabay","13_11_2021",13,11,2021,"zooplankton",2096,"total_polychaeta",2,"total_polychaeta"
"237","Alaria","Pabay_13_11_21_3","Pabay","13_11_2021",13,11,2021,"zooplankton",3412,"bivalvia",34,"bivalvia"
"238","Alaria","Pabay_13_11_21_3","Pabay","13_11_2021",13,11,2021,"zooplankton",3412,"bryozoa",102,"bryozoa"
"239","Alaria","Pabay_13_11_21_3","Pabay","13_11_2021",13,11,2021,"zooplankton",3412,"copepod_nauplii",1409,"copepod_nauplii"
"240","Alaria","Pabay_13_11_21_3","Pabay","13_11_2021",13,11,2021,"zooplankton",3412,"copepods",1613,"copepods"
"241","Alaria","Pabay_13_11_21_3","Pabay","13_11_2021",13,11,2021,"zooplankton",3412,"fish_egg",34,"fish_egg"
"242","Alaria","Pabay_13_11_21_3","Pabay","13_11_2021",13,11,2021,"zooplankton",3412,"gastropoda",102,"gastropoda"
"243","Alaria","Pabay_13_11_21_3","Pabay","13_11_2021",13,11,2021,"zooplankton",3412,"holoplankton",3090,"holoplankton"
"244","Alaria","Pabay_13_11_21_3","Pabay","13_11_2021",13,11,2021,"zooplankton",3412,"meroplankton",323,"meroplankton"
"245","Alaria","Pabay_13_11_21_3","Pabay","13_11_2021",13,11,2021,"zooplankton",3412,"microfibers",2,"microfibers"
"246","Alaria","Pabay_13_11_21_3","Pabay","13_11_2021",13,11,2021,"zooplankton",3412,"ophiura_larvae",17,"ophiura_larvae"
"247","Alaria","Pabay_13_11_21_3","Pabay","13_11_2021",13,11,2021,"zooplankton",3412,"sabellariidae",68,"sabellariidae"
"248","Alaria","Pabay_13_11_21_3","Pabay","13_11_2021",13,11,2021,"zooplankton",3412,"total_copepoda",3022,"total_copepoda"
"249","Alaria","Pabay_13_11_21_3","Pabay","13_11_2021",13,11,2021,"zooplankton",3412,"total_polychaeta",68,"total_polychaeta"
"250","Saccharina","Pabay_13_11_21_3","Pabay","13_11_2021",13,11,2021,"zooplankton",3412,"bivalvia",34,"bivalvia"
"251","Saccharina","Pabay_13_11_21_3","Pabay","13_11_2021",13,11,2021,"zooplankton",3412,"bryozoa",102,"bryozoa"
"252","Saccharina","Pabay_13_11_21_3","Pabay","13_11_2021",13,11,2021,"zooplankton",3412,"copepod_nauplii",1409,"copepod_nauplii"
"253","Saccharina","Pabay_13_11_21_3","Pabay","13_11_2021",13,11,2021,"zooplankton",3412,"copepods",1613,"copepods"
"254","Saccharina","Pabay_13_11_21_3","Pabay","13_11_2021",13,11,2021,"zooplankton",3412,"fish_egg",34,"fish_egg"
"255","Saccharina","Pabay_13_11_21_3","Pabay","13_11_2021",13,11,2021,"zooplankton",3412,"gastropoda",102,"gastropoda"
"256","Saccharina","Pabay_13_11_21_3","Pabay","13_11_2021",13,11,2021,"zooplankton",3412,"holoplankton",3090,"holoplankton"
"257","Saccharina","Pabay_13_11_21_3","Pabay","13_11_2021",13,11,2021,"zooplankton",3412,"meroplankton",323,"meroplankton"
"258","Saccharina","Pabay_13_11_21_3","Pabay","13_11_2021",13,11,2021,"zooplankton",3412,"microfibers",2,"microfibers"
"259","Saccharina","Pabay_13_11_21_3","Pabay","13_11_2021",13,11,2021,"zooplankton",3412,"ophiura_larvae",17,"ophiura_larvae"
"260","Saccharina","Pabay_13_11_21_3","Pabay","13_11_2021",13,11,2021,"zooplankton",3412,"sabellariidae",68,"sabellariidae"
"261","Saccharina","Pabay_13_11_21_3","Pabay","13_11_2021",13,11,2021,"zooplankton",3412,"total_copepoda",3022,"total_copepoda"
"262","Saccharina","Pabay_13_11_21_3","Pabay","13_11_2021",13,11,2021,"zooplankton",3412,"total_polychaeta",68,"total_polychaeta"
"263","Alaria","Pabay_14_1_22_1","Pabay","14_1_2022",14,1,2022,"zooplankton",1038,"bivalvia",153,"bivalvia"
"264","Alaria","Pabay_14_1_22_1","Pabay","14_1_2022",14,1,2022,"zooplankton",1038,"bryozoa",17,"bryozoa"
"265","Alaria","Pabay_14_1_22_1","Pabay","14_1_2022",14,1,2022,"zooplankton",1038,"copepod_nauplii",102,"copepod_nauplii"
"266","Alaria","Pabay_14_1_22_1","Pabay","14_1_2022",14,1,2022,"zooplankton",1038,"copepods",475,"copepods"
"267","Alaria","Pabay_14_1_22_1","Pabay","14_1_2022",14,1,2022,"zooplankton",1038,"gastropoda",34,"gastropoda"
"268","Alaria","Pabay_14_1_22_1","Pabay","14_1_2022",14,1,2022,"zooplankton",1038,"holoplankton",613,"holoplankton"
"269","Alaria","Pabay_14_1_22_1","Pabay","14_1_2022",14,1,2022,"zooplankton",1038,"meroplankton",424,"meroplankton"
"270","Alaria","Pabay_14_1_22_1","Pabay","14_1_2022",14,1,2022,"zooplankton",1038,"microfibers",2,"microfibers"
"271","Alaria","Pabay_14_1_22_1","Pabay","14_1_2022",14,1,2022,"zooplankton",1038,"mp_fragments",2,"mp_fragments"
"272","Alaria","Pabay_14_1_22_1","Pabay","14_1_2022",14,1,2022,"zooplankton",1038,"sabellariidae",204,"sabellariidae"
"273","Alaria","Pabay_14_1_22_1","Pabay","14_1_2022",14,1,2022,"zooplankton",1038,"sea_urchin_larvae",17,"sea_urchin_larvae"
"274","Alaria","Pabay_14_1_22_1","Pabay","14_1_2022",14,1,2022,"zooplankton",1038,"total_balanoida",2,"total_balanoida"
"275","Alaria","Pabay_14_1_22_1","Pabay","14_1_2022",14,1,2022,"zooplankton",1038,"total_copepoda",577,"total_copepoda"
"276","Alaria","Pabay_14_1_22_1","Pabay","14_1_2022",14,1,2022,"zooplankton",1038,"total_polychaeta",204,"total_polychaeta"
"277","Saccharina","Pabay_14_1_22_1","Pabay","14_1_2022",14,1,2022,"zooplankton",1038,"bivalvia",153,"bivalvia"
"278","Saccharina","Pabay_14_1_22_1","Pabay","14_1_2022",14,1,2022,"zooplankton",1038,"bryozoa",17,"bryozoa"
"279","Saccharina","Pabay_14_1_22_1","Pabay","14_1_2022",14,1,2022,"zooplankton",1038,"copepod_nauplii",102,"copepod_nauplii"
"280","Saccharina","Pabay_14_1_22_1","Pabay","14_1_2022",14,1,2022,"zooplankton",1038,"copepods",475,"copepods"
"281","Saccharina","Pabay_14_1_22_1","Pabay","14_1_2022",14,1,2022,"zooplankton",1038,"gastropoda",34,"gastropoda"
"282","Saccharina","Pabay_14_1_22_1","Pabay","14_1_2022",14,1,2022,"zooplankton",1038,"holoplankton",613,"holoplankton"
"283","Saccharina","Pabay_14_1_22_1","Pabay","14_1_2022",14,1,2022,"zooplankton",1038,"meroplankton",424,"meroplankton"
"284","Saccharina","Pabay_14_1_22_1","Pabay","14_1_2022",14,1,2022,"zooplankton",1038,"microfibers",2,"microfibers"
"285","Saccharina","Pabay_14_1_22_1","Pabay","14_1_2022",14,1,2022,"zooplankton",1038,"mp_fragments",2,"mp_fragments"
"286","Saccharina","Pabay_14_1_22_1","Pabay","14_1_2022",14,1,2022,"zooplankton",1038,"sabellariidae",204,"sabellariidae"
"287","Saccharina","Pabay_14_1_22_1","Pabay","14_1_2022",14,1,2022,"zooplankton",1038,"sea_urchin_larvae",17,"sea_urchin_larvae"
"288","Saccharina","Pabay_14_1_22_1","Pabay","14_1_2022",14,1,2022,"zooplankton",1038,"total_balanoida",2,"total_balanoida"
"289","Saccharina","Pabay_14_1_22_1","Pabay","14_1_2022",14,1,2022,"zooplankton",1038,"total_copepoda",577,"total_copepoda"
"290","Saccharina","Pabay_14_1_22_1","Pabay","14_1_2022",14,1,2022,"zooplankton",1038,"total_polychaeta",204,"total_polychaeta"
"291","Alaria","Pabay_14_1_22_2","Pabay","14_1_2022",14,1,2022,"zooplankton",1241,"bivalvia",238,"bivalvia"
"292","Alaria","Pabay_14_1_22_2","Pabay","14_1_2022",14,1,2022,"zooplankton",1241,"bryozoa",51,"bryozoa"
"293","Alaria","Pabay_14_1_22_2","Pabay","14_1_2022",14,1,2022,"zooplankton",1241,"copepod_nauplii",136,"copepod_nauplii"
"294","Alaria","Pabay_14_1_22_2","Pabay","14_1_2022",14,1,2022,"zooplankton",1241,"copepods",543,"copepods"
"295","Alaria","Pabay_14_1_22_2","Pabay","14_1_2022",14,1,2022,"zooplankton",1241,"evadne",17,"evadne"
"296","Alaria","Pabay_14_1_22_2","Pabay","14_1_2022",14,1,2022,"zooplankton",1241,"gastropoda",68,"gastropoda"
"297","Alaria","Pabay_14_1_22_2","Pabay","14_1_2022",14,1,2022,"zooplankton",1241,"holoplankton",713,"holoplankton"
"298","Alaria","Pabay_14_1_22_2","Pabay","14_1_2022",14,1,2022,"zooplankton",1241,"meroplankton",528,"meroplankton"
"299","Alaria","Pabay_14_1_22_2","Pabay","14_1_2022",14,1,2022,"zooplankton",1241,"microfibers",17,"microfibers"
"300","Alaria","Pabay_14_1_22_2","Pabay","14_1_2022",14,1,2022,"zooplankton",1241,"sabellariidae",170,"sabellariidae"
"301","Alaria","Pabay_14_1_22_2","Pabay","14_1_2022",14,1,2022,"zooplankton",1241,"total_brachiopoda",17,"total_brachiopoda"
"302","Alaria","Pabay_14_1_22_2","Pabay","14_1_2022",14,1,2022,"zooplankton",1241,"total_copepoda",679,"total_copepoda"
"303","Alaria","Pabay_14_1_22_2","Pabay","14_1_2022",14,1,2022,"zooplankton",1241,"total_polychaeta",170,"total_polychaeta"
"304","Saccharina","Pabay_14_1_22_2","Pabay","14_1_2022",14,1,2022,"zooplankton",1241,"bivalvia",238,"bivalvia"
"305","Saccharina","Pabay_14_1_22_2","Pabay","14_1_2022",14,1,2022,"zooplankton",1241,"bryozoa",51,"bryozoa"
"306","Saccharina","Pabay_14_1_22_2","Pabay","14_1_2022",14,1,2022,"zooplankton",1241,"copepod_nauplii",136,"copepod_nauplii"
"307","Saccharina","Pabay_14_1_22_2","Pabay","14_1_2022",14,1,2022,"zooplankton",1241,"copepods",543,"copepods"
"308","Saccharina","Pabay_14_1_22_2","Pabay","14_1_2022",14,1,2022,"zooplankton",1241,"evadne",17,"evadne"
"309","Saccharina","Pabay_14_1_22_2","Pabay","14_1_2022",14,1,2022,"zooplankton",1241,"gastropoda",68,"gastropoda"
"310","Saccharina","Pabay_14_1_22_2","Pabay","14_1_2022",14,1,2022,"zooplankton",1241,"holoplankton",713,"holoplankton"
"311","Saccharina","Pabay_14_1_22_2","Pabay","14_1_2022",14,1,2022,"zooplankton",1241,"meroplankton",528,"meroplankton"
"312","Saccharina","Pabay_14_1_22_2","Pabay","14_1_2022",14,1,2022,"zooplankton",1241,"microfibers",17,"microfibers"
"313","Saccharina","Pabay_14_1_22_2","Pabay","14_1_2022",14,1,2022,"zooplankton",1241,"sabellariidae",170,"sabellariidae"
"314","Saccharina","Pabay_14_1_22_2","Pabay","14_1_2022",14,1,2022,"zooplankton",1241,"total_brachiopoda",17,"total_brachiopoda"
"315","Saccharina","Pabay_14_1_22_2","Pabay","14_1_2022",14,1,2022,"zooplankton",1241,"total_copepoda",679,"total_copepoda"
"316","Saccharina","Pabay_14_1_22_2","Pabay","14_1_2022",14,1,2022,"zooplankton",1241,"total_polychaeta",170,"total_polychaeta"
"317","Alaria","Pabay_14_1_22_3","Pabay","14_1_2022",14,1,2022,"zooplankton",2568,"bivalvia",407,"bivalvia"
"318","Alaria","Pabay_14_1_22_3","Pabay","14_1_2022",14,1,2022,"zooplankton",2568,"bryozoa",2,"bryozoa"
"319","Alaria","Pabay_14_1_22_3","Pabay","14_1_2022",14,1,2022,"zooplankton",2568,"copepod_nauplii",407,"copepod_nauplii"
"320","Alaria","Pabay_14_1_22_3","Pabay","14_1_2022",14,1,2022,"zooplankton",2568,"copepods",1137,"copepods"
"321","Alaria","Pabay_14_1_22_3","Pabay","14_1_2022",14,1,2022,"zooplankton",2568,"gastropoda",102,"gastropoda"
"322","Alaria","Pabay_14_1_22_3","Pabay","14_1_2022",14,1,2022,"zooplankton",2568,"holoplankton",1562,"holoplankton"
"323","Alaria","Pabay_14_1_22_3","Pabay","14_1_2022",14,1,2022,"zooplankton",2568,"meroplankton",1006,"meroplankton"
"324","Alaria","Pabay_14_1_22_3","Pabay","14_1_2022",14,1,2022,"zooplankton",2568,"mp_fragments",2,"mp_fragments"
"325","Alaria","Pabay_14_1_22_3","Pabay","14_1_2022",14,1,2022,"zooplankton",2568,"sabellariidae",475,"sabellariidae"
"326","Alaria","Pabay_14_1_22_3","Pabay","14_1_2022",14,1,2022,"zooplankton",2568,"sea_urchin_larvae",2,"sea_urchin_larvae"
"327","Alaria","Pabay_14_1_22_3","Pabay","14_1_2022",14,1,2022,"zooplankton",2568,"total_copepoda",1545,"total_copepoda"
"328","Alaria","Pabay_14_1_22_3","Pabay","14_1_2022",14,1,2022,"zooplankton",2568,"total_malacostraca",17,"total_malacostraca"
"329","Alaria","Pabay_14_1_22_3","Pabay","14_1_2022",14,1,2022,"zooplankton",2568,"total_polychaeta",475,"total_polychaeta"
"330","Saccharina","Pabay_14_1_22_3","Pabay","14_1_2022",14,1,2022,"zooplankton",2568,"bivalvia",407,"bivalvia"
"331","Saccharina","Pabay_14_1_22_3","Pabay","14_1_2022",14,1,2022,"zooplankton",2568,"bryozoa",2,"bryozoa"
"332","Saccharina","Pabay_14_1_22_3","Pabay","14_1_2022",14,1,2022,"zooplankton",2568,"copepod_nauplii",407,"copepod_nauplii"
"333","Saccharina","Pabay_14_1_22_3","Pabay","14_1_2022",14,1,2022,"zooplankton",2568,"copepods",1137,"copepods"
"334","Saccharina","Pabay_14_1_22_3","Pabay","14_1_2022",14,1,2022,"zooplankton",2568,"gastropoda",102,"gastropoda"
"335","Saccharina","Pabay_14_1_22_3","Pabay","14_1_2022",14,1,2022,"zooplankton",2568,"holoplankton",1562,"holoplankton"
"336","Saccharina","Pabay_14_1_22_3","Pabay","14_1_2022",14,1,2022,"zooplankton",2568,"meroplankton",1006,"meroplankton"
"337","Saccharina","Pabay_14_1_22_3","Pabay","14_1_2022",14,1,2022,"zooplankton",2568,"mp_fragments",2,"mp_fragments"
"338","Saccharina","Pabay_14_1_22_3","Pabay","14_1_2022",14,1,2022,"zooplankton",2568,"sabellariidae",475,"sabellariidae"
"339","Saccharina","Pabay_14_1_22_3","Pabay","14_1_2022",14,1,2022,"zooplankton",2568,"sea_urchin_larvae",2,"sea_urchin_larvae"
"340","Saccharina","Pabay_14_1_22_3","Pabay","14_1_2022",14,1,2022,"zooplankton",2568,"total_copepoda",1545,"total_copepoda"
"341","Saccharina","Pabay_14_1_22_3","Pabay","14_1_2022",14,1,2022,"zooplankton",2568,"total_malacostraca",17,"total_malacostraca"
"342","Saccharina","Pabay_14_1_22_3","Pabay","14_1_2022",14,1,2022,"zooplankton",2568,"total_polychaeta",475,"total_polychaeta"
"343","Alaria","Pabay_15_6_21_1","Pabay","15_6_2021",15,6,2021,"zooplankton",2075,"bivalvia",2,"bivalvia"
"344","Alaria","Pabay_15_6_21_1","Pabay","15_6_2021",15,6,2021,"zooplankton",2075,"copepod_nauplii",509,"copepod_nauplii"
"345","Alaria","Pabay_15_6_21_1","Pabay","15_6_2021",15,6,2021,"zooplankton",2075,"copepods",1451,"copepods"
"346","Alaria","Pabay_15_6_21_1","Pabay","15_6_2021",15,6,2021,"zooplankton",2075,"evadne",76,"evadne"
"347","Alaria","Pabay_15_6_21_1","Pabay","15_6_2021",15,6,2021,"zooplankton",2075,"fish_egg",2,"fish_egg"
"348","Alaria","Pabay_15_6_21_1","Pabay","15_6_2021",15,6,2021,"zooplankton",2075,"fish_larvae",2,"fish_larvae"
"349","Alaria","Pabay_15_6_21_1","Pabay","15_6_2021",15,6,2021,"zooplankton",2075,"gastropoda",2,"gastropoda"
"350","Alaria","Pabay_15_6_21_1","Pabay","15_6_2021",15,6,2021,"zooplankton",2075,"holoplankton",2043,"holoplankton"
"351","Alaria","Pabay_15_6_21_1","Pabay","15_6_2021",15,6,2021,"zooplankton",2075,"meroplankton",30,"meroplankton"
"352","Alaria","Pabay_15_6_21_1","Pabay","15_6_2021",15,6,2021,"zooplankton",2075,"microfibers",25,"microfibers"
"353","Alaria","Pabay_15_6_21_1","Pabay","15_6_2021",15,6,2021,"zooplankton",2075,"ophiura_larvae",25,"ophiura_larvae"
"354","Alaria","Pabay_15_6_21_1","Pabay","15_6_2021",15,6,2021,"zooplankton",2075,"sabellariidae",52,"sabellariidae"
"355","Alaria","Pabay_15_6_21_1","Pabay","15_6_2021",15,6,2021,"zooplankton",2075,"sagitta",2,"sagitta"
"356","Alaria","Pabay_15_6_21_1","Pabay","15_6_2021",15,6,2021,"zooplankton",2075,"total_brachiopoda",76,"total_brachiopoda"
"357","Alaria","Pabay_15_6_21_1","Pabay","15_6_2021",15,6,2021,"zooplankton",2075,"total_copepoda",1961,"total_copepoda"
"358","Alaria","Pabay_15_6_21_1","Pabay","15_6_2021",15,6,2021,"zooplankton",2075,"total_polychaeta",52,"total_polychaeta"
"359","Saccharina","Pabay_15_6_21_1","Pabay","15_6_2021",15,6,2021,"zooplankton",2075,"bivalvia",2,"bivalvia"
"360","Saccharina","Pabay_15_6_21_1","Pabay","15_6_2021",15,6,2021,"zooplankton",2075,"copepod_nauplii",509,"copepod_nauplii"
"361","Saccharina","Pabay_15_6_21_1","Pabay","15_6_2021",15,6,2021,"zooplankton",2075,"copepods",1451,"copepods"
"362","Saccharina","Pabay_15_6_21_1","Pabay","15_6_2021",15,6,2021,"zooplankton",2075,"evadne",76,"evadne"
"363","Saccharina","Pabay_15_6_21_1","Pabay","15_6_2021",15,6,2021,"zooplankton",2075,"fish_egg",2,"fish_egg"
"364","Saccharina","Pabay_15_6_21_1","Pabay","15_6_2021",15,6,2021,"zooplankton",2075,"fish_larvae",2,"fish_larvae"
"365","Saccharina","Pabay_15_6_21_1","Pabay","15_6_2021",15,6,2021,"zooplankton",2075,"gastropoda",2,"gastropoda"
"366","Saccharina","Pabay_15_6_21_1","Pabay","15_6_2021",15,6,2021,"zooplankton",2075,"holoplankton",2043,"holoplankton"
"367","Saccharina","Pabay_15_6_21_1","Pabay","15_6_2021",15,6,2021,"zooplankton",2075,"meroplankton",30,"meroplankton"
"368","Saccharina","Pabay_15_6_21_1","Pabay","15_6_2021",15,6,2021,"zooplankton",2075,"microfibers",25,"microfibers"
"369","Saccharina","Pabay_15_6_21_1","Pabay","15_6_2021",15,6,2021,"zooplankton",2075,"ophiura_larvae",25,"ophiura_larvae"
"370","Saccharina","Pabay_15_6_21_1","Pabay","15_6_2021",15,6,2021,"zooplankton",2075,"sabellariidae",52,"sabellariidae"
"371","Saccharina","Pabay_15_6_21_1","Pabay","15_6_2021",15,6,2021,"zooplankton",2075,"sagitta",2,"sagitta"
"372","Saccharina","Pabay_15_6_21_1","Pabay","15_6_2021",15,6,2021,"zooplankton",2075,"total_brachiopoda",76,"total_brachiopoda"
"373","Saccharina","Pabay_15_6_21_1","Pabay","15_6_2021",15,6,2021,"zooplankton",2075,"total_copepoda",1961,"total_copepoda"
"374","Saccharina","Pabay_15_6_21_1","Pabay","15_6_2021",15,6,2021,"zooplankton",2075,"total_polychaeta",52,"total_polychaeta"
"375","Alaria","Pabay_15_6_21_2","Pabay","15_6_2021",15,6,2021,"zooplankton",13753,"bivalvia",3336,"bivalvia"
"376","Alaria","Pabay_15_6_21_2","Pabay","15_6_2021",15,6,2021,"zooplankton",13753,"copepod_nauplii",6825,"copepod_nauplii"
"377","Alaria","Pabay_15_6_21_2","Pabay","15_6_2021",15,6,2021,"zooplankton",13753,"copepods",2954,"copepods"
"378","Alaria","Pabay_15_6_21_2","Pabay","15_6_2021",15,6,2021,"zooplankton",13753,"fish_egg",25,"fish_egg"
"379","Alaria","Pabay_15_6_21_2","Pabay","15_6_2021",15,6,2021,"zooplankton",13753,"gastropoda",509,"gastropoda"
"380","Alaria","Pabay_15_6_21_2","Pabay","15_6_2021",15,6,2021,"zooplankton",13753,"holoplankton",9906,"holoplankton"
"381","Alaria","Pabay_15_6_21_2","Pabay","15_6_2021",15,6,2021,"zooplankton",13753,"meroplankton",3847,"meroplankton"
"382","Alaria","Pabay_15_6_21_2","Pabay","15_6_2021",15,6,2021,"zooplankton",13753,"microfibers",76,"microfibers"
"383","Alaria","Pabay_15_6_21_2","Pabay","15_6_2021",15,6,2021,"zooplankton",13753,"mp_fragments",25,"mp_fragments"
"384","Alaria","Pabay_15_6_21_2","Pabay","15_6_2021",15,6,2021,"zooplankton",13753,"sabellariidae",51,"sabellariidae"
"385","Alaria","Pabay_15_6_21_2","Pabay","15_6_2021",15,6,2021,"zooplankton",13753,"spionida",2,"spionida"
"386","Alaria","Pabay_15_6_21_2","Pabay","15_6_2021",15,6,2021,"zooplankton",13753,"total_copepoda",9778,"total_copepoda"
"387","Alaria","Pabay_15_6_21_2","Pabay","15_6_2021",15,6,2021,"zooplankton",13753,"total_hydrozoa",2,"total_hydrozoa"
"388","Alaria","Pabay_15_6_21_2","Pabay","15_6_2021",15,6,2021,"zooplankton",13753,"total_polychaeta",53,"total_polychaeta"
"389","Alaria","Pabay_15_6_21_2","Pabay","15_6_2021",15,6,2021,"zooplankton",13753,"unknown_jellies",2,"unknown_jellies"
"390","Saccharina","Pabay_15_6_21_2","Pabay","15_6_2021",15,6,2021,"zooplankton",13753,"bivalvia",3336,"bivalvia"
"391","Saccharina","Pabay_15_6_21_2","Pabay","15_6_2021",15,6,2021,"zooplankton",13753,"copepod_nauplii",6825,"copepod_nauplii"
"392","Saccharina","Pabay_15_6_21_2","Pabay","15_6_2021",15,6,2021,"zooplankton",13753,"copepods",2954,"copepods"
"393","Saccharina","Pabay_15_6_21_2","Pabay","15_6_2021",15,6,2021,"zooplankton",13753,"fish_egg",25,"fish_egg"
"394","Saccharina","Pabay_15_6_21_2","Pabay","15_6_2021",15,6,2021,"zooplankton",13753,"gastropoda",509,"gastropoda"
"395","Saccharina","Pabay_15_6_21_2","Pabay","15_6_2021",15,6,2021,"zooplankton",13753,"holoplankton",9906,"holoplankton"
"396","Saccharina","Pabay_15_6_21_2","Pabay","15_6_2021",15,6,2021,"zooplankton",13753,"meroplankton",3847,"meroplankton"
"397","Saccharina","Pabay_15_6_21_2","Pabay","15_6_2021",15,6,2021,"zooplankton",13753,"microfibers",76,"microfibers"
"398","Saccharina","Pabay_15_6_21_2","Pabay","15_6_2021",15,6,2021,"zooplankton",13753,"mp_fragments",25,"mp_fragments"
"399","Saccharina","Pabay_15_6_21_2","Pabay","15_6_2021",15,6,2021,"zooplankton",13753,"sabellariidae",51,"sabellariidae"
"400","Saccharina","Pabay_15_6_21_2","Pabay","15_6_2021",15,6,2021,"zooplankton",13753,"spionida",2,"spionida"
"401","Saccharina","Pabay_15_6_21_2","Pabay","15_6_2021",15,6,2021,"zooplankton",13753,"total_copepoda",9778,"total_copepoda"
"402","Saccharina","Pabay_15_6_21_2","Pabay","15_6_2021",15,6,2021,"zooplankton",13753,"total_hydrozoa",2,"total_hydrozoa"
"403","Saccharina","Pabay_15_6_21_2","Pabay","15_6_2021",15,6,2021,"zooplankton",13753,"total_polychaeta",53,"total_polychaeta"
"404","Saccharina","Pabay_15_6_21_2","Pabay","15_6_2021",15,6,2021,"zooplankton",13753,"unknown_jellies",2,"unknown_jellies"
"405","Alaria","Pabay_15_6_21_3","Pabay","15_6_2021",15,6,2021,"zooplankton",7914,"bivalvia",1669,"bivalvia"
"406","Alaria","Pabay_15_6_21_3","Pabay","15_6_2021",15,6,2021,"zooplankton",7914,"copepod_nauplii",3667,"copepod_nauplii"
"407","Alaria","Pabay_15_6_21_3","Pabay","15_6_2021",15,6,2021,"zooplankton",7914,"copepods",2202.5,"copepods"
"408","Alaria","Pabay_15_6_21_3","Pabay","15_6_2021",15,6,2021,"zooplankton",7914,"evadne",38,"evadne"
"409","Alaria","Pabay_15_6_21_3","Pabay","15_6_2021",15,6,2021,"zooplankton",7914,"fish_egg",13.5,"fish_egg"
"410","Alaria","Pabay_15_6_21_3","Pabay","15_6_2021",15,6,2021,"zooplankton",7914,"fish_larvae",1,"fish_larvae"
"411","Alaria","Pabay_15_6_21_3","Pabay","15_6_2021",15,6,2021,"zooplankton",7914,"gastropoda",255.5,"gastropoda"
"412","Alaria","Pabay_15_6_21_3","Pabay","15_6_2021",15,6,2021,"zooplankton",7914,"holoplankton",5974.5,"holoplankton"
"413","Alaria","Pabay_15_6_21_3","Pabay","15_6_2021",15,6,2021,"zooplankton",7914,"meroplankton",1938.5,"meroplankton"
"414","Alaria","Pabay_15_6_21_3","Pabay","15_6_2021",15,6,2021,"zooplankton",7914,"microfibers",50.5,"microfibers"
"415","Alaria","Pabay_15_6_21_3","Pabay","15_6_2021",15,6,2021,"zooplankton",7914,"mp_fragments",12.5,"mp_fragments"
"416","Alaria","Pabay_15_6_21_3","Pabay","15_6_2021",15,6,2021,"zooplankton",7914,"ophiura_larvae",12.5,"ophiura_larvae"
"417","Alaria","Pabay_15_6_21_3","Pabay","15_6_2021",15,6,2021,"zooplankton",7914,"sabellariidae",51.5,"sabellariidae"
"418","Alaria","Pabay_15_6_21_3","Pabay","15_6_2021",15,6,2021,"zooplankton",7914,"sagitta",1,"sagitta"
"419","Alaria","Pabay_15_6_21_3","Pabay","15_6_2021",15,6,2021,"zooplankton",7914,"spionida",1,"spionida"
"420","Alaria","Pabay_15_6_21_3","Pabay","15_6_2021",15,6,2021,"zooplankton",7914,"total_brachiopoda",38,"total_brachiopoda"
"421","Alaria","Pabay_15_6_21_3","Pabay","15_6_2021",15,6,2021,"zooplankton",7914,"total_copepoda",5869.5,"total_copepoda"
"422","Alaria","Pabay_15_6_21_3","Pabay","15_6_2021",15,6,2021,"zooplankton",7914,"total_hydrozoa",1,"total_hydrozoa"
"423","Alaria","Pabay_15_6_21_3","Pabay","15_6_2021",15,6,2021,"zooplankton",7914,"total_polychaeta",52.5,"total_polychaeta"
"424","Alaria","Pabay_15_6_21_3","Pabay","15_6_2021",15,6,2021,"zooplankton",7914,"unknown_jellies",1,"unknown_jellies"
"425","Saccharina","Pabay_15_6_21_3","Pabay","15_6_2021",15,6,2021,"zooplankton",7914,"bivalvia",1669,"bivalvia"
"426","Saccharina","Pabay_15_6_21_3","Pabay","15_6_2021",15,6,2021,"zooplankton",7914,"copepod_nauplii",3667,"copepod_nauplii"
"427","Saccharina","Pabay_15_6_21_3","Pabay","15_6_2021",15,6,2021,"zooplankton",7914,"copepods",2202.5,"copepods"
"428","Saccharina","Pabay_15_6_21_3","Pabay","15_6_2021",15,6,2021,"zooplankton",7914,"evadne",38,"evadne"
"429","Saccharina","Pabay_15_6_21_3","Pabay","15_6_2021",15,6,2021,"zooplankton",7914,"fish_egg",13.5,"fish_egg"
"430","Saccharina","Pabay_15_6_21_3","Pabay","15_6_2021",15,6,2021,"zooplankton",7914,"fish_larvae",1,"fish_larvae"
"431","Saccharina","Pabay_15_6_21_3","Pabay","15_6_2021",15,6,2021,"zooplankton",7914,"gastropoda",255.5,"gastropoda"
"432","Saccharina","Pabay_15_6_21_3","Pabay","15_6_2021",15,6,2021,"zooplankton",7914,"holoplankton",5974.5,"holoplankton"
"433","Saccharina","Pabay_15_6_21_3","Pabay","15_6_2021",15,6,2021,"zooplankton",7914,"meroplankton",1938.5,"meroplankton"
"434","Saccharina","Pabay_15_6_21_3","Pabay","15_6_2021",15,6,2021,"zooplankton",7914,"microfibers",50.5,"microfibers"
"435","Saccharina","Pabay_15_6_21_3","Pabay","15_6_2021",15,6,2021,"zooplankton",7914,"mp_fragments",12.5,"mp_fragments"
"436","Saccharina","Pabay_15_6_21_3","Pabay","15_6_2021",15,6,2021,"zooplankton",7914,"ophiura_larvae",12.5,"ophiura_larvae"
"437","Saccharina","Pabay_15_6_21_3","Pabay","15_6_2021",15,6,2021,"zooplankton",7914,"sabellariidae",51.5,"sabellariidae"
"438","Saccharina","Pabay_15_6_21_3","Pabay","15_6_2021",15,6,2021,"zooplankton",7914,"sagitta",1,"sagitta"
"439","Saccharina","Pabay_15_6_21_3","Pabay","15_6_2021",15,6,2021,"zooplankton",7914,"spionida",1,"spionida"
"440","Saccharina","Pabay_15_6_21_3","Pabay","15_6_2021",15,6,2021,"zooplankton",7914,"total_brachiopoda",38,"total_brachiopoda"
"441","Saccharina","Pabay_15_6_21_3","Pabay","15_6_2021",15,6,2021,"zooplankton",7914,"total_copepoda",5869.5,"total_copepoda"
"442","Saccharina","Pabay_15_6_21_3","Pabay","15_6_2021",15,6,2021,"zooplankton",7914,"total_hydrozoa",1,"total_hydrozoa"
"443","Saccharina","Pabay_15_6_21_3","Pabay","15_6_2021",15,6,2021,"zooplankton",7914,"total_polychaeta",52.5,"total_polychaeta"
"444","Saccharina","Pabay_15_6_21_3","Pabay","15_6_2021",15,6,2021,"zooplankton",7914,"unknown_jellies",1,"unknown_jellies"
"445","Alaria","Pabay_15_7_22_1","Pabay","15_7_2022",15,7,2022,"zooplankton",17412,"bivalvia",2785,"bivalvia"
"446","Alaria","Pabay_15_7_22_1","Pabay","15_7_2022",15,7,2022,"zooplankton",17412,"bryozoa",102,"bryozoa"
"447","Alaria","Pabay_15_7_22_1","Pabay","15_7_2022",15,7,2022,"zooplankton",17412,"copepod_nauplii",1868,"copepod_nauplii"
"448","Alaria","Pabay_15_7_22_1","Pabay","15_7_2022",15,7,2022,"zooplankton",17412,"copepods",8709,"copepods"
"449","Alaria","Pabay_15_7_22_1","Pabay","15_7_2022",15,7,2022,"zooplankton",17412,"ctenophore",2,"ctenophore"
"450","Alaria","Pabay_15_7_22_1","Pabay","15_7_2022",15,7,2022,"zooplankton",17412,"evadne",3005,"evadne"
"451","Alaria","Pabay_15_7_22_1","Pabay","15_7_2022",15,7,2022,"zooplankton",17412,"fish_egg",2,"fish_egg"
"452","Alaria","Pabay_15_7_22_1","Pabay","15_7_2022",15,7,2022,"zooplankton",17412,"gastropoda",102,"gastropoda"
"453","Alaria","Pabay_15_7_22_1","Pabay","15_7_2022",15,7,2022,"zooplankton",17412,"holoplankton",14195,"holoplankton"
"454","Alaria","Pabay_15_7_22_1","Pabay","15_7_2022",15,7,2022,"zooplankton",17412,"hydroids",2,"hydroids"
"455","Alaria","Pabay_15_7_22_1","Pabay","15_7_2022",15,7,2022,"zooplankton",17412,"lizzia_blondina",35,"lizzia_blondina"
"456","Alaria","Pabay_15_7_22_1","Pabay","15_7_2022",15,7,2022,"zooplankton",17412,"meroplankton",3217,"meroplankton"
"457","Alaria","Pabay_15_7_22_1","Pabay","15_7_2022",15,7,2022,"zooplankton",17412,"obelia",35,"obelia"
"458","Alaria","Pabay_15_7_22_1","Pabay","15_7_2022",15,7,2022,"zooplankton",17412,"ophiura_larvae",2,"ophiura_larvae"
"459","Alaria","Pabay_15_7_22_1","Pabay","15_7_2022",15,7,2022,"zooplankton",17412,"sabellariidae",51,"sabellariidae"
"460","Alaria","Pabay_15_7_22_1","Pabay","15_7_2022",15,7,2022,"zooplankton",17412,"spionida",88,"spionida"
"461","Alaria","Pabay_15_7_22_1","Pabay","15_7_2022",15,7,2022,"zooplankton",17412,"total_balanoida",16,"total_balanoida"
"462","Alaria","Pabay_15_7_22_1","Pabay","15_7_2022",15,7,2022,"zooplankton",17412,"total_brachiopoda",3005,"total_brachiopoda"
"463","Alaria","Pabay_15_7_22_1","Pabay","15_7_2022",15,7,2022,"zooplankton",17412,"total_copepoda",10577,"total_copepoda"
"464","Alaria","Pabay_15_7_22_1","Pabay","15_7_2022",15,7,2022,"zooplankton",17412,"total_hydrozoa",71,"total_hydrozoa"
"465","Alaria","Pabay_15_7_22_1","Pabay","15_7_2022",15,7,2022,"zooplankton",17412,"total_malacostraca",16,"total_malacostraca"
"466","Alaria","Pabay_15_7_22_1","Pabay","15_7_2022",15,7,2022,"zooplankton",17412,"total_polychaeta",139,"total_polychaeta"
"467","Saccharina","Pabay_15_7_22_1","Pabay","15_7_2022",15,7,2022,"zooplankton",17412,"bivalvia",2785,"bivalvia"
"468","Saccharina","Pabay_15_7_22_1","Pabay","15_7_2022",15,7,2022,"zooplankton",17412,"bryozoa",102,"bryozoa"
"469","Saccharina","Pabay_15_7_22_1","Pabay","15_7_2022",15,7,2022,"zooplankton",17412,"copepod_nauplii",1868,"copepod_nauplii"
"470","Saccharina","Pabay_15_7_22_1","Pabay","15_7_2022",15,7,2022,"zooplankton",17412,"copepods",8709,"copepods"
"471","Saccharina","Pabay_15_7_22_1","Pabay","15_7_2022",15,7,2022,"zooplankton",17412,"ctenophore",2,"ctenophore"
"472","Saccharina","Pabay_15_7_22_1","Pabay","15_7_2022",15,7,2022,"zooplankton",17412,"evadne",3005,"evadne"
"473","Saccharina","Pabay_15_7_22_1","Pabay","15_7_2022",15,7,2022,"zooplankton",17412,"fish_egg",2,"fish_egg"
"474","Saccharina","Pabay_15_7_22_1","Pabay","15_7_2022",15,7,2022,"zooplankton",17412,"gastropoda",102,"gastropoda"
"475","Saccharina","Pabay_15_7_22_1","Pabay","15_7_2022",15,7,2022,"zooplankton",17412,"holoplankton",14195,"holoplankton"
"476","Saccharina","Pabay_15_7_22_1","Pabay","15_7_2022",15,7,2022,"zooplankton",17412,"hydroids",2,"hydroids"
"477","Saccharina","Pabay_15_7_22_1","Pabay","15_7_2022",15,7,2022,"zooplankton",17412,"lizzia_blondina",35,"lizzia_blondina"
"478","Saccharina","Pabay_15_7_22_1","Pabay","15_7_2022",15,7,2022,"zooplankton",17412,"meroplankton",3217,"meroplankton"
"479","Saccharina","Pabay_15_7_22_1","Pabay","15_7_2022",15,7,2022,"zooplankton",17412,"obelia",35,"obelia"
"480","Saccharina","Pabay_15_7_22_1","Pabay","15_7_2022",15,7,2022,"zooplankton",17412,"ophiura_larvae",2,"ophiura_larvae"
"481","Saccharina","Pabay_15_7_22_1","Pabay","15_7_2022",15,7,2022,"zooplankton",17412,"sabellariidae",51,"sabellariidae"
"482","Saccharina","Pabay_15_7_22_1","Pabay","15_7_2022",15,7,2022,"zooplankton",17412,"spionida",88,"spionida"
"483","Saccharina","Pabay_15_7_22_1","Pabay","15_7_2022",15,7,2022,"zooplankton",17412,"total_balanoida",16,"total_balanoida"
"484","Saccharina","Pabay_15_7_22_1","Pabay","15_7_2022",15,7,2022,"zooplankton",17412,"total_brachiopoda",3005,"total_brachiopoda"
"485","Saccharina","Pabay_15_7_22_1","Pabay","15_7_2022",15,7,2022,"zooplankton",17412,"total_copepoda",10577,"total_copepoda"
"486","Saccharina","Pabay_15_7_22_1","Pabay","15_7_2022",15,7,2022,"zooplankton",17412,"total_hydrozoa",71,"total_hydrozoa"
"487","Saccharina","Pabay_15_7_22_1","Pabay","15_7_2022",15,7,2022,"zooplankton",17412,"total_malacostraca",16,"total_malacostraca"
"488","Saccharina","Pabay_15_7_22_1","Pabay","15_7_2022",15,7,2022,"zooplankton",17412,"total_polychaeta",139,"total_polychaeta"
"489","Alaria","Pabay_15_7_22_2","Pabay","15_7_2022",15,7,2022,"zooplankton",15621,"bivalvia",1833,"bivalvia"
"490","Alaria","Pabay_15_7_22_2","Pabay","15_7_2022",15,7,2022,"zooplankton",15621,"bryozoa",136,"bryozoa"
"491","Alaria","Pabay_15_7_22_2","Pabay","15_7_2022",15,7,2022,"zooplankton",15621,"copepod_nauplii",2445,"copepod_nauplii"
"492","Alaria","Pabay_15_7_22_2","Pabay","15_7_2022",15,7,2022,"zooplankton",15621,"copepods",8403,"copepods"
"493","Alaria","Pabay_15_7_22_2","Pabay","15_7_2022",15,7,2022,"zooplankton",15621,"ctenophore",16,"ctenophore"
"494","Alaria","Pabay_15_7_22_2","Pabay","15_7_2022",15,7,2022,"zooplankton",15621,"decapoda_larvae",16,"decapoda_larvae"
"495","Alaria","Pabay_15_7_22_2","Pabay","15_7_2022",15,7,2022,"zooplankton",15621,"evadne",2088,"evadne"
"496","Alaria","Pabay_15_7_22_2","Pabay","15_7_2022",15,7,2022,"zooplankton",15621,"fish_egg",35,"fish_egg"
"497","Alaria","Pabay_15_7_22_2","Pabay","15_7_2022",15,7,2022,"zooplankton",15621,"gastropoda",67,"gastropoda"
"498","Alaria","Pabay_15_7_22_2","Pabay","15_7_2022",15,7,2022,"zooplankton",15621,"holoplankton",13360,"holoplankton"
"499","Alaria","Pabay_15_7_22_2","Pabay","15_7_2022",15,7,2022,"zooplankton",15621,"hydroids",2,"hydroids"
"500","Alaria","Pabay_15_7_22_2","Pabay","15_7_2022",15,7,2022,"zooplankton",15621,"lizzia_blondina",2,"lizzia_blondina"
"501","Alaria","Pabay_15_7_22_2","Pabay","15_7_2022",15,7,2022,"zooplankton",15621,"meroplankton",2261,"meroplankton"
"502","Alaria","Pabay_15_7_22_2","Pabay","15_7_2022",15,7,2022,"zooplankton",15621,"obelia",35,"obelia"
"503","Alaria","Pabay_15_7_22_2","Pabay","15_7_2022",15,7,2022,"zooplankton",15621,"ophiura_larvae",86,"ophiura_larvae"
"504","Alaria","Pabay_15_7_22_2","Pabay","15_7_2022",15,7,2022,"zooplankton",15621,"podon",16,"podon"
"505","Alaria","Pabay_15_7_22_2","Pabay","15_7_2022",15,7,2022,"zooplankton",15621,"sabellariidae",16,"sabellariidae"
"506","Alaria","Pabay_15_7_22_2","Pabay","15_7_2022",15,7,2022,"zooplankton",15621,"solmaris_corona",16,"solmaris_corona"
"507","Alaria","Pabay_15_7_22_2","Pabay","15_7_2022",15,7,2022,"zooplankton",15621,"spionida",35,"spionida"
"508","Alaria","Pabay_15_7_22_2","Pabay","15_7_2022",15,7,2022,"zooplankton",15621,"total_balanoida",51,"total_balanoida"
"509","Alaria","Pabay_15_7_22_2","Pabay","15_7_2022",15,7,2022,"zooplankton",15621,"total_brachiopoda",2104,"total_brachiopoda"
"510","Alaria","Pabay_15_7_22_2","Pabay","15_7_2022",15,7,2022,"zooplankton",15621,"total_copepoda",10848,"total_copepoda"
"511","Alaria","Pabay_15_7_22_2","Pabay","15_7_2022",15,7,2022,"zooplankton",15621,"total_hydrozoa",39,"total_hydrozoa"
"512","Alaria","Pabay_15_7_22_2","Pabay","15_7_2022",15,7,2022,"zooplankton",15621,"total_malacostraca",33,"total_malacostraca"
"513","Alaria","Pabay_15_7_22_2","Pabay","15_7_2022",15,7,2022,"zooplankton",15621,"total_polychaeta",51,"total_polychaeta"
"514","Saccharina","Pabay_15_7_22_2","Pabay","15_7_2022",15,7,2022,"zooplankton",15621,"bivalvia",1833,"bivalvia"
"515","Saccharina","Pabay_15_7_22_2","Pabay","15_7_2022",15,7,2022,"zooplankton",15621,"bryozoa",136,"bryozoa"
"516","Saccharina","Pabay_15_7_22_2","Pabay","15_7_2022",15,7,2022,"zooplankton",15621,"copepod_nauplii",2445,"copepod_nauplii"
"517","Saccharina","Pabay_15_7_22_2","Pabay","15_7_2022",15,7,2022,"zooplankton",15621,"copepods",8403,"copepods"
"518","Saccharina","Pabay_15_7_22_2","Pabay","15_7_2022",15,7,2022,"zooplankton",15621,"ctenophore",16,"ctenophore"
"519","Saccharina","Pabay_15_7_22_2","Pabay","15_7_2022",15,7,2022,"zooplankton",15621,"decapoda_larvae",16,"decapoda_larvae"
"520","Saccharina","Pabay_15_7_22_2","Pabay","15_7_2022",15,7,2022,"zooplankton",15621,"evadne",2088,"evadne"
"521","Saccharina","Pabay_15_7_22_2","Pabay","15_7_2022",15,7,2022,"zooplankton",15621,"fish_egg",35,"fish_egg"
"522","Saccharina","Pabay_15_7_22_2","Pabay","15_7_2022",15,7,2022,"zooplankton",15621,"gastropoda",67,"gastropoda"
"523","Saccharina","Pabay_15_7_22_2","Pabay","15_7_2022",15,7,2022,"zooplankton",15621,"holoplankton",13360,"holoplankton"
"524","Saccharina","Pabay_15_7_22_2","Pabay","15_7_2022",15,7,2022,"zooplankton",15621,"hydroids",2,"hydroids"
"525","Saccharina","Pabay_15_7_22_2","Pabay","15_7_2022",15,7,2022,"zooplankton",15621,"lizzia_blondina",2,"lizzia_blondina"
"526","Saccharina","Pabay_15_7_22_2","Pabay","15_7_2022",15,7,2022,"zooplankton",15621,"meroplankton",2261,"meroplankton"
"527","Saccharina","Pabay_15_7_22_2","Pabay","15_7_2022",15,7,2022,"zooplankton",15621,"obelia",35,"obelia"
"528","Saccharina","Pabay_15_7_22_2","Pabay","15_7_2022",15,7,2022,"zooplankton",15621,"ophiura_larvae",86,"ophiura_larvae"
"529","Saccharina","Pabay_15_7_22_2","Pabay","15_7_2022",15,7,2022,"zooplankton",15621,"podon",16,"podon"
"530","Saccharina","Pabay_15_7_22_2","Pabay","15_7_2022",15,7,2022,"zooplankton",15621,"sabellariidae",16,"sabellariidae"
"531","Saccharina","Pabay_15_7_22_2","Pabay","15_7_2022",15,7,2022,"zooplankton",15621,"solmaris_corona",16,"solmaris_corona"
"532","Saccharina","Pabay_15_7_22_2","Pabay","15_7_2022",15,7,2022,"zooplankton",15621,"spionida",35,"spionida"
"533","Saccharina","Pabay_15_7_22_2","Pabay","15_7_2022",15,7,2022,"zooplankton",15621,"total_balanoida",51,"total_balanoida"
"534","Saccharina","Pabay_15_7_22_2","Pabay","15_7_2022",15,7,2022,"zooplankton",15621,"total_brachiopoda",2104,"total_brachiopoda"
"535","Saccharina","Pabay_15_7_22_2","Pabay","15_7_2022",15,7,2022,"zooplankton",15621,"total_copepoda",10848,"total_copepoda"
"536","Saccharina","Pabay_15_7_22_2","Pabay","15_7_2022",15,7,2022,"zooplankton",15621,"total_hydrozoa",39,"total_hydrozoa"
"537","Saccharina","Pabay_15_7_22_2","Pabay","15_7_2022",15,7,2022,"zooplankton",15621,"total_malacostraca",33,"total_malacostraca"
"538","Saccharina","Pabay_15_7_22_2","Pabay","15_7_2022",15,7,2022,"zooplankton",15621,"total_polychaeta",51,"total_polychaeta"
"539","Alaria","Pabay_15_7_22_3","Pabay","15_7_2022",15,7,2022,"zooplankton",22346,"bivalvia",1799,"bivalvia"
"540","Alaria","Pabay_15_7_22_3","Pabay","15_7_2022",15,7,2022,"zooplankton",22346,"bryozoa",204,"bryozoa"
"541","Alaria","Pabay_15_7_22_3","Pabay","15_7_2022",15,7,2022,"zooplankton",22346,"copepod_nauplii",3072,"copepod_nauplii"
"542","Alaria","Pabay_15_7_22_3","Pabay","15_7_2022",15,7,2022,"zooplankton",22346,"copepods",13582,"copepods"
"543","Alaria","Pabay_15_7_22_3","Pabay","15_7_2022",15,7,2022,"zooplankton",22346,"ctenophore",16,"ctenophore"
"544","Alaria","Pabay_15_7_22_3","Pabay","15_7_2022",15,7,2022,"zooplankton",22346,"evadne",2479,"evadne"
"545","Alaria","Pabay_15_7_22_3","Pabay","15_7_2022",15,7,2022,"zooplankton",22346,"gastropoda",238,"gastropoda"
"546","Alaria","Pabay_15_7_22_3","Pabay","15_7_2022",15,7,2022,"zooplankton",22346,"holoplankton",19812,"holoplankton"
"547","Alaria","Pabay_15_7_22_3","Pabay","15_7_2022",15,7,2022,"zooplankton",22346,"hydroids",16,"hydroids"
"548","Alaria","Pabay_15_7_22_3","Pabay","15_7_2022",15,7,2022,"zooplankton",22346,"meroplankton",2532,"meroplankton"
"549","Alaria","Pabay_15_7_22_3","Pabay","15_7_2022",15,7,2022,"zooplankton",22346,"nemertini_larvae",16,"nemertini_larvae"
"550","Alaria","Pabay_15_7_22_3","Pabay","15_7_2022",15,7,2022,"zooplankton",22346,"obelia",16,"obelia"
"551","Alaria","Pabay_15_7_22_3","Pabay","15_7_2022",15,7,2022,"zooplankton",22346,"ophiura_larvae",35,"ophiura_larvae"
"552","Alaria","Pabay_15_7_22_3","Pabay","15_7_2022",15,7,2022,"zooplankton",22346,"other_polychaetae_larvae",2,"other_polychaetae_larvae"
"553","Alaria","Pabay_15_7_22_3","Pabay","15_7_2022",15,7,2022,"zooplankton",22346,"sabellariidae",35,"sabellariidae"
"554","Alaria","Pabay_15_7_22_3","Pabay","15_7_2022",15,7,2022,"zooplankton",22346,"sagitta",2,"sagitta"
"555","Alaria","Pabay_15_7_22_3","Pabay","15_7_2022",15,7,2022,"zooplankton",22346,"sea_urchin_larvae",2,"sea_urchin_larvae"
"556","Alaria","Pabay_15_7_22_3","Pabay","15_7_2022",15,7,2022,"zooplankton",22346,"solmaris_corona",35,"solmaris_corona"
"557","Alaria","Pabay_15_7_22_3","Pabay","15_7_2022",15,7,2022,"zooplankton",22346,"spionida",153,"spionida"
"558","Alaria","Pabay_15_7_22_3","Pabay","15_7_2022",15,7,2022,"zooplankton",22346,"total_balanoida",51,"total_balanoida"
"559","Alaria","Pabay_15_7_22_3","Pabay","15_7_2022",15,7,2022,"zooplankton",22346,"total_brachiopoda",2479,"total_brachiopoda"
"560","Alaria","Pabay_15_7_22_3","Pabay","15_7_2022",15,7,2022,"zooplankton",22346,"total_copepoda",16654,"total_copepoda"
"561","Alaria","Pabay_15_7_22_3","Pabay","15_7_2022",15,7,2022,"zooplankton",22346,"total_hydrozoa",33,"total_hydrozoa"
"562","Alaria","Pabay_15_7_22_3","Pabay","15_7_2022",15,7,2022,"zooplankton",22346,"total_malacostraca",16,"total_malacostraca"
"563","Alaria","Pabay_15_7_22_3","Pabay","15_7_2022",15,7,2022,"zooplankton",22346,"total_polychaeta",189,"total_polychaeta"
"564","Saccharina","Pabay_15_7_22_3","Pabay","15_7_2022",15,7,2022,"zooplankton",22346,"bivalvia",1799,"bivalvia"
"565","Saccharina","Pabay_15_7_22_3","Pabay","15_7_2022",15,7,2022,"zooplankton",22346,"bryozoa",204,"bryozoa"
"566","Saccharina","Pabay_15_7_22_3","Pabay","15_7_2022",15,7,2022,"zooplankton",22346,"copepod_nauplii",3072,"copepod_nauplii"
"567","Saccharina","Pabay_15_7_22_3","Pabay","15_7_2022",15,7,2022,"zooplankton",22346,"copepods",13582,"copepods"
"568","Saccharina","Pabay_15_7_22_3","Pabay","15_7_2022",15,7,2022,"zooplankton",22346,"ctenophore",16,"ctenophore"
"569","Saccharina","Pabay_15_7_22_3","Pabay","15_7_2022",15,7,2022,"zooplankton",22346,"evadne",2479,"evadne"
"570","Saccharina","Pabay_15_7_22_3","Pabay","15_7_2022",15,7,2022,"zooplankton",22346,"gastropoda",238,"gastropoda"
"571","Saccharina","Pabay_15_7_22_3","Pabay","15_7_2022",15,7,2022,"zooplankton",22346,"holoplankton",19812,"holoplankton"
"572","Saccharina","Pabay_15_7_22_3","Pabay","15_7_2022",15,7,2022,"zooplankton",22346,"hydroids",16,"hydroids"
"573","Saccharina","Pabay_15_7_22_3","Pabay","15_7_2022",15,7,2022,"zooplankton",22346,"meroplankton",2532,"meroplankton"
"574","Saccharina","Pabay_15_7_22_3","Pabay","15_7_2022",15,7,2022,"zooplankton",22346,"nemertini_larvae",16,"nemertini_larvae"
"575","Saccharina","Pabay_15_7_22_3","Pabay","15_7_2022",15,7,2022,"zooplankton",22346,"obelia",16,"obelia"
"576","Saccharina","Pabay_15_7_22_3","Pabay","15_7_2022",15,7,2022,"zooplankton",22346,"ophiura_larvae",35,"ophiura_larvae"
"577","Saccharina","Pabay_15_7_22_3","Pabay","15_7_2022",15,7,2022,"zooplankton",22346,"other_polychaetae_larvae",2,"other_polychaetae_larvae"
"578","Saccharina","Pabay_15_7_22_3","Pabay","15_7_2022",15,7,2022,"zooplankton",22346,"sabellariidae",35,"sabellariidae"
"579","Saccharina","Pabay_15_7_22_3","Pabay","15_7_2022",15,7,2022,"zooplankton",22346,"sagitta",2,"sagitta"
"580","Saccharina","Pabay_15_7_22_3","Pabay","15_7_2022",15,7,2022,"zooplankton",22346,"sea_urchin_larvae",2,"sea_urchin_larvae"
"581","Saccharina","Pabay_15_7_22_3","Pabay","15_7_2022",15,7,2022,"zooplankton",22346,"solmaris_corona",35,"solmaris_corona"
"582","Saccharina","Pabay_15_7_22_3","Pabay","15_7_2022",15,7,2022,"zooplankton",22346,"spionida",153,"spionida"
"583","Saccharina","Pabay_15_7_22_3","Pabay","15_7_2022",15,7,2022,"zooplankton",22346,"total_balanoida",51,"total_balanoida"
"584","Saccharina","Pabay_15_7_22_3","Pabay","15_7_2022",15,7,2022,"zooplankton",22346,"total_brachiopoda",2479,"total_brachiopoda"
"585","Saccharina","Pabay_15_7_22_3","Pabay","15_7_2022",15,7,2022,"zooplankton",22346,"total_copepoda",16654,"total_copepoda"
"586","Saccharina","Pabay_15_7_22_3","Pabay","15_7_2022",15,7,2022,"zooplankton",22346,"total_hydrozoa",33,"total_hydrozoa"
"587","Saccharina","Pabay_15_7_22_3","Pabay","15_7_2022",15,7,2022,"zooplankton",22346,"total_malacostraca",16,"total_malacostraca"
"588","Saccharina","Pabay_15_7_22_3","Pabay","15_7_2022",15,7,2022,"zooplankton",22346,"total_polychaeta",189,"total_polychaeta"
"589","Alaria","Pabay_16_9_21_1","Pabay","16_9_2021",16,9,2021,"zooplankton",23875,"bivalvia",764,"bivalvia"
"590","Alaria","Pabay_16_9_21_1","Pabay","16_9_2021",16,9,2021,"zooplankton",23875,"bryozoa",2,"bryozoa"
"591","Alaria","Pabay_16_9_21_1","Pabay","16_9_2021",16,9,2021,"zooplankton",23875,"copepod_nauplii",11026,"copepod_nauplii"
"592","Alaria","Pabay_16_9_21_1","Pabay","16_9_2021",16,9,2021,"zooplankton",23875,"copepods",5399,"copepods"
"593","Alaria","Pabay_16_9_21_1","Pabay","16_9_2021",16,9,2021,"zooplankton",23875,"decapoda_larvae",178,"decapoda_larvae"
"594","Alaria","Pabay_16_9_21_1","Pabay","16_9_2021",16,9,2021,"zooplankton",23875,"evadne",76,"evadne"
"595","Alaria","Pabay_16_9_21_1","Pabay","16_9_2021",16,9,2021,"zooplankton",23875,"fish_egg",51,"fish_egg"
"596","Alaria","Pabay_16_9_21_1","Pabay","16_9_2021",16,9,2021,"zooplankton",23875,"gastropoda",1681,"gastropoda"
"597","Alaria","Pabay_16_9_21_1","Pabay","16_9_2021",16,9,2021,"zooplankton",23875,"holoplankton",20934,"holoplankton"
"598","Alaria","Pabay_16_9_21_1","Pabay","16_9_2021",16,9,2021,"zooplankton",23875,"meroplankton",2941,"meroplankton"
"599","Alaria","Pabay_16_9_21_1","Pabay","16_9_2021",16,9,2021,"zooplankton",23875,"microfibers",25,"microfibers"
"600","Alaria","Pabay_16_9_21_1","Pabay","16_9_2021",16,9,2021,"zooplankton",23875,"obelia",2,"obelia"
"601","Alaria","Pabay_16_9_21_1","Pabay","16_9_2021",16,9,2021,"zooplankton",23875,"ophiura_larvae",2,"ophiura_larvae"
"602","Alaria","Pabay_16_9_21_1","Pabay","16_9_2021",16,9,2021,"zooplankton",23875,"other_polychaetae_larvae",2,"other_polychaetae_larvae"
"603","Alaria","Pabay_16_9_21_1","Pabay","16_9_2021",16,9,2021,"zooplankton",23875,"podon",2,"podon"
"604","Alaria","Pabay_16_9_21_1","Pabay","16_9_2021",16,9,2021,"zooplankton",23875,"sabellariidae",306,"sabellariidae"
"605","Alaria","Pabay_16_9_21_1","Pabay","16_9_2021",16,9,2021,"zooplankton",23875,"spionida",2,"spionida"
"606","Alaria","Pabay_16_9_21_1","Pabay","16_9_2021",16,9,2021,"zooplankton",23875,"total_balanoida",76,"total_balanoida"
"607","Alaria","Pabay_16_9_21_1","Pabay","16_9_2021",16,9,2021,"zooplankton",23875,"total_brachiopoda",78,"total_brachiopoda"
"608","Alaria","Pabay_16_9_21_1","Pabay","16_9_2021",16,9,2021,"zooplankton",23875,"total_copepoda",16425,"total_copepoda"
"609","Alaria","Pabay_16_9_21_1","Pabay","16_9_2021",16,9,2021,"zooplankton",23875,"total_hydrozoa",2,"total_hydrozoa"
"610","Alaria","Pabay_16_9_21_1","Pabay","16_9_2021",16,9,2021,"zooplankton",23875,"total_malacostraca",178,"total_malacostraca"
"611","Alaria","Pabay_16_9_21_1","Pabay","16_9_2021",16,9,2021,"zooplankton",23875,"total_polychaeta",310,"total_polychaeta"
"612","Saccharina","Pabay_16_9_21_1","Pabay","16_9_2021",16,9,2021,"zooplankton",23875,"bivalvia",764,"bivalvia"
"613","Saccharina","Pabay_16_9_21_1","Pabay","16_9_2021",16,9,2021,"zooplankton",23875,"bryozoa",2,"bryozoa"
"614","Saccharina","Pabay_16_9_21_1","Pabay","16_9_2021",16,9,2021,"zooplankton",23875,"copepod_nauplii",11026,"copepod_nauplii"
"615","Saccharina","Pabay_16_9_21_1","Pabay","16_9_2021",16,9,2021,"zooplankton",23875,"copepods",5399,"copepods"
"616","Saccharina","Pabay_16_9_21_1","Pabay","16_9_2021",16,9,2021,"zooplankton",23875,"decapoda_larvae",178,"decapoda_larvae"
"617","Saccharina","Pabay_16_9_21_1","Pabay","16_9_2021",16,9,2021,"zooplankton",23875,"evadne",76,"evadne"
"618","Saccharina","Pabay_16_9_21_1","Pabay","16_9_2021",16,9,2021,"zooplankton",23875,"fish_egg",51,"fish_egg"
"619","Saccharina","Pabay_16_9_21_1","Pabay","16_9_2021",16,9,2021,"zooplankton",23875,"gastropoda",1681,"gastropoda"
"620","Saccharina","Pabay_16_9_21_1","Pabay","16_9_2021",16,9,2021,"zooplankton",23875,"holoplankton",20934,"holoplankton"
"621","Saccharina","Pabay_16_9_21_1","Pabay","16_9_2021",16,9,2021,"zooplankton",23875,"meroplankton",2941,"meroplankton"
"622","Saccharina","Pabay_16_9_21_1","Pabay","16_9_2021",16,9,2021,"zooplankton",23875,"microfibers",25,"microfibers"
"623","Saccharina","Pabay_16_9_21_1","Pabay","16_9_2021",16,9,2021,"zooplankton",23875,"obelia",2,"obelia"
"624","Saccharina","Pabay_16_9_21_1","Pabay","16_9_2021",16,9,2021,"zooplankton",23875,"ophiura_larvae",2,"ophiura_larvae"
"625","Saccharina","Pabay_16_9_21_1","Pabay","16_9_2021",16,9,2021,"zooplankton",23875,"other_polychaetae_larvae",2,"other_polychaetae_larvae"
"626","Saccharina","Pabay_16_9_21_1","Pabay","16_9_2021",16,9,2021,"zooplankton",23875,"podon",2,"podon"
"627","Saccharina","Pabay_16_9_21_1","Pabay","16_9_2021",16,9,2021,"zooplankton",23875,"sabellariidae",306,"sabellariidae"
"628","Saccharina","Pabay_16_9_21_1","Pabay","16_9_2021",16,9,2021,"zooplankton",23875,"spionida",2,"spionida"
"629","Saccharina","Pabay_16_9_21_1","Pabay","16_9_2021",16,9,2021,"zooplankton",23875,"total_balanoida",76,"total_balanoida"
"630","Saccharina","Pabay_16_9_21_1","Pabay","16_9_2021",16,9,2021,"zooplankton",23875,"total_brachiopoda",78,"total_brachiopoda"
"631","Saccharina","Pabay_16_9_21_1","Pabay","16_9_2021",16,9,2021,"zooplankton",23875,"total_copepoda",16425,"total_copepoda"
"632","Saccharina","Pabay_16_9_21_1","Pabay","16_9_2021",16,9,2021,"zooplankton",23875,"total_hydrozoa",2,"total_hydrozoa"
"633","Saccharina","Pabay_16_9_21_1","Pabay","16_9_2021",16,9,2021,"zooplankton",23875,"total_malacostraca",178,"total_malacostraca"
"634","Saccharina","Pabay_16_9_21_1","Pabay","16_9_2021",16,9,2021,"zooplankton",23875,"total_polychaeta",310,"total_polychaeta"
"635","Alaria","Pabay_16_9_21_2","Pabay","16_9_2021",16,9,2021,"zooplankton",19499,"bivalvia",509,"bivalvia"
"636","Alaria","Pabay_16_9_21_2","Pabay","16_9_2021",16,9,2021,"zooplankton",19499,"bryozoa",2,"bryozoa"
"637","Alaria","Pabay_16_9_21_2","Pabay","16_9_2021",16,9,2021,"zooplankton",19499,"copepod_nauplii",8590,"copepod_nauplii"
"638","Alaria","Pabay_16_9_21_2","Pabay","16_9_2021",16,9,2021,"zooplankton",19499,"copepods",5229,"copepods"
"639","Alaria","Pabay_16_9_21_2","Pabay","16_9_2021",16,9,2021,"zooplankton",19499,"decapoda_larvae",221,"decapoda_larvae"
"640","Alaria","Pabay_16_9_21_2","Pabay","16_9_2021",16,9,2021,"zooplankton",19499,"evadne",17,"evadne"
"641","Alaria","Pabay_16_9_21_2","Pabay","16_9_2021",16,9,2021,"zooplankton",19499,"fish_egg",34,"fish_egg"
"642","Alaria","Pabay_16_9_21_2","Pabay","16_9_2021",16,9,2021,"zooplankton",19499,"gastropoda",611,"gastropoda"
"643","Alaria","Pabay_16_9_21_2","Pabay","16_9_2021",16,9,2021,"zooplankton",19499,"holoplankton",17895,"holoplankton"
"644","Alaria","Pabay_16_9_21_2","Pabay","16_9_2021",16,9,2021,"zooplankton",19499,"lizzia_blondina",17,"lizzia_blondina"
"645","Alaria","Pabay_16_9_21_2","Pabay","16_9_2021",16,9,2021,"zooplankton",19499,"meroplankton",1604,"meroplankton"
"646","Alaria","Pabay_16_9_21_2","Pabay","16_9_2021",16,9,2021,"zooplankton",19499,"microfibers",17,"microfibers"
"647","Alaria","Pabay_16_9_21_2","Pabay","16_9_2021",16,9,2021,"zooplankton",19499,"obelia",2,"obelia"
"648","Alaria","Pabay_16_9_21_2","Pabay","16_9_2021",16,9,2021,"zooplankton",19499,"ophiura_larvae",2,"ophiura_larvae"
"649","Alaria","Pabay_16_9_21_2","Pabay","16_9_2021",16,9,2021,"zooplankton",19499,"podon",2,"podon"
"650","Alaria","Pabay_16_9_21_2","Pabay","16_9_2021",16,9,2021,"zooplankton",19499,"sabellariidae",221,"sabellariidae"
"651","Alaria","Pabay_16_9_21_2","Pabay","16_9_2021",16,9,2021,"zooplankton",19499,"stauridiosarsia_gemmifera",2,"stauridiosarsia_gemmifera"
"652","Alaria","Pabay_16_9_21_2","Pabay","16_9_2021",16,9,2021,"zooplankton",19499,"total_brachiopoda",19,"total_brachiopoda"
"653","Alaria","Pabay_16_9_21_2","Pabay","16_9_2021",16,9,2021,"zooplankton",19499,"total_copepoda",13819,"total_copepoda"
"654","Alaria","Pabay_16_9_21_2","Pabay","16_9_2021",16,9,2021,"zooplankton",19499,"total_hydrozoa",21,"total_hydrozoa"
"655","Alaria","Pabay_16_9_21_2","Pabay","16_9_2021",16,9,2021,"zooplankton",19499,"total_malacostraca",221,"total_malacostraca"
"656","Alaria","Pabay_16_9_21_2","Pabay","16_9_2021",16,9,2021,"zooplankton",19499,"total_polychaeta",221,"total_polychaeta"
"657","Saccharina","Pabay_16_9_21_2","Pabay","16_9_2021",16,9,2021,"zooplankton",19499,"bivalvia",509,"bivalvia"
"658","Saccharina","Pabay_16_9_21_2","Pabay","16_9_2021",16,9,2021,"zooplankton",19499,"bryozoa",2,"bryozoa"
"659","Saccharina","Pabay_16_9_21_2","Pabay","16_9_2021",16,9,2021,"zooplankton",19499,"copepod_nauplii",8590,"copepod_nauplii"
"660","Saccharina","Pabay_16_9_21_2","Pabay","16_9_2021",16,9,2021,"zooplankton",19499,"copepods",5229,"copepods"
"661","Saccharina","Pabay_16_9_21_2","Pabay","16_9_2021",16,9,2021,"zooplankton",19499,"decapoda_larvae",221,"decapoda_larvae"
"662","Saccharina","Pabay_16_9_21_2","Pabay","16_9_2021",16,9,2021,"zooplankton",19499,"evadne",17,"evadne"
"663","Saccharina","Pabay_16_9_21_2","Pabay","16_9_2021",16,9,2021,"zooplankton",19499,"fish_egg",34,"fish_egg"
"664","Saccharina","Pabay_16_9_21_2","Pabay","16_9_2021",16,9,2021,"zooplankton",19499,"gastropoda",611,"gastropoda"
"665","Saccharina","Pabay_16_9_21_2","Pabay","16_9_2021",16,9,2021,"zooplankton",19499,"holoplankton",17895,"holoplankton"
"666","Saccharina","Pabay_16_9_21_2","Pabay","16_9_2021",16,9,2021,"zooplankton",19499,"lizzia_blondina",17,"lizzia_blondina"
"667","Saccharina","Pabay_16_9_21_2","Pabay","16_9_2021",16,9,2021,"zooplankton",19499,"meroplankton",1604,"meroplankton"
"668","Saccharina","Pabay_16_9_21_2","Pabay","16_9_2021",16,9,2021,"zooplankton",19499,"microfibers",17,"microfibers"
"669","Saccharina","Pabay_16_9_21_2","Pabay","16_9_2021",16,9,2021,"zooplankton",19499,"obelia",2,"obelia"
"670","Saccharina","Pabay_16_9_21_2","Pabay","16_9_2021",16,9,2021,"zooplankton",19499,"ophiura_larvae",2,"ophiura_larvae"
"671","Saccharina","Pabay_16_9_21_2","Pabay","16_9_2021",16,9,2021,"zooplankton",19499,"podon",2,"podon"
"672","Saccharina","Pabay_16_9_21_2","Pabay","16_9_2021",16,9,2021,"zooplankton",19499,"sabellariidae",221,"sabellariidae"
"673","Saccharina","Pabay_16_9_21_2","Pabay","16_9_2021",16,9,2021,"zooplankton",19499,"stauridiosarsia_gemmifera",2,"stauridiosarsia_gemmifera"
"674","Saccharina","Pabay_16_9_21_2","Pabay","16_9_2021",16,9,2021,"zooplankton",19499,"total_brachiopoda",19,"total_brachiopoda"
"675","Saccharina","Pabay_16_9_21_2","Pabay","16_9_2021",16,9,2021,"zooplankton",19499,"total_copepoda",13819,"total_copepoda"
"676","Saccharina","Pabay_16_9_21_2","Pabay","16_9_2021",16,9,2021,"zooplankton",19499,"total_hydrozoa",21,"total_hydrozoa"
"677","Saccharina","Pabay_16_9_21_2","Pabay","16_9_2021",16,9,2021,"zooplankton",19499,"total_malacostraca",221,"total_malacostraca"
"678","Saccharina","Pabay_16_9_21_2","Pabay","16_9_2021",16,9,2021,"zooplankton",19499,"total_polychaeta",221,"total_polychaeta"
"679","Alaria","Pabay_16_9_21_3","Pabay","16_9_2021",16,9,2021,"zooplankton",16679,"bivalvia",153,"bivalvia"
"680","Alaria","Pabay_16_9_21_3","Pabay","16_9_2021",16,9,2021,"zooplankton",16679,"bryozoa",51,"bryozoa"
"681","Alaria","Pabay_16_9_21_3","Pabay","16_9_2021",16,9,2021,"zooplankton",16679,"copepod_nauplii",7308,"copepod_nauplii"
"682","Alaria","Pabay_16_9_21_3","Pabay","16_9_2021",16,9,2021,"zooplankton",16679,"copepods",4380,"copepods"
"683","Alaria","Pabay_16_9_21_3","Pabay","16_9_2021",16,9,2021,"zooplankton",16679,"decapoda_larvae",2,"decapoda_larvae"
"684","Alaria","Pabay_16_9_21_3","Pabay","16_9_2021",16,9,2021,"zooplankton",16679,"evadne",2,"evadne"
"685","Alaria","Pabay_16_9_21_3","Pabay","16_9_2021",16,9,2021,"zooplankton",16679,"fish_egg",34,"fish_egg"
"686","Alaria","Pabay_16_9_21_3","Pabay","16_9_2021",16,9,2021,"zooplankton",16679,"gastropoda",127,"gastropoda"
"687","Alaria","Pabay_16_9_21_3","Pabay","16_9_2021",16,9,2021,"zooplankton",16679,"holoplankton",16285,"holoplankton"
"688","Alaria","Pabay_16_9_21_3","Pabay","16_9_2021",16,9,2021,"zooplankton",16679,"lizzia_blondina",17,"lizzia_blondina"
"689","Alaria","Pabay_16_9_21_3","Pabay","16_9_2021",16,9,2021,"zooplankton",16679,"meroplankton",395,"meroplankton"
"690","Alaria","Pabay_16_9_21_3","Pabay","16_9_2021",16,9,2021,"zooplankton",16679,"microfibers",2,"microfibers"
"691","Alaria","Pabay_16_9_21_3","Pabay","16_9_2021",16,9,2021,"zooplankton",16679,"obelia",17,"obelia"
"692","Alaria","Pabay_16_9_21_3","Pabay","16_9_2021",16,9,2021,"zooplankton",16679,"podon",2,"podon"
"693","Alaria","Pabay_16_9_21_3","Pabay","16_9_2021",16,9,2021,"zooplankton",16679,"sabellariidae",25,"sabellariidae"
"694","Alaria","Pabay_16_9_21_3","Pabay","16_9_2021",16,9,2021,"zooplankton",16679,"total_brachiopoda",4,"total_brachiopoda"
"695","Alaria","Pabay_16_9_21_3","Pabay","16_9_2021",16,9,2021,"zooplankton",16679,"total_copepoda",11688,"total_copepoda"
"696","Alaria","Pabay_16_9_21_3","Pabay","16_9_2021",16,9,2021,"zooplankton",16679,"total_hydrozoa",34,"total_hydrozoa"
"697","Alaria","Pabay_16_9_21_3","Pabay","16_9_2021",16,9,2021,"zooplankton",16679,"total_malacostraca",2,"total_malacostraca"
"698","Alaria","Pabay_16_9_21_3","Pabay","16_9_2021",16,9,2021,"zooplankton",16679,"total_polychaeta",25,"total_polychaeta"
"699","Saccharina","Pabay_16_9_21_3","Pabay","16_9_2021",16,9,2021,"zooplankton",16679,"bivalvia",153,"bivalvia"
"700","Saccharina","Pabay_16_9_21_3","Pabay","16_9_2021",16,9,2021,"zooplankton",16679,"bryozoa",51,"bryozoa"
"701","Saccharina","Pabay_16_9_21_3","Pabay","16_9_2021",16,9,2021,"zooplankton",16679,"copepod_nauplii",7308,"copepod_nauplii"
"702","Saccharina","Pabay_16_9_21_3","Pabay","16_9_2021",16,9,2021,"zooplankton",16679,"copepods",4380,"copepods"
"703","Saccharina","Pabay_16_9_21_3","Pabay","16_9_2021",16,9,2021,"zooplankton",16679,"decapoda_larvae",2,"decapoda_larvae"
"704","Saccharina","Pabay_16_9_21_3","Pabay","16_9_2021",16,9,2021,"zooplankton",16679,"evadne",2,"evadne"
"705","Saccharina","Pabay_16_9_21_3","Pabay","16_9_2021",16,9,2021,"zooplankton",16679,"fish_egg",34,"fish_egg"
"706","Saccharina","Pabay_16_9_21_3","Pabay","16_9_2021",16,9,2021,"zooplankton",16679,"gastropoda",127,"gastropoda"
"707","Saccharina","Pabay_16_9_21_3","Pabay","16_9_2021",16,9,2021,"zooplankton",16679,"holoplankton",16285,"holoplankton"
"708","Saccharina","Pabay_16_9_21_3","Pabay","16_9_2021",16,9,2021,"zooplankton",16679,"lizzia_blondina",17,"lizzia_blondina"
"709","Saccharina","Pabay_16_9_21_3","Pabay","16_9_2021",16,9,2021,"zooplankton",16679,"meroplankton",395,"meroplankton"
"710","Saccharina","Pabay_16_9_21_3","Pabay","16_9_2021",16,9,2021,"zooplankton",16679,"microfibers",2,"microfibers"
"711","Saccharina","Pabay_16_9_21_3","Pabay","16_9_2021",16,9,2021,"zooplankton",16679,"obelia",17,"obelia"
"712","Saccharina","Pabay_16_9_21_3","Pabay","16_9_2021",16,9,2021,"zooplankton",16679,"podon",2,"podon"
"713","Saccharina","Pabay_16_9_21_3","Pabay","16_9_2021",16,9,2021,"zooplankton",16679,"sabellariidae",25,"sabellariidae"
"714","Saccharina","Pabay_16_9_21_3","Pabay","16_9_2021",16,9,2021,"zooplankton",16679,"total_brachiopoda",4,"total_brachiopoda"
"715","Saccharina","Pabay_16_9_21_3","Pabay","16_9_2021",16,9,2021,"zooplankton",16679,"total_copepoda",11688,"total_copepoda"
"716","Saccharina","Pabay_16_9_21_3","Pabay","16_9_2021",16,9,2021,"zooplankton",16679,"total_hydrozoa",34,"total_hydrozoa"
"717","Saccharina","Pabay_16_9_21_3","Pabay","16_9_2021",16,9,2021,"zooplankton",16679,"total_malacostraca",2,"total_malacostraca"
"718","Saccharina","Pabay_16_9_21_3","Pabay","16_9_2021",16,9,2021,"zooplankton",16679,"total_polychaeta",25,"total_polychaeta"
"719","Alaria","Pabay_21_12_21_1","Pabay","21_12_2021",21,12,2021,"zooplankton",685,"bivalvia",2,"bivalvia"
"720","Alaria","Pabay_21_12_21_1","Pabay","21_12_2021",21,12,2021,"zooplankton",685,"bryozoa",34,"bryozoa"
"721","Alaria","Pabay_21_12_21_1","Pabay","21_12_2021",21,12,2021,"zooplankton",685,"copepod_nauplii",221,"copepod_nauplii"
"722","Alaria","Pabay_21_12_21_1","Pabay","21_12_2021",21,12,2021,"zooplankton",685,"copepods",390,"copepods"
"723","Alaria","Pabay_21_12_21_1","Pabay","21_12_2021",21,12,2021,"zooplankton",685,"gastropoda",34,"gastropoda"
"724","Alaria","Pabay_21_12_21_1","Pabay","21_12_2021",21,12,2021,"zooplankton",685,"holoplankton",613,"holoplankton"
"725","Alaria","Pabay_21_12_21_1","Pabay","21_12_2021",21,12,2021,"zooplankton",685,"meroplankton",72,"meroplankton"
"726","Alaria","Pabay_21_12_21_1","Pabay","21_12_2021",21,12,2021,"zooplankton",685,"microfibers",2,"microfibers"
"727","Alaria","Pabay_21_12_21_1","Pabay","21_12_2021",21,12,2021,"zooplankton",685,"sabellariidae",2,"sabellariidae"
"728","Alaria","Pabay_21_12_21_1","Pabay","21_12_2021",21,12,2021,"zooplankton",685,"total_copepoda",611,"total_copepoda"
"729","Alaria","Pabay_21_12_21_1","Pabay","21_12_2021",21,12,2021,"zooplankton",685,"total_polychaeta",2,"total_polychaeta"
"730","Saccharina","Pabay_21_12_21_1","Pabay","21_12_2021",21,12,2021,"zooplankton",685,"bivalvia",2,"bivalvia"
"731","Saccharina","Pabay_21_12_21_1","Pabay","21_12_2021",21,12,2021,"zooplankton",685,"bryozoa",34,"bryozoa"
"732","Saccharina","Pabay_21_12_21_1","Pabay","21_12_2021",21,12,2021,"zooplankton",685,"copepod_nauplii",221,"copepod_nauplii"
"733","Saccharina","Pabay_21_12_21_1","Pabay","21_12_2021",21,12,2021,"zooplankton",685,"copepods",390,"copepods"
"734","Saccharina","Pabay_21_12_21_1","Pabay","21_12_2021",21,12,2021,"zooplankton",685,"gastropoda",34,"gastropoda"
"735","Saccharina","Pabay_21_12_21_1","Pabay","21_12_2021",21,12,2021,"zooplankton",685,"holoplankton",613,"holoplankton"
"736","Saccharina","Pabay_21_12_21_1","Pabay","21_12_2021",21,12,2021,"zooplankton",685,"meroplankton",72,"meroplankton"
"737","Saccharina","Pabay_21_12_21_1","Pabay","21_12_2021",21,12,2021,"zooplankton",685,"microfibers",2,"microfibers"
"738","Saccharina","Pabay_21_12_21_1","Pabay","21_12_2021",21,12,2021,"zooplankton",685,"sabellariidae",2,"sabellariidae"
"739","Saccharina","Pabay_21_12_21_1","Pabay","21_12_2021",21,12,2021,"zooplankton",685,"total_copepoda",611,"total_copepoda"
"740","Saccharina","Pabay_21_12_21_1","Pabay","21_12_2021",21,12,2021,"zooplankton",685,"total_polychaeta",2,"total_polychaeta"
"741","Alaria","Pabay_21_12_21_2","Pabay","21_12_2021",21,12,2021,"zooplankton",766,"bivalvia",17,"bivalvia"
"742","Alaria","Pabay_21_12_21_2","Pabay","21_12_2021",21,12,2021,"zooplankton",766,"bryozoa",34,"bryozoa"
"743","Alaria","Pabay_21_12_21_2","Pabay","21_12_2021",21,12,2021,"zooplankton",766,"copepod_nauplii",340,"copepod_nauplii"
"744","Alaria","Pabay_21_12_21_2","Pabay","21_12_2021",21,12,2021,"zooplankton",766,"copepods",289,"copepods"
"745","Alaria","Pabay_21_12_21_2","Pabay","21_12_2021",21,12,2021,"zooplankton",766,"gastropoda",68,"gastropoda"
"746","Alaria","Pabay_21_12_21_2","Pabay","21_12_2021",21,12,2021,"zooplankton",766,"holoplankton",630,"holoplankton"
"747","Alaria","Pabay_21_12_21_2","Pabay","21_12_2021",21,12,2021,"zooplankton",766,"meroplankton",136,"meroplankton"
"748","Alaria","Pabay_21_12_21_2","Pabay","21_12_2021",21,12,2021,"zooplankton",766,"microfibers",2,"microfibers"
"749","Alaria","Pabay_21_12_21_2","Pabay","21_12_2021",21,12,2021,"zooplankton",766,"sabellariidae",17,"sabellariidae"
"750","Alaria","Pabay_21_12_21_2","Pabay","21_12_2021",21,12,2021,"zooplankton",766,"total_copepoda",628,"total_copepoda"
"751","Alaria","Pabay_21_12_21_2","Pabay","21_12_2021",21,12,2021,"zooplankton",766,"total_polychaeta",17,"total_polychaeta"
"752","Saccharina","Pabay_21_12_21_2","Pabay","21_12_2021",21,12,2021,"zooplankton",766,"bivalvia",17,"bivalvia"
"753","Saccharina","Pabay_21_12_21_2","Pabay","21_12_2021",21,12,2021,"zooplankton",766,"bryozoa",34,"bryozoa"
"754","Saccharina","Pabay_21_12_21_2","Pabay","21_12_2021",21,12,2021,"zooplankton",766,"copepod_nauplii",340,"copepod_nauplii"
"755","Saccharina","Pabay_21_12_21_2","Pabay","21_12_2021",21,12,2021,"zooplankton",766,"copepods",289,"copepods"
"756","Saccharina","Pabay_21_12_21_2","Pabay","21_12_2021",21,12,2021,"zooplankton",766,"gastropoda",68,"gastropoda"
"757","Saccharina","Pabay_21_12_21_2","Pabay","21_12_2021",21,12,2021,"zooplankton",766,"holoplankton",630,"holoplankton"
"758","Saccharina","Pabay_21_12_21_2","Pabay","21_12_2021",21,12,2021,"zooplankton",766,"meroplankton",136,"meroplankton"
"759","Saccharina","Pabay_21_12_21_2","Pabay","21_12_2021",21,12,2021,"zooplankton",766,"microfibers",2,"microfibers"
"760","Saccharina","Pabay_21_12_21_2","Pabay","21_12_2021",21,12,2021,"zooplankton",766,"sabellariidae",17,"sabellariidae"
"761","Saccharina","Pabay_21_12_21_2","Pabay","21_12_2021",21,12,2021,"zooplankton",766,"total_copepoda",628,"total_copepoda"
"762","Saccharina","Pabay_21_12_21_2","Pabay","21_12_2021",21,12,2021,"zooplankton",766,"total_polychaeta",17,"total_polychaeta"
"763","Alaria","Pabay_21_12_21_3","Pabay","21_12_2021",21,12,2021,"zooplankton",369,"bivalvia",17,"bivalvia"
"764","Alaria","Pabay_21_12_21_3","Pabay","21_12_2021",21,12,2021,"zooplankton",369,"bryozoa",34,"bryozoa"
"765","Alaria","Pabay_21_12_21_3","Pabay","21_12_2021",21,12,2021,"zooplankton",369,"copepod_nauplii",85,"copepod_nauplii"
"766","Alaria","Pabay_21_12_21_3","Pabay","21_12_2021",21,12,2021,"zooplankton",369,"copepods",221,"copepods"
"767","Alaria","Pabay_21_12_21_3","Pabay","21_12_2021",21,12,2021,"zooplankton",369,"gastropoda",10,"gastropoda"
"768","Alaria","Pabay_21_12_21_3","Pabay","21_12_2021",21,12,2021,"zooplankton",369,"holoplankton",306,"holoplankton"
"769","Alaria","Pabay_21_12_21_3","Pabay","21_12_2021",21,12,2021,"zooplankton",369,"meroplankton",63,"meroplankton"
"770","Alaria","Pabay_21_12_21_3","Pabay","21_12_2021",21,12,2021,"zooplankton",369,"microfibers",2,"microfibers"
"771","Alaria","Pabay_21_12_21_3","Pabay","21_12_2021",21,12,2021,"zooplankton",369,"sabellariidae",2,"sabellariidae"
"772","Alaria","Pabay_21_12_21_3","Pabay","21_12_2021",21,12,2021,"zooplankton",369,"total_copepoda",306,"total_copepoda"
"773","Alaria","Pabay_21_12_21_3","Pabay","21_12_2021",21,12,2021,"zooplankton",369,"total_polychaeta",2,"total_polychaeta"
"774","Saccharina","Pabay_21_12_21_3","Pabay","21_12_2021",21,12,2021,"zooplankton",369,"bivalvia",17,"bivalvia"
"775","Saccharina","Pabay_21_12_21_3","Pabay","21_12_2021",21,12,2021,"zooplankton",369,"bryozoa",34,"bryozoa"
"776","Saccharina","Pabay_21_12_21_3","Pabay","21_12_2021",21,12,2021,"zooplankton",369,"copepod_nauplii",85,"copepod_nauplii"
"777","Saccharina","Pabay_21_12_21_3","Pabay","21_12_2021",21,12,2021,"zooplankton",369,"copepods",221,"copepods"
"778","Saccharina","Pabay_21_12_21_3","Pabay","21_12_2021",21,12,2021,"zooplankton",369,"gastropoda",10,"gastropoda"
"779","Saccharina","Pabay_21_12_21_3","Pabay","21_12_2021",21,12,2021,"zooplankton",369,"holoplankton",306,"holoplankton"
"780","Saccharina","Pabay_21_12_21_3","Pabay","21_12_2021",21,12,2021,"zooplankton",369,"meroplankton",63,"meroplankton"
"781","Saccharina","Pabay_21_12_21_3","Pabay","21_12_2021",21,12,2021,"zooplankton",369,"microfibers",2,"microfibers"
"782","Saccharina","Pabay_21_12_21_3","Pabay","21_12_2021",21,12,2021,"zooplankton",369,"sabellariidae",2,"sabellariidae"
"783","Saccharina","Pabay_21_12_21_3","Pabay","21_12_2021",21,12,2021,"zooplankton",369,"total_copepoda",306,"total_copepoda"
"784","Saccharina","Pabay_21_12_21_3","Pabay","21_12_2021",21,12,2021,"zooplankton",369,"total_polychaeta",2,"total_polychaeta"
"785","Alaria","Pabay_21_3_22_1","Pabay","21_3_2022",21,3,2022,"zooplankton",2659,"bivalvia",331,"bivalvia"
"786","Alaria","Pabay_21_3_22_1","Pabay","21_3_2022",21,3,2022,"zooplankton",2659,"bryozoa",51,"bryozoa"
"787","Alaria","Pabay_21_3_22_1","Pabay","21_3_2022",21,3,2022,"zooplankton",2659,"copepod_nauplii",306,"copepod_nauplii"
"788","Alaria","Pabay_21_3_22_1","Pabay","21_3_2022",21,3,2022,"zooplankton",2659,"copepods",102,"copepods"
"789","Alaria","Pabay_21_3_22_1","Pabay","21_3_2022",21,3,2022,"zooplankton",2659,"decapoda_larvae",2,"decapoda_larvae"
"790","Alaria","Pabay_21_3_22_1","Pabay","21_3_2022",21,3,2022,"zooplankton",2659,"evadne",2,"evadne"
"791","Alaria","Pabay_21_3_22_1","Pabay","21_3_2022",21,3,2022,"zooplankton",2659,"gastropoda",51,"gastropoda"
"792","Alaria","Pabay_21_3_22_1","Pabay","21_3_2022",21,3,2022,"zooplankton",2659,"holoplankton",1988,"holoplankton"
"793","Alaria","Pabay_21_3_22_1","Pabay","21_3_2022",21,3,2022,"zooplankton",2659,"meroplankton",670,"meroplankton"
"794","Alaria","Pabay_21_3_22_1","Pabay","21_3_2022",21,3,2022,"zooplankton",2659,"microfibers",25,"microfibers"
"795","Alaria","Pabay_21_3_22_1","Pabay","21_3_2022",21,3,2022,"zooplankton",2659,"mp_fragments",25,"mp_fragments"
"796","Alaria","Pabay_21_3_22_1","Pabay","21_3_2022",21,3,2022,"zooplankton",2659,"obelia",2,"obelia"
"797","Alaria","Pabay_21_3_22_1","Pabay","21_3_2022",21,3,2022,"zooplankton",2659,"ophiura_larvae",2,"ophiura_larvae"
"798","Alaria","Pabay_21_3_22_1","Pabay","21_3_2022",21,3,2022,"zooplankton",2659,"other_polychaetae_larvae",127,"other_polychaetae_larvae"
"799","Alaria","Pabay_21_3_22_1","Pabay","21_3_2022",21,3,2022,"zooplankton",2659,"sabellariidae",102,"sabellariidae"
"800","Alaria","Pabay_21_3_22_1","Pabay","21_3_2022",21,3,2022,"zooplankton",2659,"sea_urchin_larvae",2,"sea_urchin_larvae"
"801","Alaria","Pabay_21_3_22_1","Pabay","21_3_2022",21,3,2022,"zooplankton",2659,"total_balanoida",1451,"total_balanoida"
"802","Alaria","Pabay_21_3_22_1","Pabay","21_3_2022",21,3,2022,"zooplankton",2659,"total_brachiopoda",2,"total_brachiopoda"
"803","Alaria","Pabay_21_3_22_1","Pabay","21_3_2022",21,3,2022,"zooplankton",2659,"total_copepoda",407,"total_copepoda"
"804","Alaria","Pabay_21_3_22_1","Pabay","21_3_2022",21,3,2022,"zooplankton",2659,"total_hydrozoa",2,"total_hydrozoa"
"805","Alaria","Pabay_21_3_22_1","Pabay","21_3_2022",21,3,2022,"zooplankton",2659,"total_malacostraca",2,"total_malacostraca"
"806","Alaria","Pabay_21_3_22_1","Pabay","21_3_2022",21,3,2022,"zooplankton",2659,"total_polychaeta",229,"total_polychaeta"
"807","Saccharina","Pabay_21_3_22_1","Pabay","21_3_2022",21,3,2022,"zooplankton",2659,"bivalvia",331,"bivalvia"
"808","Saccharina","Pabay_21_3_22_1","Pabay","21_3_2022",21,3,2022,"zooplankton",2659,"bryozoa",51,"bryozoa"
"809","Saccharina","Pabay_21_3_22_1","Pabay","21_3_2022",21,3,2022,"zooplankton",2659,"copepod_nauplii",306,"copepod_nauplii"
"810","Saccharina","Pabay_21_3_22_1","Pabay","21_3_2022",21,3,2022,"zooplankton",2659,"copepods",102,"copepods"
"811","Saccharina","Pabay_21_3_22_1","Pabay","21_3_2022",21,3,2022,"zooplankton",2659,"decapoda_larvae",2,"decapoda_larvae"
"812","Saccharina","Pabay_21_3_22_1","Pabay","21_3_2022",21,3,2022,"zooplankton",2659,"evadne",2,"evadne"
"813","Saccharina","Pabay_21_3_22_1","Pabay","21_3_2022",21,3,2022,"zooplankton",2659,"gastropoda",51,"gastropoda"
"814","Saccharina","Pabay_21_3_22_1","Pabay","21_3_2022",21,3,2022,"zooplankton",2659,"holoplankton",1988,"holoplankton"
"815","Saccharina","Pabay_21_3_22_1","Pabay","21_3_2022",21,3,2022,"zooplankton",2659,"meroplankton",670,"meroplankton"
"816","Saccharina","Pabay_21_3_22_1","Pabay","21_3_2022",21,3,2022,"zooplankton",2659,"microfibers",25,"microfibers"
"817","Saccharina","Pabay_21_3_22_1","Pabay","21_3_2022",21,3,2022,"zooplankton",2659,"mp_fragments",25,"mp_fragments"
"818","Saccharina","Pabay_21_3_22_1","Pabay","21_3_2022",21,3,2022,"zooplankton",2659,"obelia",2,"obelia"
"819","Saccharina","Pabay_21_3_22_1","Pabay","21_3_2022",21,3,2022,"zooplankton",2659,"ophiura_larvae",2,"ophiura_larvae"
"820","Saccharina","Pabay_21_3_22_1","Pabay","21_3_2022",21,3,2022,"zooplankton",2659,"other_polychaetae_larvae",127,"other_polychaetae_larvae"
"821","Saccharina","Pabay_21_3_22_1","Pabay","21_3_2022",21,3,2022,"zooplankton",2659,"sabellariidae",102,"sabellariidae"
"822","Saccharina","Pabay_21_3_22_1","Pabay","21_3_2022",21,3,2022,"zooplankton",2659,"sea_urchin_larvae",2,"sea_urchin_larvae"
"823","Saccharina","Pabay_21_3_22_1","Pabay","21_3_2022",21,3,2022,"zooplankton",2659,"total_balanoida",1451,"total_balanoida"
"824","Saccharina","Pabay_21_3_22_1","Pabay","21_3_2022",21,3,2022,"zooplankton",2659,"total_brachiopoda",2,"total_brachiopoda"
"825","Saccharina","Pabay_21_3_22_1","Pabay","21_3_2022",21,3,2022,"zooplankton",2659,"total_copepoda",407,"total_copepoda"
"826","Saccharina","Pabay_21_3_22_1","Pabay","21_3_2022",21,3,2022,"zooplankton",2659,"total_hydrozoa",2,"total_hydrozoa"
"827","Saccharina","Pabay_21_3_22_1","Pabay","21_3_2022",21,3,2022,"zooplankton",2659,"total_malacostraca",2,"total_malacostraca"
"828","Saccharina","Pabay_21_3_22_1","Pabay","21_3_2022",21,3,2022,"zooplankton",2659,"total_polychaeta",229,"total_polychaeta"
"829","Alaria","Pabay_21_3_22_2","Pabay","21_3_2022",21,3,2022,"zooplankton",6065,"bivalvia",611,"bivalvia"
"830","Alaria","Pabay_21_3_22_2","Pabay","21_3_2022",21,3,2022,"zooplankton",6065,"bryozoa",25,"bryozoa"
"831","Alaria","Pabay_21_3_22_2","Pabay","21_3_2022",21,3,2022,"zooplankton",6065,"copepod_nauplii",535,"copepod_nauplii"
"832","Alaria","Pabay_21_3_22_2","Pabay","21_3_2022",21,3,2022,"zooplankton",6065,"copepods",407,"copepods"
"833","Alaria","Pabay_21_3_22_2","Pabay","21_3_2022",21,3,2022,"zooplankton",6065,"decapoda_larvae",2,"decapoda_larvae"
"834","Alaria","Pabay_21_3_22_2","Pabay","21_3_2022",21,3,2022,"zooplankton",6065,"fish_egg",76,"fish_egg"
"835","Alaria","Pabay_21_3_22_2","Pabay","21_3_2022",21,3,2022,"zooplankton",6065,"gastropoda",229,"gastropoda"
"836","Alaria","Pabay_21_3_22_2","Pabay","21_3_2022",21,3,2022,"zooplankton",6065,"holoplankton",4431,"holoplankton"
"837","Alaria","Pabay_21_3_22_2","Pabay","21_3_2022",21,3,2022,"zooplankton",6065,"meroplankton",1634,"meroplankton"
"838","Alaria","Pabay_21_3_22_2","Pabay","21_3_2022",21,3,2022,"zooplankton",6065,"nemertini_larvae",25,"nemertini_larvae"
"839","Alaria","Pabay_21_3_22_2","Pabay","21_3_2022",21,3,2022,"zooplankton",6065,"other_polychaetae_larvae",153,"other_polychaetae_larvae"
"840","Alaria","Pabay_21_3_22_2","Pabay","21_3_2022",21,3,2022,"zooplankton",6065,"sabellariidae",535,"sabellariidae"
"841","Alaria","Pabay_21_3_22_2","Pabay","21_3_2022",21,3,2022,"zooplankton",6065,"sea_urchin_larvae",51,"sea_urchin_larvae"
"842","Alaria","Pabay_21_3_22_2","Pabay","21_3_2022",21,3,2022,"zooplankton",6065,"total_balanoida",3259,"total_balanoida"
"843","Alaria","Pabay_21_3_22_2","Pabay","21_3_2022",21,3,2022,"zooplankton",6065,"total_copepoda",942,"total_copepoda"
"844","Alaria","Pabay_21_3_22_2","Pabay","21_3_2022",21,3,2022,"zooplankton",6065,"total_malacostraca",2,"total_malacostraca"
"845","Alaria","Pabay_21_3_22_2","Pabay","21_3_2022",21,3,2022,"zooplankton",6065,"total_polychaeta",688,"total_polychaeta"
"846","Saccharina","Pabay_21_3_22_2","Pabay","21_3_2022",21,3,2022,"zooplankton",6065,"bivalvia",611,"bivalvia"
"847","Saccharina","Pabay_21_3_22_2","Pabay","21_3_2022",21,3,2022,"zooplankton",6065,"bryozoa",25,"bryozoa"
"848","Saccharina","Pabay_21_3_22_2","Pabay","21_3_2022",21,3,2022,"zooplankton",6065,"copepod_nauplii",535,"copepod_nauplii"
"849","Saccharina","Pabay_21_3_22_2","Pabay","21_3_2022",21,3,2022,"zooplankton",6065,"copepods",407,"copepods"
"850","Saccharina","Pabay_21_3_22_2","Pabay","21_3_2022",21,3,2022,"zooplankton",6065,"decapoda_larvae",2,"decapoda_larvae"
"851","Saccharina","Pabay_21_3_22_2","Pabay","21_3_2022",21,3,2022,"zooplankton",6065,"fish_egg",76,"fish_egg"
"852","Saccharina","Pabay_21_3_22_2","Pabay","21_3_2022",21,3,2022,"zooplankton",6065,"gastropoda",229,"gastropoda"
"853","Saccharina","Pabay_21_3_22_2","Pabay","21_3_2022",21,3,2022,"zooplankton",6065,"holoplankton",4431,"holoplankton"
"854","Saccharina","Pabay_21_3_22_2","Pabay","21_3_2022",21,3,2022,"zooplankton",6065,"meroplankton",1634,"meroplankton"
"855","Saccharina","Pabay_21_3_22_2","Pabay","21_3_2022",21,3,2022,"zooplankton",6065,"nemertini_larvae",25,"nemertini_larvae"
"856","Saccharina","Pabay_21_3_22_2","Pabay","21_3_2022",21,3,2022,"zooplankton",6065,"other_polychaetae_larvae",153,"other_polychaetae_larvae"
"857","Saccharina","Pabay_21_3_22_2","Pabay","21_3_2022",21,3,2022,"zooplankton",6065,"sabellariidae",535,"sabellariidae"
"858","Saccharina","Pabay_21_3_22_2","Pabay","21_3_2022",21,3,2022,"zooplankton",6065,"sea_urchin_larvae",51,"sea_urchin_larvae"
"859","Saccharina","Pabay_21_3_22_2","Pabay","21_3_2022",21,3,2022,"zooplankton",6065,"total_balanoida",3259,"total_balanoida"
"860","Saccharina","Pabay_21_3_22_2","Pabay","21_3_2022",21,3,2022,"zooplankton",6065,"total_copepoda",942,"total_copepoda"
"861","Saccharina","Pabay_21_3_22_2","Pabay","21_3_2022",21,3,2022,"zooplankton",6065,"total_malacostraca",2,"total_malacostraca"
"862","Saccharina","Pabay_21_3_22_2","Pabay","21_3_2022",21,3,2022,"zooplankton",6065,"total_polychaeta",688,"total_polychaeta"
"863","Alaria","Pabay_21_3_22_3","Pabay","21_3_2022",21,3,2022,"zooplankton",5050,"bivalvia",611,"bivalvia"
"864","Alaria","Pabay_21_3_22_3","Pabay","21_3_2022",21,3,2022,"zooplankton",5050,"bryozoa",76,"bryozoa"
"865","Alaria","Pabay_21_3_22_3","Pabay","21_3_2022",21,3,2022,"zooplankton",5050,"copepod_nauplii",458,"copepod_nauplii"
"866","Alaria","Pabay_21_3_22_3","Pabay","21_3_2022",21,3,2022,"zooplankton",5050,"copepods",204,"copepods"
"867","Alaria","Pabay_21_3_22_3","Pabay","21_3_2022",21,3,2022,"zooplankton",5050,"decapoda_larvae",25,"decapoda_larvae"
"868","Alaria","Pabay_21_3_22_3","Pabay","21_3_2022",21,3,2022,"zooplankton",5050,"evadne",2,"evadne"
"869","Alaria","Pabay_21_3_22_3","Pabay","21_3_2022",21,3,2022,"zooplankton",5050,"fish_egg",25,"fish_egg"
"870","Alaria","Pabay_21_3_22_3","Pabay","21_3_2022",21,3,2022,"zooplankton",5050,"gastropoda",51,"gastropoda"
"871","Alaria","Pabay_21_3_22_3","Pabay","21_3_2022",21,3,2022,"zooplankton",5050,"holoplankton",3847,"holoplankton"
"872","Alaria","Pabay_21_3_22_3","Pabay","21_3_2022",21,3,2022,"zooplankton",5050,"meroplankton",1203,"meroplankton"
"873","Alaria","Pabay_21_3_22_3","Pabay","21_3_2022",21,3,2022,"zooplankton",5050,"microfibers",25,"microfibers"
"874","Alaria","Pabay_21_3_22_3","Pabay","21_3_2022",21,3,2022,"zooplankton",5050,"obelia",2,"obelia"
"875","Alaria","Pabay_21_3_22_3","Pabay","21_3_2022",21,3,2022,"zooplankton",5050,"ophiura_larvae",2,"ophiura_larvae"
"876","Alaria","Pabay_21_3_22_3","Pabay","21_3_2022",21,3,2022,"zooplankton",5050,"other_polychaetae_larvae",102,"other_polychaetae_larvae"
"877","Alaria","Pabay_21_3_22_3","Pabay","21_3_2022",21,3,2022,"zooplankton",5050,"sabellariidae",229,"sabellariidae"
"878","Alaria","Pabay_21_3_22_3","Pabay","21_3_2022",21,3,2022,"zooplankton",5050,"sea_urchin_larvae",25,"sea_urchin_larvae"
"879","Alaria","Pabay_21_3_22_3","Pabay","21_3_2022",21,3,2022,"zooplankton",5050,"total_balanoida",2878,"total_balanoida"
"880","Alaria","Pabay_21_3_22_3","Pabay","21_3_2022",21,3,2022,"zooplankton",5050,"total_brachiopoda",2,"total_brachiopoda"
"881","Alaria","Pabay_21_3_22_3","Pabay","21_3_2022",21,3,2022,"zooplankton",5050,"total_copepoda",662,"total_copepoda"
"882","Alaria","Pabay_21_3_22_3","Pabay","21_3_2022",21,3,2022,"zooplankton",5050,"total_hydrozoa",2,"total_hydrozoa"
"883","Alaria","Pabay_21_3_22_3","Pabay","21_3_2022",21,3,2022,"zooplankton",5050,"total_malacostraca",28,"total_malacostraca"
"884","Alaria","Pabay_21_3_22_3","Pabay","21_3_2022",21,3,2022,"zooplankton",5050,"total_polychaeta",331,"total_polychaeta"
"885","Saccharina","Pabay_21_3_22_3","Pabay","21_3_2022",21,3,2022,"zooplankton",5050,"bivalvia",611,"bivalvia"
"886","Saccharina","Pabay_21_3_22_3","Pabay","21_3_2022",21,3,2022,"zooplankton",5050,"bryozoa",76,"bryozoa"
"887","Saccharina","Pabay_21_3_22_3","Pabay","21_3_2022",21,3,2022,"zooplankton",5050,"copepod_nauplii",458,"copepod_nauplii"
"888","Saccharina","Pabay_21_3_22_3","Pabay","21_3_2022",21,3,2022,"zooplankton",5050,"copepods",204,"copepods"
"889","Saccharina","Pabay_21_3_22_3","Pabay","21_3_2022",21,3,2022,"zooplankton",5050,"decapoda_larvae",25,"decapoda_larvae"
"890","Saccharina","Pabay_21_3_22_3","Pabay","21_3_2022",21,3,2022,"zooplankton",5050,"evadne",2,"evadne"
"891","Saccharina","Pabay_21_3_22_3","Pabay","21_3_2022",21,3,2022,"zooplankton",5050,"fish_egg",25,"fish_egg"
"892","Saccharina","Pabay_21_3_22_3","Pabay","21_3_2022",21,3,2022,"zooplankton",5050,"gastropoda",51,"gastropoda"
"893","Saccharina","Pabay_21_3_22_3","Pabay","21_3_2022",21,3,2022,"zooplankton",5050,"holoplankton",3847,"holoplankton"
"894","Saccharina","Pabay_21_3_22_3","Pabay","21_3_2022",21,3,2022,"zooplankton",5050,"meroplankton",1203,"meroplankton"
"895","Saccharina","Pabay_21_3_22_3","Pabay","21_3_2022",21,3,2022,"zooplankton",5050,"microfibers",25,"microfibers"
"896","Saccharina","Pabay_21_3_22_3","Pabay","21_3_2022",21,3,2022,"zooplankton",5050,"obelia",2,"obelia"
"897","Saccharina","Pabay_21_3_22_3","Pabay","21_3_2022",21,3,2022,"zooplankton",5050,"ophiura_larvae",2,"ophiura_larvae"
"898","Saccharina","Pabay_21_3_22_3","Pabay","21_3_2022",21,3,2022,"zooplankton",5050,"other_polychaetae_larvae",102,"other_polychaetae_larvae"
"899","Saccharina","Pabay_21_3_22_3","Pabay","21_3_2022",21,3,2022,"zooplankton",5050,"sabellariidae",229,"sabellariidae"
"900","Saccharina","Pabay_21_3_22_3","Pabay","21_3_2022",21,3,2022,"zooplankton",5050,"sea_urchin_larvae",25,"sea_urchin_larvae"
"901","Saccharina","Pabay_21_3_22_3","Pabay","21_3_2022",21,3,2022,"zooplankton",5050,"total_balanoida",2878,"total_balanoida"
"902","Saccharina","Pabay_21_3_22_3","Pabay","21_3_2022",21,3,2022,"zooplankton",5050,"total_brachiopoda",2,"total_brachiopoda"
"903","Saccharina","Pabay_21_3_22_3","Pabay","21_3_2022",21,3,2022,"zooplankton",5050,"total_copepoda",662,"total_copepoda"
"904","Saccharina","Pabay_21_3_22_3","Pabay","21_3_2022",21,3,2022,"zooplankton",5050,"total_hydrozoa",2,"total_hydrozoa"
"905","Saccharina","Pabay_21_3_22_3","Pabay","21_3_2022",21,3,2022,"zooplankton",5050,"total_malacostraca",28,"total_malacostraca"
"906","Saccharina","Pabay_21_3_22_3","Pabay","21_3_2022",21,3,2022,"zooplankton",5050,"total_polychaeta",331,"total_polychaeta"
"907","Alaria","Pabay_22_5_22_1","Pabay","22_5_2022",22,5,2022,"zooplankton",18066,"bivalvia",900,"bivalvia"
"908","Alaria","Pabay_22_5_22_1","Pabay","22_5_2022",22,5,2022,"zooplankton",18066,"copepod_nauplii",6553,"copepod_nauplii"
"909","Alaria","Pabay_22_5_22_1","Pabay","22_5_2022",22,5,2022,"zooplankton",18066,"copepods",9354,"copepods"
"910","Alaria","Pabay_22_5_22_1","Pabay","22_5_2022",22,5,2022,"zooplankton",18066,"decapoda_larvae",266,"decapoda_larvae"
"911","Alaria","Pabay_22_5_22_1","Pabay","22_5_2022",22,5,2022,"zooplankton",18066,"evadne",51,"evadne"
"912","Alaria","Pabay_22_5_22_1","Pabay","22_5_2022",22,5,2022,"zooplankton",18066,"gastropoda",204,"gastropoda"
"913","Alaria","Pabay_22_5_22_1","Pabay","22_5_2022",22,5,2022,"zooplankton",18066,"holoplankton",16590,"holoplankton"
"914","Alaria","Pabay_22_5_22_1","Pabay","22_5_2022",22,5,2022,"zooplankton",18066,"meroplankton",1476,"meroplankton"
"915","Alaria","Pabay_22_5_22_1","Pabay","22_5_2022",22,5,2022,"zooplankton",18066,"microfibers",2,"microfibers"
"916","Alaria","Pabay_22_5_22_1","Pabay","22_5_2022",22,5,2022,"zooplankton",18066,"other_polychaetae_larvae",2,"other_polychaetae_larvae"
"917","Alaria","Pabay_22_5_22_1","Pabay","22_5_2022",22,5,2022,"zooplankton",18066,"sabellariidae",34,"sabellariidae"
"918","Alaria","Pabay_22_5_22_1","Pabay","22_5_2022",22,5,2022,"zooplankton",18066,"total_balanoida",514,"total_balanoida"
"919","Alaria","Pabay_22_5_22_1","Pabay","22_5_2022",22,5,2022,"zooplankton",18066,"total_brachiopoda",51,"total_brachiopoda"
"920","Alaria","Pabay_22_5_22_1","Pabay","22_5_2022",22,5,2022,"zooplankton",18066,"total_copepoda",15907,"total_copepoda"
"921","Alaria","Pabay_22_5_22_1","Pabay","22_5_2022",22,5,2022,"zooplankton",18066,"total_hydrozoa",2,"total_hydrozoa"
"922","Alaria","Pabay_22_5_22_1","Pabay","22_5_2022",22,5,2022,"zooplankton",18066,"total_malacostraca",266,"total_malacostraca"
"923","Alaria","Pabay_22_5_22_1","Pabay","22_5_2022",22,5,2022,"zooplankton",18066,"total_polychaeta",36,"total_polychaeta"
"924","Alaria","Pabay_22_5_22_1","Pabay","22_5_2022",22,5,2022,"zooplankton",18066,"unknown_jellies",2,"unknown_jellies"
"925","Saccharina","Pabay_22_5_22_1","Pabay","22_5_2022",22,5,2022,"zooplankton",18066,"bivalvia",900,"bivalvia"
"926","Saccharina","Pabay_22_5_22_1","Pabay","22_5_2022",22,5,2022,"zooplankton",18066,"copepod_nauplii",6553,"copepod_nauplii"
"927","Saccharina","Pabay_22_5_22_1","Pabay","22_5_2022",22,5,2022,"zooplankton",18066,"copepods",9354,"copepods"
"928","Saccharina","Pabay_22_5_22_1","Pabay","22_5_2022",22,5,2022,"zooplankton",18066,"decapoda_larvae",266,"decapoda_larvae"
"929","Saccharina","Pabay_22_5_22_1","Pabay","22_5_2022",22,5,2022,"zooplankton",18066,"evadne",51,"evadne"
"930","Saccharina","Pabay_22_5_22_1","Pabay","22_5_2022",22,5,2022,"zooplankton",18066,"gastropoda",204,"gastropoda"
"931","Saccharina","Pabay_22_5_22_1","Pabay","22_5_2022",22,5,2022,"zooplankton",18066,"holoplankton",16590,"holoplankton"
"932","Saccharina","Pabay_22_5_22_1","Pabay","22_5_2022",22,5,2022,"zooplankton",18066,"meroplankton",1476,"meroplankton"
"933","Saccharina","Pabay_22_5_22_1","Pabay","22_5_2022",22,5,2022,"zooplankton",18066,"microfibers",2,"microfibers"
"934","Saccharina","Pabay_22_5_22_1","Pabay","22_5_2022",22,5,2022,"zooplankton",18066,"other_polychaetae_larvae",2,"other_polychaetae_larvae"
"935","Saccharina","Pabay_22_5_22_1","Pabay","22_5_2022",22,5,2022,"zooplankton",18066,"sabellariidae",34,"sabellariidae"
"936","Saccharina","Pabay_22_5_22_1","Pabay","22_5_2022",22,5,2022,"zooplankton",18066,"total_balanoida",514,"total_balanoida"
"937","Saccharina","Pabay_22_5_22_1","Pabay","22_5_2022",22,5,2022,"zooplankton",18066,"total_brachiopoda",51,"total_brachiopoda"
"938","Saccharina","Pabay_22_5_22_1","Pabay","22_5_2022",22,5,2022,"zooplankton",18066,"total_copepoda",15907,"total_copepoda"
"939","Saccharina","Pabay_22_5_22_1","Pabay","22_5_2022",22,5,2022,"zooplankton",18066,"total_hydrozoa",2,"total_hydrozoa"
"940","Saccharina","Pabay_22_5_22_1","Pabay","22_5_2022",22,5,2022,"zooplankton",18066,"total_malacostraca",266,"total_malacostraca"
"941","Saccharina","Pabay_22_5_22_1","Pabay","22_5_2022",22,5,2022,"zooplankton",18066,"total_polychaeta",36,"total_polychaeta"
"942","Saccharina","Pabay_22_5_22_1","Pabay","22_5_2022",22,5,2022,"zooplankton",18066,"unknown_jellies",2,"unknown_jellies"
"943","Alaria","Pabay_22_5_22_2","Pabay","22_5_2022",22,5,2022,"zooplankton",16045,"bivalvia",390,"bivalvia"
"944","Alaria","Pabay_22_5_22_2","Pabay","22_5_2022",22,5,2022,"zooplankton",16045,"copepod_nauplii",6740,"copepod_nauplii"
"945","Alaria","Pabay_22_5_22_2","Pabay","22_5_2022",22,5,2022,"zooplankton",16045,"copepods",8403,"copepods"
"946","Alaria","Pabay_22_5_22_2","Pabay","22_5_2022",22,5,2022,"zooplankton",16045,"decapoda_larvae",85,"decapoda_larvae"
"947","Alaria","Pabay_22_5_22_2","Pabay","22_5_2022",22,5,2022,"zooplankton",16045,"evadne",68,"evadne"
"948","Alaria","Pabay_22_5_22_2","Pabay","22_5_2022",22,5,2022,"zooplankton",16045,"gastropoda",153,"gastropoda"
"949","Alaria","Pabay_22_5_22_2","Pabay","22_5_2022",22,5,2022,"zooplankton",16045,"holoplankton",15364,"holoplankton"
"950","Alaria","Pabay_22_5_22_2","Pabay","22_5_2022",22,5,2022,"zooplankton",16045,"meroplankton",681,"meroplankton"
"951","Alaria","Pabay_22_5_22_2","Pabay","22_5_2022",22,5,2022,"zooplankton",16045,"sabellariidae",51,"sabellariidae"
"952","Alaria","Pabay_22_5_22_2","Pabay","22_5_2022",22,5,2022,"zooplankton",16045,"total_balanoida",85,"total_balanoida"
"953","Alaria","Pabay_22_5_22_2","Pabay","22_5_2022",22,5,2022,"zooplankton",16045,"total_brachiopoda",68,"total_brachiopoda"
"954","Alaria","Pabay_22_5_22_2","Pabay","22_5_2022",22,5,2022,"zooplankton",16045,"total_copepoda",15143,"total_copepoda"
"955","Alaria","Pabay_22_5_22_2","Pabay","22_5_2022",22,5,2022,"zooplankton",16045,"total_malacostraca",87,"total_malacostraca"
"956","Alaria","Pabay_22_5_22_2","Pabay","22_5_2022",22,5,2022,"zooplankton",16045,"total_polychaeta",51,"total_polychaeta"
"957","Saccharina","Pabay_22_5_22_2","Pabay","22_5_2022",22,5,2022,"zooplankton",16045,"bivalvia",390,"bivalvia"
"958","Saccharina","Pabay_22_5_22_2","Pabay","22_5_2022",22,5,2022,"zooplankton",16045,"copepod_nauplii",6740,"copepod_nauplii"
"959","Saccharina","Pabay_22_5_22_2","Pabay","22_5_2022",22,5,2022,"zooplankton",16045,"copepods",8403,"copepods"
"960","Saccharina","Pabay_22_5_22_2","Pabay","22_5_2022",22,5,2022,"zooplankton",16045,"decapoda_larvae",85,"decapoda_larvae"
"961","Saccharina","Pabay_22_5_22_2","Pabay","22_5_2022",22,5,2022,"zooplankton",16045,"evadne",68,"evadne"
"962","Saccharina","Pabay_22_5_22_2","Pabay","22_5_2022",22,5,2022,"zooplankton",16045,"gastropoda",153,"gastropoda"
"963","Saccharina","Pabay_22_5_22_2","Pabay","22_5_2022",22,5,2022,"zooplankton",16045,"holoplankton",15364,"holoplankton"
"964","Saccharina","Pabay_22_5_22_2","Pabay","22_5_2022",22,5,2022,"zooplankton",16045,"meroplankton",681,"meroplankton"
"965","Saccharina","Pabay_22_5_22_2","Pabay","22_5_2022",22,5,2022,"zooplankton",16045,"sabellariidae",51,"sabellariidae"
"966","Saccharina","Pabay_22_5_22_2","Pabay","22_5_2022",22,5,2022,"zooplankton",16045,"total_balanoida",85,"total_balanoida"
"967","Saccharina","Pabay_22_5_22_2","Pabay","22_5_2022",22,5,2022,"zooplankton",16045,"total_brachiopoda",68,"total_brachiopoda"
"968","Saccharina","Pabay_22_5_22_2","Pabay","22_5_2022",22,5,2022,"zooplankton",16045,"total_copepoda",15143,"total_copepoda"
"969","Saccharina","Pabay_22_5_22_2","Pabay","22_5_2022",22,5,2022,"zooplankton",16045,"total_malacostraca",87,"total_malacostraca"
"970","Saccharina","Pabay_22_5_22_2","Pabay","22_5_2022",22,5,2022,"zooplankton",16045,"total_polychaeta",51,"total_polychaeta"
"971","Alaria","Pabay_22_5_22_3","Pabay","22_5_2022",22,5,2022,"zooplankton",21498,"bivalvia",224,"bivalvia"
"972","Alaria","Pabay_22_5_22_3","Pabay","22_5_2022",22,5,2022,"zooplankton",21498,"copepod_nauplii",9351,"copepod_nauplii"
"973","Alaria","Pabay_22_5_22_3","Pabay","22_5_2022",22,5,2022,"zooplankton",21498,"copepods",11021,"copepods"
"974","Alaria","Pabay_22_5_22_3","Pabay","22_5_2022",22,5,2022,"zooplankton",21498,"decapoda_larvae",81,"decapoda_larvae"
"975","Alaria","Pabay_22_5_22_3","Pabay","22_5_2022",22,5,2022,"zooplankton",21498,"evadne",183,"evadne"
"976","Alaria","Pabay_22_5_22_3","Pabay","22_5_2022",22,5,2022,"zooplankton",21498,"gastropoda",163,"gastropoda"
"977","Alaria","Pabay_22_5_22_3","Pabay","22_5_2022",22,5,2022,"zooplankton",21498,"holoplankton",20903,"holoplankton"
"978","Alaria","Pabay_22_5_22_3","Pabay","22_5_2022",22,5,2022,"zooplankton",21498,"meroplankton",595,"meroplankton"
"979","Alaria","Pabay_22_5_22_3","Pabay","22_5_2022",22,5,2022,"zooplankton",21498,"podon",2,"podon"
"980","Alaria","Pabay_22_5_22_3","Pabay","22_5_2022",22,5,2022,"zooplankton",21498,"sabellariidae",81,"sabellariidae"
"981","Alaria","Pabay_22_5_22_3","Pabay","22_5_2022",22,5,2022,"zooplankton",21498,"total_balanoida",143,"total_balanoida"
"982","Alaria","Pabay_22_5_22_3","Pabay","22_5_2022",22,5,2022,"zooplankton",21498,"total_brachiopoda",185,"total_brachiopoda"
"983","Alaria","Pabay_22_5_22_3","Pabay","22_5_2022",22,5,2022,"zooplankton",21498,"total_copepoda",20372,"total_copepoda"
"984","Alaria","Pabay_22_5_22_3","Pabay","22_5_2022",22,5,2022,"zooplankton",21498,"total_hydrozoa",2,"total_hydrozoa"
"985","Alaria","Pabay_22_5_22_3","Pabay","22_5_2022",22,5,2022,"zooplankton",21498,"total_malacostraca",102,"total_malacostraca"
"986","Alaria","Pabay_22_5_22_3","Pabay","22_5_2022",22,5,2022,"zooplankton",21498,"total_polychaeta",81,"total_polychaeta"
"987","Alaria","Pabay_22_5_22_3","Pabay","22_5_2022",22,5,2022,"zooplankton",21498,"unknown_jellies",2,"unknown_jellies"
"988","Saccharina","Pabay_22_5_22_3","Pabay","22_5_2022",22,5,2022,"zooplankton",21498,"bivalvia",224,"bivalvia"
"989","Saccharina","Pabay_22_5_22_3","Pabay","22_5_2022",22,5,2022,"zooplankton",21498,"copepod_nauplii",9351,"copepod_nauplii"
"990","Saccharina","Pabay_22_5_22_3","Pabay","22_5_2022",22,5,2022,"zooplankton",21498,"copepods",11021,"copepods"
"991","Saccharina","Pabay_22_5_22_3","Pabay","22_5_2022",22,5,2022,"zooplankton",21498,"decapoda_larvae",81,"decapoda_larvae"
"992","Saccharina","Pabay_22_5_22_3","Pabay","22_5_2022",22,5,2022,"zooplankton",21498,"evadne",183,"evadne"
"993","Saccharina","Pabay_22_5_22_3","Pabay","22_5_2022",22,5,2022,"zooplankton",21498,"gastropoda",163,"gastropoda"
"994","Saccharina","Pabay_22_5_22_3","Pabay","22_5_2022",22,5,2022,"zooplankton",21498,"holoplankton",20903,"holoplankton"
"995","Saccharina","Pabay_22_5_22_3","Pabay","22_5_2022",22,5,2022,"zooplankton",21498,"meroplankton",595,"meroplankton"
"996","Saccharina","Pabay_22_5_22_3","Pabay","22_5_2022",22,5,2022,"zooplankton",21498,"podon",2,"podon"
"997","Saccharina","Pabay_22_5_22_3","Pabay","22_5_2022",22,5,2022,"zooplankton",21498,"sabellariidae",81,"sabellariidae"
"998","Saccharina","Pabay_22_5_22_3","Pabay","22_5_2022",22,5,2022,"zooplankton",21498,"total_balanoida",143,"total_balanoida"
"999","Saccharina","Pabay_22_5_22_3","Pabay","22_5_2022",22,5,2022,"zooplankton",21498,"total_brachiopoda",185,"total_brachiopoda"
"1000","Saccharina","Pabay_22_5_22_3","Pabay","22_5_2022",22,5,2022,"zooplankton",21498,"total_copepoda",20372,"total_copepoda"
"1001","Saccharina","Pabay_22_5_22_3","Pabay","22_5_2022",22,5,2022,"zooplankton",21498,"total_hydrozoa",2,"total_hydrozoa"
"1002","Saccharina","Pabay_22_5_22_3","Pabay","22_5_2022",22,5,2022,"zooplankton",21498,"total_malacostraca",102,"total_malacostraca"
"1003","Saccharina","Pabay_22_5_22_3","Pabay","22_5_2022",22,5,2022,"zooplankton",21498,"total_polychaeta",81,"total_polychaeta"
"1004","Saccharina","Pabay_22_5_22_3","Pabay","22_5_2022",22,5,2022,"zooplankton",21498,"unknown_jellies",2,"unknown_jellies"
"1005","Alaria","Pabay_25_2_22_1","Pabay","25_2_2022",25,2,2022,"zooplankton",689,"bivalvia",51,"bivalvia"
"1006","Alaria","Pabay_25_2_22_1","Pabay","25_2_2022",25,2,2022,"zooplankton",689,"bryozoa",17,"bryozoa"
"1007","Alaria","Pabay_25_2_22_1","Pabay","25_2_2022",25,2,2022,"zooplankton",689,"copepod_nauplii",424,"copepod_nauplii"
"1008","Alaria","Pabay_25_2_22_1","Pabay","25_2_2022",25,2,2022,"zooplankton",689,"copepods",170,"copepods"
"1009","Alaria","Pabay_25_2_22_1","Pabay","25_2_2022",25,2,2022,"zooplankton",689,"fish_egg",2,"fish_egg"
"1010","Alaria","Pabay_25_2_22_1","Pabay","25_2_2022",25,2,2022,"zooplankton",689,"gastropoda",2,"gastropoda"
"1011","Alaria","Pabay_25_2_22_1","Pabay","25_2_2022",25,2,2022,"zooplankton",689,"holoplankton",615,"holoplankton"
"1012","Alaria","Pabay_25_2_22_1","Pabay","25_2_2022",25,2,2022,"zooplankton",689,"meroplankton",74,"meroplankton"
"1013","Alaria","Pabay_25_2_22_1","Pabay","25_2_2022",25,2,2022,"zooplankton",689,"microfibers",2,"microfibers"
"1014","Alaria","Pabay_25_2_22_1","Pabay","25_2_2022",25,2,2022,"zooplankton",689,"ophiura_larvae",2,"ophiura_larvae"
"1015","Alaria","Pabay_25_2_22_1","Pabay","25_2_2022",25,2,2022,"zooplankton",689,"sabellariidae",2,"sabellariidae"
"1016","Alaria","Pabay_25_2_22_1","Pabay","25_2_2022",25,2,2022,"zooplankton",689,"total_balanoida",2,"total_balanoida"
"1017","Alaria","Pabay_25_2_22_1","Pabay","25_2_2022",25,2,2022,"zooplankton",689,"total_copepoda",594,"total_copepoda"
"1018","Alaria","Pabay_25_2_22_1","Pabay","25_2_2022",25,2,2022,"zooplankton",689,"total_polychaeta",2,"total_polychaeta"
"1019","Saccharina","Pabay_25_2_22_1","Pabay","25_2_2022",25,2,2022,"zooplankton",689,"bivalvia",51,"bivalvia"
"1020","Saccharina","Pabay_25_2_22_1","Pabay","25_2_2022",25,2,2022,"zooplankton",689,"bryozoa",17,"bryozoa"
"1021","Saccharina","Pabay_25_2_22_1","Pabay","25_2_2022",25,2,2022,"zooplankton",689,"copepod_nauplii",424,"copepod_nauplii"
"1022","Saccharina","Pabay_25_2_22_1","Pabay","25_2_2022",25,2,2022,"zooplankton",689,"copepods",170,"copepods"
"1023","Saccharina","Pabay_25_2_22_1","Pabay","25_2_2022",25,2,2022,"zooplankton",689,"fish_egg",2,"fish_egg"
"1024","Saccharina","Pabay_25_2_22_1","Pabay","25_2_2022",25,2,2022,"zooplankton",689,"gastropoda",2,"gastropoda"
"1025","Saccharina","Pabay_25_2_22_1","Pabay","25_2_2022",25,2,2022,"zooplankton",689,"holoplankton",615,"holoplankton"
"1026","Saccharina","Pabay_25_2_22_1","Pabay","25_2_2022",25,2,2022,"zooplankton",689,"meroplankton",74,"meroplankton"
"1027","Saccharina","Pabay_25_2_22_1","Pabay","25_2_2022",25,2,2022,"zooplankton",689,"microfibers",2,"microfibers"
"1028","Saccharina","Pabay_25_2_22_1","Pabay","25_2_2022",25,2,2022,"zooplankton",689,"ophiura_larvae",2,"ophiura_larvae"
"1029","Saccharina","Pabay_25_2_22_1","Pabay","25_2_2022",25,2,2022,"zooplankton",689,"sabellariidae",2,"sabellariidae"
"1030","Saccharina","Pabay_25_2_22_1","Pabay","25_2_2022",25,2,2022,"zooplankton",689,"total_balanoida",2,"total_balanoida"
"1031","Saccharina","Pabay_25_2_22_1","Pabay","25_2_2022",25,2,2022,"zooplankton",689,"total_copepoda",594,"total_copepoda"
"1032","Saccharina","Pabay_25_2_22_1","Pabay","25_2_2022",25,2,2022,"zooplankton",689,"total_polychaeta",2,"total_polychaeta"
"1033","Alaria","Pabay_25_2_22_2","Pabay","25_2_2022",25,2,2022,"zooplankton",993,"bivalvia",102,"bivalvia"
"1034","Alaria","Pabay_25_2_22_2","Pabay","25_2_2022",25,2,2022,"zooplankton",993,"bryozoa",2,"bryozoa"
"1035","Alaria","Pabay_25_2_22_2","Pabay","25_2_2022",25,2,2022,"zooplankton",993,"copepod_nauplii",543,"copepod_nauplii"
"1036","Alaria","Pabay_25_2_22_2","Pabay","25_2_2022",25,2,2022,"zooplankton",993,"copepods",170,"copepods"
"1037","Alaria","Pabay_25_2_22_2","Pabay","25_2_2022",25,2,2022,"zooplankton",993,"decapoda_larvae",2,"decapoda_larvae"
"1038","Alaria","Pabay_25_2_22_2","Pabay","25_2_2022",25,2,2022,"zooplankton",993,"gastropoda",102,"gastropoda"
"1039","Alaria","Pabay_25_2_22_2","Pabay","25_2_2022",25,2,2022,"zooplankton",993,"holoplankton",717,"holoplankton"
"1040","Alaria","Pabay_25_2_22_2","Pabay","25_2_2022",25,2,2022,"zooplankton",993,"meroplankton",276,"meroplankton"
"1041","Alaria","Pabay_25_2_22_2","Pabay","25_2_2022",25,2,2022,"zooplankton",993,"sabellariidae",68,"sabellariidae"
"1042","Alaria","Pabay_25_2_22_2","Pabay","25_2_2022",25,2,2022,"zooplankton",993,"total_balanoida",2,"total_balanoida"
"1043","Alaria","Pabay_25_2_22_2","Pabay","25_2_2022",25,2,2022,"zooplankton",993,"total_copepoda",713,"total_copepoda"
"1044","Alaria","Pabay_25_2_22_2","Pabay","25_2_2022",25,2,2022,"zooplankton",993,"total_malacostraca",2,"total_malacostraca"
"1045","Alaria","Pabay_25_2_22_2","Pabay","25_2_2022",25,2,2022,"zooplankton",993,"total_polychaeta",68,"total_polychaeta"
"1046","Saccharina","Pabay_25_2_22_2","Pabay","25_2_2022",25,2,2022,"zooplankton",993,"bivalvia",102,"bivalvia"
"1047","Saccharina","Pabay_25_2_22_2","Pabay","25_2_2022",25,2,2022,"zooplankton",993,"bryozoa",2,"bryozoa"
"1048","Saccharina","Pabay_25_2_22_2","Pabay","25_2_2022",25,2,2022,"zooplankton",993,"copepod_nauplii",543,"copepod_nauplii"
"1049","Saccharina","Pabay_25_2_22_2","Pabay","25_2_2022",25,2,2022,"zooplankton",993,"copepods",170,"copepods"
"1050","Saccharina","Pabay_25_2_22_2","Pabay","25_2_2022",25,2,2022,"zooplankton",993,"decapoda_larvae",2,"decapoda_larvae"
"1051","Saccharina","Pabay_25_2_22_2","Pabay","25_2_2022",25,2,2022,"zooplankton",993,"gastropoda",102,"gastropoda"
"1052","Saccharina","Pabay_25_2_22_2","Pabay","25_2_2022",25,2,2022,"zooplankton",993,"holoplankton",717,"holoplankton"
"1053","Saccharina","Pabay_25_2_22_2","Pabay","25_2_2022",25,2,2022,"zooplankton",993,"meroplankton",276,"meroplankton"
"1054","Saccharina","Pabay_25_2_22_2","Pabay","25_2_2022",25,2,2022,"zooplankton",993,"sabellariidae",68,"sabellariidae"
"1055","Saccharina","Pabay_25_2_22_2","Pabay","25_2_2022",25,2,2022,"zooplankton",993,"total_balanoida",2,"total_balanoida"
"1056","Saccharina","Pabay_25_2_22_2","Pabay","25_2_2022",25,2,2022,"zooplankton",993,"total_copepoda",713,"total_copepoda"
"1057","Saccharina","Pabay_25_2_22_2","Pabay","25_2_2022",25,2,2022,"zooplankton",993,"total_malacostraca",2,"total_malacostraca"
"1058","Saccharina","Pabay_25_2_22_2","Pabay","25_2_2022",25,2,2022,"zooplankton",993,"total_polychaeta",68,"total_polychaeta"
"1059","Alaria","Pabay_25_2_22_3","Pabay","25_2_2022",25,2,2022,"zooplankton",855,"bivalvia",85,"bivalvia"
"1060","Alaria","Pabay_25_2_22_3","Pabay","25_2_2022",25,2,2022,"zooplankton",855,"bryozoa",17,"bryozoa"
"1061","Alaria","Pabay_25_2_22_3","Pabay","25_2_2022",25,2,2022,"zooplankton",855,"copepod_nauplii",543,"copepod_nauplii"
"1062","Alaria","Pabay_25_2_22_3","Pabay","25_2_2022",25,2,2022,"zooplankton",855,"copepods",136,"copepods"
"1063","Alaria","Pabay_25_2_22_3","Pabay","25_2_2022",25,2,2022,"zooplankton",855,"decapoda_larvae",2,"decapoda_larvae"
"1064","Alaria","Pabay_25_2_22_3","Pabay","25_2_2022",25,2,2022,"zooplankton",855,"fish_egg",17,"fish_egg"
"1065","Alaria","Pabay_25_2_22_3","Pabay","25_2_2022",25,2,2022,"zooplankton",855,"gastropoda",34,"gastropoda"
"1066","Alaria","Pabay_25_2_22_3","Pabay","25_2_2022",25,2,2022,"zooplankton",855,"holoplankton",698,"holoplankton"
"1067","Alaria","Pabay_25_2_22_3","Pabay","25_2_2022",25,2,2022,"zooplankton",855,"meroplankton",157,"meroplankton"
"1068","Alaria","Pabay_25_2_22_3","Pabay","25_2_2022",25,2,2022,"zooplankton",855,"microfibers",2,"microfibers"
"1069","Alaria","Pabay_25_2_22_3","Pabay","25_2_2022",25,2,2022,"zooplankton",855,"mp_fragments",2,"mp_fragments"
"1070","Alaria","Pabay_25_2_22_3","Pabay","25_2_2022",25,2,2022,"zooplankton",855,"ophiura_larvae",2,"ophiura_larvae"
"1071","Alaria","Pabay_25_2_22_3","Pabay","25_2_2022",25,2,2022,"zooplankton",855,"sabellariidae",17,"sabellariidae"
"1072","Alaria","Pabay_25_2_22_3","Pabay","25_2_2022",25,2,2022,"zooplankton",855,"total_balanoida",2,"total_balanoida"
"1073","Alaria","Pabay_25_2_22_3","Pabay","25_2_2022",25,2,2022,"zooplankton",855,"total_copepoda",679,"total_copepoda"
"1074","Alaria","Pabay_25_2_22_3","Pabay","25_2_2022",25,2,2022,"zooplankton",855,"total_malacostraca",2,"total_malacostraca"
"1075","Alaria","Pabay_25_2_22_3","Pabay","25_2_2022",25,2,2022,"zooplankton",855,"total_polychaeta",17,"total_polychaeta"
"1076","Saccharina","Pabay_25_2_22_3","Pabay","25_2_2022",25,2,2022,"zooplankton",855,"bivalvia",85,"bivalvia"
"1077","Saccharina","Pabay_25_2_22_3","Pabay","25_2_2022",25,2,2022,"zooplankton",855,"bryozoa",17,"bryozoa"
"1078","Saccharina","Pabay_25_2_22_3","Pabay","25_2_2022",25,2,2022,"zooplankton",855,"copepod_nauplii",543,"copepod_nauplii"
"1079","Saccharina","Pabay_25_2_22_3","Pabay","25_2_2022",25,2,2022,"zooplankton",855,"copepods",136,"copepods"
"1080","Saccharina","Pabay_25_2_22_3","Pabay","25_2_2022",25,2,2022,"zooplankton",855,"decapoda_larvae",2,"decapoda_larvae"
"1081","Saccharina","Pabay_25_2_22_3","Pabay","25_2_2022",25,2,2022,"zooplankton",855,"fish_egg",17,"fish_egg"
"1082","Saccharina","Pabay_25_2_22_3","Pabay","25_2_2022",25,2,2022,"zooplankton",855,"gastropoda",34,"gastropoda"
"1083","Saccharina","Pabay_25_2_22_3","Pabay","25_2_2022",25,2,2022,"zooplankton",855,"holoplankton",698,"holoplankton"
"1084","Saccharina","Pabay_25_2_22_3","Pabay","25_2_2022",25,2,2022,"zooplankton",855,"meroplankton",157,"meroplankton"
"1085","Saccharina","Pabay_25_2_22_3","Pabay","25_2_2022",25,2,2022,"zooplankton",855,"microfibers",2,"microfibers"
"1086","Saccharina","Pabay_25_2_22_3","Pabay","25_2_2022",25,2,2022,"zooplankton",855,"mp_fragments",2,"mp_fragments"
"1087","Saccharina","Pabay_25_2_22_3","Pabay","25_2_2022",25,2,2022,"zooplankton",855,"ophiura_larvae",2,"ophiura_larvae"
"1088","Saccharina","Pabay_25_2_22_3","Pabay","25_2_2022",25,2,2022,"zooplankton",855,"sabellariidae",17,"sabellariidae"
"1089","Saccharina","Pabay_25_2_22_3","Pabay","25_2_2022",25,2,2022,"zooplankton",855,"total_balanoida",2,"total_balanoida"
"1090","Saccharina","Pabay_25_2_22_3","Pabay","25_2_2022",25,2,2022,"zooplankton",855,"total_copepoda",679,"total_copepoda"
"1091","Saccharina","Pabay_25_2_22_3","Pabay","25_2_2022",25,2,2022,"zooplankton",855,"total_malacostraca",2,"total_malacostraca"
"1092","Saccharina","Pabay_25_2_22_3","Pabay","25_2_2022",25,2,2022,"zooplankton",855,"total_polychaeta",17,"total_polychaeta"
"1093","Alaria","Pabay_29_11_21_1","Pabay","29_11_2021",29,11,2021,"zooplankton",519,"bivalvia",51,"bivalvia"
"1094","Alaria","Pabay_29_11_21_1","Pabay","29_11_2021",29,11,2021,"zooplankton",519,"bryozoa",2,"bryozoa"
"1095","Alaria","Pabay_29_11_21_1","Pabay","29_11_2021",29,11,2021,"zooplankton",519,"copepod_nauplii",187,"copepod_nauplii"
"1096","Alaria","Pabay_29_11_21_1","Pabay","29_11_2021",29,11,2021,"zooplankton",519,"copepods",238,"copepods"
"1097","Alaria","Pabay_29_11_21_1","Pabay","29_11_2021",29,11,2021,"zooplankton",519,"gastropoda",2,"gastropoda"
"1098","Alaria","Pabay_29_11_21_1","Pabay","29_11_2021",29,11,2021,"zooplankton",519,"holoplankton",426,"holoplankton"
"1099","Alaria","Pabay_29_11_21_1","Pabay","29_11_2021",29,11,2021,"zooplankton",519,"hydroids",2,"hydroids"
"1100","Alaria","Pabay_29_11_21_1","Pabay","29_11_2021",29,11,2021,"zooplankton",519,"meroplankton",93,"meroplankton"
"1101","Alaria","Pabay_29_11_21_1","Pabay","29_11_2021",29,11,2021,"zooplankton",519,"sabellariidae",2,"sabellariidae"
"1102","Alaria","Pabay_29_11_21_1","Pabay","29_11_2021",29,11,2021,"zooplankton",519,"total_copepoda",424,"total_copepoda"
"1103","Alaria","Pabay_29_11_21_1","Pabay","29_11_2021",29,11,2021,"zooplankton",519,"total_hydrozoa",2,"total_hydrozoa"
"1104","Alaria","Pabay_29_11_21_1","Pabay","29_11_2021",29,11,2021,"zooplankton",519,"total_polychaeta",2,"total_polychaeta"
"1105","Saccharina","Pabay_29_11_21_1","Pabay","29_11_2021",29,11,2021,"zooplankton",519,"bivalvia",51,"bivalvia"
"1106","Saccharina","Pabay_29_11_21_1","Pabay","29_11_2021",29,11,2021,"zooplankton",519,"bryozoa",2,"bryozoa"
"1107","Saccharina","Pabay_29_11_21_1","Pabay","29_11_2021",29,11,2021,"zooplankton",519,"copepod_nauplii",187,"copepod_nauplii"
"1108","Saccharina","Pabay_29_11_21_1","Pabay","29_11_2021",29,11,2021,"zooplankton",519,"copepods",238,"copepods"
"1109","Saccharina","Pabay_29_11_21_1","Pabay","29_11_2021",29,11,2021,"zooplankton",519,"gastropoda",2,"gastropoda"
"1110","Saccharina","Pabay_29_11_21_1","Pabay","29_11_2021",29,11,2021,"zooplankton",519,"holoplankton",426,"holoplankton"
"1111","Saccharina","Pabay_29_11_21_1","Pabay","29_11_2021",29,11,2021,"zooplankton",519,"hydroids",2,"hydroids"
"1112","Saccharina","Pabay_29_11_21_1","Pabay","29_11_2021",29,11,2021,"zooplankton",519,"meroplankton",93,"meroplankton"
"1113","Saccharina","Pabay_29_11_21_1","Pabay","29_11_2021",29,11,2021,"zooplankton",519,"sabellariidae",2,"sabellariidae"
"1114","Saccharina","Pabay_29_11_21_1","Pabay","29_11_2021",29,11,2021,"zooplankton",519,"total_copepoda",424,"total_copepoda"
"1115","Saccharina","Pabay_29_11_21_1","Pabay","29_11_2021",29,11,2021,"zooplankton",519,"total_hydrozoa",2,"total_hydrozoa"
"1116","Saccharina","Pabay_29_11_21_1","Pabay","29_11_2021",29,11,2021,"zooplankton",519,"total_polychaeta",2,"total_polychaeta"
"1117","Alaria","Pabay_29_11_21_2","Pabay","29_11_2021",29,11,2021,"zooplankton",678,"bivalvia",43,"bivalvia"
"1118","Alaria","Pabay_29_11_21_2","Pabay","29_11_2021",29,11,2021,"zooplankton",678,"bryozoa",27,"bryozoa"
"1119","Alaria","Pabay_29_11_21_2","Pabay","29_11_2021",29,11,2021,"zooplankton",678,"copepod_nauplii",204,"copepod_nauplii"
"1120","Alaria","Pabay_29_11_21_2","Pabay","29_11_2021",29,11,2021,"zooplankton",678,"copepods",306,"copepods"
"1121","Alaria","Pabay_29_11_21_2","Pabay","29_11_2021",29,11,2021,"zooplankton",678,"fish_egg",17,"fish_egg"
"1122","Alaria","Pabay_29_11_21_2","Pabay","29_11_2021",29,11,2021,"zooplankton",678,"gastropoda",2,"gastropoda"
"1123","Alaria","Pabay_29_11_21_2","Pabay","29_11_2021",29,11,2021,"zooplankton",678,"holoplankton",553,"holoplankton"
"1124","Alaria","Pabay_29_11_21_2","Pabay","29_11_2021",29,11,2021,"zooplankton",678,"hydroids",1,"hydroids"
"1125","Alaria","Pabay_29_11_21_2","Pabay","29_11_2021",29,11,2021,"zooplankton",678,"meroplankton",125,"meroplankton"
"1126","Alaria","Pabay_29_11_21_2","Pabay","29_11_2021",29,11,2021,"zooplankton",678,"microfibers",1,"microfibers"
"1127","Alaria","Pabay_29_11_21_2","Pabay","29_11_2021",29,11,2021,"zooplankton",678,"mp_fragments",1,"mp_fragments"
"1128","Alaria","Pabay_29_11_21_2","Pabay","29_11_2021",29,11,2021,"zooplankton",678,"ophiura_larvae",1,"ophiura_larvae"
"1129","Alaria","Pabay_29_11_21_2","Pabay","29_11_2021",29,11,2021,"zooplankton",678,"sabellariidae",27,"sabellariidae"
"1130","Alaria","Pabay_29_11_21_2","Pabay","29_11_2021",29,11,2021,"zooplankton",678,"total_balanoida",9,"total_balanoida"
"1131","Alaria","Pabay_29_11_21_2","Pabay","29_11_2021",29,11,2021,"zooplankton",678,"total_copepoda",509,"total_copepoda"
"1132","Alaria","Pabay_29_11_21_2","Pabay","29_11_2021",29,11,2021,"zooplankton",678,"total_hydrozoa",1,"total_hydrozoa"
"1133","Alaria","Pabay_29_11_21_2","Pabay","29_11_2021",29,11,2021,"zooplankton",678,"total_polychaeta",27,"total_polychaeta"
"1134","Saccharina","Pabay_29_11_21_2","Pabay","29_11_2021",29,11,2021,"zooplankton",678,"bivalvia",43,"bivalvia"
"1135","Saccharina","Pabay_29_11_21_2","Pabay","29_11_2021",29,11,2021,"zooplankton",678,"bryozoa",27,"bryozoa"
"1136","Saccharina","Pabay_29_11_21_2","Pabay","29_11_2021",29,11,2021,"zooplankton",678,"copepod_nauplii",204,"copepod_nauplii"
"1137","Saccharina","Pabay_29_11_21_2","Pabay","29_11_2021",29,11,2021,"zooplankton",678,"copepods",306,"copepods"
"1138","Saccharina","Pabay_29_11_21_2","Pabay","29_11_2021",29,11,2021,"zooplankton",678,"fish_egg",17,"fish_egg"
"1139","Saccharina","Pabay_29_11_21_2","Pabay","29_11_2021",29,11,2021,"zooplankton",678,"gastropoda",2,"gastropoda"
"1140","Saccharina","Pabay_29_11_21_2","Pabay","29_11_2021",29,11,2021,"zooplankton",678,"holoplankton",553,"holoplankton"
"1141","Saccharina","Pabay_29_11_21_2","Pabay","29_11_2021",29,11,2021,"zooplankton",678,"hydroids",1,"hydroids"
"1142","Saccharina","Pabay_29_11_21_2","Pabay","29_11_2021",29,11,2021,"zooplankton",678,"meroplankton",125,"meroplankton"
"1143","Saccharina","Pabay_29_11_21_2","Pabay","29_11_2021",29,11,2021,"zooplankton",678,"microfibers",1,"microfibers"
"1144","Saccharina","Pabay_29_11_21_2","Pabay","29_11_2021",29,11,2021,"zooplankton",678,"mp_fragments",1,"mp_fragments"
"1145","Saccharina","Pabay_29_11_21_2","Pabay","29_11_2021",29,11,2021,"zooplankton",678,"ophiura_larvae",1,"ophiura_larvae"
"1146","Saccharina","Pabay_29_11_21_2","Pabay","29_11_2021",29,11,2021,"zooplankton",678,"sabellariidae",27,"sabellariidae"
"1147","Saccharina","Pabay_29_11_21_2","Pabay","29_11_2021",29,11,2021,"zooplankton",678,"total_balanoida",9,"total_balanoida"
"1148","Saccharina","Pabay_29_11_21_2","Pabay","29_11_2021",29,11,2021,"zooplankton",678,"total_copepoda",509,"total_copepoda"
"1149","Saccharina","Pabay_29_11_21_2","Pabay","29_11_2021",29,11,2021,"zooplankton",678,"total_hydrozoa",1,"total_hydrozoa"
"1150","Saccharina","Pabay_29_11_21_2","Pabay","29_11_2021",29,11,2021,"zooplankton",678,"total_polychaeta",27,"total_polychaeta"
"1151","Alaria","Pabay_29_11_21_3","Pabay","29_11_2021",29,11,2021,"zooplankton",836,"bivalvia",34,"bivalvia"
"1152","Alaria","Pabay_29_11_21_3","Pabay","29_11_2021",29,11,2021,"zooplankton",836,"bryozoa",51,"bryozoa"
"1153","Alaria","Pabay_29_11_21_3","Pabay","29_11_2021",29,11,2021,"zooplankton",836,"copepod_nauplii",221,"copepod_nauplii"
"1154","Alaria","Pabay_29_11_21_3","Pabay","29_11_2021",29,11,2021,"zooplankton",836,"copepods",373,"copepods"
"1155","Alaria","Pabay_29_11_21_3","Pabay","29_11_2021",29,11,2021,"zooplankton",836,"fish_egg",34,"fish_egg"
"1156","Alaria","Pabay_29_11_21_3","Pabay","29_11_2021",29,11,2021,"zooplankton",836,"gastropoda",2,"gastropoda"
"1157","Alaria","Pabay_29_11_21_3","Pabay","29_11_2021",29,11,2021,"zooplankton",836,"holoplankton",679,"holoplankton"
"1158","Alaria","Pabay_29_11_21_3","Pabay","29_11_2021",29,11,2021,"zooplankton",836,"meroplankton",157,"meroplankton"
"1159","Alaria","Pabay_29_11_21_3","Pabay","29_11_2021",29,11,2021,"zooplankton",836,"microfibers",2,"microfibers"
"1160","Alaria","Pabay_29_11_21_3","Pabay","29_11_2021",29,11,2021,"zooplankton",836,"mp_fragments",2,"mp_fragments"
"1161","Alaria","Pabay_29_11_21_3","Pabay","29_11_2021",29,11,2021,"zooplankton",836,"ophiura_larvae",2,"ophiura_larvae"
"1162","Alaria","Pabay_29_11_21_3","Pabay","29_11_2021",29,11,2021,"zooplankton",836,"sabellariidae",51,"sabellariidae"
"1163","Alaria","Pabay_29_11_21_3","Pabay","29_11_2021",29,11,2021,"zooplankton",836,"total_balanoida",17,"total_balanoida"
"1164","Alaria","Pabay_29_11_21_3","Pabay","29_11_2021",29,11,2021,"zooplankton",836,"total_copepoda",594,"total_copepoda"
"1165","Alaria","Pabay_29_11_21_3","Pabay","29_11_2021",29,11,2021,"zooplankton",836,"total_polychaeta",51,"total_polychaeta"
"1166","Saccharina","Pabay_29_11_21_3","Pabay","29_11_2021",29,11,2021,"zooplankton",836,"bivalvia",34,"bivalvia"
"1167","Saccharina","Pabay_29_11_21_3","Pabay","29_11_2021",29,11,2021,"zooplankton",836,"bryozoa",51,"bryozoa"
"1168","Saccharina","Pabay_29_11_21_3","Pabay","29_11_2021",29,11,2021,"zooplankton",836,"copepod_nauplii",221,"copepod_nauplii"
"1169","Saccharina","Pabay_29_11_21_3","Pabay","29_11_2021",29,11,2021,"zooplankton",836,"copepods",373,"copepods"
"1170","Saccharina","Pabay_29_11_21_3","Pabay","29_11_2021",29,11,2021,"zooplankton",836,"fish_egg",34,"fish_egg"
"1171","Saccharina","Pabay_29_11_21_3","Pabay","29_11_2021",29,11,2021,"zooplankton",836,"gastropoda",2,"gastropoda"
"1172","Saccharina","Pabay_29_11_21_3","Pabay","29_11_2021",29,11,2021,"zooplankton",836,"holoplankton",679,"holoplankton"
"1173","Saccharina","Pabay_29_11_21_3","Pabay","29_11_2021",29,11,2021,"zooplankton",836,"meroplankton",157,"meroplankton"
"1174","Saccharina","Pabay_29_11_21_3","Pabay","29_11_2021",29,11,2021,"zooplankton",836,"microfibers",2,"microfibers"
"1175","Saccharina","Pabay_29_11_21_3","Pabay","29_11_2021",29,11,2021,"zooplankton",836,"mp_fragments",2,"mp_fragments"
"1176","Saccharina","Pabay_29_11_21_3","Pabay","29_11_2021",29,11,2021,"zooplankton",836,"ophiura_larvae",2,"ophiura_larvae"
"1177","Saccharina","Pabay_29_11_21_3","Pabay","29_11_2021",29,11,2021,"zooplankton",836,"sabellariidae",51,"sabellariidae"
"1178","Saccharina","Pabay_29_11_21_3","Pabay","29_11_2021",29,11,2021,"zooplankton",836,"total_balanoida",17,"total_balanoida"
"1179","Saccharina","Pabay_29_11_21_3","Pabay","29_11_2021",29,11,2021,"zooplankton",836,"total_copepoda",594,"total_copepoda"
"1180","Saccharina","Pabay_29_11_21_3","Pabay","29_11_2021",29,11,2021,"zooplankton",836,"total_polychaeta",51,"total_polychaeta"
"1181","Alaria","Pabay_30_1_22_1","Pabay","30_1_2022",30,1,2022,"zooplankton",206,"bivalvia",17,"bivalvia"
"1182","Alaria","Pabay_30_1_22_1","Pabay","30_1_2022",30,1,2022,"zooplankton",206,"bryozoa",17,"bryozoa"
"1183","Alaria","Pabay_30_1_22_1","Pabay","30_1_2022",30,1,2022,"zooplankton",206,"copepod_nauplii",34,"copepod_nauplii"
"1184","Alaria","Pabay_30_1_22_1","Pabay","30_1_2022",30,1,2022,"zooplankton",206,"copepods",68,"copepods"
"1185","Alaria","Pabay_30_1_22_1","Pabay","30_1_2022",30,1,2022,"zooplankton",206,"fish_egg",17,"fish_egg"
"1186","Alaria","Pabay_30_1_22_1","Pabay","30_1_2022",30,1,2022,"zooplankton",206,"gastropoda",2,"gastropoda"
"1187","Alaria","Pabay_30_1_22_1","Pabay","30_1_2022",30,1,2022,"zooplankton",206,"holoplankton",119,"holoplankton"
"1188","Alaria","Pabay_30_1_22_1","Pabay","30_1_2022",30,1,2022,"zooplankton",206,"meroplankton",87,"meroplankton"
"1189","Alaria","Pabay_30_1_22_1","Pabay","30_1_2022",30,1,2022,"zooplankton",206,"sabellariidae",51,"sabellariidae"
"1190","Alaria","Pabay_30_1_22_1","Pabay","30_1_2022",30,1,2022,"zooplankton",206,"total_copepoda",102,"total_copepoda"
"1191","Alaria","Pabay_30_1_22_1","Pabay","30_1_2022",30,1,2022,"zooplankton",206,"total_polychaeta",51,"total_polychaeta"
"1192","Saccharina","Pabay_30_1_22_1","Pabay","30_1_2022",30,1,2022,"zooplankton",206,"bivalvia",17,"bivalvia"
"1193","Saccharina","Pabay_30_1_22_1","Pabay","30_1_2022",30,1,2022,"zooplankton",206,"bryozoa",17,"bryozoa"
"1194","Saccharina","Pabay_30_1_22_1","Pabay","30_1_2022",30,1,2022,"zooplankton",206,"copepod_nauplii",34,"copepod_nauplii"
"1195","Saccharina","Pabay_30_1_22_1","Pabay","30_1_2022",30,1,2022,"zooplankton",206,"copepods",68,"copepods"
"1196","Saccharina","Pabay_30_1_22_1","Pabay","30_1_2022",30,1,2022,"zooplankton",206,"fish_egg",17,"fish_egg"
"1197","Saccharina","Pabay_30_1_22_1","Pabay","30_1_2022",30,1,2022,"zooplankton",206,"gastropoda",2,"gastropoda"
"1198","Saccharina","Pabay_30_1_22_1","Pabay","30_1_2022",30,1,2022,"zooplankton",206,"holoplankton",119,"holoplankton"
"1199","Saccharina","Pabay_30_1_22_1","Pabay","30_1_2022",30,1,2022,"zooplankton",206,"meroplankton",87,"meroplankton"
"1200","Saccharina","Pabay_30_1_22_1","Pabay","30_1_2022",30,1,2022,"zooplankton",206,"sabellariidae",51,"sabellariidae"
"1201","Saccharina","Pabay_30_1_22_1","Pabay","30_1_2022",30,1,2022,"zooplankton",206,"total_copepoda",102,"total_copepoda"
"1202","Saccharina","Pabay_30_1_22_1","Pabay","30_1_2022",30,1,2022,"zooplankton",206,"total_polychaeta",51,"total_polychaeta"
"1203","Alaria","Pabay_30_1_22_2","Pabay","30_1_2022",30,1,2022,"zooplankton",825,"bivalvia",85,"bivalvia"
"1204","Alaria","Pabay_30_1_22_2","Pabay","30_1_2022",30,1,2022,"zooplankton",825,"bryozoa",2,"bryozoa"
"1205","Alaria","Pabay_30_1_22_2","Pabay","30_1_2022",30,1,2022,"zooplankton",825,"copepod_nauplii",272,"copepod_nauplii"
"1206","Alaria","Pabay_30_1_22_2","Pabay","30_1_2022",30,1,2022,"zooplankton",825,"copepods",306,"copepods"
"1207","Alaria","Pabay_30_1_22_2","Pabay","30_1_2022",30,1,2022,"zooplankton",825,"fish_egg",2,"fish_egg"
"1208","Alaria","Pabay_30_1_22_2","Pabay","30_1_2022",30,1,2022,"zooplankton",825,"gastropoda",68,"gastropoda"
"1209","Alaria","Pabay_30_1_22_2","Pabay","30_1_2022",30,1,2022,"zooplankton",825,"holoplankton",581,"holoplankton"
"1210","Alaria","Pabay_30_1_22_2","Pabay","30_1_2022",30,1,2022,"zooplankton",825,"meroplankton",244,"meroplankton"
"1211","Alaria","Pabay_30_1_22_2","Pabay","30_1_2022",30,1,2022,"zooplankton",825,"microfibers",2,"microfibers"
"1212","Alaria","Pabay_30_1_22_2","Pabay","30_1_2022",30,1,2022,"zooplankton",825,"mp_fragments",17,"mp_fragments"
"1213","Alaria","Pabay_30_1_22_2","Pabay","30_1_2022",30,1,2022,"zooplankton",825,"sabellariidae",85,"sabellariidae"
"1214","Alaria","Pabay_30_1_22_2","Pabay","30_1_2022",30,1,2022,"zooplankton",825,"total_copepoda",577,"total_copepoda"
"1215","Alaria","Pabay_30_1_22_2","Pabay","30_1_2022",30,1,2022,"zooplankton",825,"total_polychaeta",85,"total_polychaeta"
"1216","Saccharina","Pabay_30_1_22_2","Pabay","30_1_2022",30,1,2022,"zooplankton",825,"bivalvia",85,"bivalvia"
"1217","Saccharina","Pabay_30_1_22_2","Pabay","30_1_2022",30,1,2022,"zooplankton",825,"bryozoa",2,"bryozoa"
"1218","Saccharina","Pabay_30_1_22_2","Pabay","30_1_2022",30,1,2022,"zooplankton",825,"copepod_nauplii",272,"copepod_nauplii"
"1219","Saccharina","Pabay_30_1_22_2","Pabay","30_1_2022",30,1,2022,"zooplankton",825,"copepods",306,"copepods"
"1220","Saccharina","Pabay_30_1_22_2","Pabay","30_1_2022",30,1,2022,"zooplankton",825,"fish_egg",2,"fish_egg"
"1221","Saccharina","Pabay_30_1_22_2","Pabay","30_1_2022",30,1,2022,"zooplankton",825,"gastropoda",68,"gastropoda"
"1222","Saccharina","Pabay_30_1_22_2","Pabay","30_1_2022",30,1,2022,"zooplankton",825,"holoplankton",581,"holoplankton"
"1223","Saccharina","Pabay_30_1_22_2","Pabay","30_1_2022",30,1,2022,"zooplankton",825,"meroplankton",244,"meroplankton"
"1224","Saccharina","Pabay_30_1_22_2","Pabay","30_1_2022",30,1,2022,"zooplankton",825,"microfibers",2,"microfibers"
"1225","Saccharina","Pabay_30_1_22_2","Pabay","30_1_2022",30,1,2022,"zooplankton",825,"mp_fragments",17,"mp_fragments"
"1226","Saccharina","Pabay_30_1_22_2","Pabay","30_1_2022",30,1,2022,"zooplankton",825,"sabellariidae",85,"sabellariidae"
"1227","Saccharina","Pabay_30_1_22_2","Pabay","30_1_2022",30,1,2022,"zooplankton",825,"total_copepoda",577,"total_copepoda"
"1228","Saccharina","Pabay_30_1_22_2","Pabay","30_1_2022",30,1,2022,"zooplankton",825,"total_polychaeta",85,"total_polychaeta"
"1229","Alaria","Pabay_30_1_22_3","Pabay","30_1_2022",30,1,2022,"zooplankton",380,"bivalvia",85,"bivalvia"
"1230","Alaria","Pabay_30_1_22_3","Pabay","30_1_2022",30,1,2022,"zooplankton",380,"bryozoa",2,"bryozoa"
"1231","Alaria","Pabay_30_1_22_3","Pabay","30_1_2022",30,1,2022,"zooplankton",380,"copepod_nauplii",153,"copepod_nauplii"
"1232","Alaria","Pabay_30_1_22_3","Pabay","30_1_2022",30,1,2022,"zooplankton",380,"copepods",102,"copepods"
"1233","Alaria","Pabay_30_1_22_3","Pabay","30_1_2022",30,1,2022,"zooplankton",380,"fish_egg",17,"fish_egg"
"1234","Alaria","Pabay_30_1_22_3","Pabay","30_1_2022",30,1,2022,"zooplankton",380,"gastropoda",17,"gastropoda"
"1235","Alaria","Pabay_30_1_22_3","Pabay","30_1_2022",30,1,2022,"zooplankton",380,"holoplankton",274,"holoplankton"
"1236","Alaria","Pabay_30_1_22_3","Pabay","30_1_2022",30,1,2022,"zooplankton",380,"meroplankton",106,"meroplankton"
"1237","Alaria","Pabay_30_1_22_3","Pabay","30_1_2022",30,1,2022,"zooplankton",380,"microfibers",2,"microfibers"
"1238","Alaria","Pabay_30_1_22_3","Pabay","30_1_2022",30,1,2022,"zooplankton",380,"sabellariidae",2,"sabellariidae"
"1239","Alaria","Pabay_30_1_22_3","Pabay","30_1_2022",30,1,2022,"zooplankton",380,"total_copepoda",255,"total_copepoda"
"1240","Alaria","Pabay_30_1_22_3","Pabay","30_1_2022",30,1,2022,"zooplankton",380,"total_polychaeta",2,"total_polychaeta"
"1241","Saccharina","Pabay_30_1_22_3","Pabay","30_1_2022",30,1,2022,"zooplankton",380,"bivalvia",85,"bivalvia"
"1242","Saccharina","Pabay_30_1_22_3","Pabay","30_1_2022",30,1,2022,"zooplankton",380,"bryozoa",2,"bryozoa"
"1243","Saccharina","Pabay_30_1_22_3","Pabay","30_1_2022",30,1,2022,"zooplankton",380,"copepod_nauplii",153,"copepod_nauplii"
"1244","Saccharina","Pabay_30_1_22_3","Pabay","30_1_2022",30,1,2022,"zooplankton",380,"copepods",102,"copepods"
"1245","Saccharina","Pabay_30_1_22_3","Pabay","30_1_2022",30,1,2022,"zooplankton",380,"fish_egg",17,"fish_egg"
"1246","Saccharina","Pabay_30_1_22_3","Pabay","30_1_2022",30,1,2022,"zooplankton",380,"gastropoda",17,"gastropoda"
"1247","Saccharina","Pabay_30_1_22_3","Pabay","30_1_2022",30,1,2022,"zooplankton",380,"holoplankton",274,"holoplankton"
"1248","Saccharina","Pabay_30_1_22_3","Pabay","30_1_2022",30,1,2022,"zooplankton",380,"meroplankton",106,"meroplankton"
"1249","Saccharina","Pabay_30_1_22_3","Pabay","30_1_2022",30,1,2022,"zooplankton",380,"microfibers",2,"microfibers"
"1250","Saccharina","Pabay_30_1_22_3","Pabay","30_1_2022",30,1,2022,"zooplankton",380,"sabellariidae",2,"sabellariidae"
"1251","Saccharina","Pabay_30_1_22_3","Pabay","30_1_2022",30,1,2022,"zooplankton",380,"total_copepoda",255,"total_copepoda"
"1252","Saccharina","Pabay_30_1_22_3","Pabay","30_1_2022",30,1,2022,"zooplankton",380,"total_polychaeta",2,"total_polychaeta"
"1253","Alaria","Pabay_30_10_21_1","Pabay","30_10_2021",30,10,2021,"zooplankton",5131,"bivalvia",51,"bivalvia"
"1254","Alaria","Pabay_30_10_21_1","Pabay","30_10_2021",30,10,2021,"zooplankton",5131,"bryozoa",68,"bryozoa"
"1255","Alaria","Pabay_30_10_21_1","Pabay","30_10_2021",30,10,2021,"zooplankton",5131,"copepod_nauplii",2682,"copepod_nauplii"
"1256","Alaria","Pabay_30_10_21_1","Pabay","30_10_2021",30,10,2021,"zooplankton",5131,"copepods",2105,"copepods"
"1257","Alaria","Pabay_30_10_21_1","Pabay","30_10_2021",30,10,2021,"zooplankton",5131,"gastropoda",17,"gastropoda"
"1258","Alaria","Pabay_30_10_21_1","Pabay","30_10_2021",30,10,2021,"zooplankton",5131,"holoplankton",4923,"holoplankton"
"1259","Alaria","Pabay_30_10_21_1","Pabay","30_10_2021",30,10,2021,"zooplankton",5131,"meroplankton",208,"meroplankton"
"1260","Alaria","Pabay_30_10_21_1","Pabay","30_10_2021",30,10,2021,"zooplankton",5131,"microfibers",2,"microfibers"
"1261","Alaria","Pabay_30_10_21_1","Pabay","30_10_2021",30,10,2021,"zooplankton",5131,"ophiura_larvae",2,"ophiura_larvae"
"1262","Alaria","Pabay_30_10_21_1","Pabay","30_10_2021",30,10,2021,"zooplankton",5131,"podon",17,"podon"
"1263","Alaria","Pabay_30_10_21_1","Pabay","30_10_2021",30,10,2021,"zooplankton",5131,"sabellariidae",68,"sabellariidae"
"1264","Alaria","Pabay_30_10_21_1","Pabay","30_10_2021",30,10,2021,"zooplankton",5131,"total_brachiopoda",17,"total_brachiopoda"
"1265","Alaria","Pabay_30_10_21_1","Pabay","30_10_2021",30,10,2021,"zooplankton",5131,"total_copepoda",4787,"total_copepoda"
"1266","Alaria","Pabay_30_10_21_1","Pabay","30_10_2021",30,10,2021,"zooplankton",5131,"total_hydrozoa",2,"total_hydrozoa"
"1267","Alaria","Pabay_30_10_21_1","Pabay","30_10_2021",30,10,2021,"zooplankton",5131,"total_polychaeta",68,"total_polychaeta"
"1268","Alaria","Pabay_30_10_21_1","Pabay","30_10_2021",30,10,2021,"zooplankton",5131,"unknown_jellies",2,"unknown_jellies"
"1269","Saccharina","Pabay_30_10_21_1","Pabay","30_10_2021",30,10,2021,"zooplankton",5131,"bivalvia",51,"bivalvia"
"1270","Saccharina","Pabay_30_10_21_1","Pabay","30_10_2021",30,10,2021,"zooplankton",5131,"bryozoa",68,"bryozoa"
"1271","Saccharina","Pabay_30_10_21_1","Pabay","30_10_2021",30,10,2021,"zooplankton",5131,"copepod_nauplii",2682,"copepod_nauplii"
"1272","Saccharina","Pabay_30_10_21_1","Pabay","30_10_2021",30,10,2021,"zooplankton",5131,"copepods",2105,"copepods"
"1273","Saccharina","Pabay_30_10_21_1","Pabay","30_10_2021",30,10,2021,"zooplankton",5131,"gastropoda",17,"gastropoda"
"1274","Saccharina","Pabay_30_10_21_1","Pabay","30_10_2021",30,10,2021,"zooplankton",5131,"holoplankton",4923,"holoplankton"
"1275","Saccharina","Pabay_30_10_21_1","Pabay","30_10_2021",30,10,2021,"zooplankton",5131,"meroplankton",208,"meroplankton"
"1276","Saccharina","Pabay_30_10_21_1","Pabay","30_10_2021",30,10,2021,"zooplankton",5131,"microfibers",2,"microfibers"
"1277","Saccharina","Pabay_30_10_21_1","Pabay","30_10_2021",30,10,2021,"zooplankton",5131,"ophiura_larvae",2,"ophiura_larvae"
"1278","Saccharina","Pabay_30_10_21_1","Pabay","30_10_2021",30,10,2021,"zooplankton",5131,"podon",17,"podon"
"1279","Saccharina","Pabay_30_10_21_1","Pabay","30_10_2021",30,10,2021,"zooplankton",5131,"sabellariidae",68,"sabellariidae"
"1280","Saccharina","Pabay_30_10_21_1","Pabay","30_10_2021",30,10,2021,"zooplankton",5131,"total_brachiopoda",17,"total_brachiopoda"
"1281","Saccharina","Pabay_30_10_21_1","Pabay","30_10_2021",30,10,2021,"zooplankton",5131,"total_copepoda",4787,"total_copepoda"
"1282","Saccharina","Pabay_30_10_21_1","Pabay","30_10_2021",30,10,2021,"zooplankton",5131,"total_hydrozoa",2,"total_hydrozoa"
"1283","Saccharina","Pabay_30_10_21_1","Pabay","30_10_2021",30,10,2021,"zooplankton",5131,"total_polychaeta",68,"total_polychaeta"
"1284","Saccharina","Pabay_30_10_21_1","Pabay","30_10_2021",30,10,2021,"zooplankton",5131,"unknown_jellies",2,"unknown_jellies"
"1285","Alaria","Pabay_30_10_21_2","Pabay","30_10_2021",30,10,2021,"zooplankton",3618,"bivalvia",119,"bivalvia"
"1286","Alaria","Pabay_30_10_21_2","Pabay","30_10_2021",30,10,2021,"zooplankton",3618,"bryozoa",34,"bryozoa"
"1287","Alaria","Pabay_30_10_21_2","Pabay","30_10_2021",30,10,2021,"zooplankton",3618,"copepod_nauplii",2003,"copepod_nauplii"
"1288","Alaria","Pabay_30_10_21_2","Pabay","30_10_2021",30,10,2021,"zooplankton",3618,"copepods",1154,"copepods"
"1289","Alaria","Pabay_30_10_21_2","Pabay","30_10_2021",30,10,2021,"zooplankton",3618,"fish_egg",2,"fish_egg"
"1290","Alaria","Pabay_30_10_21_2","Pabay","30_10_2021",30,10,2021,"zooplankton",3618,"gastropoda",85,"gastropoda"
"1291","Alaria","Pabay_30_10_21_2","Pabay","30_10_2021",30,10,2021,"zooplankton",3618,"holoplankton",3295,"holoplankton"
"1292","Alaria","Pabay_30_10_21_2","Pabay","30_10_2021",30,10,2021,"zooplankton",3618,"meroplankton",323,"meroplankton"
"1293","Alaria","Pabay_30_10_21_2","Pabay","30_10_2021",30,10,2021,"zooplankton",3618,"microfibers",17,"microfibers"
"1294","Alaria","Pabay_30_10_21_2","Pabay","30_10_2021",30,10,2021,"zooplankton",3618,"sabellariidae",85,"sabellariidae"
"1295","Alaria","Pabay_30_10_21_2","Pabay","30_10_2021",30,10,2021,"zooplankton",3618,"total_copepoda",3158,"total_copepoda"
"1296","Alaria","Pabay_30_10_21_2","Pabay","30_10_2021",30,10,2021,"zooplankton",3618,"total_polychaeta",85,"total_polychaeta"
"1297","Saccharina","Pabay_30_10_21_2","Pabay","30_10_2021",30,10,2021,"zooplankton",3618,"bivalvia",119,"bivalvia"
"1298","Saccharina","Pabay_30_10_21_2","Pabay","30_10_2021",30,10,2021,"zooplankton",3618,"bryozoa",34,"bryozoa"
"1299","Saccharina","Pabay_30_10_21_2","Pabay","30_10_2021",30,10,2021,"zooplankton",3618,"copepod_nauplii",2003,"copepod_nauplii"
"1300","Saccharina","Pabay_30_10_21_2","Pabay","30_10_2021",30,10,2021,"zooplankton",3618,"copepods",1154,"copepods"
"1301","Saccharina","Pabay_30_10_21_2","Pabay","30_10_2021",30,10,2021,"zooplankton",3618,"fish_egg",2,"fish_egg"
"1302","Saccharina","Pabay_30_10_21_2","Pabay","30_10_2021",30,10,2021,"zooplankton",3618,"gastropoda",85,"gastropoda"
"1303","Saccharina","Pabay_30_10_21_2","Pabay","30_10_2021",30,10,2021,"zooplankton",3618,"holoplankton",3295,"holoplankton"
"1304","Saccharina","Pabay_30_10_21_2","Pabay","30_10_2021",30,10,2021,"zooplankton",3618,"meroplankton",323,"meroplankton"
"1305","Saccharina","Pabay_30_10_21_2","Pabay","30_10_2021",30,10,2021,"zooplankton",3618,"microfibers",17,"microfibers"
"1306","Saccharina","Pabay_30_10_21_2","Pabay","30_10_2021",30,10,2021,"zooplankton",3618,"sabellariidae",85,"sabellariidae"
"1307","Saccharina","Pabay_30_10_21_2","Pabay","30_10_2021",30,10,2021,"zooplankton",3618,"total_copepoda",3158,"total_copepoda"
"1308","Saccharina","Pabay_30_10_21_2","Pabay","30_10_2021",30,10,2021,"zooplankton",3618,"total_polychaeta",85,"total_polychaeta"
"1309","Alaria","Pabay_30_10_21_3","Pabay","30_10_2021",30,10,2021,"zooplankton",3096,"bivalvia",85,"bivalvia"
"1310","Alaria","Pabay_30_10_21_3","Pabay","30_10_2021",30,10,2021,"zooplankton",3096,"bryozoa",2,"bryozoa"
"1311","Alaria","Pabay_30_10_21_3","Pabay","30_10_2021",30,10,2021,"zooplankton",3096,"copepod_nauplii",1273,"copepod_nauplii"
"1312","Alaria","Pabay_30_10_21_3","Pabay","30_10_2021",30,10,2021,"zooplankton",3096,"copepods",1545,"copepods"
"1313","Alaria","Pabay_30_10_21_3","Pabay","30_10_2021",30,10,2021,"zooplankton",3096,"decapoda_larvae",2,"decapoda_larvae"
"1314","Alaria","Pabay_30_10_21_3","Pabay","30_10_2021",30,10,2021,"zooplankton",3096,"evadne",17,"evadne"
"1315","Alaria","Pabay_30_10_21_3","Pabay","30_10_2021",30,10,2021,"zooplankton",3096,"gastropoda",2,"gastropoda"
"1316","Alaria","Pabay_30_10_21_3","Pabay","30_10_2021",30,10,2021,"zooplankton",3096,"holoplankton",2954,"holoplankton"
"1317","Alaria","Pabay_30_10_21_3","Pabay","30_10_2021",30,10,2021,"zooplankton",3096,"meroplankton",142,"meroplankton"
"1318","Alaria","Pabay_30_10_21_3","Pabay","30_10_2021",30,10,2021,"zooplankton",3096,"microfibers",51,"microfibers"
"1319","Alaria","Pabay_30_10_21_3","Pabay","30_10_2021",30,10,2021,"zooplankton",3096,"obelia",17,"obelia"
"1320","Alaria","Pabay_30_10_21_3","Pabay","30_10_2021",30,10,2021,"zooplankton",3096,"podon",17,"podon"
"1321","Alaria","Pabay_30_10_21_3","Pabay","30_10_2021",30,10,2021,"zooplankton",3096,"sabellariidae",34,"sabellariidae"
"1322","Alaria","Pabay_30_10_21_3","Pabay","30_10_2021",30,10,2021,"zooplankton",3096,"total_brachiopoda",34,"total_brachiopoda"
"1323","Alaria","Pabay_30_10_21_3","Pabay","30_10_2021",30,10,2021,"zooplankton",3096,"total_copepoda",2818,"total_copepoda"
"1324","Alaria","Pabay_30_10_21_3","Pabay","30_10_2021",30,10,2021,"zooplankton",3096,"total_hydrozoa",17,"total_hydrozoa"
"1325","Alaria","Pabay_30_10_21_3","Pabay","30_10_2021",30,10,2021,"zooplankton",3096,"total_malacostraca",2,"total_malacostraca"
"1326","Alaria","Pabay_30_10_21_3","Pabay","30_10_2021",30,10,2021,"zooplankton",3096,"total_polychaeta",34,"total_polychaeta"
"1327","Saccharina","Pabay_30_10_21_3","Pabay","30_10_2021",30,10,2021,"zooplankton",3096,"bivalvia",85,"bivalvia"
"1328","Saccharina","Pabay_30_10_21_3","Pabay","30_10_2021",30,10,2021,"zooplankton",3096,"bryozoa",2,"bryozoa"
"1329","Saccharina","Pabay_30_10_21_3","Pabay","30_10_2021",30,10,2021,"zooplankton",3096,"copepod_nauplii",1273,"copepod_nauplii"
"1330","Saccharina","Pabay_30_10_21_3","Pabay","30_10_2021",30,10,2021,"zooplankton",3096,"copepods",1545,"copepods"
"1331","Saccharina","Pabay_30_10_21_3","Pabay","30_10_2021",30,10,2021,"zooplankton",3096,"decapoda_larvae",2,"decapoda_larvae"
"1332","Saccharina","Pabay_30_10_21_3","Pabay","30_10_2021",30,10,2021,"zooplankton",3096,"evadne",17,"evadne"
"1333","Saccharina","Pabay_30_10_21_3","Pabay","30_10_2021",30,10,2021,"zooplankton",3096,"gastropoda",2,"gastropoda"
"1334","Saccharina","Pabay_30_10_21_3","Pabay","30_10_2021",30,10,2021,"zooplankton",3096,"holoplankton",2954,"holoplankton"
"1335","Saccharina","Pabay_30_10_21_3","Pabay","30_10_2021",30,10,2021,"zooplankton",3096,"meroplankton",142,"meroplankton"
"1336","Saccharina","Pabay_30_10_21_3","Pabay","30_10_2021",30,10,2021,"zooplankton",3096,"microfibers",51,"microfibers"
"1337","Saccharina","Pabay_30_10_21_3","Pabay","30_10_2021",30,10,2021,"zooplankton",3096,"obelia",17,"obelia"
"1338","Saccharina","Pabay_30_10_21_3","Pabay","30_10_2021",30,10,2021,"zooplankton",3096,"podon",17,"podon"
"1339","Saccharina","Pabay_30_10_21_3","Pabay","30_10_2021",30,10,2021,"zooplankton",3096,"sabellariidae",34,"sabellariidae"
"1340","Saccharina","Pabay_30_10_21_3","Pabay","30_10_2021",30,10,2021,"zooplankton",3096,"total_brachiopoda",34,"total_brachiopoda"
"1341","Saccharina","Pabay_30_10_21_3","Pabay","30_10_2021",30,10,2021,"zooplankton",3096,"total_copepoda",2818,"total_copepoda"
"1342","Saccharina","Pabay_30_10_21_3","Pabay","30_10_2021",30,10,2021,"zooplankton",3096,"total_hydrozoa",17,"total_hydrozoa"
"1343","Saccharina","Pabay_30_10_21_3","Pabay","30_10_2021",30,10,2021,"zooplankton",3096,"total_malacostraca",2,"total_malacostraca"
"1344","Saccharina","Pabay_30_10_21_3","Pabay","30_10_2021",30,10,2021,"zooplankton",3096,"total_polychaeta",34,"total_polychaeta"
"1345","Alaria","Pabay_30_6_22_1","Pabay","30_6_2022",30,6,2022,"zooplankton",11797,"bivalvia",271,"bivalvia"
"1346","Alaria","Pabay_30_6_22_1","Pabay","30_6_2022",30,6,2022,"zooplankton",11797,"bryozoa",16,"bryozoa"
"1347","Alaria","Pabay_30_6_22_1","Pabay","30_6_2022",30,6,2022,"zooplankton",11797,"copepod_nauplii",4465,"copepod_nauplii"
"1348","Alaria","Pabay_30_6_22_1","Pabay","30_6_2022",30,6,2022,"zooplankton",11797,"copepods",5755,"copepods"
"1349","Alaria","Pabay_30_6_22_1","Pabay","30_6_2022",30,6,2022,"zooplankton",11797,"ctenophore",2,"ctenophore"
"1350","Alaria","Pabay_30_6_22_1","Pabay","30_6_2022",30,6,2022,"zooplankton",11797,"decapoda_larvae",16,"decapoda_larvae"
"1351","Alaria","Pabay_30_6_22_1","Pabay","30_6_2022",30,6,2022,"zooplankton",11797,"evadne",255,"evadne"
"1352","Alaria","Pabay_30_6_22_1","Pabay","30_6_2022",30,6,2022,"zooplankton",11797,"gastropoda",51,"gastropoda"
"1353","Alaria","Pabay_30_6_22_1","Pabay","30_6_2022",30,6,2022,"zooplankton",11797,"holoplankton",10984,"holoplankton"
"1354","Alaria","Pabay_30_6_22_1","Pabay","30_6_2022",30,6,2022,"zooplankton",11797,"meroplankton",813,"meroplankton"
"1355","Alaria","Pabay_30_6_22_1","Pabay","30_6_2022",30,6,2022,"zooplankton",11797,"obelia",306,"obelia"
"1356","Alaria","Pabay_30_6_22_1","Pabay","30_6_2022",30,6,2022,"zooplankton",11797,"ophiura_larvae",51,"ophiura_larvae"
"1357","Alaria","Pabay_30_6_22_1","Pabay","30_6_2022",30,6,2022,"zooplankton",11797,"podon",16,"podon"
"1358","Alaria","Pabay_30_6_22_1","Pabay","30_6_2022",30,6,2022,"zooplankton",11797,"sabellariidae",16,"sabellariidae"
"1359","Alaria","Pabay_30_6_22_1","Pabay","30_6_2022",30,6,2022,"zooplankton",11797,"sea_urchin_larvae",51,"sea_urchin_larvae"
"1360","Alaria","Pabay_30_6_22_1","Pabay","30_6_2022",30,6,2022,"zooplankton",11797,"spionida",16,"spionida"
"1361","Alaria","Pabay_30_6_22_1","Pabay","30_6_2022",30,6,2022,"zooplankton",11797,"total_brachiopoda",271,"total_brachiopoda"
"1362","Alaria","Pabay_30_6_22_1","Pabay","30_6_2022",30,6,2022,"zooplankton",11797,"total_copepoda",10221,"total_copepoda"
"1363","Alaria","Pabay_30_6_22_1","Pabay","30_6_2022",30,6,2022,"zooplankton",11797,"total_hydrozoa",306,"total_hydrozoa"
"1364","Alaria","Pabay_30_6_22_1","Pabay","30_6_2022",30,6,2022,"zooplankton",11797,"total_malacostraca",18,"total_malacostraca"
"1365","Alaria","Pabay_30_6_22_1","Pabay","30_6_2022",30,6,2022,"zooplankton",11797,"total_polychaeta",33,"total_polychaeta"
"1366","Saccharina","Pabay_30_6_22_1","Pabay","30_6_2022",30,6,2022,"zooplankton",11797,"bivalvia",271,"bivalvia"
"1367","Saccharina","Pabay_30_6_22_1","Pabay","30_6_2022",30,6,2022,"zooplankton",11797,"bryozoa",16,"bryozoa"
"1368","Saccharina","Pabay_30_6_22_1","Pabay","30_6_2022",30,6,2022,"zooplankton",11797,"copepod_nauplii",4465,"copepod_nauplii"
"1369","Saccharina","Pabay_30_6_22_1","Pabay","30_6_2022",30,6,2022,"zooplankton",11797,"copepods",5755,"copepods"
"1370","Saccharina","Pabay_30_6_22_1","Pabay","30_6_2022",30,6,2022,"zooplankton",11797,"ctenophore",2,"ctenophore"
"1371","Saccharina","Pabay_30_6_22_1","Pabay","30_6_2022",30,6,2022,"zooplankton",11797,"decapoda_larvae",16,"decapoda_larvae"
"1372","Saccharina","Pabay_30_6_22_1","Pabay","30_6_2022",30,6,2022,"zooplankton",11797,"evadne",255,"evadne"
"1373","Saccharina","Pabay_30_6_22_1","Pabay","30_6_2022",30,6,2022,"zooplankton",11797,"gastropoda",51,"gastropoda"
"1374","Saccharina","Pabay_30_6_22_1","Pabay","30_6_2022",30,6,2022,"zooplankton",11797,"holoplankton",10984,"holoplankton"
"1375","Saccharina","Pabay_30_6_22_1","Pabay","30_6_2022",30,6,2022,"zooplankton",11797,"meroplankton",813,"meroplankton"
"1376","Saccharina","Pabay_30_6_22_1","Pabay","30_6_2022",30,6,2022,"zooplankton",11797,"obelia",306,"obelia"
"1377","Saccharina","Pabay_30_6_22_1","Pabay","30_6_2022",30,6,2022,"zooplankton",11797,"ophiura_larvae",51,"ophiura_larvae"
"1378","Saccharina","Pabay_30_6_22_1","Pabay","30_6_2022",30,6,2022,"zooplankton",11797,"podon",16,"podon"
"1379","Saccharina","Pabay_30_6_22_1","Pabay","30_6_2022",30,6,2022,"zooplankton",11797,"sabellariidae",16,"sabellariidae"
"1380","Saccharina","Pabay_30_6_22_1","Pabay","30_6_2022",30,6,2022,"zooplankton",11797,"sea_urchin_larvae",51,"sea_urchin_larvae"
"1381","Saccharina","Pabay_30_6_22_1","Pabay","30_6_2022",30,6,2022,"zooplankton",11797,"spionida",16,"spionida"
"1382","Saccharina","Pabay_30_6_22_1","Pabay","30_6_2022",30,6,2022,"zooplankton",11797,"total_brachiopoda",271,"total_brachiopoda"
"1383","Saccharina","Pabay_30_6_22_1","Pabay","30_6_2022",30,6,2022,"zooplankton",11797,"total_copepoda",10221,"total_copepoda"
"1384","Saccharina","Pabay_30_6_22_1","Pabay","30_6_2022",30,6,2022,"zooplankton",11797,"total_hydrozoa",306,"total_hydrozoa"
"1385","Saccharina","Pabay_30_6_22_1","Pabay","30_6_2022",30,6,2022,"zooplankton",11797,"total_malacostraca",18,"total_malacostraca"
"1386","Saccharina","Pabay_30_6_22_1","Pabay","30_6_2022",30,6,2022,"zooplankton",11797,"total_polychaeta",33,"total_polychaeta"
"1387","Alaria","Pabay_30_6_22_2","Pabay","30_6_2022",30,6,2022,"zooplankton",19190,"bivalvia",1359,"bivalvia"
"1388","Alaria","Pabay_30_6_22_2","Pabay","30_6_2022",30,6,2022,"zooplankton",19190,"bryozoa",35,"bryozoa"
"1389","Alaria","Pabay_30_6_22_2","Pabay","30_6_2022",30,6,2022,"zooplankton",19190,"copepod_nauplii",6112,"copepod_nauplii"
"1390","Alaria","Pabay_30_6_22_2","Pabay","30_6_2022",30,6,2022,"zooplankton",19190,"copepods",9049,"copepods"
"1391","Alaria","Pabay_30_6_22_2","Pabay","30_6_2022",30,6,2022,"zooplankton",19190,"ctenophore",2,"ctenophore"
"1392","Alaria","Pabay_30_6_22_2","Pabay","30_6_2022",30,6,2022,"zooplankton",19190,"decapoda_larvae",35,"decapoda_larvae"
"1393","Alaria","Pabay_30_6_22_2","Pabay","30_6_2022",30,6,2022,"zooplankton",19190,"evadne",187,"evadne"
"1394","Alaria","Pabay_30_6_22_2","Pabay","30_6_2022",30,6,2022,"zooplankton",19190,"gastropoda",136,"gastropoda"
"1395","Alaria","Pabay_30_6_22_2","Pabay","30_6_2022",30,6,2022,"zooplankton",19190,"holoplankton",16128,"holoplankton"
"1396","Alaria","Pabay_30_6_22_2","Pabay","30_6_2022",30,6,2022,"zooplankton",19190,"holothuria_larvae",67,"holothuria_larvae"
"1397","Alaria","Pabay_30_6_22_2","Pabay","30_6_2022",30,6,2022,"zooplankton",19190,"meroplankton",3060,"meroplankton"
"1398","Alaria","Pabay_30_6_22_2","Pabay","30_6_2022",30,6,2022,"zooplankton",19190,"obelia",458,"obelia"
"1399","Alaria","Pabay_30_6_22_2","Pabay","30_6_2022",30,6,2022,"zooplankton",19190,"ophiura_larvae",322,"ophiura_larvae"
"1400","Alaria","Pabay_30_6_22_2","Pabay","30_6_2022",30,6,2022,"zooplankton",19190,"other_polychaetae_larvae",16,"other_polychaetae_larvae"
"1401","Alaria","Pabay_30_6_22_2","Pabay","30_6_2022",30,6,2022,"zooplankton",19190,"phoronida_larvae",2,"phoronida_larvae"
"1402","Alaria","Pabay_30_6_22_2","Pabay","30_6_2022",30,6,2022,"zooplankton",19190,"sabellariidae",271,"sabellariidae"
"1403","Alaria","Pabay_30_6_22_2","Pabay","30_6_2022",30,6,2022,"zooplankton",19190,"sagitta",2,"sagitta"
"1404","Alaria","Pabay_30_6_22_2","Pabay","30_6_2022",30,6,2022,"zooplankton",19190,"sea_urchin_larvae",220,"sea_urchin_larvae"
"1405","Alaria","Pabay_30_6_22_2","Pabay","30_6_2022",30,6,2022,"zooplankton",19190,"spionida",204,"spionida"
"1406","Alaria","Pabay_30_6_22_2","Pabay","30_6_2022",30,6,2022,"zooplankton",19190,"total_brachiopoda",187,"total_brachiopoda"
"1407","Alaria","Pabay_30_6_22_2","Pabay","30_6_2022",30,6,2022,"zooplankton",19190,"total_copepoda",15161,"total_copepoda"
"1408","Alaria","Pabay_30_6_22_2","Pabay","30_6_2022",30,6,2022,"zooplankton",19190,"total_hydrozoa",458,"total_hydrozoa"
"1409","Alaria","Pabay_30_6_22_2","Pabay","30_6_2022",30,6,2022,"zooplankton",19190,"total_malacostraca",37,"total_malacostraca"
"1410","Alaria","Pabay_30_6_22_2","Pabay","30_6_2022",30,6,2022,"zooplankton",19190,"total_polychaeta",491,"total_polychaeta"
"1411","Saccharina","Pabay_30_6_22_2","Pabay","30_6_2022",30,6,2022,"zooplankton",19190,"bivalvia",1359,"bivalvia"
"1412","Saccharina","Pabay_30_6_22_2","Pabay","30_6_2022",30,6,2022,"zooplankton",19190,"bryozoa",35,"bryozoa"
"1413","Saccharina","Pabay_30_6_22_2","Pabay","30_6_2022",30,6,2022,"zooplankton",19190,"copepod_nauplii",6112,"copepod_nauplii"
"1414","Saccharina","Pabay_30_6_22_2","Pabay","30_6_2022",30,6,2022,"zooplankton",19190,"copepods",9049,"copepods"
"1415","Saccharina","Pabay_30_6_22_2","Pabay","30_6_2022",30,6,2022,"zooplankton",19190,"ctenophore",2,"ctenophore"
"1416","Saccharina","Pabay_30_6_22_2","Pabay","30_6_2022",30,6,2022,"zooplankton",19190,"decapoda_larvae",35,"decapoda_larvae"
"1417","Saccharina","Pabay_30_6_22_2","Pabay","30_6_2022",30,6,2022,"zooplankton",19190,"evadne",187,"evadne"
"1418","Saccharina","Pabay_30_6_22_2","Pabay","30_6_2022",30,6,2022,"zooplankton",19190,"gastropoda",136,"gastropoda"
"1419","Saccharina","Pabay_30_6_22_2","Pabay","30_6_2022",30,6,2022,"zooplankton",19190,"holoplankton",16128,"holoplankton"
"1420","Saccharina","Pabay_30_6_22_2","Pabay","30_6_2022",30,6,2022,"zooplankton",19190,"holothuria_larvae",67,"holothuria_larvae"
"1421","Saccharina","Pabay_30_6_22_2","Pabay","30_6_2022",30,6,2022,"zooplankton",19190,"meroplankton",3060,"meroplankton"
"1422","Saccharina","Pabay_30_6_22_2","Pabay","30_6_2022",30,6,2022,"zooplankton",19190,"obelia",458,"obelia"
"1423","Saccharina","Pabay_30_6_22_2","Pabay","30_6_2022",30,6,2022,"zooplankton",19190,"ophiura_larvae",322,"ophiura_larvae"
"1424","Saccharina","Pabay_30_6_22_2","Pabay","30_6_2022",30,6,2022,"zooplankton",19190,"other_polychaetae_larvae",16,"other_polychaetae_larvae"
"1425","Saccharina","Pabay_30_6_22_2","Pabay","30_6_2022",30,6,2022,"zooplankton",19190,"phoronida_larvae",2,"phoronida_larvae"
"1426","Saccharina","Pabay_30_6_22_2","Pabay","30_6_2022",30,6,2022,"zooplankton",19190,"sabellariidae",271,"sabellariidae"
"1427","Saccharina","Pabay_30_6_22_2","Pabay","30_6_2022",30,6,2022,"zooplankton",19190,"sagitta",2,"sagitta"
"1428","Saccharina","Pabay_30_6_22_2","Pabay","30_6_2022",30,6,2022,"zooplankton",19190,"sea_urchin_larvae",220,"sea_urchin_larvae"
"1429","Saccharina","Pabay_30_6_22_2","Pabay","30_6_2022",30,6,2022,"zooplankton",19190,"spionida",204,"spionida"
"1430","Saccharina","Pabay_30_6_22_2","Pabay","30_6_2022",30,6,2022,"zooplankton",19190,"total_brachiopoda",187,"total_brachiopoda"
"1431","Saccharina","Pabay_30_6_22_2","Pabay","30_6_2022",30,6,2022,"zooplankton",19190,"total_copepoda",15161,"total_copepoda"
"1432","Saccharina","Pabay_30_6_22_2","Pabay","30_6_2022",30,6,2022,"zooplankton",19190,"total_hydrozoa",458,"total_hydrozoa"
"1433","Saccharina","Pabay_30_6_22_2","Pabay","30_6_2022",30,6,2022,"zooplankton",19190,"total_malacostraca",37,"total_malacostraca"
"1434","Saccharina","Pabay_30_6_22_2","Pabay","30_6_2022",30,6,2022,"zooplankton",19190,"total_polychaeta",491,"total_polychaeta"
"1435","Alaria","Pabay_30_6_22_3","Pabay","30_6_2022",30,6,2022,"zooplankton",14882,"bivalvia",544,"bivalvia"
"1436","Alaria","Pabay_30_6_22_3","Pabay","30_6_2022",30,6,2022,"zooplankton",14882,"bryozoa",86,"bryozoa"
"1437","Alaria","Pabay_30_6_22_3","Pabay","30_6_2022",30,6,2022,"zooplankton",14882,"copepod_nauplii",6315,"copepod_nauplii"
"1438","Alaria","Pabay_30_6_22_3","Pabay","30_6_2022",30,6,2022,"zooplankton",14882,"copepods",6044,"copepods"
"1439","Alaria","Pabay_30_6_22_3","Pabay","30_6_2022",30,6,2022,"zooplankton",14882,"ctenophore",35,"ctenophore"
"1440","Alaria","Pabay_30_6_22_3","Pabay","30_6_2022",30,6,2022,"zooplankton",14882,"decapoda_larvae",6,"decapoda_larvae"
"1441","Alaria","Pabay_30_6_22_3","Pabay","30_6_2022",30,6,2022,"zooplankton",14882,"evadne",67,"evadne"
"1442","Alaria","Pabay_30_6_22_3","Pabay","30_6_2022",30,6,2022,"zooplankton",14882,"gastropoda",204,"gastropoda"
"1443","Alaria","Pabay_30_6_22_3","Pabay","30_6_2022",30,6,2022,"zooplankton",14882,"holoplankton",13158,"holoplankton"
"1444","Alaria","Pabay_30_6_22_3","Pabay","30_6_2022",30,6,2022,"zooplankton",14882,"hydroids",2,"hydroids"
"1445","Alaria","Pabay_30_6_22_3","Pabay","30_6_2022",30,6,2022,"zooplankton",14882,"meroplankton",1723,"meroplankton"
"1446","Alaria","Pabay_30_6_22_3","Pabay","30_6_2022",30,6,2022,"zooplankton",14882,"obelia",322,"obelia"
"1447","Alaria","Pabay_30_6_22_3","Pabay","30_6_2022",30,6,2022,"zooplankton",14882,"ophiura_larvae",204,"ophiura_larvae"
"1448","Alaria","Pabay_30_6_22_3","Pabay","30_6_2022",30,6,2022,"zooplankton",14882,"other_polychaetae_larvae",16,"other_polychaetae_larvae"
"1449","Alaria","Pabay_30_6_22_3","Pabay","30_6_2022",30,6,2022,"zooplankton",14882,"sabellariidae",136,"sabellariidae"
"1450","Alaria","Pabay_30_6_22_3","Pabay","30_6_2022",30,6,2022,"zooplankton",14882,"sea_urchin_larvae",86,"sea_urchin_larvae"
"1451","Alaria","Pabay_30_6_22_3","Pabay","30_6_2022",30,6,2022,"zooplankton",14882,"spionida",35,"spionida"
"1452","Alaria","Pabay_30_6_22_3","Pabay","30_6_2022",30,6,2022,"zooplankton",14882,"total_balanoida",51,"total_balanoida"
"1453","Alaria","Pabay_30_6_22_3","Pabay","30_6_2022",30,6,2022,"zooplankton",14882,"total_brachiopoda",67,"total_brachiopoda"
"1454","Alaria","Pabay_30_6_22_3","Pabay","30_6_2022",30,6,2022,"zooplankton",14882,"total_copepoda",12360,"total_copepoda"
"1455","Alaria","Pabay_30_6_22_3","Pabay","30_6_2022",30,6,2022,"zooplankton",14882,"total_hydrozoa",324,"total_hydrozoa"
"1456","Alaria","Pabay_30_6_22_3","Pabay","30_6_2022",30,6,2022,"zooplankton",14882,"total_malacostraca",22,"total_malacostraca"
"1457","Alaria","Pabay_30_6_22_3","Pabay","30_6_2022",30,6,2022,"zooplankton",14882,"total_polychaeta",187,"total_polychaeta"
"1458","Saccharina","Pabay_30_6_22_3","Pabay","30_6_2022",30,6,2022,"zooplankton",14882,"bivalvia",544,"bivalvia"
"1459","Saccharina","Pabay_30_6_22_3","Pabay","30_6_2022",30,6,2022,"zooplankton",14882,"bryozoa",86,"bryozoa"
"1460","Saccharina","Pabay_30_6_22_3","Pabay","30_6_2022",30,6,2022,"zooplankton",14882,"copepod_nauplii",6315,"copepod_nauplii"
"1461","Saccharina","Pabay_30_6_22_3","Pabay","30_6_2022",30,6,2022,"zooplankton",14882,"copepods",6044,"copepods"
"1462","Saccharina","Pabay_30_6_22_3","Pabay","30_6_2022",30,6,2022,"zooplankton",14882,"ctenophore",35,"ctenophore"
"1463","Saccharina","Pabay_30_6_22_3","Pabay","30_6_2022",30,6,2022,"zooplankton",14882,"decapoda_larvae",6,"decapoda_larvae"
"1464","Saccharina","Pabay_30_6_22_3","Pabay","30_6_2022",30,6,2022,"zooplankton",14882,"evadne",67,"evadne"
"1465","Saccharina","Pabay_30_6_22_3","Pabay","30_6_2022",30,6,2022,"zooplankton",14882,"gastropoda",204,"gastropoda"
"1466","Saccharina","Pabay_30_6_22_3","Pabay","30_6_2022",30,6,2022,"zooplankton",14882,"holoplankton",13158,"holoplankton"
"1467","Saccharina","Pabay_30_6_22_3","Pabay","30_6_2022",30,6,2022,"zooplankton",14882,"hydroids",2,"hydroids"
"1468","Saccharina","Pabay_30_6_22_3","Pabay","30_6_2022",30,6,2022,"zooplankton",14882,"meroplankton",1723,"meroplankton"
"1469","Saccharina","Pabay_30_6_22_3","Pabay","30_6_2022",30,6,2022,"zooplankton",14882,"obelia",322,"obelia"
"1470","Saccharina","Pabay_30_6_22_3","Pabay","30_6_2022",30,6,2022,"zooplankton",14882,"ophiura_larvae",204,"ophiura_larvae"
"1471","Saccharina","Pabay_30_6_22_3","Pabay","30_6_2022",30,6,2022,"zooplankton",14882,"other_polychaetae_larvae",16,"other_polychaetae_larvae"
"1472","Saccharina","Pabay_30_6_22_3","Pabay","30_6_2022",30,6,2022,"zooplankton",14882,"sabellariidae",136,"sabellariidae"
"1473","Saccharina","Pabay_30_6_22_3","Pabay","30_6_2022",30,6,2022,"zooplankton",14882,"sea_urchin_larvae",86,"sea_urchin_larvae"
"1474","Saccharina","Pabay_30_6_22_3","Pabay","30_6_2022",30,6,2022,"zooplankton",14882,"spionida",35,"spionida"
"1475","Saccharina","Pabay_30_6_22_3","Pabay","30_6_2022",30,6,2022,"zooplankton",14882,"total_balanoida",51,"total_balanoida"
"1476","Saccharina","Pabay_30_6_22_3","Pabay","30_6_2022",30,6,2022,"zooplankton",14882,"total_brachiopoda",67,"total_brachiopoda"
"1477","Saccharina","Pabay_30_6_22_3","Pabay","30_6_2022",30,6,2022,"zooplankton",14882,"total_copepoda",12360,"total_copepoda"
"1478","Saccharina","Pabay_30_6_22_3","Pabay","30_6_2022",30,6,2022,"zooplankton",14882,"total_hydrozoa",324,"total_hydrozoa"
"1479","Saccharina","Pabay_30_6_22_3","Pabay","30_6_2022",30,6,2022,"zooplankton",14882,"total_malacostraca",22,"total_malacostraca"
"1480","Saccharina","Pabay_30_6_22_3","Pabay","30_6_2022",30,6,2022,"zooplankton",14882,"total_polychaeta",187,"total_polychaeta"
"1481","Alaria","Pabay_30_7_22_1","Pabay","30_7_2022",30,7,2022,"zooplankton",6160,"bivalvia",271,"bivalvia"
"1482","Alaria","Pabay_30_7_22_1","Pabay","30_7_2022",30,7,2022,"zooplankton",6160,"bryozoa",35,"bryozoa"
"1483","Alaria","Pabay_30_7_22_1","Pabay","30_7_2022",30,7,2022,"zooplankton",6160,"copepod_nauplii",1544,"copepod_nauplii"
"1484","Alaria","Pabay_30_7_22_1","Pabay","30_7_2022",30,7,2022,"zooplankton",6160,"copepods",2938,"copepods"
"1485","Alaria","Pabay_30_7_22_1","Pabay","30_7_2022",30,7,2022,"zooplankton",6160,"decapoda_larvae",2,"decapoda_larvae"
"1486","Alaria","Pabay_30_7_22_1","Pabay","30_7_2022",30,7,2022,"zooplankton",6160,"euphysa_sp",2,"euphysa_sp"
"1487","Alaria","Pabay_30_7_22_1","Pabay","30_7_2022",30,7,2022,"zooplankton",6160,"evadne",424,"evadne"
"1488","Alaria","Pabay_30_7_22_1","Pabay","30_7_2022",30,7,2022,"zooplankton",6160,"gastropoda",67,"gastropoda"
"1489","Alaria","Pabay_30_7_22_1","Pabay","30_7_2022",30,7,2022,"zooplankton",6160,"holoplankton",5549,"holoplankton"
"1490","Alaria","Pabay_30_7_22_1","Pabay","30_7_2022",30,7,2022,"zooplankton",6160,"hydroids",16,"hydroids"
"1491","Alaria","Pabay_30_7_22_1","Pabay","30_7_2022",30,7,2022,"zooplankton",6160,"lizzia_blondina",16,"lizzia_blondina"
"1492","Alaria","Pabay_30_7_22_1","Pabay","30_7_2022",30,7,2022,"zooplankton",6160,"meroplankton",611,"meroplankton"
"1493","Alaria","Pabay_30_7_22_1","Pabay","30_7_2022",30,7,2022,"zooplankton",6160,"ophiura_larvae",16,"ophiura_larvae"
"1494","Alaria","Pabay_30_7_22_1","Pabay","30_7_2022",30,7,2022,"zooplankton",6160,"sabellariidae",153,"sabellariidae"
"1495","Alaria","Pabay_30_7_22_1","Pabay","30_7_2022",30,7,2022,"zooplankton",6160,"sea_urchin_larvae",16,"sea_urchin_larvae"
"1496","Alaria","Pabay_30_7_22_1","Pabay","30_7_2022",30,7,2022,"zooplankton",6160,"solmaris_corona",2,"solmaris_corona"
"1497","Alaria","Pabay_30_7_22_1","Pabay","30_7_2022",30,7,2022,"zooplankton",6160,"spionida",16,"spionida"
"1498","Alaria","Pabay_30_7_22_1","Pabay","30_7_2022",30,7,2022,"zooplankton",6160,"total_balanoida",16,"total_balanoida"
"1499","Alaria","Pabay_30_7_22_1","Pabay","30_7_2022",30,7,2022,"zooplankton",6160,"total_brachiopoda",424,"total_brachiopoda"
"1500","Alaria","Pabay_30_7_22_1","Pabay","30_7_2022",30,7,2022,"zooplankton",6160,"total_copepoda",4482,"total_copepoda"
"1501","Alaria","Pabay_30_7_22_1","Pabay","30_7_2022",30,7,2022,"zooplankton",6160,"total_hydrozoa",33,"total_hydrozoa"
"1502","Alaria","Pabay_30_7_22_1","Pabay","30_7_2022",30,7,2022,"zooplankton",6160,"total_malacostraca",4,"total_malacostraca"
"1503","Alaria","Pabay_30_7_22_1","Pabay","30_7_2022",30,7,2022,"zooplankton",6160,"total_polychaeta",169,"total_polychaeta"
"1504","Saccharina","Pabay_30_7_22_1","Pabay","30_7_2022",30,7,2022,"zooplankton",6160,"bivalvia",271,"bivalvia"
"1505","Saccharina","Pabay_30_7_22_1","Pabay","30_7_2022",30,7,2022,"zooplankton",6160,"bryozoa",35,"bryozoa"
"1506","Saccharina","Pabay_30_7_22_1","Pabay","30_7_2022",30,7,2022,"zooplankton",6160,"copepod_nauplii",1544,"copepod_nauplii"
"1507","Saccharina","Pabay_30_7_22_1","Pabay","30_7_2022",30,7,2022,"zooplankton",6160,"copepods",2938,"copepods"
"1508","Saccharina","Pabay_30_7_22_1","Pabay","30_7_2022",30,7,2022,"zooplankton",6160,"decapoda_larvae",2,"decapoda_larvae"
"1509","Saccharina","Pabay_30_7_22_1","Pabay","30_7_2022",30,7,2022,"zooplankton",6160,"euphysa_sp",2,"euphysa_sp"
"1510","Saccharina","Pabay_30_7_22_1","Pabay","30_7_2022",30,7,2022,"zooplankton",6160,"evadne",424,"evadne"
"1511","Saccharina","Pabay_30_7_22_1","Pabay","30_7_2022",30,7,2022,"zooplankton",6160,"gastropoda",67,"gastropoda"
"1512","Saccharina","Pabay_30_7_22_1","Pabay","30_7_2022",30,7,2022,"zooplankton",6160,"holoplankton",5549,"holoplankton"
"1513","Saccharina","Pabay_30_7_22_1","Pabay","30_7_2022",30,7,2022,"zooplankton",6160,"hydroids",16,"hydroids"
"1514","Saccharina","Pabay_30_7_22_1","Pabay","30_7_2022",30,7,2022,"zooplankton",6160,"lizzia_blondina",16,"lizzia_blondina"
"1515","Saccharina","Pabay_30_7_22_1","Pabay","30_7_2022",30,7,2022,"zooplankton",6160,"meroplankton",611,"meroplankton"
"1516","Saccharina","Pabay_30_7_22_1","Pabay","30_7_2022",30,7,2022,"zooplankton",6160,"ophiura_larvae",16,"ophiura_larvae"
"1517","Saccharina","Pabay_30_7_22_1","Pabay","30_7_2022",30,7,2022,"zooplankton",6160,"sabellariidae",153,"sabellariidae"
"1518","Saccharina","Pabay_30_7_22_1","Pabay","30_7_2022",30,7,2022,"zooplankton",6160,"sea_urchin_larvae",16,"sea_urchin_larvae"
"1519","Saccharina","Pabay_30_7_22_1","Pabay","30_7_2022",30,7,2022,"zooplankton",6160,"solmaris_corona",2,"solmaris_corona"
"1520","Saccharina","Pabay_30_7_22_1","Pabay","30_7_2022",30,7,2022,"zooplankton",6160,"spionida",16,"spionida"
"1521","Saccharina","Pabay_30_7_22_1","Pabay","30_7_2022",30,7,2022,"zooplankton",6160,"total_balanoida",16,"total_balanoida"
"1522","Saccharina","Pabay_30_7_22_1","Pabay","30_7_2022",30,7,2022,"zooplankton",6160,"total_brachiopoda",424,"total_brachiopoda"
"1523","Saccharina","Pabay_30_7_22_1","Pabay","30_7_2022",30,7,2022,"zooplankton",6160,"total_copepoda",4482,"total_copepoda"
"1524","Saccharina","Pabay_30_7_22_1","Pabay","30_7_2022",30,7,2022,"zooplankton",6160,"total_hydrozoa",33,"total_hydrozoa"
"1525","Saccharina","Pabay_30_7_22_1","Pabay","30_7_2022",30,7,2022,"zooplankton",6160,"total_malacostraca",4,"total_malacostraca"
"1526","Saccharina","Pabay_30_7_22_1","Pabay","30_7_2022",30,7,2022,"zooplankton",6160,"total_polychaeta",169,"total_polychaeta"
"1527","Alaria","Pabay_30_7_22_2","Pabay","30_7_2022",30,7,2022,"zooplankton",11883,"bivalvia",850,"bivalvia"
"1528","Alaria","Pabay_30_7_22_2","Pabay","30_7_2022",30,7,2022,"zooplankton",11883,"clytia",16,"clytia"
"1529","Alaria","Pabay_30_7_22_2","Pabay","30_7_2022",30,7,2022,"zooplankton",11883,"copepod_nauplii",2445,"copepod_nauplii"
"1530","Alaria","Pabay_30_7_22_2","Pabay","30_7_2022",30,7,2022,"zooplankton",11883,"copepods",6926,"copepods"
"1531","Alaria","Pabay_30_7_22_2","Pabay","30_7_2022",30,7,2022,"zooplankton",11883,"ctenophore",35,"ctenophore"
"1532","Alaria","Pabay_30_7_22_2","Pabay","30_7_2022",30,7,2022,"zooplankton",11883,"decapoda_larvae",35,"decapoda_larvae"
"1533","Alaria","Pabay_30_7_22_2","Pabay","30_7_2022",30,7,2022,"zooplankton",11883,"evadne",271,"evadne"
"1534","Alaria","Pabay_30_7_22_2","Pabay","30_7_2022",30,7,2022,"zooplankton",11883,"fish_egg",2,"fish_egg"
"1535","Alaria","Pabay_30_7_22_2","Pabay","30_7_2022",30,7,2022,"zooplankton",11883,"gastropoda",391,"gastropoda"
"1536","Alaria","Pabay_30_7_22_2","Pabay","30_7_2022",30,7,2022,"zooplankton",11883,"holoplankton",10204,"holoplankton"
"1537","Alaria","Pabay_30_7_22_2","Pabay","30_7_2022",30,7,2022,"zooplankton",11883,"hydroids",16,"hydroids"
"1538","Alaria","Pabay_30_7_22_2","Pabay","30_7_2022",30,7,2022,"zooplankton",11883,"lizzia_blondina",16,"lizzia_blondina"
"1539","Alaria","Pabay_30_7_22_2","Pabay","30_7_2022",30,7,2022,"zooplankton",11883,"meroplankton",1679,"meroplankton"
"1540","Alaria","Pabay_30_7_22_2","Pabay","30_7_2022",30,7,2022,"zooplankton",11883,"obelia",16,"obelia"
"1541","Alaria","Pabay_30_7_22_2","Pabay","30_7_2022",30,7,2022,"zooplankton",11883,"ophiura_larvae",16,"ophiura_larvae"
"1542","Alaria","Pabay_30_7_22_2","Pabay","30_7_2022",30,7,2022,"zooplankton",11883,"podon",16,"podon"
"1543","Alaria","Pabay_30_7_22_2","Pabay","30_7_2022",30,7,2022,"zooplankton",11883,"sabellariidae",271,"sabellariidae"
"1544","Alaria","Pabay_30_7_22_2","Pabay","30_7_2022",30,7,2022,"zooplankton",11883,"siphonophorae",2,"siphonophorae"
"1545","Alaria","Pabay_30_7_22_2","Pabay","30_7_2022",30,7,2022,"zooplankton",11883,"solmaris_corona",16,"solmaris_corona"
"1546","Alaria","Pabay_30_7_22_2","Pabay","30_7_2022",30,7,2022,"zooplankton",11883,"spionida",35,"spionida"
"1547","Alaria","Pabay_30_7_22_2","Pabay","30_7_2022",30,7,2022,"zooplankton",11883,"stauridiosarsia_gemmifera",16,"stauridiosarsia_gemmifera"
"1548","Alaria","Pabay_30_7_22_2","Pabay","30_7_2022",30,7,2022,"zooplankton",11883,"total_brachiopoda",287,"total_brachiopoda"
"1549","Alaria","Pabay_30_7_22_2","Pabay","30_7_2022",30,7,2022,"zooplankton",11883,"total_copepoda",9371,"total_copepoda"
"1550","Alaria","Pabay_30_7_22_2","Pabay","30_7_2022",30,7,2022,"zooplankton",11883,"total_hydrozoa",81,"total_hydrozoa"
"1551","Alaria","Pabay_30_7_22_2","Pabay","30_7_2022",30,7,2022,"zooplankton",11883,"total_malacostraca",35,"total_malacostraca"
"1552","Alaria","Pabay_30_7_22_2","Pabay","30_7_2022",30,7,2022,"zooplankton",11883,"total_polychaeta",306,"total_polychaeta"
"1553","Saccharina","Pabay_30_7_22_2","Pabay","30_7_2022",30,7,2022,"zooplankton",11883,"bivalvia",850,"bivalvia"
"1554","Saccharina","Pabay_30_7_22_2","Pabay","30_7_2022",30,7,2022,"zooplankton",11883,"clytia",16,"clytia"
"1555","Saccharina","Pabay_30_7_22_2","Pabay","30_7_2022",30,7,2022,"zooplankton",11883,"copepod_nauplii",2445,"copepod_nauplii"
"1556","Saccharina","Pabay_30_7_22_2","Pabay","30_7_2022",30,7,2022,"zooplankton",11883,"copepods",6926,"copepods"
"1557","Saccharina","Pabay_30_7_22_2","Pabay","30_7_2022",30,7,2022,"zooplankton",11883,"ctenophore",35,"ctenophore"
"1558","Saccharina","Pabay_30_7_22_2","Pabay","30_7_2022",30,7,2022,"zooplankton",11883,"decapoda_larvae",35,"decapoda_larvae"
"1559","Saccharina","Pabay_30_7_22_2","Pabay","30_7_2022",30,7,2022,"zooplankton",11883,"evadne",271,"evadne"
"1560","Saccharina","Pabay_30_7_22_2","Pabay","30_7_2022",30,7,2022,"zooplankton",11883,"fish_egg",2,"fish_egg"
"1561","Saccharina","Pabay_30_7_22_2","Pabay","30_7_2022",30,7,2022,"zooplankton",11883,"gastropoda",391,"gastropoda"
"1562","Saccharina","Pabay_30_7_22_2","Pabay","30_7_2022",30,7,2022,"zooplankton",11883,"holoplankton",10204,"holoplankton"
"1563","Saccharina","Pabay_30_7_22_2","Pabay","30_7_2022",30,7,2022,"zooplankton",11883,"hydroids",16,"hydroids"
"1564","Saccharina","Pabay_30_7_22_2","Pabay","30_7_2022",30,7,2022,"zooplankton",11883,"lizzia_blondina",16,"lizzia_blondina"
"1565","Saccharina","Pabay_30_7_22_2","Pabay","30_7_2022",30,7,2022,"zooplankton",11883,"meroplankton",1679,"meroplankton"
"1566","Saccharina","Pabay_30_7_22_2","Pabay","30_7_2022",30,7,2022,"zooplankton",11883,"obelia",16,"obelia"
"1567","Saccharina","Pabay_30_7_22_2","Pabay","30_7_2022",30,7,2022,"zooplankton",11883,"ophiura_larvae",16,"ophiura_larvae"
"1568","Saccharina","Pabay_30_7_22_2","Pabay","30_7_2022",30,7,2022,"zooplankton",11883,"podon",16,"podon"
"1569","Saccharina","Pabay_30_7_22_2","Pabay","30_7_2022",30,7,2022,"zooplankton",11883,"sabellariidae",271,"sabellariidae"
"1570","Saccharina","Pabay_30_7_22_2","Pabay","30_7_2022",30,7,2022,"zooplankton",11883,"siphonophorae",2,"siphonophorae"
"1571","Saccharina","Pabay_30_7_22_2","Pabay","30_7_2022",30,7,2022,"zooplankton",11883,"solmaris_corona",16,"solmaris_corona"
"1572","Saccharina","Pabay_30_7_22_2","Pabay","30_7_2022",30,7,2022,"zooplankton",11883,"spionida",35,"spionida"
"1573","Saccharina","Pabay_30_7_22_2","Pabay","30_7_2022",30,7,2022,"zooplankton",11883,"stauridiosarsia_gemmifera",16,"stauridiosarsia_gemmifera"
"1574","Saccharina","Pabay_30_7_22_2","Pabay","30_7_2022",30,7,2022,"zooplankton",11883,"total_brachiopoda",287,"total_brachiopoda"
"1575","Saccharina","Pabay_30_7_22_2","Pabay","30_7_2022",30,7,2022,"zooplankton",11883,"total_copepoda",9371,"total_copepoda"
"1576","Saccharina","Pabay_30_7_22_2","Pabay","30_7_2022",30,7,2022,"zooplankton",11883,"total_hydrozoa",81,"total_hydrozoa"
"1577","Saccharina","Pabay_30_7_22_2","Pabay","30_7_2022",30,7,2022,"zooplankton",11883,"total_malacostraca",35,"total_malacostraca"
"1578","Saccharina","Pabay_30_7_22_2","Pabay","30_7_2022",30,7,2022,"zooplankton",11883,"total_polychaeta",306,"total_polychaeta"
"1579","Alaria","Pabay_30_7_22_3","Pabay","30_7_2022",30,7,2022,"zooplankton",5119,"bivalvia",570,"bivalvia"
"1580","Alaria","Pabay_30_7_22_3","Pabay","30_7_2022",30,7,2022,"zooplankton",5119,"copepod_nauplii",597,"copepod_nauplii"
"1581","Alaria","Pabay_30_7_22_3","Pabay","30_7_2022",30,7,2022,"zooplankton",5119,"copepods",3314,"copepods"
"1582","Alaria","Pabay_30_7_22_3","Pabay","30_7_2022",30,7,2022,"zooplankton",5119,"decapoda_larvae",55,"decapoda_larvae"
"1583","Alaria","Pabay_30_7_22_3","Pabay","30_7_2022",30,7,2022,"zooplankton",5119,"euphysa_sp",2,"euphysa_sp"
"1584","Alaria","Pabay_30_7_22_3","Pabay","30_7_2022",30,7,2022,"zooplankton",5119,"evadne",108,"evadne"
"1585","Alaria","Pabay_30_7_22_3","Pabay","30_7_2022",30,7,2022,"zooplankton",5119,"gastropoda",108,"gastropoda"
"1586","Alaria","Pabay_30_7_22_3","Pabay","30_7_2022",30,7,2022,"zooplankton",5119,"holoplankton",4264,"holoplankton"
"1587","Alaria","Pabay_30_7_22_3","Pabay","30_7_2022",30,7,2022,"zooplankton",5119,"hydroids",35,"hydroids"
"1588","Alaria","Pabay_30_7_22_3","Pabay","30_7_2022",30,7,2022,"zooplankton",5119,"lizzia_blondina",26,"lizzia_blondina"
"1589","Alaria","Pabay_30_7_22_3","Pabay","30_7_2022",30,7,2022,"zooplankton",5119,"meroplankton",856,"meroplankton"
"1590","Alaria","Pabay_30_7_22_3","Pabay","30_7_2022",30,7,2022,"zooplankton",5119,"obelia",2,"obelia"
"1591","Alaria","Pabay_30_7_22_3","Pabay","30_7_2022",30,7,2022,"zooplankton",5119,"other_polychaetae_larvae",2,"other_polychaetae_larvae"
"1592","Alaria","Pabay_30_7_22_3","Pabay","30_7_2022",30,7,2022,"zooplankton",5119,"sabellariidae",26,"sabellariidae"
"1593","Alaria","Pabay_30_7_22_3","Pabay","30_7_2022",30,7,2022,"zooplankton",5119,"siphonophorae",2,"siphonophorae"
"1594","Alaria","Pabay_30_7_22_3","Pabay","30_7_2022",30,7,2022,"zooplankton",5119,"solmaris_corona",2,"solmaris_corona"
"1595","Alaria","Pabay_30_7_22_3","Pabay","30_7_2022",30,7,2022,"zooplankton",5119,"spionida",2,"spionida"
"1596","Alaria","Pabay_30_7_22_3","Pabay","30_7_2022",30,7,2022,"zooplankton",5119,"stauridiosarsia_gemmifera",26,"stauridiosarsia_gemmifera"
"1597","Alaria","Pabay_30_7_22_3","Pabay","30_7_2022",30,7,2022,"zooplankton",5119,"total_brachiopoda",108,"total_brachiopoda"
"1598","Alaria","Pabay_30_7_22_3","Pabay","30_7_2022",30,7,2022,"zooplankton",5119,"total_copepoda",3911,"total_copepoda"
"1599","Alaria","Pabay_30_7_22_3","Pabay","30_7_2022",30,7,2022,"zooplankton",5119,"total_hydrozoa",90,"total_hydrozoa"
"1600","Alaria","Pabay_30_7_22_3","Pabay","30_7_2022",30,7,2022,"zooplankton",5119,"total_malacostraca",57,"total_malacostraca"
"1601","Alaria","Pabay_30_7_22_3","Pabay","30_7_2022",30,7,2022,"zooplankton",5119,"total_polychaeta",31,"total_polychaeta"
"1602","Saccharina","Pabay_30_7_22_3","Pabay","30_7_2022",30,7,2022,"zooplankton",5119,"bivalvia",570,"bivalvia"
"1603","Saccharina","Pabay_30_7_22_3","Pabay","30_7_2022",30,7,2022,"zooplankton",5119,"copepod_nauplii",597,"copepod_nauplii"
"1604","Saccharina","Pabay_30_7_22_3","Pabay","30_7_2022",30,7,2022,"zooplankton",5119,"copepods",3314,"copepods"
"1605","Saccharina","Pabay_30_7_22_3","Pabay","30_7_2022",30,7,2022,"zooplankton",5119,"decapoda_larvae",55,"decapoda_larvae"
"1606","Saccharina","Pabay_30_7_22_3","Pabay","30_7_2022",30,7,2022,"zooplankton",5119,"euphysa_sp",2,"euphysa_sp"
"1607","Saccharina","Pabay_30_7_22_3","Pabay","30_7_2022",30,7,2022,"zooplankton",5119,"evadne",108,"evadne"
"1608","Saccharina","Pabay_30_7_22_3","Pabay","30_7_2022",30,7,2022,"zooplankton",5119,"gastropoda",108,"gastropoda"
"1609","Saccharina","Pabay_30_7_22_3","Pabay","30_7_2022",30,7,2022,"zooplankton",5119,"holoplankton",4264,"holoplankton"
"1610","Saccharina","Pabay_30_7_22_3","Pabay","30_7_2022",30,7,2022,"zooplankton",5119,"hydroids",35,"hydroids"
"1611","Saccharina","Pabay_30_7_22_3","Pabay","30_7_2022",30,7,2022,"zooplankton",5119,"lizzia_blondina",26,"lizzia_blondina"
"1612","Saccharina","Pabay_30_7_22_3","Pabay","30_7_2022",30,7,2022,"zooplankton",5119,"meroplankton",856,"meroplankton"
"1613","Saccharina","Pabay_30_7_22_3","Pabay","30_7_2022",30,7,2022,"zooplankton",5119,"obelia",2,"obelia"
"1614","Saccharina","Pabay_30_7_22_3","Pabay","30_7_2022",30,7,2022,"zooplankton",5119,"other_polychaetae_larvae",2,"other_polychaetae_larvae"
"1615","Saccharina","Pabay_30_7_22_3","Pabay","30_7_2022",30,7,2022,"zooplankton",5119,"sabellariidae",26,"sabellariidae"
"1616","Saccharina","Pabay_30_7_22_3","Pabay","30_7_2022",30,7,2022,"zooplankton",5119,"siphonophorae",2,"siphonophorae"
"1617","Saccharina","Pabay_30_7_22_3","Pabay","30_7_2022",30,7,2022,"zooplankton",5119,"solmaris_corona",2,"solmaris_corona"
"1618","Saccharina","Pabay_30_7_22_3","Pabay","30_7_2022",30,7,2022,"zooplankton",5119,"spionida",2,"spionida"
"1619","Saccharina","Pabay_30_7_22_3","Pabay","30_7_2022",30,7,2022,"zooplankton",5119,"stauridiosarsia_gemmifera",26,"stauridiosarsia_gemmifera"
"1620","Saccharina","Pabay_30_7_22_3","Pabay","30_7_2022",30,7,2022,"zooplankton",5119,"total_brachiopoda",108,"total_brachiopoda"
"1621","Saccharina","Pabay_30_7_22_3","Pabay","30_7_2022",30,7,2022,"zooplankton",5119,"total_copepoda",3911,"total_copepoda"
"1622","Saccharina","Pabay_30_7_22_3","Pabay","30_7_2022",30,7,2022,"zooplankton",5119,"total_hydrozoa",90,"total_hydrozoa"
"1623","Saccharina","Pabay_30_7_22_3","Pabay","30_7_2022",30,7,2022,"zooplankton",5119,"total_malacostraca",57,"total_malacostraca"
"1624","Saccharina","Pabay_30_7_22_3","Pabay","30_7_2022",30,7,2022,"zooplankton",5119,"total_polychaeta",31,"total_polychaeta"
"1625","Alaria","Pabay_7_5_22_1","Pabay","7_5_2022",7,5,2022,"zooplankton",13623,"bivalvia",611,"bivalvia"
"1626","Alaria","Pabay_7_5_22_1","Pabay","7_5_2022",7,5,2022,"zooplankton",13623,"copepod_nauplii",2428,"copepod_nauplii"
"1627","Alaria","Pabay_7_5_22_1","Pabay","7_5_2022",7,5,2022,"zooplankton",13623,"copepods",2750,"copepods"
"1628","Alaria","Pabay_7_5_22_1","Pabay","7_5_2022",7,5,2022,"zooplankton",13623,"decapoda_larvae",51,"decapoda_larvae"
"1629","Alaria","Pabay_7_5_22_1","Pabay","7_5_2022",7,5,2022,"zooplankton",13623,"evadne",5636,"evadne"
"1630","Alaria","Pabay_7_5_22_1","Pabay","7_5_2022",7,5,2022,"zooplankton",13623,"gastropoda",2,"gastropoda"
"1631","Alaria","Pabay_7_5_22_1","Pabay","7_5_2022",7,5,2022,"zooplankton",13623,"holoplankton",12715,"holoplankton"
"1632","Alaria","Pabay_7_5_22_1","Pabay","7_5_2022",7,5,2022,"zooplankton",13623,"meroplankton",908,"meroplankton"
"1633","Alaria","Pabay_7_5_22_1","Pabay","7_5_2022",7,5,2022,"zooplankton",13623,"obelia",51,"obelia"
"1634","Alaria","Pabay_7_5_22_1","Pabay","7_5_2022",7,5,2022,"zooplankton",13623,"rathkea_octopunctata",2,"rathkea_octopunctata"
"1635","Alaria","Pabay_7_5_22_1","Pabay","7_5_2022",7,5,2022,"zooplankton",13623,"sabellariidae",51,"sabellariidae"
"1636","Alaria","Pabay_7_5_22_1","Pabay","7_5_2022",7,5,2022,"zooplankton",13623,"sea_urchin_larvae",17,"sea_urchin_larvae"
"1637","Alaria","Pabay_7_5_22_1","Pabay","7_5_2022",7,5,2022,"zooplankton",13623,"spionida",17,"spionida"
"1638","Alaria","Pabay_7_5_22_1","Pabay","7_5_2022",7,5,2022,"zooplankton",13623,"total_balanoida",51,"total_balanoida"
"1639","Alaria","Pabay_7_5_22_1","Pabay","7_5_2022",7,5,2022,"zooplankton",13623,"total_brachiopoda",5636,"total_brachiopoda"
"1640","Alaria","Pabay_7_5_22_1","Pabay","7_5_2022",7,5,2022,"zooplankton",13623,"total_copepoda",5178,"total_copepoda"
"1641","Alaria","Pabay_7_5_22_1","Pabay","7_5_2022",7,5,2022,"zooplankton",13623,"total_hydrozoa",55,"total_hydrozoa"
"1642","Alaria","Pabay_7_5_22_1","Pabay","7_5_2022",7,5,2022,"zooplankton",13623,"total_malacostraca",85,"total_malacostraca"
"1643","Alaria","Pabay_7_5_22_1","Pabay","7_5_2022",7,5,2022,"zooplankton",13623,"total_polychaeta",68,"total_polychaeta"
"1644","Alaria","Pabay_7_5_22_1","Pabay","7_5_2022",7,5,2022,"zooplankton",13623,"unknown_jellies",2,"unknown_jellies"
"1645","Saccharina","Pabay_7_5_22_1","Pabay","7_5_2022",7,5,2022,"zooplankton",13623,"bivalvia",611,"bivalvia"
"1646","Saccharina","Pabay_7_5_22_1","Pabay","7_5_2022",7,5,2022,"zooplankton",13623,"copepod_nauplii",2428,"copepod_nauplii"
"1647","Saccharina","Pabay_7_5_22_1","Pabay","7_5_2022",7,5,2022,"zooplankton",13623,"copepods",2750,"copepods"
"1648","Saccharina","Pabay_7_5_22_1","Pabay","7_5_2022",7,5,2022,"zooplankton",13623,"decapoda_larvae",51,"decapoda_larvae"
"1649","Saccharina","Pabay_7_5_22_1","Pabay","7_5_2022",7,5,2022,"zooplankton",13623,"evadne",5636,"evadne"
"1650","Saccharina","Pabay_7_5_22_1","Pabay","7_5_2022",7,5,2022,"zooplankton",13623,"gastropoda",2,"gastropoda"
"1651","Saccharina","Pabay_7_5_22_1","Pabay","7_5_2022",7,5,2022,"zooplankton",13623,"holoplankton",12715,"holoplankton"
"1652","Saccharina","Pabay_7_5_22_1","Pabay","7_5_2022",7,5,2022,"zooplankton",13623,"meroplankton",908,"meroplankton"
"1653","Saccharina","Pabay_7_5_22_1","Pabay","7_5_2022",7,5,2022,"zooplankton",13623,"obelia",51,"obelia"
"1654","Saccharina","Pabay_7_5_22_1","Pabay","7_5_2022",7,5,2022,"zooplankton",13623,"rathkea_octopunctata",2,"rathkea_octopunctata"
"1655","Saccharina","Pabay_7_5_22_1","Pabay","7_5_2022",7,5,2022,"zooplankton",13623,"sabellariidae",51,"sabellariidae"
"1656","Saccharina","Pabay_7_5_22_1","Pabay","7_5_2022",7,5,2022,"zooplankton",13623,"sea_urchin_larvae",17,"sea_urchin_larvae"
"1657","Saccharina","Pabay_7_5_22_1","Pabay","7_5_2022",7,5,2022,"zooplankton",13623,"spionida",17,"spionida"
"1658","Saccharina","Pabay_7_5_22_1","Pabay","7_5_2022",7,5,2022,"zooplankton",13623,"total_balanoida",51,"total_balanoida"
"1659","Saccharina","Pabay_7_5_22_1","Pabay","7_5_2022",7,5,2022,"zooplankton",13623,"total_brachiopoda",5636,"total_brachiopoda"
"1660","Saccharina","Pabay_7_5_22_1","Pabay","7_5_2022",7,5,2022,"zooplankton",13623,"total_copepoda",5178,"total_copepoda"
"1661","Saccharina","Pabay_7_5_22_1","Pabay","7_5_2022",7,5,2022,"zooplankton",13623,"total_hydrozoa",55,"total_hydrozoa"
"1662","Saccharina","Pabay_7_5_22_1","Pabay","7_5_2022",7,5,2022,"zooplankton",13623,"total_malacostraca",85,"total_malacostraca"
"1663","Saccharina","Pabay_7_5_22_1","Pabay","7_5_2022",7,5,2022,"zooplankton",13623,"total_polychaeta",68,"total_polychaeta"
"1664","Saccharina","Pabay_7_5_22_1","Pabay","7_5_2022",7,5,2022,"zooplankton",13623,"unknown_jellies",2,"unknown_jellies"
"1665","Alaria","Pabay_7_5_22_2","Pabay","7_5_2022",7,5,2022,"zooplankton",15613,"bivalvia",530,"bivalvia"
"1666","Alaria","Pabay_7_5_22_2","Pabay","7_5_2022",7,5,2022,"zooplankton",15613,"copepod_nauplii",2771,"copepod_nauplii"
"1667","Alaria","Pabay_7_5_22_2","Pabay","7_5_2022",7,5,2022,"zooplankton",15613,"copepods",5847,"copepods"
"1668","Alaria","Pabay_7_5_22_2","Pabay","7_5_2022",7,5,2022,"zooplankton",15613,"decapoda_larvae",61,"decapoda_larvae"
"1669","Alaria","Pabay_7_5_22_2","Pabay","7_5_2022",7,5,2022,"zooplankton",15613,"evadne",4217,"evadne"
"1670","Alaria","Pabay_7_5_22_2","Pabay","7_5_2022",7,5,2022,"zooplankton",15613,"gastropoda",102,"gastropoda"
"1671","Alaria","Pabay_7_5_22_2","Pabay","7_5_2022",7,5,2022,"zooplankton",15613,"holoplankton",14708,"holoplankton"
"1672","Alaria","Pabay_7_5_22_2","Pabay","7_5_2022",7,5,2022,"zooplankton",15613,"hydroids",2,"hydroids"
"1673","Alaria","Pabay_7_5_22_2","Pabay","7_5_2022",7,5,2022,"zooplankton",15613,"meroplankton",905,"meroplankton"
"1674","Alaria","Pabay_7_5_22_2","Pabay","7_5_2022",7,5,2022,"zooplankton",15613,"obelia",2,"obelia"
"1675","Alaria","Pabay_7_5_22_2","Pabay","7_5_2022",7,5,2022,"zooplankton",15613,"podon",20,"podon"
"1676","Alaria","Pabay_7_5_22_2","Pabay","7_5_2022",7,5,2022,"zooplankton",15613,"rathkea_octopunctata",20,"rathkea_octopunctata"
"1677","Alaria","Pabay_7_5_22_2","Pabay","7_5_2022",7,5,2022,"zooplankton",15613,"sabellariidae",61,"sabellariidae"
"1678","Alaria","Pabay_7_5_22_2","Pabay","7_5_2022",7,5,2022,"zooplankton",15613,"total_balanoida",61,"total_balanoida"
"1679","Alaria","Pabay_7_5_22_2","Pabay","7_5_2022",7,5,2022,"zooplankton",15613,"total_brachiopoda",4237,"total_brachiopoda"
"1680","Alaria","Pabay_7_5_22_2","Pabay","7_5_2022",7,5,2022,"zooplankton",15613,"total_copepoda",8617,"total_copepoda"
"1681","Alaria","Pabay_7_5_22_2","Pabay","7_5_2022",7,5,2022,"zooplankton",15613,"total_hydrozoa",26,"total_hydrozoa"
"1682","Alaria","Pabay_7_5_22_2","Pabay","7_5_2022",7,5,2022,"zooplankton",15613,"total_malacostraca",102,"total_malacostraca"
"1683","Alaria","Pabay_7_5_22_2","Pabay","7_5_2022",7,5,2022,"zooplankton",15613,"total_polychaeta",61,"total_polychaeta"
"1684","Alaria","Pabay_7_5_22_2","Pabay","7_5_2022",7,5,2022,"zooplankton",15613,"unknown_jellies",2,"unknown_jellies"
"1685","Saccharina","Pabay_7_5_22_2","Pabay","7_5_2022",7,5,2022,"zooplankton",15613,"bivalvia",530,"bivalvia"
"1686","Saccharina","Pabay_7_5_22_2","Pabay","7_5_2022",7,5,2022,"zooplankton",15613,"copepod_nauplii",2771,"copepod_nauplii"
"1687","Saccharina","Pabay_7_5_22_2","Pabay","7_5_2022",7,5,2022,"zooplankton",15613,"copepods",5847,"copepods"
"1688","Saccharina","Pabay_7_5_22_2","Pabay","7_5_2022",7,5,2022,"zooplankton",15613,"decapoda_larvae",61,"decapoda_larvae"
"1689","Saccharina","Pabay_7_5_22_2","Pabay","7_5_2022",7,5,2022,"zooplankton",15613,"evadne",4217,"evadne"
"1690","Saccharina","Pabay_7_5_22_2","Pabay","7_5_2022",7,5,2022,"zooplankton",15613,"gastropoda",102,"gastropoda"
"1691","Saccharina","Pabay_7_5_22_2","Pabay","7_5_2022",7,5,2022,"zooplankton",15613,"holoplankton",14708,"holoplankton"
"1692","Saccharina","Pabay_7_5_22_2","Pabay","7_5_2022",7,5,2022,"zooplankton",15613,"hydroids",2,"hydroids"
"1693","Saccharina","Pabay_7_5_22_2","Pabay","7_5_2022",7,5,2022,"zooplankton",15613,"meroplankton",905,"meroplankton"
"1694","Saccharina","Pabay_7_5_22_2","Pabay","7_5_2022",7,5,2022,"zooplankton",15613,"obelia",2,"obelia"
"1695","Saccharina","Pabay_7_5_22_2","Pabay","7_5_2022",7,5,2022,"zooplankton",15613,"podon",20,"podon"
"1696","Saccharina","Pabay_7_5_22_2","Pabay","7_5_2022",7,5,2022,"zooplankton",15613,"rathkea_octopunctata",20,"rathkea_octopunctata"
"1697","Saccharina","Pabay_7_5_22_2","Pabay","7_5_2022",7,5,2022,"zooplankton",15613,"sabellariidae",61,"sabellariidae"
"1698","Saccharina","Pabay_7_5_22_2","Pabay","7_5_2022",7,5,2022,"zooplankton",15613,"total_balanoida",61,"total_balanoida"
"1699","Saccharina","Pabay_7_5_22_2","Pabay","7_5_2022",7,5,2022,"zooplankton",15613,"total_brachiopoda",4237,"total_brachiopoda"
"1700","Saccharina","Pabay_7_5_22_2","Pabay","7_5_2022",7,5,2022,"zooplankton",15613,"total_copepoda",8617,"total_copepoda"
"1701","Saccharina","Pabay_7_5_22_2","Pabay","7_5_2022",7,5,2022,"zooplankton",15613,"total_hydrozoa",26,"total_hydrozoa"
"1702","Saccharina","Pabay_7_5_22_2","Pabay","7_5_2022",7,5,2022,"zooplankton",15613,"total_malacostraca",102,"total_malacostraca"
"1703","Saccharina","Pabay_7_5_22_2","Pabay","7_5_2022",7,5,2022,"zooplankton",15613,"total_polychaeta",61,"total_polychaeta"
"1704","Saccharina","Pabay_7_5_22_2","Pabay","7_5_2022",7,5,2022,"zooplankton",15613,"unknown_jellies",2,"unknown_jellies"
"1705","Alaria","Pabay_7_5_22_3","Pabay","7_5_2022",7,5,2022,"zooplankton",7591,"copepod_nauplii",2224,"copepod_nauplii"
"1706","Alaria","Pabay_7_5_22_3","Pabay","7_5_2022",7,5,2022,"zooplankton",7591,"copepods",2156,"copepods"
"1707","Alaria","Pabay_7_5_22_3","Pabay","7_5_2022",7,5,2022,"zooplankton",7591,"decapoda_larvae",136,"decapoda_larvae"
"1708","Alaria","Pabay_7_5_22_3","Pabay","7_5_2022",7,5,2022,"zooplankton",7591,"evadne",2139,"evadne"
"1709","Alaria","Pabay_7_5_22_3","Pabay","7_5_2022",7,5,2022,"zooplankton",7591,"fish_larvae",17,"fish_larvae"
"1710","Alaria","Pabay_7_5_22_3","Pabay","7_5_2022",7,5,2022,"zooplankton",7591,"gastropoda",34,"gastropoda"
"1711","Alaria","Pabay_7_5_22_3","Pabay","7_5_2022",7,5,2022,"zooplankton",7591,"holoplankton",6994,"holoplankton"
"1712","Alaria","Pabay_7_5_22_3","Pabay","7_5_2022",7,5,2022,"zooplankton",7591,"meroplankton",596,"meroplankton"
"1713","Alaria","Pabay_7_5_22_3","Pabay","7_5_2022",7,5,2022,"zooplankton",7591,"obelia",17,"obelia"
"1714","Alaria","Pabay_7_5_22_3","Pabay","7_5_2022",7,5,2022,"zooplankton",7591,"podon",17,"podon"
"1715","Alaria","Pabay_7_5_22_3","Pabay","7_5_2022",7,5,2022,"zooplankton",7591,"sabellariidae",51,"sabellariidae"
"1716","Alaria","Pabay_7_5_22_3","Pabay","7_5_2022",7,5,2022,"zooplankton",7591,"total_balanoida",34,"total_balanoida"
"1717","Alaria","Pabay_7_5_22_3","Pabay","7_5_2022",7,5,2022,"zooplankton",7591,"total_brachiopoda",2156,"total_brachiopoda"
"1718","Alaria","Pabay_7_5_22_3","Pabay","7_5_2022",7,5,2022,"zooplankton",7591,"total_copepoda",4380,"total_copepoda"
"1719","Alaria","Pabay_7_5_22_3","Pabay","7_5_2022",7,5,2022,"zooplankton",7591,"total_hydrozoa",17,"total_hydrozoa"
"1720","Alaria","Pabay_7_5_22_3","Pabay","7_5_2022",7,5,2022,"zooplankton",7591,"total_malacostraca",458,"total_malacostraca"
"1721","Alaria","Pabay_7_5_22_3","Pabay","7_5_2022",7,5,2022,"zooplankton",7591,"total_polychaeta",51,"total_polychaeta"
"1722","Saccharina","Pabay_7_5_22_3","Pabay","7_5_2022",7,5,2022,"zooplankton",7591,"copepod_nauplii",2224,"copepod_nauplii"
"1723","Saccharina","Pabay_7_5_22_3","Pabay","7_5_2022",7,5,2022,"zooplankton",7591,"copepods",2156,"copepods"
"1724","Saccharina","Pabay_7_5_22_3","Pabay","7_5_2022",7,5,2022,"zooplankton",7591,"decapoda_larvae",136,"decapoda_larvae"
"1725","Saccharina","Pabay_7_5_22_3","Pabay","7_5_2022",7,5,2022,"zooplankton",7591,"evadne",2139,"evadne"
"1726","Saccharina","Pabay_7_5_22_3","Pabay","7_5_2022",7,5,2022,"zooplankton",7591,"fish_larvae",17,"fish_larvae"
"1727","Saccharina","Pabay_7_5_22_3","Pabay","7_5_2022",7,5,2022,"zooplankton",7591,"gastropoda",34,"gastropoda"
"1728","Saccharina","Pabay_7_5_22_3","Pabay","7_5_2022",7,5,2022,"zooplankton",7591,"holoplankton",6994,"holoplankton"
"1729","Saccharina","Pabay_7_5_22_3","Pabay","7_5_2022",7,5,2022,"zooplankton",7591,"meroplankton",596,"meroplankton"
"1730","Saccharina","Pabay_7_5_22_3","Pabay","7_5_2022",7,5,2022,"zooplankton",7591,"obelia",17,"obelia"
"1731","Saccharina","Pabay_7_5_22_3","Pabay","7_5_2022",7,5,2022,"zooplankton",7591,"podon",17,"podon"
"1732","Saccharina","Pabay_7_5_22_3","Pabay","7_5_2022",7,5,2022,"zooplankton",7591,"sabellariidae",51,"sabellariidae"
"1733","Saccharina","Pabay_7_5_22_3","Pabay","7_5_2022",7,5,2022,"zooplankton",7591,"total_balanoida",34,"total_balanoida"
"1734","Saccharina","Pabay_7_5_22_3","Pabay","7_5_2022",7,5,2022,"zooplankton",7591,"total_brachiopoda",2156,"total_brachiopoda"
"1735","Saccharina","Pabay_7_5_22_3","Pabay","7_5_2022",7,5,2022,"zooplankton",7591,"total_copepoda",4380,"total_copepoda"
"1736","Saccharina","Pabay_7_5_22_3","Pabay","7_5_2022",7,5,2022,"zooplankton",7591,"total_hydrozoa",17,"total_hydrozoa"
"1737","Saccharina","Pabay_7_5_22_3","Pabay","7_5_2022",7,5,2022,"zooplankton",7591,"total_malacostraca",458,"total_malacostraca"
"1738","Saccharina","Pabay_7_5_22_3","Pabay","7_5_2022",7,5,2022,"zooplankton",7591,"total_polychaeta",51,"total_polychaeta"
"1739","Alaria","Pabay_8_2_22_1","Pabay","8_2_2022",8,2,2022,"zooplankton",155,"bivalvia",2,"bivalvia"
"1740","Alaria","Pabay_8_2_22_1","Pabay","8_2_2022",8,2,2022,"zooplankton",155,"copepod_nauplii",17,"copepod_nauplii"
"1741","Alaria","Pabay_8_2_22_1","Pabay","8_2_2022",8,2,2022,"zooplankton",155,"copepods",68,"copepods"
"1742","Alaria","Pabay_8_2_22_1","Pabay","8_2_2022",8,2,2022,"zooplankton",155,"gastropoda",34,"gastropoda"
"1743","Alaria","Pabay_8_2_22_1","Pabay","8_2_2022",8,2,2022,"zooplankton",155,"holoplankton",85,"holoplankton"
"1744","Alaria","Pabay_8_2_22_1","Pabay","8_2_2022",8,2,2022,"zooplankton",155,"meroplankton",70,"meroplankton"
"1745","Alaria","Pabay_8_2_22_1","Pabay","8_2_2022",8,2,2022,"zooplankton",155,"sabellariidae",34,"sabellariidae"
"1746","Alaria","Pabay_8_2_22_1","Pabay","8_2_2022",8,2,2022,"zooplankton",155,"total_copepoda",85,"total_copepoda"
"1747","Alaria","Pabay_8_2_22_1","Pabay","8_2_2022",8,2,2022,"zooplankton",155,"total_polychaeta",34,"total_polychaeta"
"1748","Saccharina","Pabay_8_2_22_1","Pabay","8_2_2022",8,2,2022,"zooplankton",155,"bivalvia",2,"bivalvia"
"1749","Saccharina","Pabay_8_2_22_1","Pabay","8_2_2022",8,2,2022,"zooplankton",155,"copepod_nauplii",17,"copepod_nauplii"
"1750","Saccharina","Pabay_8_2_22_1","Pabay","8_2_2022",8,2,2022,"zooplankton",155,"copepods",68,"copepods"
"1751","Saccharina","Pabay_8_2_22_1","Pabay","8_2_2022",8,2,2022,"zooplankton",155,"gastropoda",34,"gastropoda"
"1752","Saccharina","Pabay_8_2_22_1","Pabay","8_2_2022",8,2,2022,"zooplankton",155,"holoplankton",85,"holoplankton"
"1753","Saccharina","Pabay_8_2_22_1","Pabay","8_2_2022",8,2,2022,"zooplankton",155,"meroplankton",70,"meroplankton"
"1754","Saccharina","Pabay_8_2_22_1","Pabay","8_2_2022",8,2,2022,"zooplankton",155,"sabellariidae",34,"sabellariidae"
"1755","Saccharina","Pabay_8_2_22_1","Pabay","8_2_2022",8,2,2022,"zooplankton",155,"total_copepoda",85,"total_copepoda"
"1756","Saccharina","Pabay_8_2_22_1","Pabay","8_2_2022",8,2,2022,"zooplankton",155,"total_polychaeta",34,"total_polychaeta"
"1757","Alaria","Pabay_8_2_22_2","Pabay","8_2_2022",8,2,2022,"zooplankton",849,"bivalvia",136,"bivalvia"
"1758","Alaria","Pabay_8_2_22_2","Pabay","8_2_2022",8,2,2022,"zooplankton",849,"bryozoa",17,"bryozoa"
"1759","Alaria","Pabay_8_2_22_2","Pabay","8_2_2022",8,2,2022,"zooplankton",849,"copepod_nauplii",119,"copepod_nauplii"
"1760","Alaria","Pabay_8_2_22_2","Pabay","8_2_2022",8,2,2022,"zooplankton",849,"copepods",373,"copepods"
"1761","Alaria","Pabay_8_2_22_2","Pabay","8_2_2022",8,2,2022,"zooplankton",849,"gastropoda",34,"gastropoda"
"1762","Alaria","Pabay_8_2_22_2","Pabay","8_2_2022",8,2,2022,"zooplankton",849,"holoplankton",526,"holoplankton"
"1763","Alaria","Pabay_8_2_22_2","Pabay","8_2_2022",8,2,2022,"zooplankton",849,"meroplankton",323,"meroplankton"
"1764","Alaria","Pabay_8_2_22_2","Pabay","8_2_2022",8,2,2022,"zooplankton",849,"mp_fragments",2,"mp_fragments"
"1765","Alaria","Pabay_8_2_22_2","Pabay","8_2_2022",8,2,2022,"zooplankton",849,"other_polychaetae_larvae",102,"other_polychaetae_larvae"
"1766","Alaria","Pabay_8_2_22_2","Pabay","8_2_2022",8,2,2022,"zooplankton",849,"sabellariidae",34,"sabellariidae"
"1767","Alaria","Pabay_8_2_22_2","Pabay","8_2_2022",8,2,2022,"zooplankton",849,"total_balanoida",34,"total_balanoida"
"1768","Alaria","Pabay_8_2_22_2","Pabay","8_2_2022",8,2,2022,"zooplankton",849,"total_copepoda",492,"total_copepoda"
"1769","Alaria","Pabay_8_2_22_2","Pabay","8_2_2022",8,2,2022,"zooplankton",849,"total_polychaeta",136,"total_polychaeta"
"1770","Saccharina","Pabay_8_2_22_2","Pabay","8_2_2022",8,2,2022,"zooplankton",849,"bivalvia",136,"bivalvia"
"1771","Saccharina","Pabay_8_2_22_2","Pabay","8_2_2022",8,2,2022,"zooplankton",849,"bryozoa",17,"bryozoa"
"1772","Saccharina","Pabay_8_2_22_2","Pabay","8_2_2022",8,2,2022,"zooplankton",849,"copepod_nauplii",119,"copepod_nauplii"
"1773","Saccharina","Pabay_8_2_22_2","Pabay","8_2_2022",8,2,2022,"zooplankton",849,"copepods",373,"copepods"
"1774","Saccharina","Pabay_8_2_22_2","Pabay","8_2_2022",8,2,2022,"zooplankton",849,"gastropoda",34,"gastropoda"
"1775","Saccharina","Pabay_8_2_22_2","Pabay","8_2_2022",8,2,2022,"zooplankton",849,"holoplankton",526,"holoplankton"
"1776","Saccharina","Pabay_8_2_22_2","Pabay","8_2_2022",8,2,2022,"zooplankton",849,"meroplankton",323,"meroplankton"
"1777","Saccharina","Pabay_8_2_22_2","Pabay","8_2_2022",8,2,2022,"zooplankton",849,"mp_fragments",2,"mp_fragments"
"1778","Saccharina","Pabay_8_2_22_2","Pabay","8_2_2022",8,2,2022,"zooplankton",849,"other_polychaetae_larvae",102,"other_polychaetae_larvae"
"1779","Saccharina","Pabay_8_2_22_2","Pabay","8_2_2022",8,2,2022,"zooplankton",849,"sabellariidae",34,"sabellariidae"
"1780","Saccharina","Pabay_8_2_22_2","Pabay","8_2_2022",8,2,2022,"zooplankton",849,"total_balanoida",34,"total_balanoida"
"1781","Saccharina","Pabay_8_2_22_2","Pabay","8_2_2022",8,2,2022,"zooplankton",849,"total_copepoda",492,"total_copepoda"
"1782","Saccharina","Pabay_8_2_22_2","Pabay","8_2_2022",8,2,2022,"zooplankton",849,"total_polychaeta",136,"total_polychaeta"
"1783","Alaria","Pabay_8_2_22_3","Pabay","8_2_2022",8,2,2022,"zooplankton",719,"bivalvia",85,"bivalvia"
"1784","Alaria","Pabay_8_2_22_3","Pabay","8_2_2022",8,2,2022,"zooplankton",719,"copepod_nauplii",289,"copepod_nauplii"
"1785","Alaria","Pabay_8_2_22_3","Pabay","8_2_2022",8,2,2022,"zooplankton",719,"copepods",221,"copepods"
"1786","Alaria","Pabay_8_2_22_3","Pabay","8_2_2022",8,2,2022,"zooplankton",719,"fish_egg",17,"fish_egg"
"1787","Alaria","Pabay_8_2_22_3","Pabay","8_2_2022",8,2,2022,"zooplankton",719,"gastropoda",68,"gastropoda"
"1788","Alaria","Pabay_8_2_22_3","Pabay","8_2_2022",8,2,2022,"zooplankton",719,"holoplankton",530,"holoplankton"
"1789","Alaria","Pabay_8_2_22_3","Pabay","8_2_2022",8,2,2022,"zooplankton",719,"meroplankton",189,"meroplankton"
"1790","Alaria","Pabay_8_2_22_3","Pabay","8_2_2022",8,2,2022,"zooplankton",719,"microfibers",2,"microfibers"
"1791","Alaria","Pabay_8_2_22_3","Pabay","8_2_2022",8,2,2022,"zooplankton",719,"sabellariidae",34,"sabellariidae"
"1792","Alaria","Pabay_8_2_22_3","Pabay","8_2_2022",8,2,2022,"zooplankton",719,"total_balanoida",2,"total_balanoida"
"1793","Alaria","Pabay_8_2_22_3","Pabay","8_2_2022",8,2,2022,"zooplankton",719,"total_copepoda",509,"total_copepoda"
"1794","Alaria","Pabay_8_2_22_3","Pabay","8_2_2022",8,2,2022,"zooplankton",719,"total_malacostraca",2,"total_malacostraca"
"1795","Alaria","Pabay_8_2_22_3","Pabay","8_2_2022",8,2,2022,"zooplankton",719,"total_polychaeta",34,"total_polychaeta"
"1796","Saccharina","Pabay_8_2_22_3","Pabay","8_2_2022",8,2,2022,"zooplankton",719,"bivalvia",85,"bivalvia"
"1797","Saccharina","Pabay_8_2_22_3","Pabay","8_2_2022",8,2,2022,"zooplankton",719,"copepod_nauplii",289,"copepod_nauplii"
"1798","Saccharina","Pabay_8_2_22_3","Pabay","8_2_2022",8,2,2022,"zooplankton",719,"copepods",221,"copepods"
"1799","Saccharina","Pabay_8_2_22_3","Pabay","8_2_2022",8,2,2022,"zooplankton",719,"fish_egg",17,"fish_egg"
"1800","Saccharina","Pabay_8_2_22_3","Pabay","8_2_2022",8,2,2022,"zooplankton",719,"gastropoda",68,"gastropoda"
"1801","Saccharina","Pabay_8_2_22_3","Pabay","8_2_2022",8,2,2022,"zooplankton",719,"holoplankton",530,"holoplankton"
"1802","Saccharina","Pabay_8_2_22_3","Pabay","8_2_2022",8,2,2022,"zooplankton",719,"meroplankton",189,"meroplankton"
"1803","Saccharina","Pabay_8_2_22_3","Pabay","8_2_2022",8,2,2022,"zooplankton",719,"microfibers",2,"microfibers"
"1804","Saccharina","Pabay_8_2_22_3","Pabay","8_2_2022",8,2,2022,"zooplankton",719,"sabellariidae",34,"sabellariidae"
"1805","Saccharina","Pabay_8_2_22_3","Pabay","8_2_2022",8,2,2022,"zooplankton",719,"total_balanoida",2,"total_balanoida"
"1806","Saccharina","Pabay_8_2_22_3","Pabay","8_2_2022",8,2,2022,"zooplankton",719,"total_copepoda",509,"total_copepoda"
"1807","Saccharina","Pabay_8_2_22_3","Pabay","8_2_2022",8,2,2022,"zooplankton",719,"total_malacostraca",2,"total_malacostraca"
"1808","Saccharina","Pabay_8_2_22_3","Pabay","8_2_2022",8,2,2022,"zooplankton",719,"total_polychaeta",34,"total_polychaeta"
"1809","Alaria","Pabay_8_3_22_1","Pabay","8_3_2022",8,3,2022,"zooplankton",3181,"bivalvia",289,"bivalvia"
"1810","Alaria","Pabay_8_3_22_1","Pabay","8_3_2022",8,3,2022,"zooplankton",3181,"bryozoa",17,"bryozoa"
"1811","Alaria","Pabay_8_3_22_1","Pabay","8_3_2022",8,3,2022,"zooplankton",3181,"copepod_nauplii",136,"copepod_nauplii"
"1812","Alaria","Pabay_8_3_22_1","Pabay","8_3_2022",8,3,2022,"zooplankton",3181,"copepods",187,"copepods"
"1813","Alaria","Pabay_8_3_22_1","Pabay","8_3_2022",8,3,2022,"zooplankton",3181,"decapoda_larvae",2,"decapoda_larvae"
"1814","Alaria","Pabay_8_3_22_1","Pabay","8_3_2022",8,3,2022,"zooplankton",3181,"evadne",2,"evadne"
"1815","Alaria","Pabay_8_3_22_1","Pabay","8_3_2022",8,3,2022,"zooplankton",3181,"fish_egg",2,"fish_egg"
"1816","Alaria","Pabay_8_3_22_1","Pabay","8_3_2022",8,3,2022,"zooplankton",3181,"gastropoda",85,"gastropoda"
"1817","Alaria","Pabay_8_3_22_1","Pabay","8_3_2022",8,3,2022,"zooplankton",3181,"holoplankton",2568,"holoplankton"
"1818","Alaria","Pabay_8_3_22_1","Pabay","8_3_2022",8,3,2022,"zooplankton",3181,"meroplankton",613,"meroplankton"
"1819","Alaria","Pabay_8_3_22_1","Pabay","8_3_2022",8,3,2022,"zooplankton",3181,"other_polychaetae_larvae",17,"other_polychaetae_larvae"
"1820","Alaria","Pabay_8_3_22_1","Pabay","8_3_2022",8,3,2022,"zooplankton",3181,"sabellariidae",204,"sabellariidae"
"1821","Alaria","Pabay_8_3_22_1","Pabay","8_3_2022",8,3,2022,"zooplankton",3181,"total_balanoida",2241,"total_balanoida"
"1822","Alaria","Pabay_8_3_22_1","Pabay","8_3_2022",8,3,2022,"zooplankton",3181,"total_brachiopoda",2,"total_brachiopoda"
"1823","Alaria","Pabay_8_3_22_1","Pabay","8_3_2022",8,3,2022,"zooplankton",3181,"total_copepoda",323,"total_copepoda"
"1824","Alaria","Pabay_8_3_22_1","Pabay","8_3_2022",8,3,2022,"zooplankton",3181,"total_malacostraca",2,"total_malacostraca"
"1825","Alaria","Pabay_8_3_22_1","Pabay","8_3_2022",8,3,2022,"zooplankton",3181,"total_polychaeta",221,"total_polychaeta"
"1826","Saccharina","Pabay_8_3_22_1","Pabay","8_3_2022",8,3,2022,"zooplankton",3181,"bivalvia",289,"bivalvia"
"1827","Saccharina","Pabay_8_3_22_1","Pabay","8_3_2022",8,3,2022,"zooplankton",3181,"bryozoa",17,"bryozoa"
"1828","Saccharina","Pabay_8_3_22_1","Pabay","8_3_2022",8,3,2022,"zooplankton",3181,"copepod_nauplii",136,"copepod_nauplii"
"1829","Saccharina","Pabay_8_3_22_1","Pabay","8_3_2022",8,3,2022,"zooplankton",3181,"copepods",187,"copepods"
"1830","Saccharina","Pabay_8_3_22_1","Pabay","8_3_2022",8,3,2022,"zooplankton",3181,"decapoda_larvae",2,"decapoda_larvae"
"1831","Saccharina","Pabay_8_3_22_1","Pabay","8_3_2022",8,3,2022,"zooplankton",3181,"evadne",2,"evadne"
"1832","Saccharina","Pabay_8_3_22_1","Pabay","8_3_2022",8,3,2022,"zooplankton",3181,"fish_egg",2,"fish_egg"
"1833","Saccharina","Pabay_8_3_22_1","Pabay","8_3_2022",8,3,2022,"zooplankton",3181,"gastropoda",85,"gastropoda"
"1834","Saccharina","Pabay_8_3_22_1","Pabay","8_3_2022",8,3,2022,"zooplankton",3181,"holoplankton",2568,"holoplankton"
"1835","Saccharina","Pabay_8_3_22_1","Pabay","8_3_2022",8,3,2022,"zooplankton",3181,"meroplankton",613,"meroplankton"
"1836","Saccharina","Pabay_8_3_22_1","Pabay","8_3_2022",8,3,2022,"zooplankton",3181,"other_polychaetae_larvae",17,"other_polychaetae_larvae"
"1837","Saccharina","Pabay_8_3_22_1","Pabay","8_3_2022",8,3,2022,"zooplankton",3181,"sabellariidae",204,"sabellariidae"
"1838","Saccharina","Pabay_8_3_22_1","Pabay","8_3_2022",8,3,2022,"zooplankton",3181,"total_balanoida",2241,"total_balanoida"
"1839","Saccharina","Pabay_8_3_22_1","Pabay","8_3_2022",8,3,2022,"zooplankton",3181,"total_brachiopoda",2,"total_brachiopoda"
"1840","Saccharina","Pabay_8_3_22_1","Pabay","8_3_2022",8,3,2022,"zooplankton",3181,"total_copepoda",323,"total_copepoda"
"1841","Saccharina","Pabay_8_3_22_1","Pabay","8_3_2022",8,3,2022,"zooplankton",3181,"total_malacostraca",2,"total_malacostraca"
"1842","Saccharina","Pabay_8_3_22_1","Pabay","8_3_2022",8,3,2022,"zooplankton",3181,"total_polychaeta",221,"total_polychaeta"
"1843","Alaria","Pabay_8_3_22_2","Pabay","8_3_2022",8,3,2022,"zooplankton",5044,"bivalvia",204,"bivalvia"
"1844","Alaria","Pabay_8_3_22_2","Pabay","8_3_2022",8,3,2022,"zooplankton",5044,"bryozoa",34,"bryozoa"
"1845","Alaria","Pabay_8_3_22_2","Pabay","8_3_2022",8,3,2022,"zooplankton",5044,"copepod_nauplii",340,"copepod_nauplii"
"1846","Alaria","Pabay_8_3_22_2","Pabay","8_3_2022",8,3,2022,"zooplankton",5044,"copepods",441,"copepods"
"1847","Alaria","Pabay_8_3_22_2","Pabay","8_3_2022",8,3,2022,"zooplankton",5044,"evadne",2,"evadne"
"1848","Alaria","Pabay_8_3_22_2","Pabay","8_3_2022",8,3,2022,"zooplankton",5044,"gastropoda",136,"gastropoda"
"1849","Alaria","Pabay_8_3_22_2","Pabay","8_3_2022",8,3,2022,"zooplankton",5044,"holoplankton",4399,"holoplankton"
"1850","Alaria","Pabay_8_3_22_2","Pabay","8_3_2022",8,3,2022,"zooplankton",5044,"meroplankton",645,"meroplankton"
"1851","Alaria","Pabay_8_3_22_2","Pabay","8_3_2022",8,3,2022,"zooplankton",5044,"microfibers",2,"microfibers"
"1852","Alaria","Pabay_8_3_22_2","Pabay","8_3_2022",8,3,2022,"zooplankton",5044,"sabellariidae",255,"sabellariidae"
"1853","Alaria","Pabay_8_3_22_2","Pabay","8_3_2022",8,3,2022,"zooplankton",5044,"sea_urchin_larvae",17,"sea_urchin_larvae"
"1854","Alaria","Pabay_8_3_22_2","Pabay","8_3_2022",8,3,2022,"zooplankton",5044,"total_balanoida",3616,"total_balanoida"
"1855","Alaria","Pabay_8_3_22_2","Pabay","8_3_2022",8,3,2022,"zooplankton",5044,"total_brachiopoda",2,"total_brachiopoda"
"1856","Alaria","Pabay_8_3_22_2","Pabay","8_3_2022",8,3,2022,"zooplankton",5044,"total_copepoda",781,"total_copepoda"
"1857","Alaria","Pabay_8_3_22_2","Pabay","8_3_2022",8,3,2022,"zooplankton",5044,"total_polychaeta",255,"total_polychaeta"
"1858","Saccharina","Pabay_8_3_22_2","Pabay","8_3_2022",8,3,2022,"zooplankton",5044,"bivalvia",204,"bivalvia"
"1859","Saccharina","Pabay_8_3_22_2","Pabay","8_3_2022",8,3,2022,"zooplankton",5044,"bryozoa",34,"bryozoa"
"1860","Saccharina","Pabay_8_3_22_2","Pabay","8_3_2022",8,3,2022,"zooplankton",5044,"copepod_nauplii",340,"copepod_nauplii"
"1861","Saccharina","Pabay_8_3_22_2","Pabay","8_3_2022",8,3,2022,"zooplankton",5044,"copepods",441,"copepods"
"1862","Saccharina","Pabay_8_3_22_2","Pabay","8_3_2022",8,3,2022,"zooplankton",5044,"evadne",2,"evadne"
"1863","Saccharina","Pabay_8_3_22_2","Pabay","8_3_2022",8,3,2022,"zooplankton",5044,"gastropoda",136,"gastropoda"
"1864","Saccharina","Pabay_8_3_22_2","Pabay","8_3_2022",8,3,2022,"zooplankton",5044,"holoplankton",4399,"holoplankton"
"1865","Saccharina","Pabay_8_3_22_2","Pabay","8_3_2022",8,3,2022,"zooplankton",5044,"meroplankton",645,"meroplankton"
"1866","Saccharina","Pabay_8_3_22_2","Pabay","8_3_2022",8,3,2022,"zooplankton",5044,"microfibers",2,"microfibers"
"1867","Saccharina","Pabay_8_3_22_2","Pabay","8_3_2022",8,3,2022,"zooplankton",5044,"sabellariidae",255,"sabellariidae"
"1868","Saccharina","Pabay_8_3_22_2","Pabay","8_3_2022",8,3,2022,"zooplankton",5044,"sea_urchin_larvae",17,"sea_urchin_larvae"
"1869","Saccharina","Pabay_8_3_22_2","Pabay","8_3_2022",8,3,2022,"zooplankton",5044,"total_balanoida",3616,"total_balanoida"
"1870","Saccharina","Pabay_8_3_22_2","Pabay","8_3_2022",8,3,2022,"zooplankton",5044,"total_brachiopoda",2,"total_brachiopoda"
"1871","Saccharina","Pabay_8_3_22_2","Pabay","8_3_2022",8,3,2022,"zooplankton",5044,"total_copepoda",781,"total_copepoda"
"1872","Saccharina","Pabay_8_3_22_2","Pabay","8_3_2022",8,3,2022,"zooplankton",5044,"total_polychaeta",255,"total_polychaeta"
"1873","Alaria","Pabay_8_3_22_3","Pabay","8_3_2022",8,3,2022,"zooplankton",6510,"bivalvia",34,"bivalvia"
"1874","Alaria","Pabay_8_3_22_3","Pabay","8_3_2022",8,3,2022,"zooplankton",6510,"bryozoa",51,"bryozoa"
"1875","Alaria","Pabay_8_3_22_3","Pabay","8_3_2022",8,3,2022,"zooplankton",6510,"copepod_nauplii",51,"copepod_nauplii"
"1876","Alaria","Pabay_8_3_22_3","Pabay","8_3_2022",8,3,2022,"zooplankton",6510,"copepods",204,"copepods"
"1877","Alaria","Pabay_8_3_22_3","Pabay","8_3_2022",8,3,2022,"zooplankton",6510,"decapoda_larvae",2,"decapoda_larvae"
"1878","Alaria","Pabay_8_3_22_3","Pabay","8_3_2022",8,3,2022,"zooplankton",6510,"evadne",2,"evadne"
"1879","Alaria","Pabay_8_3_22_3","Pabay","8_3_2022",8,3,2022,"zooplankton",6510,"fish_egg",17,"fish_egg"
"1880","Alaria","Pabay_8_3_22_3","Pabay","8_3_2022",8,3,2022,"zooplankton",6510,"gastropoda",102,"gastropoda"
"1881","Alaria","Pabay_8_3_22_3","Pabay","8_3_2022",8,3,2022,"zooplankton",6510,"holoplankton",6232,"holoplankton"
"1882","Alaria","Pabay_8_3_22_3","Pabay","8_3_2022",8,3,2022,"zooplankton",6510,"meroplankton",278,"meroplankton"
"1883","Alaria","Pabay_8_3_22_3","Pabay","8_3_2022",8,3,2022,"zooplankton",6510,"obelia",2,"obelia"
"1884","Alaria","Pabay_8_3_22_3","Pabay","8_3_2022",8,3,2022,"zooplankton",6510,"other_polychaetae_larvae",2,"other_polychaetae_larvae"
"1885","Alaria","Pabay_8_3_22_3","Pabay","8_3_2022",8,3,2022,"zooplankton",6510,"sabellariidae",85,"sabellariidae"
"1886","Alaria","Pabay_8_3_22_3","Pabay","8_3_2022",8,3,2022,"zooplankton",6510,"total_balanoida",5959,"total_balanoida"
"1887","Alaria","Pabay_8_3_22_3","Pabay","8_3_2022",8,3,2022,"zooplankton",6510,"total_brachiopoda",2,"total_brachiopoda"
"1888","Alaria","Pabay_8_3_22_3","Pabay","8_3_2022",8,3,2022,"zooplankton",6510,"total_copepoda",255,"total_copepoda"
"1889","Alaria","Pabay_8_3_22_3","Pabay","8_3_2022",8,3,2022,"zooplankton",6510,"total_hydrozoa",2,"total_hydrozoa"
"1890","Alaria","Pabay_8_3_22_3","Pabay","8_3_2022",8,3,2022,"zooplankton",6510,"total_malacostraca",2,"total_malacostraca"
"1891","Alaria","Pabay_8_3_22_3","Pabay","8_3_2022",8,3,2022,"zooplankton",6510,"total_polychaeta",87,"total_polychaeta"
"1892","Saccharina","Pabay_8_3_22_3","Pabay","8_3_2022",8,3,2022,"zooplankton",6510,"bivalvia",34,"bivalvia"
"1893","Saccharina","Pabay_8_3_22_3","Pabay","8_3_2022",8,3,2022,"zooplankton",6510,"bryozoa",51,"bryozoa"
"1894","Saccharina","Pabay_8_3_22_3","Pabay","8_3_2022",8,3,2022,"zooplankton",6510,"copepod_nauplii",51,"copepod_nauplii"
"1895","Saccharina","Pabay_8_3_22_3","Pabay","8_3_2022",8,3,2022,"zooplankton",6510,"copepods",204,"copepods"
"1896","Saccharina","Pabay_8_3_22_3","Pabay","8_3_2022",8,3,2022,"zooplankton",6510,"decapoda_larvae",2,"decapoda_larvae"
"1897","Saccharina","Pabay_8_3_22_3","Pabay","8_3_2022",8,3,2022,"zooplankton",6510,"evadne",2,"evadne"
"1898","Saccharina","Pabay_8_3_22_3","Pabay","8_3_2022",8,3,2022,"zooplankton",6510,"fish_egg",17,"fish_egg"
"1899","Saccharina","Pabay_8_3_22_3","Pabay","8_3_2022",8,3,2022,"zooplankton",6510,"gastropoda",102,"gastropoda"
"1900","Saccharina","Pabay_8_3_22_3","Pabay","8_3_2022",8,3,2022,"zooplankton",6510,"holoplankton",6232,"holoplankton"
"1901","Saccharina","Pabay_8_3_22_3","Pabay","8_3_2022",8,3,2022,"zooplankton",6510,"meroplankton",278,"meroplankton"
"1902","Saccharina","Pabay_8_3_22_3","Pabay","8_3_2022",8,3,2022,"zooplankton",6510,"obelia",2,"obelia"
"1903","Saccharina","Pabay_8_3_22_3","Pabay","8_3_2022",8,3,2022,"zooplankton",6510,"other_polychaetae_larvae",2,"other_polychaetae_larvae"
"1904","Saccharina","Pabay_8_3_22_3","Pabay","8_3_2022",8,3,2022,"zooplankton",6510,"sabellariidae",85,"sabellariidae"
"1905","Saccharina","Pabay_8_3_22_3","Pabay","8_3_2022",8,3,2022,"zooplankton",6510,"total_balanoida",5959,"total_balanoida"
"1906","Saccharina","Pabay_8_3_22_3","Pabay","8_3_2022",8,3,2022,"zooplankton",6510,"total_brachiopoda",2,"total_brachiopoda"
"1907","Saccharina","Pabay_8_3_22_3","Pabay","8_3_2022",8,3,2022,"zooplankton",6510,"total_copepoda",255,"total_copepoda"
"1908","Saccharina","Pabay_8_3_22_3","Pabay","8_3_2022",8,3,2022,"zooplankton",6510,"total_hydrozoa",2,"total_hydrozoa"
"1909","Saccharina","Pabay_8_3_22_3","Pabay","8_3_2022",8,3,2022,"zooplankton",6510,"total_malacostraca",2,"total_malacostraca"
"1910","Saccharina","Pabay_8_3_22_3","Pabay","8_3_2022",8,3,2022,"zooplankton",6510,"total_polychaeta",87,"total_polychaeta"
"1911","Alaria","Scalpay_15_6_21_1","Scalpay","15_6_2021",15,6,2021,"zooplankton",10137,"bivalvia",1833,"bivalvia"
"1912","Alaria","Scalpay_15_6_21_1","Scalpay","15_6_2021",15,6,2021,"zooplankton",10137,"copepod_nauplii",6112,"copepod_nauplii"
"1913","Alaria","Scalpay_15_6_21_1","Scalpay","15_6_2021",15,6,2021,"zooplankton",10137,"copepods",1833,"copepods"
"1914","Alaria","Scalpay_15_6_21_1","Scalpay","15_6_2021",15,6,2021,"zooplankton",10137,"evadne",25,"evadne"
"1915","Alaria","Scalpay_15_6_21_1","Scalpay","15_6_2021",15,6,2021,"zooplankton",10137,"gastropoda",127,"gastropoda"
"1916","Alaria","Scalpay_15_6_21_1","Scalpay","15_6_2021",15,6,2021,"zooplankton",10137,"holoplankton",8174,"holoplankton"
"1917","Alaria","Scalpay_15_6_21_1","Scalpay","15_6_2021",15,6,2021,"zooplankton",10137,"meroplankton",1963,"meroplankton"
"1918","Alaria","Scalpay_15_6_21_1","Scalpay","15_6_2021",15,6,2021,"zooplankton",10137,"microfibers",25,"microfibers"
"1919","Alaria","Scalpay_15_6_21_1","Scalpay","15_6_2021",15,6,2021,"zooplankton",10137,"mp_fragments",2,"mp_fragments"
"1920","Alaria","Scalpay_15_6_21_1","Scalpay","15_6_2021",15,6,2021,"zooplankton",10137,"ophiura_larvae",2,"ophiura_larvae"
"1921","Alaria","Scalpay_15_6_21_1","Scalpay","15_6_2021",15,6,2021,"zooplankton",10137,"sabellariidae",2,"sabellariidae"
"1922","Alaria","Scalpay_15_6_21_1","Scalpay","15_6_2021",15,6,2021,"zooplankton",10137,"total_brachiopoda",25,"total_brachiopoda"
"1923","Alaria","Scalpay_15_6_21_1","Scalpay","15_6_2021",15,6,2021,"zooplankton",10137,"total_copepoda",7945,"total_copepoda"
"1924","Alaria","Scalpay_15_6_21_1","Scalpay","15_6_2021",15,6,2021,"zooplankton",10137,"total_polychaeta",2,"total_polychaeta"
"1925","Saccharina","Scalpay_15_6_21_1","Scalpay","15_6_2021",15,6,2021,"zooplankton",10137,"bivalvia",1833,"bivalvia"
"1926","Saccharina","Scalpay_15_6_21_1","Scalpay","15_6_2021",15,6,2021,"zooplankton",10137,"copepod_nauplii",6112,"copepod_nauplii"
"1927","Saccharina","Scalpay_15_6_21_1","Scalpay","15_6_2021",15,6,2021,"zooplankton",10137,"copepods",1833,"copepods"
"1928","Saccharina","Scalpay_15_6_21_1","Scalpay","15_6_2021",15,6,2021,"zooplankton",10137,"evadne",25,"evadne"
"1929","Saccharina","Scalpay_15_6_21_1","Scalpay","15_6_2021",15,6,2021,"zooplankton",10137,"gastropoda",127,"gastropoda"
"1930","Saccharina","Scalpay_15_6_21_1","Scalpay","15_6_2021",15,6,2021,"zooplankton",10137,"holoplankton",8174,"holoplankton"
"1931","Saccharina","Scalpay_15_6_21_1","Scalpay","15_6_2021",15,6,2021,"zooplankton",10137,"meroplankton",1963,"meroplankton"
"1932","Saccharina","Scalpay_15_6_21_1","Scalpay","15_6_2021",15,6,2021,"zooplankton",10137,"microfibers",25,"microfibers"
"1933","Saccharina","Scalpay_15_6_21_1","Scalpay","15_6_2021",15,6,2021,"zooplankton",10137,"mp_fragments",2,"mp_fragments"
"1934","Saccharina","Scalpay_15_6_21_1","Scalpay","15_6_2021",15,6,2021,"zooplankton",10137,"ophiura_larvae",2,"ophiura_larvae"
"1935","Saccharina","Scalpay_15_6_21_1","Scalpay","15_6_2021",15,6,2021,"zooplankton",10137,"sabellariidae",2,"sabellariidae"
"1936","Saccharina","Scalpay_15_6_21_1","Scalpay","15_6_2021",15,6,2021,"zooplankton",10137,"total_brachiopoda",25,"total_brachiopoda"
"1937","Saccharina","Scalpay_15_6_21_1","Scalpay","15_6_2021",15,6,2021,"zooplankton",10137,"total_copepoda",7945,"total_copepoda"
"1938","Saccharina","Scalpay_15_6_21_1","Scalpay","15_6_2021",15,6,2021,"zooplankton",10137,"total_polychaeta",2,"total_polychaeta"
"1939","Alaria","Scalpay_15_6_21_2","Scalpay","15_6_2021",15,6,2021,"zooplankton",8535,"bivalvia",1197,"bivalvia"
"1940","Alaria","Scalpay_15_6_21_2","Scalpay","15_6_2021",15,6,2021,"zooplankton",8535,"bryozoa",25,"bryozoa"
"1941","Alaria","Scalpay_15_6_21_2","Scalpay","15_6_2021",15,6,2021,"zooplankton",8535,"copepod_nauplii",5526,"copepod_nauplii"
"1942","Alaria","Scalpay_15_6_21_2","Scalpay","15_6_2021",15,6,2021,"zooplankton",8535,"copepods",1451,"copepods"
"1943","Alaria","Scalpay_15_6_21_2","Scalpay","15_6_2021",15,6,2021,"zooplankton",8535,"decapoda_larvae",2,"decapoda_larvae"
"1944","Alaria","Scalpay_15_6_21_2","Scalpay","15_6_2021",15,6,2021,"zooplankton",8535,"evadne",25,"evadne"
"1945","Alaria","Scalpay_15_6_21_2","Scalpay","15_6_2021",15,6,2021,"zooplankton",8535,"fish_egg",76,"fish_egg"
"1946","Alaria","Scalpay_15_6_21_2","Scalpay","15_6_2021",15,6,2021,"zooplankton",8535,"gastropoda",25,"gastropoda"
"1947","Alaria","Scalpay_15_6_21_2","Scalpay","15_6_2021",15,6,2021,"zooplankton",8535,"holoplankton",7207,"holoplankton"
"1948","Alaria","Scalpay_15_6_21_2","Scalpay","15_6_2021",15,6,2021,"zooplankton",8535,"meroplankton",1328,"meroplankton"
"1949","Alaria","Scalpay_15_6_21_2","Scalpay","15_6_2021",15,6,2021,"zooplankton",8535,"microfibers",25,"microfibers"
"1950","Alaria","Scalpay_15_6_21_2","Scalpay","15_6_2021",15,6,2021,"zooplankton",8535,"ophiura_larvae",76,"ophiura_larvae"
"1951","Alaria","Scalpay_15_6_21_2","Scalpay","15_6_2021",15,6,2021,"zooplankton",8535,"sea_urchin_larvae",2,"sea_urchin_larvae"
"1952","Alaria","Scalpay_15_6_21_2","Scalpay","15_6_2021",15,6,2021,"zooplankton",8535,"total_balanoida",25,"total_balanoida"
"1953","Alaria","Scalpay_15_6_21_2","Scalpay","15_6_2021",15,6,2021,"zooplankton",8535,"total_brachiopoda",25,"total_brachiopoda"
"1954","Alaria","Scalpay_15_6_21_2","Scalpay","15_6_2021",15,6,2021,"zooplankton",8535,"total_copepoda",6977,"total_copepoda"
"1955","Alaria","Scalpay_15_6_21_2","Scalpay","15_6_2021",15,6,2021,"zooplankton",8535,"total_malacostraca",2,"total_malacostraca"
"1956","Saccharina","Scalpay_15_6_21_2","Scalpay","15_6_2021",15,6,2021,"zooplankton",8535,"bivalvia",1197,"bivalvia"
"1957","Saccharina","Scalpay_15_6_21_2","Scalpay","15_6_2021",15,6,2021,"zooplankton",8535,"bryozoa",25,"bryozoa"
"1958","Saccharina","Scalpay_15_6_21_2","Scalpay","15_6_2021",15,6,2021,"zooplankton",8535,"copepod_nauplii",5526,"copepod_nauplii"
"1959","Saccharina","Scalpay_15_6_21_2","Scalpay","15_6_2021",15,6,2021,"zooplankton",8535,"copepods",1451,"copepods"
"1960","Saccharina","Scalpay_15_6_21_2","Scalpay","15_6_2021",15,6,2021,"zooplankton",8535,"decapoda_larvae",2,"decapoda_larvae"
"1961","Saccharina","Scalpay_15_6_21_2","Scalpay","15_6_2021",15,6,2021,"zooplankton",8535,"evadne",25,"evadne"
"1962","Saccharina","Scalpay_15_6_21_2","Scalpay","15_6_2021",15,6,2021,"zooplankton",8535,"fish_egg",76,"fish_egg"
"1963","Saccharina","Scalpay_15_6_21_2","Scalpay","15_6_2021",15,6,2021,"zooplankton",8535,"gastropoda",25,"gastropoda"
"1964","Saccharina","Scalpay_15_6_21_2","Scalpay","15_6_2021",15,6,2021,"zooplankton",8535,"holoplankton",7207,"holoplankton"
"1965","Saccharina","Scalpay_15_6_21_2","Scalpay","15_6_2021",15,6,2021,"zooplankton",8535,"meroplankton",1328,"meroplankton"
"1966","Saccharina","Scalpay_15_6_21_2","Scalpay","15_6_2021",15,6,2021,"zooplankton",8535,"microfibers",25,"microfibers"
"1967","Saccharina","Scalpay_15_6_21_2","Scalpay","15_6_2021",15,6,2021,"zooplankton",8535,"ophiura_larvae",76,"ophiura_larvae"
"1968","Saccharina","Scalpay_15_6_21_2","Scalpay","15_6_2021",15,6,2021,"zooplankton",8535,"sea_urchin_larvae",2,"sea_urchin_larvae"
"1969","Saccharina","Scalpay_15_6_21_2","Scalpay","15_6_2021",15,6,2021,"zooplankton",8535,"total_balanoida",25,"total_balanoida"
"1970","Saccharina","Scalpay_15_6_21_2","Scalpay","15_6_2021",15,6,2021,"zooplankton",8535,"total_brachiopoda",25,"total_brachiopoda"
"1971","Saccharina","Scalpay_15_6_21_2","Scalpay","15_6_2021",15,6,2021,"zooplankton",8535,"total_copepoda",6977,"total_copepoda"
"1972","Saccharina","Scalpay_15_6_21_2","Scalpay","15_6_2021",15,6,2021,"zooplankton",8535,"total_malacostraca",2,"total_malacostraca"
"1973","Alaria","Scalpay_15_6_21_3","Scalpay","15_6_2021",15,6,2021,"zooplankton",5479,"bivalvia",662,"bivalvia"
"1974","Alaria","Scalpay_15_6_21_3","Scalpay","15_6_2021",15,6,2021,"zooplankton",5479,"copepod_nauplii",3514,"copepod_nauplii"
"1975","Alaria","Scalpay_15_6_21_3","Scalpay","15_6_2021",15,6,2021,"zooplankton",5479,"copepods",942,"copepods"
"1976","Alaria","Scalpay_15_6_21_3","Scalpay","15_6_2021",15,6,2021,"zooplankton",5479,"evadne",2,"evadne"
"1977","Alaria","Scalpay_15_6_21_3","Scalpay","15_6_2021",15,6,2021,"zooplankton",5479,"gastropoda",51,"gastropoda"
"1978","Alaria","Scalpay_15_6_21_3","Scalpay","15_6_2021",15,6,2021,"zooplankton",5479,"holoplankton",4637,"holoplankton"
"1979","Alaria","Scalpay_15_6_21_3","Scalpay","15_6_2021",15,6,2021,"zooplankton",5479,"meroplankton",842,"meroplankton"
"1980","Alaria","Scalpay_15_6_21_3","Scalpay","15_6_2021",15,6,2021,"zooplankton",5479,"microfibers",127,"microfibers"
"1981","Alaria","Scalpay_15_6_21_3","Scalpay","15_6_2021",15,6,2021,"zooplankton",5479,"ophiura_larvae",51,"ophiura_larvae"
"1982","Alaria","Scalpay_15_6_21_3","Scalpay","15_6_2021",15,6,2021,"zooplankton",5479,"sabellariidae",76,"sabellariidae"
"1983","Alaria","Scalpay_15_6_21_3","Scalpay","15_6_2021",15,6,2021,"zooplankton",5479,"total_brachiopoda",2,"total_brachiopoda"
"1984","Alaria","Scalpay_15_6_21_3","Scalpay","15_6_2021",15,6,2021,"zooplankton",5479,"total_copepoda",4456,"total_copepoda"
"1985","Alaria","Scalpay_15_6_21_3","Scalpay","15_6_2021",15,6,2021,"zooplankton",5479,"total_polychaeta",76,"total_polychaeta"
"1986","Saccharina","Scalpay_15_6_21_3","Scalpay","15_6_2021",15,6,2021,"zooplankton",5479,"bivalvia",662,"bivalvia"
"1987","Saccharina","Scalpay_15_6_21_3","Scalpay","15_6_2021",15,6,2021,"zooplankton",5479,"copepod_nauplii",3514,"copepod_nauplii"
"1988","Saccharina","Scalpay_15_6_21_3","Scalpay","15_6_2021",15,6,2021,"zooplankton",5479,"copepods",942,"copepods"
"1989","Saccharina","Scalpay_15_6_21_3","Scalpay","15_6_2021",15,6,2021,"zooplankton",5479,"evadne",2,"evadne"
"1990","Saccharina","Scalpay_15_6_21_3","Scalpay","15_6_2021",15,6,2021,"zooplankton",5479,"gastropoda",51,"gastropoda"
"1991","Saccharina","Scalpay_15_6_21_3","Scalpay","15_6_2021",15,6,2021,"zooplankton",5479,"holoplankton",4637,"holoplankton"
"1992","Saccharina","Scalpay_15_6_21_3","Scalpay","15_6_2021",15,6,2021,"zooplankton",5479,"meroplankton",842,"meroplankton"
"1993","Saccharina","Scalpay_15_6_21_3","Scalpay","15_6_2021",15,6,2021,"zooplankton",5479,"microfibers",127,"microfibers"
"1994","Saccharina","Scalpay_15_6_21_3","Scalpay","15_6_2021",15,6,2021,"zooplankton",5479,"ophiura_larvae",51,"ophiura_larvae"
"1995","Saccharina","Scalpay_15_6_21_3","Scalpay","15_6_2021",15,6,2021,"zooplankton",5479,"sabellariidae",76,"sabellariidae"
"1996","Saccharina","Scalpay_15_6_21_3","Scalpay","15_6_2021",15,6,2021,"zooplankton",5479,"total_brachiopoda",2,"total_brachiopoda"
"1997","Saccharina","Scalpay_15_6_21_3","Scalpay","15_6_2021",15,6,2021,"zooplankton",5479,"total_copepoda",4456,"total_copepoda"
"1998","Saccharina","Scalpay_15_6_21_3","Scalpay","15_6_2021",15,6,2021,"zooplankton",5479,"total_polychaeta",76,"total_polychaeta"
"1999","Alaria","Scalpay_15_6_21_4","Scalpay","15_6_2021",15,6,2021,"zooplankton",8006,"bivalvia",1171,"bivalvia"
"2000","Alaria","Scalpay_15_6_21_4","Scalpay","15_6_2021",15,6,2021,"zooplankton",8006,"copepod_nauplii",5017,"copepod_nauplii"
"2001","Alaria","Scalpay_15_6_21_4","Scalpay","15_6_2021",15,6,2021,"zooplankton",8006,"copepods",1426,"copepods"
"2002","Alaria","Scalpay_15_6_21_4","Scalpay","15_6_2021",15,6,2021,"zooplankton",8006,"evadne",2,"evadne"
"2003","Alaria","Scalpay_15_6_21_4","Scalpay","15_6_2021",15,6,2021,"zooplankton",8006,"fish_egg",204,"fish_egg"
"2004","Alaria","Scalpay_15_6_21_4","Scalpay","15_6_2021",15,6,2021,"zooplankton",8006,"gastropoda",51,"gastropoda"
"2005","Alaria","Scalpay_15_6_21_4","Scalpay","15_6_2021",15,6,2021,"zooplankton",8006,"holoplankton",6703,"holoplankton"
"2006","Alaria","Scalpay_15_6_21_4","Scalpay","15_6_2021",15,6,2021,"zooplankton",8006,"meroplankton",1301,"meroplankton"
"2007","Alaria","Scalpay_15_6_21_4","Scalpay","15_6_2021",15,6,2021,"zooplankton",8006,"ophiura_larvae",25,"ophiura_larvae"
"2008","Alaria","Scalpay_15_6_21_4","Scalpay","15_6_2021",15,6,2021,"zooplankton",8006,"other_polychaetae_larvae",25,"other_polychaetae_larvae"
"2009","Alaria","Scalpay_15_6_21_4","Scalpay","15_6_2021",15,6,2021,"zooplankton",8006,"podon",2,"podon"
"2010","Alaria","Scalpay_15_6_21_4","Scalpay","15_6_2021",15,6,2021,"zooplankton",8006,"sagitta",2,"sagitta"
"2011","Alaria","Scalpay_15_6_21_4","Scalpay","15_6_2021",15,6,2021,"zooplankton",8006,"sea_urchin_larvae",25,"sea_urchin_larvae"
"2012","Alaria","Scalpay_15_6_21_4","Scalpay","15_6_2021",15,6,2021,"zooplankton",8006,"total_balanoida",2,"total_balanoida"
"2013","Alaria","Scalpay_15_6_21_4","Scalpay","15_6_2021",15,6,2021,"zooplankton",8006,"total_brachiopoda",4,"total_brachiopoda"
"2014","Alaria","Scalpay_15_6_21_4","Scalpay","15_6_2021",15,6,2021,"zooplankton",8006,"total_copepoda",6443,"total_copepoda"
"2015","Alaria","Scalpay_15_6_21_4","Scalpay","15_6_2021",15,6,2021,"zooplankton",8006,"total_malacostraca",2,"total_malacostraca"
"2016","Alaria","Scalpay_15_6_21_4","Scalpay","15_6_2021",15,6,2021,"zooplankton",8006,"total_polychaeta",25,"total_polychaeta"
"2017","Saccharina","Scalpay_15_6_21_4","Scalpay","15_6_2021",15,6,2021,"zooplankton",8006,"bivalvia",1171,"bivalvia"
"2018","Saccharina","Scalpay_15_6_21_4","Scalpay","15_6_2021",15,6,2021,"zooplankton",8006,"copepod_nauplii",5017,"copepod_nauplii"
"2019","Saccharina","Scalpay_15_6_21_4","Scalpay","15_6_2021",15,6,2021,"zooplankton",8006,"copepods",1426,"copepods"
"2020","Saccharina","Scalpay_15_6_21_4","Scalpay","15_6_2021",15,6,2021,"zooplankton",8006,"evadne",2,"evadne"
"2021","Saccharina","Scalpay_15_6_21_4","Scalpay","15_6_2021",15,6,2021,"zooplankton",8006,"fish_egg",204,"fish_egg"
"2022","Saccharina","Scalpay_15_6_21_4","Scalpay","15_6_2021",15,6,2021,"zooplankton",8006,"gastropoda",51,"gastropoda"
"2023","Saccharina","Scalpay_15_6_21_4","Scalpay","15_6_2021",15,6,2021,"zooplankton",8006,"holoplankton",6703,"holoplankton"
"2024","Saccharina","Scalpay_15_6_21_4","Scalpay","15_6_2021",15,6,2021,"zooplankton",8006,"meroplankton",1301,"meroplankton"
"2025","Saccharina","Scalpay_15_6_21_4","Scalpay","15_6_2021",15,6,2021,"zooplankton",8006,"ophiura_larvae",25,"ophiura_larvae"
"2026","Saccharina","Scalpay_15_6_21_4","Scalpay","15_6_2021",15,6,2021,"zooplankton",8006,"other_polychaetae_larvae",25,"other_polychaetae_larvae"
"2027","Saccharina","Scalpay_15_6_21_4","Scalpay","15_6_2021",15,6,2021,"zooplankton",8006,"podon",2,"podon"
"2028","Saccharina","Scalpay_15_6_21_4","Scalpay","15_6_2021",15,6,2021,"zooplankton",8006,"sagitta",2,"sagitta"
"2029","Saccharina","Scalpay_15_6_21_4","Scalpay","15_6_2021",15,6,2021,"zooplankton",8006,"sea_urchin_larvae",25,"sea_urchin_larvae"
"2030","Saccharina","Scalpay_15_6_21_4","Scalpay","15_6_2021",15,6,2021,"zooplankton",8006,"total_balanoida",2,"total_balanoida"
"2031","Saccharina","Scalpay_15_6_21_4","Scalpay","15_6_2021",15,6,2021,"zooplankton",8006,"total_brachiopoda",4,"total_brachiopoda"
"2032","Saccharina","Scalpay_15_6_21_4","Scalpay","15_6_2021",15,6,2021,"zooplankton",8006,"total_copepoda",6443,"total_copepoda"
"2033","Saccharina","Scalpay_15_6_21_4","Scalpay","15_6_2021",15,6,2021,"zooplankton",8006,"total_malacostraca",2,"total_malacostraca"
"2034","Saccharina","Scalpay_15_6_21_4","Scalpay","15_6_2021",15,6,2021,"zooplankton",8006,"total_polychaeta",25,"total_polychaeta"
"2035","Alaria","Scalpay_15_6_21_5","Scalpay","15_6_2021",15,6,2021,"zooplankton",7338,"bivalvia",1248,"bivalvia"
"2036","Alaria","Scalpay_15_6_21_5","Scalpay","15_6_2021",15,6,2021,"zooplankton",7338,"copepod_nauplii",4074,"copepod_nauplii"
"2037","Alaria","Scalpay_15_6_21_5","Scalpay","15_6_2021",15,6,2021,"zooplankton",7338,"copepods",1732,"copepods"
"2038","Alaria","Scalpay_15_6_21_5","Scalpay","15_6_2021",15,6,2021,"zooplankton",7338,"decapoda_larvae",2,"decapoda_larvae"
"2039","Alaria","Scalpay_15_6_21_5","Scalpay","15_6_2021",15,6,2021,"zooplankton",7338,"fish_egg",51,"fish_egg"
"2040","Alaria","Scalpay_15_6_21_5","Scalpay","15_6_2021",15,6,2021,"zooplankton",7338,"gastropoda",178,"gastropoda"
"2041","Alaria","Scalpay_15_6_21_5","Scalpay","15_6_2021",15,6,2021,"zooplankton",7338,"holoplankton",5908,"holoplankton"
"2042","Alaria","Scalpay_15_6_21_5","Scalpay","15_6_2021",15,6,2021,"zooplankton",7338,"meroplankton",1430,"meroplankton"
"2043","Alaria","Scalpay_15_6_21_5","Scalpay","15_6_2021",15,6,2021,"zooplankton",7338,"microfibers",25,"microfibers"
"2044","Alaria","Scalpay_15_6_21_5","Scalpay","15_6_2021",15,6,2021,"zooplankton",7338,"mp_fragments",25,"mp_fragments"
"2045","Alaria","Scalpay_15_6_21_5","Scalpay","15_6_2021",15,6,2021,"zooplankton",7338,"ophiura_larvae",2,"ophiura_larvae"
"2046","Alaria","Scalpay_15_6_21_5","Scalpay","15_6_2021",15,6,2021,"zooplankton",7338,"total_copepoda",5806,"total_copepoda"
"2047","Alaria","Scalpay_15_6_21_5","Scalpay","15_6_2021",15,6,2021,"zooplankton",7338,"total_malacostraca",2,"total_malacostraca"
"2048","Saccharina","Scalpay_15_6_21_5","Scalpay","15_6_2021",15,6,2021,"zooplankton",7338,"bivalvia",1248,"bivalvia"
"2049","Saccharina","Scalpay_15_6_21_5","Scalpay","15_6_2021",15,6,2021,"zooplankton",7338,"copepod_nauplii",4074,"copepod_nauplii"
"2050","Saccharina","Scalpay_15_6_21_5","Scalpay","15_6_2021",15,6,2021,"zooplankton",7338,"copepods",1732,"copepods"
"2051","Saccharina","Scalpay_15_6_21_5","Scalpay","15_6_2021",15,6,2021,"zooplankton",7338,"decapoda_larvae",2,"decapoda_larvae"
"2052","Saccharina","Scalpay_15_6_21_5","Scalpay","15_6_2021",15,6,2021,"zooplankton",7338,"fish_egg",51,"fish_egg"
"2053","Saccharina","Scalpay_15_6_21_5","Scalpay","15_6_2021",15,6,2021,"zooplankton",7338,"gastropoda",178,"gastropoda"
"2054","Saccharina","Scalpay_15_6_21_5","Scalpay","15_6_2021",15,6,2021,"zooplankton",7338,"holoplankton",5908,"holoplankton"
"2055","Saccharina","Scalpay_15_6_21_5","Scalpay","15_6_2021",15,6,2021,"zooplankton",7338,"meroplankton",1430,"meroplankton"
"2056","Saccharina","Scalpay_15_6_21_5","Scalpay","15_6_2021",15,6,2021,"zooplankton",7338,"microfibers",25,"microfibers"
"2057","Saccharina","Scalpay_15_6_21_5","Scalpay","15_6_2021",15,6,2021,"zooplankton",7338,"mp_fragments",25,"mp_fragments"
"2058","Saccharina","Scalpay_15_6_21_5","Scalpay","15_6_2021",15,6,2021,"zooplankton",7338,"ophiura_larvae",2,"ophiura_larvae"
"2059","Saccharina","Scalpay_15_6_21_5","Scalpay","15_6_2021",15,6,2021,"zooplankton",7338,"total_copepoda",5806,"total_copepoda"
"2060","Saccharina","Scalpay_15_6_21_5","Scalpay","15_6_2021",15,6,2021,"zooplankton",7338,"total_malacostraca",2,"total_malacostraca"
"2061","Alaria","Scalpay_21_12_21_1","Scalpay","21_12_2021",21,12,2021,"zooplankton",1207,"bivalvia",34,"bivalvia"
"2062","Alaria","Scalpay_21_12_21_1","Scalpay","21_12_2021",21,12,2021,"zooplankton",1207,"bryozoa",68,"bryozoa"
"2063","Alaria","Scalpay_21_12_21_1","Scalpay","21_12_2021",21,12,2021,"zooplankton",1207,"copepod_nauplii",272,"copepod_nauplii"
"2064","Alaria","Scalpay_21_12_21_1","Scalpay","21_12_2021",21,12,2021,"zooplankton",1207,"copepods",628,"copepods"
"2065","Alaria","Scalpay_21_12_21_1","Scalpay","21_12_2021",21,12,2021,"zooplankton",1207,"gastropoda",34,"gastropoda"
"2066","Alaria","Scalpay_21_12_21_1","Scalpay","21_12_2021",21,12,2021,"zooplankton",1207,"holoplankton",902,"holoplankton"
"2067","Alaria","Scalpay_21_12_21_1","Scalpay","21_12_2021",21,12,2021,"zooplankton",1207,"meroplankton",306,"meroplankton"
"2068","Alaria","Scalpay_21_12_21_1","Scalpay","21_12_2021",21,12,2021,"zooplankton",1207,"microfibers",17,"microfibers"
"2069","Alaria","Scalpay_21_12_21_1","Scalpay","21_12_2021",21,12,2021,"zooplankton",1207,"sabellariidae",170,"sabellariidae"
"2070","Alaria","Scalpay_21_12_21_1","Scalpay","21_12_2021",21,12,2021,"zooplankton",1207,"total_copepoda",900,"total_copepoda"
"2071","Alaria","Scalpay_21_12_21_1","Scalpay","21_12_2021",21,12,2021,"zooplankton",1207,"total_polychaeta",170,"total_polychaeta"
"2072","Saccharina","Scalpay_21_12_21_1","Scalpay","21_12_2021",21,12,2021,"zooplankton",1207,"bivalvia",34,"bivalvia"
"2073","Saccharina","Scalpay_21_12_21_1","Scalpay","21_12_2021",21,12,2021,"zooplankton",1207,"bryozoa",68,"bryozoa"
"2074","Saccharina","Scalpay_21_12_21_1","Scalpay","21_12_2021",21,12,2021,"zooplankton",1207,"copepod_nauplii",272,"copepod_nauplii"
"2075","Saccharina","Scalpay_21_12_21_1","Scalpay","21_12_2021",21,12,2021,"zooplankton",1207,"copepods",628,"copepods"
"2076","Saccharina","Scalpay_21_12_21_1","Scalpay","21_12_2021",21,12,2021,"zooplankton",1207,"gastropoda",34,"gastropoda"
"2077","Saccharina","Scalpay_21_12_21_1","Scalpay","21_12_2021",21,12,2021,"zooplankton",1207,"holoplankton",902,"holoplankton"
"2078","Saccharina","Scalpay_21_12_21_1","Scalpay","21_12_2021",21,12,2021,"zooplankton",1207,"meroplankton",306,"meroplankton"
"2079","Saccharina","Scalpay_21_12_21_1","Scalpay","21_12_2021",21,12,2021,"zooplankton",1207,"microfibers",17,"microfibers"
"2080","Saccharina","Scalpay_21_12_21_1","Scalpay","21_12_2021",21,12,2021,"zooplankton",1207,"sabellariidae",170,"sabellariidae"
"2081","Saccharina","Scalpay_21_12_21_1","Scalpay","21_12_2021",21,12,2021,"zooplankton",1207,"total_copepoda",900,"total_copepoda"
"2082","Saccharina","Scalpay_21_12_21_1","Scalpay","21_12_2021",21,12,2021,"zooplankton",1207,"total_polychaeta",170,"total_polychaeta"
"2083","Alaria","Scalpay_21_12_21_2","Scalpay","21_12_2021",21,12,2021,"zooplankton",651,"bivalvia",102,"bivalvia"
"2084","Alaria","Scalpay_21_12_21_2","Scalpay","21_12_2021",21,12,2021,"zooplankton",651,"bryozoa",17,"bryozoa"
"2085","Alaria","Scalpay_21_12_21_2","Scalpay","21_12_2021",21,12,2021,"zooplankton",651,"copepod_nauplii",272,"copepod_nauplii"
"2086","Alaria","Scalpay_21_12_21_2","Scalpay","21_12_2021",21,12,2021,"zooplankton",651,"copepods",221,"copepods"
"2087","Alaria","Scalpay_21_12_21_2","Scalpay","21_12_2021",21,12,2021,"zooplankton",651,"evadne",2,"evadne"
"2088","Alaria","Scalpay_21_12_21_2","Scalpay","21_12_2021",21,12,2021,"zooplankton",651,"gastropoda",17,"gastropoda"
"2089","Alaria","Scalpay_21_12_21_2","Scalpay","21_12_2021",21,12,2021,"zooplankton",651,"holoplankton",498,"holoplankton"
"2090","Alaria","Scalpay_21_12_21_2","Scalpay","21_12_2021",21,12,2021,"zooplankton",651,"meroplankton",153,"meroplankton"
"2091","Alaria","Scalpay_21_12_21_2","Scalpay","21_12_2021",21,12,2021,"zooplankton",651,"mp_fragments",2,"mp_fragments"
"2092","Alaria","Scalpay_21_12_21_2","Scalpay","21_12_2021",21,12,2021,"zooplankton",651,"sabellariidae",17,"sabellariidae"
"2093","Alaria","Scalpay_21_12_21_2","Scalpay","21_12_2021",21,12,2021,"zooplankton",651,"total_balanoida",2,"total_balanoida"
"2094","Alaria","Scalpay_21_12_21_2","Scalpay","21_12_2021",21,12,2021,"zooplankton",651,"total_brachiopoda",2,"total_brachiopoda"
"2095","Alaria","Scalpay_21_12_21_2","Scalpay","21_12_2021",21,12,2021,"zooplankton",651,"total_copepoda",492,"total_copepoda"
"2096","Alaria","Scalpay_21_12_21_2","Scalpay","21_12_2021",21,12,2021,"zooplankton",651,"total_polychaeta",17,"total_polychaeta"
"2097","Saccharina","Scalpay_21_12_21_2","Scalpay","21_12_2021",21,12,2021,"zooplankton",651,"bivalvia",102,"bivalvia"
"2098","Saccharina","Scalpay_21_12_21_2","Scalpay","21_12_2021",21,12,2021,"zooplankton",651,"bryozoa",17,"bryozoa"
"2099","Saccharina","Scalpay_21_12_21_2","Scalpay","21_12_2021",21,12,2021,"zooplankton",651,"copepod_nauplii",272,"copepod_nauplii"
"2100","Saccharina","Scalpay_21_12_21_2","Scalpay","21_12_2021",21,12,2021,"zooplankton",651,"copepods",221,"copepods"
"2101","Saccharina","Scalpay_21_12_21_2","Scalpay","21_12_2021",21,12,2021,"zooplankton",651,"evadne",2,"evadne"
"2102","Saccharina","Scalpay_21_12_21_2","Scalpay","21_12_2021",21,12,2021,"zooplankton",651,"gastropoda",17,"gastropoda"
"2103","Saccharina","Scalpay_21_12_21_2","Scalpay","21_12_2021",21,12,2021,"zooplankton",651,"holoplankton",498,"holoplankton"
"2104","Saccharina","Scalpay_21_12_21_2","Scalpay","21_12_2021",21,12,2021,"zooplankton",651,"meroplankton",153,"meroplankton"
"2105","Saccharina","Scalpay_21_12_21_2","Scalpay","21_12_2021",21,12,2021,"zooplankton",651,"mp_fragments",2,"mp_fragments"
"2106","Saccharina","Scalpay_21_12_21_2","Scalpay","21_12_2021",21,12,2021,"zooplankton",651,"sabellariidae",17,"sabellariidae"
"2107","Saccharina","Scalpay_21_12_21_2","Scalpay","21_12_2021",21,12,2021,"zooplankton",651,"total_balanoida",2,"total_balanoida"
"2108","Saccharina","Scalpay_21_12_21_2","Scalpay","21_12_2021",21,12,2021,"zooplankton",651,"total_brachiopoda",2,"total_brachiopoda"
"2109","Saccharina","Scalpay_21_12_21_2","Scalpay","21_12_2021",21,12,2021,"zooplankton",651,"total_copepoda",492,"total_copepoda"
"2110","Saccharina","Scalpay_21_12_21_2","Scalpay","21_12_2021",21,12,2021,"zooplankton",651,"total_polychaeta",17,"total_polychaeta"
"2111","Alaria","Scalpay_21_12_21_3","Scalpay","21_12_2021",21,12,2021,"zooplankton",902,"bivalvia",51,"bivalvia"
"2112","Alaria","Scalpay_21_12_21_3","Scalpay","21_12_2021",21,12,2021,"zooplankton",902,"bryozoa",51,"bryozoa"
"2113","Alaria","Scalpay_21_12_21_3","Scalpay","21_12_2021",21,12,2021,"zooplankton",902,"copepod_nauplii",458,"copepod_nauplii"
"2114","Alaria","Scalpay_21_12_21_3","Scalpay","21_12_2021",21,12,2021,"zooplankton",902,"copepods",272,"copepods"
"2115","Alaria","Scalpay_21_12_21_3","Scalpay","21_12_2021",21,12,2021,"zooplankton",902,"fish_egg",17,"fish_egg"
"2116","Alaria","Scalpay_21_12_21_3","Scalpay","21_12_2021",21,12,2021,"zooplankton",902,"gastropoda",2,"gastropoda"
"2117","Alaria","Scalpay_21_12_21_3","Scalpay","21_12_2021",21,12,2021,"zooplankton",902,"holoplankton",781,"holoplankton"
"2118","Alaria","Scalpay_21_12_21_3","Scalpay","21_12_2021",21,12,2021,"zooplankton",902,"meroplankton",121,"meroplankton"
"2119","Alaria","Scalpay_21_12_21_3","Scalpay","21_12_2021",21,12,2021,"zooplankton",902,"microfibers",34,"microfibers"
"2120","Alaria","Scalpay_21_12_21_3","Scalpay","21_12_2021",21,12,2021,"zooplankton",902,"sabellariidae",17,"sabellariidae"
"2121","Alaria","Scalpay_21_12_21_3","Scalpay","21_12_2021",21,12,2021,"zooplankton",902,"total_copepoda",730,"total_copepoda"
"2122","Alaria","Scalpay_21_12_21_3","Scalpay","21_12_2021",21,12,2021,"zooplankton",902,"total_polychaeta",17,"total_polychaeta"
"2123","Saccharina","Scalpay_21_12_21_3","Scalpay","21_12_2021",21,12,2021,"zooplankton",902,"bivalvia",51,"bivalvia"
"2124","Saccharina","Scalpay_21_12_21_3","Scalpay","21_12_2021",21,12,2021,"zooplankton",902,"bryozoa",51,"bryozoa"
"2125","Saccharina","Scalpay_21_12_21_3","Scalpay","21_12_2021",21,12,2021,"zooplankton",902,"copepod_nauplii",458,"copepod_nauplii"
"2126","Saccharina","Scalpay_21_12_21_3","Scalpay","21_12_2021",21,12,2021,"zooplankton",902,"copepods",272,"copepods"
"2127","Saccharina","Scalpay_21_12_21_3","Scalpay","21_12_2021",21,12,2021,"zooplankton",902,"fish_egg",17,"fish_egg"
"2128","Saccharina","Scalpay_21_12_21_3","Scalpay","21_12_2021",21,12,2021,"zooplankton",902,"gastropoda",2,"gastropoda"
"2129","Saccharina","Scalpay_21_12_21_3","Scalpay","21_12_2021",21,12,2021,"zooplankton",902,"holoplankton",781,"holoplankton"
"2130","Saccharina","Scalpay_21_12_21_3","Scalpay","21_12_2021",21,12,2021,"zooplankton",902,"meroplankton",121,"meroplankton"
"2131","Saccharina","Scalpay_21_12_21_3","Scalpay","21_12_2021",21,12,2021,"zooplankton",902,"microfibers",34,"microfibers"
"2132","Saccharina","Scalpay_21_12_21_3","Scalpay","21_12_2021",21,12,2021,"zooplankton",902,"sabellariidae",17,"sabellariidae"
"2133","Saccharina","Scalpay_21_12_21_3","Scalpay","21_12_2021",21,12,2021,"zooplankton",902,"total_copepoda",730,"total_copepoda"
"2134","Saccharina","Scalpay_21_12_21_3","Scalpay","21_12_2021",21,12,2021,"zooplankton",902,"total_polychaeta",17,"total_polychaeta"
