seaweed,sample_code,site,date,day,month,year,sample_type,total_sample_abund,Group_precise,abundance,taxa,zooplankton,reads
Alaria,Pabay_10_12_21_1,Pabay,10_12_2021,10,12,2021,zooplankton,178,Bivalvia,17,bivalvia,17,
Alaria,Pabay_10_12_21_1,Pabay,10_12_2021,10,12,2021,zooplankton,178,Bryozoa,17,bryozoa,17,
Alaria,Pabay_10_12_21_1,Pabay,10_12_2021,10,12,2021,zooplankton,178,copepod_nauplii,85,copepod_nauplii,85,
Alaria,Pabay_10_12_21_1,Pabay,10_12_2021,10,12,2021,zooplankton,178,copepods,34,copepods,34,
Alaria,Pabay_10_12_21_1,Pabay,10_12_2021,10,12,2021,zooplankton,178,fish_egg,2,fish_egg,2,
Alaria,Pabay_10_12_21_1,Pabay,10_12_2021,10,12,2021,zooplankton,178,Gastropoda,2,gastropoda,2,
Alaria,Pabay_10_12_21_1,Pabay,10_12_2021,10,12,2021,zooplankton,178,holoplankton,140,holoplankton,140,
Alaria,Pabay_10_12_21_1,Pabay,10_12_2021,10,12,2021,zooplankton,178,meroplankton,38,meroplankton,38,
Alaria,Pabay_10_12_21_1,Pabay,10_12_2021,10,12,2021,zooplankton,178,microfibers,2,microfibers,2,
Alaria,Pabay_10_12_21_1,Pabay,10_12_2021,10,12,2021,zooplankton,178,podon,2,podon,2,
Alaria,Pabay_10_12_21_1,Pabay,10_12_2021,10,12,2021,zooplankton,178,sabellariidae,2,sabellariidae,2,
Alaria,Pabay_10_12_21_1,Pabay,10_12_2021,10,12,2021,zooplankton,178,Branchiopoda,2,Branchiopoda,2,
Alaria,Pabay_10_12_21_1,Pabay,10_12_2021,10,12,2021,zooplankton,178,Copepoda,119,total_copepoda,119,
Alaria,Pabay_10_12_21_1,Pabay,10_12_2021,10,12,2021,zooplankton,178,Polychaeta,2,total_polychaeta,2,
Saccharina,Pabay_10_12_21_1,Pabay,10_12_2021,10,12,2021,zooplankton,178,Bivalvia,17,bivalvia,17,
Saccharina,Pabay_10_12_21_1,Pabay,10_12_2021,10,12,2021,zooplankton,178,Bryozoa,17,bryozoa,17,
Saccharina,Pabay_10_12_21_1,Pabay,10_12_2021,10,12,2021,zooplankton,178,copepod_nauplii,85,copepod_nauplii,85,
Saccharina,Pabay_10_12_21_1,Pabay,10_12_2021,10,12,2021,zooplankton,178,copepods,34,copepods,34,
Saccharina,Pabay_10_12_21_1,Pabay,10_12_2021,10,12,2021,zooplankton,178,fish_egg,2,fish_egg,2,
Saccharina,Pabay_10_12_21_1,Pabay,10_12_2021,10,12,2021,zooplankton,178,Gastropoda,2,gastropoda,2,
Saccharina,Pabay_10_12_21_1,Pabay,10_12_2021,10,12,2021,zooplankton,178,holoplankton,140,holoplankton,140,
Saccharina,Pabay_10_12_21_1,Pabay,10_12_2021,10,12,2021,zooplankton,178,meroplankton,38,meroplankton,38,
Saccharina,Pabay_10_12_21_1,Pabay,10_12_2021,10,12,2021,zooplankton,178,microfibers,2,microfibers,2,
Saccharina,Pabay_10_12_21_1,Pabay,10_12_2021,10,12,2021,zooplankton,178,podon,2,podon,2,
Saccharina,Pabay_10_12_21_1,Pabay,10_12_2021,10,12,2021,zooplankton,178,sabellariidae,2,sabellariidae,2,
Saccharina,Pabay_10_12_21_1,Pabay,10_12_2021,10,12,2021,zooplankton,178,Branchiopoda,2,Branchiopoda,2,
Saccharina,Pabay_10_12_21_1,Pabay,10_12_2021,10,12,2021,zooplankton,178,Copepoda,119,total_copepoda,119,
Saccharina,Pabay_10_12_21_1,Pabay,10_12_2021,10,12,2021,zooplankton,178,Polychaeta,2,total_polychaeta,2,
Alaria,Pabay_10_12_21_2,Pabay,10_12_2021,10,12,2021,zooplankton,462,Bivalvia,2,bivalvia,2,
Alaria,Pabay_10_12_21_2,Pabay,10_12_2021,10,12,2021,zooplankton,462,Bryozoa,34,bryozoa,34,
Alaria,Pabay_10_12_21_2,Pabay,10_12_2021,10,12,2021,zooplankton,462,copepod_nauplii,204,copepod_nauplii,204,
Alaria,Pabay_10_12_21_2,Pabay,10_12_2021,10,12,2021,zooplankton,462,copepods,153,copepods,153,
Alaria,Pabay_10_12_21_2,Pabay,10_12_2021,10,12,2021,zooplankton,462,fish_egg,17,fish_egg,17,
Alaria,Pabay_10_12_21_2,Pabay,10_12_2021,10,12,2021,zooplankton,462,Gastropoda,34,gastropoda,34,
Alaria,Pabay_10_12_21_2,Pabay,10_12_2021,10,12,2021,zooplankton,462,holoplankton,376,holoplankton,376,
Alaria,Pabay_10_12_21_2,Pabay,10_12_2021,10,12,2021,zooplankton,462,meroplankton,87,meroplankton,87,
Alaria,Pabay_10_12_21_2,Pabay,10_12_2021,10,12,2021,zooplankton,462,microfibers,2,microfibers,2,
Alaria,Pabay_10_12_21_2,Pabay,10_12_2021,10,12,2021,zooplankton,462,mp_fragments,2,mp_fragments,2,
Alaria,Pabay_10_12_21_2,Pabay,10_12_2021,10,12,2021,zooplankton,462,sabellariidae,17,sabellariidae,17,
Alaria,Pabay_10_12_21_2,Pabay,10_12_2021,10,12,2021,zooplankton,462,Copepoda,357,total_copepoda,357,
Alaria,Pabay_10_12_21_2,Pabay,10_12_2021,10,12,2021,zooplankton,462,Polychaeta,17,total_polychaeta,17,
Saccharina,Pabay_10_12_21_2,Pabay,10_12_2021,10,12,2021,zooplankton,462,Bivalvia,2,bivalvia,2,
Saccharina,Pabay_10_12_21_2,Pabay,10_12_2021,10,12,2021,zooplankton,462,Bryozoa,34,bryozoa,34,
Saccharina,Pabay_10_12_21_2,Pabay,10_12_2021,10,12,2021,zooplankton,462,copepod_nauplii,204,copepod_nauplii,204,
Saccharina,Pabay_10_12_21_2,Pabay,10_12_2021,10,12,2021,zooplankton,462,copepods,153,copepods,153,
Saccharina,Pabay_10_12_21_2,Pabay,10_12_2021,10,12,2021,zooplankton,462,fish_egg,17,fish_egg,17,
Saccharina,Pabay_10_12_21_2,Pabay,10_12_2021,10,12,2021,zooplankton,462,Gastropoda,34,gastropoda,34,
Saccharina,Pabay_10_12_21_2,Pabay,10_12_2021,10,12,2021,zooplankton,462,holoplankton,376,holoplankton,376,
Saccharina,Pabay_10_12_21_2,Pabay,10_12_2021,10,12,2021,zooplankton,462,meroplankton,87,meroplankton,87,
Saccharina,Pabay_10_12_21_2,Pabay,10_12_2021,10,12,2021,zooplankton,462,microfibers,2,microfibers,2,
Saccharina,Pabay_10_12_21_2,Pabay,10_12_2021,10,12,2021,zooplankton,462,mp_fragments,2,mp_fragments,2,
Saccharina,Pabay_10_12_21_2,Pabay,10_12_2021,10,12,2021,zooplankton,462,sabellariidae,17,sabellariidae,17,
Saccharina,Pabay_10_12_21_2,Pabay,10_12_2021,10,12,2021,zooplankton,462,Copepoda,357,total_copepoda,357,
Saccharina,Pabay_10_12_21_2,Pabay,10_12_2021,10,12,2021,zooplankton,462,Polychaeta,17,total_polychaeta,17,
Alaria,Pabay_10_12_21_3,Pabay,10_12_2021,10,12,2021,zooplankton,106,Bivalvia,17,bivalvia,17,
Alaria,Pabay_10_12_21_3,Pabay,10_12_2021,10,12,2021,zooplankton,106,Bryozoa,2,bryozoa,2,
Alaria,Pabay_10_12_21_3,Pabay,10_12_2021,10,12,2021,zooplankton,106,copepod_nauplii,34,copepod_nauplii,34,
Alaria,Pabay_10_12_21_3,Pabay,10_12_2021,10,12,2021,zooplankton,106,copepods,17,copepods,17,
Alaria,Pabay_10_12_21_3,Pabay,10_12_2021,10,12,2021,zooplankton,106,Gastropoda,2,gastropoda,2,
Alaria,Pabay_10_12_21_3,Pabay,10_12_2021,10,12,2021,zooplankton,106,holoplankton,68,holoplankton,68,
Alaria,Pabay_10_12_21_3,Pabay,10_12_2021,10,12,2021,zooplankton,106,meroplankton,38,meroplankton,38,
Alaria,Pabay_10_12_21_3,Pabay,10_12_2021,10,12,2021,zooplankton,106,microfibers,17,microfibers,17,
Alaria,Pabay_10_12_21_3,Pabay,10_12_2021,10,12,2021,zooplankton,106,ophiura_larvae,17,ophiura_larvae,17,
Alaria,Pabay_10_12_21_3,Pabay,10_12_2021,10,12,2021,zooplankton,106,Copepoda,51,total_copepoda,51,
Saccharina,Pabay_10_12_21_3,Pabay,10_12_2021,10,12,2021,zooplankton,106,Bivalvia,17,bivalvia,17,
Saccharina,Pabay_10_12_21_3,Pabay,10_12_2021,10,12,2021,zooplankton,106,Bryozoa,2,bryozoa,2,
Saccharina,Pabay_10_12_21_3,Pabay,10_12_2021,10,12,2021,zooplankton,106,copepod_nauplii,34,copepod_nauplii,34,
Saccharina,Pabay_10_12_21_3,Pabay,10_12_2021,10,12,2021,zooplankton,106,copepods,17,copepods,17,
Saccharina,Pabay_10_12_21_3,Pabay,10_12_2021,10,12,2021,zooplankton,106,Gastropoda,2,gastropoda,2,
Saccharina,Pabay_10_12_21_3,Pabay,10_12_2021,10,12,2021,zooplankton,106,holoplankton,68,holoplankton,68,
Saccharina,Pabay_10_12_21_3,Pabay,10_12_2021,10,12,2021,zooplankton,106,meroplankton,38,meroplankton,38,
Saccharina,Pabay_10_12_21_3,Pabay,10_12_2021,10,12,2021,zooplankton,106,microfibers,17,microfibers,17,
Saccharina,Pabay_10_12_21_3,Pabay,10_12_2021,10,12,2021,zooplankton,106,ophiura_larvae,17,ophiura_larvae,17,
Saccharina,Pabay_10_12_21_3,Pabay,10_12_2021,10,12,2021,zooplankton,106,Copepoda,51,total_copepoda,51,
Alaria,Pabay_10_4_22_1,Pabay,10_4_2022,10,4,2022,zooplankton,878,Bivalvia,2,bivalvia,2,
Alaria,Pabay_10_4_22_1,Pabay,10_4_2022,10,4,2022,zooplankton,878,copepod_nauplii,127,copepod_nauplii,127,
Alaria,Pabay_10_4_22_1,Pabay,10_4_2022,10,4,2022,zooplankton,878,copepods,229,copepods,229,
Alaria,Pabay_10_4_22_1,Pabay,10_4_2022,10,4,2022,zooplankton,878,decapoda_larvae,2,decapoda_larvae,2,
Alaria,Pabay_10_4_22_1,Pabay,10_4_2022,10,4,2022,zooplankton,878,evadne,204,evadne,204,
Alaria,Pabay_10_4_22_1,Pabay,10_4_2022,10,4,2022,zooplankton,878,fish_egg,25,fish_egg,25,
Alaria,Pabay_10_4_22_1,Pabay,10_4_2022,10,4,2022,zooplankton,878,Gastropoda,2,gastropoda,2,
Alaria,Pabay_10_4_22_1,Pabay,10_4_2022,10,4,2022,zooplankton,878,holoplankton,789,holoplankton,789,
Alaria,Pabay_10_4_22_1,Pabay,10_4_2022,10,4,2022,zooplankton,878,meroplankton,89,meroplankton,89,
Alaria,Pabay_10_4_22_1,Pabay,10_4_2022,10,4,2022,zooplankton,878,obelia,2,obelia,2,
Alaria,Pabay_10_4_22_1,Pabay,10_4_2022,10,4,2022,zooplankton,878,other_polychaetae_larvae,76,other_polychaetae_larvae,76,
Alaria,Pabay_10_4_22_1,Pabay,10_4_2022,10,4,2022,zooplankton,878,podon,25,podon,25,
Alaria,Pabay_10_4_22_1,Pabay,10_4_2022,10,4,2022,zooplankton,878,sea_urchin_larvae,2,sea_urchin_larvae,2,
Alaria,Pabay_10_4_22_1,Pabay,10_4_2022,10,4,2022,zooplankton,878,Balanoida,76,total_balanoida,76,
Alaria,Pabay_10_4_22_1,Pabay,10_4_2022,10,4,2022,zooplankton,878,Branchiopoda,229,Branchiopoda,229,
Alaria,Pabay_10_4_22_1,Pabay,10_4_2022,10,4,2022,zooplankton,878,Copepoda,357,total_copepoda,357,
Alaria,Pabay_10_4_22_1,Pabay,10_4_2022,10,4,2022,zooplankton,878,Hydrozoa,2,total_hydrozoa,2,
Alaria,Pabay_10_4_22_1,Pabay,10_4_2022,10,4,2022,zooplankton,878,Malacostraca,2,Malacostraca,2,
Alaria,Pabay_10_4_22_1,Pabay,10_4_2022,10,4,2022,zooplankton,878,Polychaeta,76,total_polychaeta,76,
Saccharina,Pabay_10_4_22_1,Pabay,10_4_2022,10,4,2022,zooplankton,878,Bivalvia,2,bivalvia,2,
Saccharina,Pabay_10_4_22_1,Pabay,10_4_2022,10,4,2022,zooplankton,878,copepod_nauplii,127,copepod_nauplii,127,
Saccharina,Pabay_10_4_22_1,Pabay,10_4_2022,10,4,2022,zooplankton,878,copepods,229,copepods,229,
Saccharina,Pabay_10_4_22_1,Pabay,10_4_2022,10,4,2022,zooplankton,878,decapoda_larvae,2,decapoda_larvae,2,
Saccharina,Pabay_10_4_22_1,Pabay,10_4_2022,10,4,2022,zooplankton,878,evadne,204,evadne,204,
Saccharina,Pabay_10_4_22_1,Pabay,10_4_2022,10,4,2022,zooplankton,878,fish_egg,25,fish_egg,25,
Saccharina,Pabay_10_4_22_1,Pabay,10_4_2022,10,4,2022,zooplankton,878,Gastropoda,2,gastropoda,2,
Saccharina,Pabay_10_4_22_1,Pabay,10_4_2022,10,4,2022,zooplankton,878,holoplankton,789,holoplankton,789,
Saccharina,Pabay_10_4_22_1,Pabay,10_4_2022,10,4,2022,zooplankton,878,meroplankton,89,meroplankton,89,
Saccharina,Pabay_10_4_22_1,Pabay,10_4_2022,10,4,2022,zooplankton,878,obelia,2,obelia,2,
Saccharina,Pabay_10_4_22_1,Pabay,10_4_2022,10,4,2022,zooplankton,878,other_polychaetae_larvae,76,other_polychaetae_larvae,76,
Saccharina,Pabay_10_4_22_1,Pabay,10_4_2022,10,4,2022,zooplankton,878,podon,25,podon,25,
Saccharina,Pabay_10_4_22_1,Pabay,10_4_2022,10,4,2022,zooplankton,878,sea_urchin_larvae,2,sea_urchin_larvae,2,
Saccharina,Pabay_10_4_22_1,Pabay,10_4_2022,10,4,2022,zooplankton,878,Balanoida,76,total_balanoida,76,
Saccharina,Pabay_10_4_22_1,Pabay,10_4_2022,10,4,2022,zooplankton,878,Branchiopoda,229,Branchiopoda,229,
Saccharina,Pabay_10_4_22_1,Pabay,10_4_2022,10,4,2022,zooplankton,878,Copepoda,357,total_copepoda,357,
Saccharina,Pabay_10_4_22_1,Pabay,10_4_2022,10,4,2022,zooplankton,878,Hydrozoa,2,total_hydrozoa,2,
Saccharina,Pabay_10_4_22_1,Pabay,10_4_2022,10,4,2022,zooplankton,878,Malacostraca,2,Malacostraca,2,
Saccharina,Pabay_10_4_22_1,Pabay,10_4_2022,10,4,2022,zooplankton,878,Polychaeta,76,total_polychaeta,76,
Alaria,Pabay_10_4_22_2,Pabay,10_4_2022,10,4,2022,zooplankton,437,copepod_nauplii,51,copepod_nauplii,51,
Alaria,Pabay_10_4_22_2,Pabay,10_4_2022,10,4,2022,zooplankton,437,copepods,255,copepods,255,
Alaria,Pabay_10_4_22_2,Pabay,10_4_2022,10,4,2022,zooplankton,437,decapoda_larvae,51,decapoda_larvae,51,
Alaria,Pabay_10_4_22_2,Pabay,10_4_2022,10,4,2022,zooplankton,437,evadne,2,evadne,2,
Alaria,Pabay_10_4_22_2,Pabay,10_4_2022,10,4,2022,zooplankton,437,fish_egg,2,fish_egg,2,
Alaria,Pabay_10_4_22_2,Pabay,10_4_2022,10,4,2022,zooplankton,437,holoplankton,361,holoplankton,361,
Alaria,Pabay_10_4_22_2,Pabay,10_4_2022,10,4,2022,zooplankton,437,meroplankton,76,meroplankton,76,
Alaria,Pabay_10_4_22_2,Pabay,10_4_2022,10,4,2022,zooplankton,437,other_polychaetae_larvae,25,other_polychaetae_larvae,25,
Alaria,Pabay_10_4_22_2,Pabay,10_4_2022,10,4,2022,zooplankton,437,Balanoida,51,total_balanoida,51,
Alaria,Pabay_10_4_22_2,Pabay,10_4_2022,10,4,2022,zooplankton,437,Branchiopoda,2,Branchiopoda,2,
Alaria,Pabay_10_4_22_2,Pabay,10_4_2022,10,4,2022,zooplankton,437,Copepoda,306,total_copepoda,306,
Alaria,Pabay_10_4_22_2,Pabay,10_4_2022,10,4,2022,zooplankton,437,Malacostraca,51,Malacostraca,51,
Alaria,Pabay_10_4_22_2,Pabay,10_4_2022,10,4,2022,zooplankton,437,Polychaeta,25,total_polychaeta,25,
Saccharina,Pabay_10_4_22_2,Pabay,10_4_2022,10,4,2022,zooplankton,437,copepod_nauplii,51,copepod_nauplii,51,
Saccharina,Pabay_10_4_22_2,Pabay,10_4_2022,10,4,2022,zooplankton,437,copepods,255,copepods,255,
Saccharina,Pabay_10_4_22_2,Pabay,10_4_2022,10,4,2022,zooplankton,437,decapoda_larvae,51,decapoda_larvae,51,
Saccharina,Pabay_10_4_22_2,Pabay,10_4_2022,10,4,2022,zooplankton,437,evadne,2,evadne,2,
Saccharina,Pabay_10_4_22_2,Pabay,10_4_2022,10,4,2022,zooplankton,437,fish_egg,2,fish_egg,2,
Saccharina,Pabay_10_4_22_2,Pabay,10_4_2022,10,4,2022,zooplankton,437,holoplankton,361,holoplankton,361,
Saccharina,Pabay_10_4_22_2,Pabay,10_4_2022,10,4,2022,zooplankton,437,meroplankton,76,meroplankton,76,
Saccharina,Pabay_10_4_22_2,Pabay,10_4_2022,10,4,2022,zooplankton,437,other_polychaetae_larvae,25,other_polychaetae_larvae,25,
Saccharina,Pabay_10_4_22_2,Pabay,10_4_2022,10,4,2022,zooplankton,437,Balanoida,51,total_balanoida,51,
Saccharina,Pabay_10_4_22_2,Pabay,10_4_2022,10,4,2022,zooplankton,437,Branchiopoda,2,Branchiopoda,2,
Saccharina,Pabay_10_4_22_2,Pabay,10_4_2022,10,4,2022,zooplankton,437,Copepoda,306,total_copepoda,306,
Saccharina,Pabay_10_4_22_2,Pabay,10_4_2022,10,4,2022,zooplankton,437,Malacostraca,51,Malacostraca,51,
Saccharina,Pabay_10_4_22_2,Pabay,10_4_2022,10,4,2022,zooplankton,437,Polychaeta,25,total_polychaeta,25,
Alaria,Pabay_10_4_22_3,Pabay,10_4_2022,10,4,2022,zooplankton,1385,Bivalvia,25,bivalvia,25,
Alaria,Pabay_10_4_22_3,Pabay,10_4_2022,10,4,2022,zooplankton,1385,clytia,17,clytia,17,
Alaria,Pabay_10_4_22_3,Pabay,10_4_2022,10,4,2022,zooplankton,1385,copepod_nauplii,102,copepod_nauplii,102,
Alaria,Pabay_10_4_22_3,Pabay,10_4_2022,10,4,2022,zooplankton,1385,copepods,178,copepods,178,
Alaria,Pabay_10_4_22_3,Pabay,10_4_2022,10,4,2022,zooplankton,1385,decapoda_larvae,25,decapoda_larvae,25,
Alaria,Pabay_10_4_22_3,Pabay,10_4_2022,10,4,2022,zooplankton,1385,evadne,255,evadne,255,
Alaria,Pabay_10_4_22_3,Pabay,10_4_2022,10,4,2022,zooplankton,1385,fish_egg,25,fish_egg,25,
Alaria,Pabay_10_4_22_3,Pabay,10_4_2022,10,4,2022,zooplankton,1385,Gastropoda,76,gastropoda,76,
Alaria,Pabay_10_4_22_3,Pabay,10_4_2022,10,4,2022,zooplankton,1385,holoplankton,672,holoplankton,672,
Alaria,Pabay_10_4_22_3,Pabay,10_4_2022,10,4,2022,zooplankton,1385,meroplankton,713,meroplankton,713,
Alaria,Pabay_10_4_22_3,Pabay,10_4_2022,10,4,2022,zooplankton,1385,nemertini_larvae,2,nemertini_larvae,2,
Alaria,Pabay_10_4_22_3,Pabay,10_4_2022,10,4,2022,zooplankton,1385,obelia,2,obelia,2,
Alaria,Pabay_10_4_22_3,Pabay,10_4_2022,10,4,2022,zooplankton,1385,other_polychaetae_larvae,458,other_polychaetae_larvae,458,
Alaria,Pabay_10_4_22_3,Pabay,10_4_2022,10,4,2022,zooplankton,1385,phoronida_larvae,2,phoronida_larvae,2,
Alaria,Pabay_10_4_22_3,Pabay,10_4_2022,10,4,2022,zooplankton,1385,sea_urchin_larvae,102,sea_urchin_larvae,102,
Alaria,Pabay_10_4_22_3,Pabay,10_4_2022,10,4,2022,zooplankton,1385,Balanoida,102,total_balanoida,102,
Alaria,Pabay_10_4_22_3,Pabay,10_4_2022,10,4,2022,zooplankton,1385,Branchiopoda,255,Branchiopoda,255,
Alaria,Pabay_10_4_22_3,Pabay,10_4_2022,10,4,2022,zooplankton,1385,Copepoda,280,total_copepoda,280,
Alaria,Pabay_10_4_22_3,Pabay,10_4_2022,10,4,2022,zooplankton,1385,Hydrozoa,19,total_hydrozoa,19,
Alaria,Pabay_10_4_22_3,Pabay,10_4_2022,10,4,2022,zooplankton,1385,Malacostraca,25,Malacostraca,25,
Alaria,Pabay_10_4_22_3,Pabay,10_4_2022,10,4,2022,zooplankton,1385,Polychaeta,458,total_polychaeta,458,
Saccharina,Pabay_10_4_22_3,Pabay,10_4_2022,10,4,2022,zooplankton,1385,Bivalvia,25,bivalvia,25,
Saccharina,Pabay_10_4_22_3,Pabay,10_4_2022,10,4,2022,zooplankton,1385,clytia,17,clytia,17,
Saccharina,Pabay_10_4_22_3,Pabay,10_4_2022,10,4,2022,zooplankton,1385,copepod_nauplii,102,copepod_nauplii,102,
Saccharina,Pabay_10_4_22_3,Pabay,10_4_2022,10,4,2022,zooplankton,1385,copepods,178,copepods,178,
Saccharina,Pabay_10_4_22_3,Pabay,10_4_2022,10,4,2022,zooplankton,1385,decapoda_larvae,25,decapoda_larvae,25,
Saccharina,Pabay_10_4_22_3,Pabay,10_4_2022,10,4,2022,zooplankton,1385,evadne,255,evadne,255,
Saccharina,Pabay_10_4_22_3,Pabay,10_4_2022,10,4,2022,zooplankton,1385,fish_egg,25,fish_egg,25,
Saccharina,Pabay_10_4_22_3,Pabay,10_4_2022,10,4,2022,zooplankton,1385,Gastropoda,76,gastropoda,76,
Saccharina,Pabay_10_4_22_3,Pabay,10_4_2022,10,4,2022,zooplankton,1385,holoplankton,672,holoplankton,672,
Saccharina,Pabay_10_4_22_3,Pabay,10_4_2022,10,4,2022,zooplankton,1385,meroplankton,713,meroplankton,713,
Saccharina,Pabay_10_4_22_3,Pabay,10_4_2022,10,4,2022,zooplankton,1385,nemertini_larvae,2,nemertini_larvae,2,
Saccharina,Pabay_10_4_22_3,Pabay,10_4_2022,10,4,2022,zooplankton,1385,obelia,2,obelia,2,
Saccharina,Pabay_10_4_22_3,Pabay,10_4_2022,10,4,2022,zooplankton,1385,other_polychaetae_larvae,458,other_polychaetae_larvae,458,
Saccharina,Pabay_10_4_22_3,Pabay,10_4_2022,10,4,2022,zooplankton,1385,phoronida_larvae,2,phoronida_larvae,2,
Saccharina,Pabay_10_4_22_3,Pabay,10_4_2022,10,4,2022,zooplankton,1385,sea_urchin_larvae,102,sea_urchin_larvae,102,
Saccharina,Pabay_10_4_22_3,Pabay,10_4_2022,10,4,2022,zooplankton,1385,Balanoida,102,total_balanoida,102,
Saccharina,Pabay_10_4_22_3,Pabay,10_4_2022,10,4,2022,zooplankton,1385,Branchiopoda,255,Branchiopoda,255,
Saccharina,Pabay_10_4_22_3,Pabay,10_4_2022,10,4,2022,zooplankton,1385,Copepoda,280,total_copepoda,280,
Saccharina,Pabay_10_4_22_3,Pabay,10_4_2022,10,4,2022,zooplankton,1385,Hydrozoa,19,total_hydrozoa,19,
Saccharina,Pabay_10_4_22_3,Pabay,10_4_2022,10,4,2022,zooplankton,1385,Malacostraca,25,Malacostraca,25,
Saccharina,Pabay_10_4_22_3,Pabay,10_4_2022,10,4,2022,zooplankton,1385,Polychaeta,458,total_polychaeta,458,
Alaria,Pabay_13_11_21_1,Pabay,13_11_2021,13,11,2021,zooplankton,3145,Bivalvia,2,bivalvia,2,
Alaria,Pabay_13_11_21_1,Pabay,13_11_2021,13,11,2021,zooplankton,3145,Bryozoa,85,bryozoa,85,
Alaria,Pabay_13_11_21_1,Pabay,13_11_2021,13,11,2021,zooplankton,3145,copepod_nauplii,1392,copepod_nauplii,1392,
Alaria,Pabay_13_11_21_1,Pabay,13_11_2021,13,11,2021,zooplankton,3145,copepods,1460,copepods,1460,
Alaria,Pabay_13_11_21_1,Pabay,13_11_2021,13,11,2021,zooplankton,3145,fish_egg,2,fish_egg,2,
Alaria,Pabay_13_11_21_1,Pabay,13_11_2021,13,11,2021,zooplankton,3145,Gastropoda,34,gastropoda,34,
Alaria,Pabay_13_11_21_1,Pabay,13_11_2021,13,11,2021,zooplankton,3145,holoplankton,2956,holoplankton,2956,
Alaria,Pabay_13_11_21_1,Pabay,13_11_2021,13,11,2021,zooplankton,3145,meroplankton,189,meroplankton,189,
Alaria,Pabay_13_11_21_1,Pabay,13_11_2021,13,11,2021,zooplankton,3145,sabellariidae,51,sabellariidae,51,
Alaria,Pabay_13_11_21_1,Pabay,13_11_2021,13,11,2021,zooplankton,3145,Balanoida,34,total_balanoida,34,
Alaria,Pabay_13_11_21_1,Pabay,13_11_2021,13,11,2021,zooplankton,3145,Copepoda,2852,total_copepoda,2852,
Alaria,Pabay_13_11_21_1,Pabay,13_11_2021,13,11,2021,zooplankton,3145,Polychaeta,51,total_polychaeta,51,
Saccharina,Pabay_13_11_21_1,Pabay,13_11_2021,13,11,2021,zooplankton,3145,Bivalvia,2,bivalvia,2,
Saccharina,Pabay_13_11_21_1,Pabay,13_11_2021,13,11,2021,zooplankton,3145,Bryozoa,85,bryozoa,85,
Saccharina,Pabay_13_11_21_1,Pabay,13_11_2021,13,11,2021,zooplankton,3145,copepod_nauplii,1392,copepod_nauplii,1392,
Saccharina,Pabay_13_11_21_1,Pabay,13_11_2021,13,11,2021,zooplankton,3145,copepods,1460,copepods,1460,
Saccharina,Pabay_13_11_21_1,Pabay,13_11_2021,13,11,2021,zooplankton,3145,fish_egg,2,fish_egg,2,
Saccharina,Pabay_13_11_21_1,Pabay,13_11_2021,13,11,2021,zooplankton,3145,Gastropoda,34,gastropoda,34,
Saccharina,Pabay_13_11_21_1,Pabay,13_11_2021,13,11,2021,zooplankton,3145,holoplankton,2956,holoplankton,2956,
Saccharina,Pabay_13_11_21_1,Pabay,13_11_2021,13,11,2021,zooplankton,3145,meroplankton,189,meroplankton,189,
Saccharina,Pabay_13_11_21_1,Pabay,13_11_2021,13,11,2021,zooplankton,3145,sabellariidae,51,sabellariidae,51,
Saccharina,Pabay_13_11_21_1,Pabay,13_11_2021,13,11,2021,zooplankton,3145,Balanoida,34,total_balanoida,34,
Saccharina,Pabay_13_11_21_1,Pabay,13_11_2021,13,11,2021,zooplankton,3145,Copepoda,2852,total_copepoda,2852,
Saccharina,Pabay_13_11_21_1,Pabay,13_11_2021,13,11,2021,zooplankton,3145,Polychaeta,51,total_polychaeta,51,
Alaria,Pabay_13_11_21_2,Pabay,13_11_2021,13,11,2021,zooplankton,2096,Bivalvia,2,bivalvia,2,
Alaria,Pabay_13_11_21_2,Pabay,13_11_2021,13,11,2021,zooplankton,2096,Bryozoa,85,bryozoa,85,
Alaria,Pabay_13_11_21_2,Pabay,13_11_2021,13,11,2021,zooplankton,2096,copepod_nauplii,832,copepod_nauplii,832,
Alaria,Pabay_13_11_21_2,Pabay,13_11_2021,13,11,2021,zooplankton,2096,copepods,1086,copepods,1086,
Alaria,Pabay_13_11_21_2,Pabay,13_11_2021,13,11,2021,zooplankton,2096,Gastropoda,34,gastropoda,34,
Alaria,Pabay_13_11_21_2,Pabay,13_11_2021,13,11,2021,zooplankton,2096,holoplankton,1971,holoplankton,1971,
Alaria,Pabay_13_11_21_2,Pabay,13_11_2021,13,11,2021,zooplankton,2096,meroplankton,125,meroplankton,125,
Alaria,Pabay_13_11_21_2,Pabay,13_11_2021,13,11,2021,zooplankton,2096,microfibers,2,microfibers,2,
Alaria,Pabay_13_11_21_2,Pabay,13_11_2021,13,11,2021,zooplankton,2096,mp_fragments,2,mp_fragments,2,
Alaria,Pabay_13_11_21_2,Pabay,13_11_2021,13,11,2021,zooplankton,2096,obelia,2,obelia,2,
Alaria,Pabay_13_11_21_2,Pabay,13_11_2021,13,11,2021,zooplankton,2096,podon,2,podon,2,
Alaria,Pabay_13_11_21_2,Pabay,13_11_2021,13,11,2021,zooplankton,2096,sabellariidae,2,sabellariidae,2,
Alaria,Pabay_13_11_21_2,Pabay,13_11_2021,13,11,2021,zooplankton,2096,Branchiopoda,2,Branchiopoda,2,
Alaria,Pabay_13_11_21_2,Pabay,13_11_2021,13,11,2021,zooplankton,2096,Copepoda,1918,total_copepoda,1918,
Alaria,Pabay_13_11_21_2,Pabay,13_11_2021,13,11,2021,zooplankton,2096,Hydrozoa,2,total_hydrozoa,2,
Alaria,Pabay_13_11_21_2,Pabay,13_11_2021,13,11,2021,zooplankton,2096,Polychaeta,2,total_polychaeta,2,
Saccharina,Pabay_13_11_21_2,Pabay,13_11_2021,13,11,2021,zooplankton,2096,Bivalvia,2,bivalvia,2,
Saccharina,Pabay_13_11_21_2,Pabay,13_11_2021,13,11,2021,zooplankton,2096,Bryozoa,85,bryozoa,85,
Saccharina,Pabay_13_11_21_2,Pabay,13_11_2021,13,11,2021,zooplankton,2096,copepod_nauplii,832,copepod_nauplii,832,
Saccharina,Pabay_13_11_21_2,Pabay,13_11_2021,13,11,2021,zooplankton,2096,copepods,1086,copepods,1086,
Saccharina,Pabay_13_11_21_2,Pabay,13_11_2021,13,11,2021,zooplankton,2096,Gastropoda,34,gastropoda,34,
Saccharina,Pabay_13_11_21_2,Pabay,13_11_2021,13,11,2021,zooplankton,2096,holoplankton,1971,holoplankton,1971,
Saccharina,Pabay_13_11_21_2,Pabay,13_11_2021,13,11,2021,zooplankton,2096,meroplankton,125,meroplankton,125,
Saccharina,Pabay_13_11_21_2,Pabay,13_11_2021,13,11,2021,zooplankton,2096,microfibers,2,microfibers,2,
Saccharina,Pabay_13_11_21_2,Pabay,13_11_2021,13,11,2021,zooplankton,2096,mp_fragments,2,mp_fragments,2,
Saccharina,Pabay_13_11_21_2,Pabay,13_11_2021,13,11,2021,zooplankton,2096,obelia,2,obelia,2,
Saccharina,Pabay_13_11_21_2,Pabay,13_11_2021,13,11,2021,zooplankton,2096,podon,2,podon,2,
Saccharina,Pabay_13_11_21_2,Pabay,13_11_2021,13,11,2021,zooplankton,2096,sabellariidae,2,sabellariidae,2,
Saccharina,Pabay_13_11_21_2,Pabay,13_11_2021,13,11,2021,zooplankton,2096,Branchiopoda,2,Branchiopoda,2,
Saccharina,Pabay_13_11_21_2,Pabay,13_11_2021,13,11,2021,zooplankton,2096,Copepoda,1918,total_copepoda,1918,
Saccharina,Pabay_13_11_21_2,Pabay,13_11_2021,13,11,2021,zooplankton,2096,Hydrozoa,2,total_hydrozoa,2,
Saccharina,Pabay_13_11_21_2,Pabay,13_11_2021,13,11,2021,zooplankton,2096,Polychaeta,2,total_polychaeta,2,
Alaria,Pabay_13_11_21_3,Pabay,13_11_2021,13,11,2021,zooplankton,3412,Bivalvia,34,bivalvia,34,
Alaria,Pabay_13_11_21_3,Pabay,13_11_2021,13,11,2021,zooplankton,3412,Bryozoa,102,bryozoa,102,
Alaria,Pabay_13_11_21_3,Pabay,13_11_2021,13,11,2021,zooplankton,3412,copepod_nauplii,1409,copepod_nauplii,1409,
Alaria,Pabay_13_11_21_3,Pabay,13_11_2021,13,11,2021,zooplankton,3412,copepods,1613,copepods,1613,
Alaria,Pabay_13_11_21_3,Pabay,13_11_2021,13,11,2021,zooplankton,3412,fish_egg,34,fish_egg,34,
Alaria,Pabay_13_11_21_3,Pabay,13_11_2021,13,11,2021,zooplankton,3412,Gastropoda,102,gastropoda,102,
Alaria,Pabay_13_11_21_3,Pabay,13_11_2021,13,11,2021,zooplankton,3412,holoplankton,3090,holoplankton,3090,
Alaria,Pabay_13_11_21_3,Pabay,13_11_2021,13,11,2021,zooplankton,3412,meroplankton,323,meroplankton,323,
Alaria,Pabay_13_11_21_3,Pabay,13_11_2021,13,11,2021,zooplankton,3412,microfibers,2,microfibers,2,
Alaria,Pabay_13_11_21_3,Pabay,13_11_2021,13,11,2021,zooplankton,3412,ophiura_larvae,17,ophiura_larvae,17,
Alaria,Pabay_13_11_21_3,Pabay,13_11_2021,13,11,2021,zooplankton,3412,sabellariidae,68,sabellariidae,68,
Alaria,Pabay_13_11_21_3,Pabay,13_11_2021,13,11,2021,zooplankton,3412,Copepoda,3022,total_copepoda,3022,
Alaria,Pabay_13_11_21_3,Pabay,13_11_2021,13,11,2021,zooplankton,3412,Polychaeta,68,total_polychaeta,68,
Saccharina,Pabay_13_11_21_3,Pabay,13_11_2021,13,11,2021,zooplankton,3412,Bivalvia,34,bivalvia,34,
Saccharina,Pabay_13_11_21_3,Pabay,13_11_2021,13,11,2021,zooplankton,3412,Bryozoa,102,bryozoa,102,
Saccharina,Pabay_13_11_21_3,Pabay,13_11_2021,13,11,2021,zooplankton,3412,copepod_nauplii,1409,copepod_nauplii,1409,
Saccharina,Pabay_13_11_21_3,Pabay,13_11_2021,13,11,2021,zooplankton,3412,copepods,1613,copepods,1613,
Saccharina,Pabay_13_11_21_3,Pabay,13_11_2021,13,11,2021,zooplankton,3412,fish_egg,34,fish_egg,34,
Saccharina,Pabay_13_11_21_3,Pabay,13_11_2021,13,11,2021,zooplankton,3412,Gastropoda,102,gastropoda,102,
Saccharina,Pabay_13_11_21_3,Pabay,13_11_2021,13,11,2021,zooplankton,3412,holoplankton,3090,holoplankton,3090,
Saccharina,Pabay_13_11_21_3,Pabay,13_11_2021,13,11,2021,zooplankton,3412,meroplankton,323,meroplankton,323,
Saccharina,Pabay_13_11_21_3,Pabay,13_11_2021,13,11,2021,zooplankton,3412,microfibers,2,microfibers,2,
Saccharina,Pabay_13_11_21_3,Pabay,13_11_2021,13,11,2021,zooplankton,3412,ophiura_larvae,17,ophiura_larvae,17,
Saccharina,Pabay_13_11_21_3,Pabay,13_11_2021,13,11,2021,zooplankton,3412,sabellariidae,68,sabellariidae,68,
Saccharina,Pabay_13_11_21_3,Pabay,13_11_2021,13,11,2021,zooplankton,3412,Copepoda,3022,total_copepoda,3022,
Saccharina,Pabay_13_11_21_3,Pabay,13_11_2021,13,11,2021,zooplankton,3412,Polychaeta,68,total_polychaeta,68,
Alaria,Pabay_14_1_22_1,Pabay,14_1_2022,14,1,2022,zooplankton,1038,Bivalvia,153,bivalvia,153,
Alaria,Pabay_14_1_22_1,Pabay,14_1_2022,14,1,2022,zooplankton,1038,Bryozoa,17,bryozoa,17,
Alaria,Pabay_14_1_22_1,Pabay,14_1_2022,14,1,2022,zooplankton,1038,copepod_nauplii,102,copepod_nauplii,102,
Alaria,Pabay_14_1_22_1,Pabay,14_1_2022,14,1,2022,zooplankton,1038,copepods,475,copepods,475,
Alaria,Pabay_14_1_22_1,Pabay,14_1_2022,14,1,2022,zooplankton,1038,Gastropoda,34,gastropoda,34,
Alaria,Pabay_14_1_22_1,Pabay,14_1_2022,14,1,2022,zooplankton,1038,holoplankton,613,holoplankton,613,
Alaria,Pabay_14_1_22_1,Pabay,14_1_2022,14,1,2022,zooplankton,1038,meroplankton,424,meroplankton,424,
Alaria,Pabay_14_1_22_1,Pabay,14_1_2022,14,1,2022,zooplankton,1038,microfibers,2,microfibers,2,
Alaria,Pabay_14_1_22_1,Pabay,14_1_2022,14,1,2022,zooplankton,1038,mp_fragments,2,mp_fragments,2,
Alaria,Pabay_14_1_22_1,Pabay,14_1_2022,14,1,2022,zooplankton,1038,sabellariidae,204,sabellariidae,204,
Alaria,Pabay_14_1_22_1,Pabay,14_1_2022,14,1,2022,zooplankton,1038,sea_urchin_larvae,17,sea_urchin_larvae,17,
Alaria,Pabay_14_1_22_1,Pabay,14_1_2022,14,1,2022,zooplankton,1038,Balanoida,2,total_balanoida,2,
Alaria,Pabay_14_1_22_1,Pabay,14_1_2022,14,1,2022,zooplankton,1038,Copepoda,577,total_copepoda,577,
Alaria,Pabay_14_1_22_1,Pabay,14_1_2022,14,1,2022,zooplankton,1038,Polychaeta,204,total_polychaeta,204,
Saccharina,Pabay_14_1_22_1,Pabay,14_1_2022,14,1,2022,zooplankton,1038,Bivalvia,153,bivalvia,153,
Saccharina,Pabay_14_1_22_1,Pabay,14_1_2022,14,1,2022,zooplankton,1038,Bryozoa,17,bryozoa,17,
Saccharina,Pabay_14_1_22_1,Pabay,14_1_2022,14,1,2022,zooplankton,1038,copepod_nauplii,102,copepod_nauplii,102,
Saccharina,Pabay_14_1_22_1,Pabay,14_1_2022,14,1,2022,zooplankton,1038,copepods,475,copepods,475,
Saccharina,Pabay_14_1_22_1,Pabay,14_1_2022,14,1,2022,zooplankton,1038,Gastropoda,34,gastropoda,34,
Saccharina,Pabay_14_1_22_1,Pabay,14_1_2022,14,1,2022,zooplankton,1038,holoplankton,613,holoplankton,613,
Saccharina,Pabay_14_1_22_1,Pabay,14_1_2022,14,1,2022,zooplankton,1038,meroplankton,424,meroplankton,424,
Saccharina,Pabay_14_1_22_1,Pabay,14_1_2022,14,1,2022,zooplankton,1038,microfibers,2,microfibers,2,
Saccharina,Pabay_14_1_22_1,Pabay,14_1_2022,14,1,2022,zooplankton,1038,mp_fragments,2,mp_fragments,2,
Saccharina,Pabay_14_1_22_1,Pabay,14_1_2022,14,1,2022,zooplankton,1038,sabellariidae,204,sabellariidae,204,
Saccharina,Pabay_14_1_22_1,Pabay,14_1_2022,14,1,2022,zooplankton,1038,sea_urchin_larvae,17,sea_urchin_larvae,17,
Saccharina,Pabay_14_1_22_1,Pabay,14_1_2022,14,1,2022,zooplankton,1038,Balanoida,2,total_balanoida,2,
Saccharina,Pabay_14_1_22_1,Pabay,14_1_2022,14,1,2022,zooplankton,1038,Copepoda,577,total_copepoda,577,
Saccharina,Pabay_14_1_22_1,Pabay,14_1_2022,14,1,2022,zooplankton,1038,Polychaeta,204,total_polychaeta,204,
Alaria,Pabay_14_1_22_2,Pabay,14_1_2022,14,1,2022,zooplankton,1241,Bivalvia,238,bivalvia,238,
Alaria,Pabay_14_1_22_2,Pabay,14_1_2022,14,1,2022,zooplankton,1241,Bryozoa,51,bryozoa,51,
Alaria,Pabay_14_1_22_2,Pabay,14_1_2022,14,1,2022,zooplankton,1241,copepod_nauplii,136,copepod_nauplii,136,
Alaria,Pabay_14_1_22_2,Pabay,14_1_2022,14,1,2022,zooplankton,1241,copepods,543,copepods,543,
Alaria,Pabay_14_1_22_2,Pabay,14_1_2022,14,1,2022,zooplankton,1241,evadne,17,evadne,17,
Alaria,Pabay_14_1_22_2,Pabay,14_1_2022,14,1,2022,zooplankton,1241,Gastropoda,68,gastropoda,68,
Alaria,Pabay_14_1_22_2,Pabay,14_1_2022,14,1,2022,zooplankton,1241,holoplankton,713,holoplankton,713,
Alaria,Pabay_14_1_22_2,Pabay,14_1_2022,14,1,2022,zooplankton,1241,meroplankton,528,meroplankton,528,
Alaria,Pabay_14_1_22_2,Pabay,14_1_2022,14,1,2022,zooplankton,1241,microfibers,17,microfibers,17,
Alaria,Pabay_14_1_22_2,Pabay,14_1_2022,14,1,2022,zooplankton,1241,sabellariidae,170,sabellariidae,170,
Alaria,Pabay_14_1_22_2,Pabay,14_1_2022,14,1,2022,zooplankton,1241,Branchiopoda,17,Branchiopoda,17,
Alaria,Pabay_14_1_22_2,Pabay,14_1_2022,14,1,2022,zooplankton,1241,Copepoda,679,total_copepoda,679,
Alaria,Pabay_14_1_22_2,Pabay,14_1_2022,14,1,2022,zooplankton,1241,Polychaeta,170,total_polychaeta,170,
Saccharina,Pabay_14_1_22_2,Pabay,14_1_2022,14,1,2022,zooplankton,1241,Bivalvia,238,bivalvia,238,
Saccharina,Pabay_14_1_22_2,Pabay,14_1_2022,14,1,2022,zooplankton,1241,Bryozoa,51,bryozoa,51,
Saccharina,Pabay_14_1_22_2,Pabay,14_1_2022,14,1,2022,zooplankton,1241,copepod_nauplii,136,copepod_nauplii,136,
Saccharina,Pabay_14_1_22_2,Pabay,14_1_2022,14,1,2022,zooplankton,1241,copepods,543,copepods,543,
Saccharina,Pabay_14_1_22_2,Pabay,14_1_2022,14,1,2022,zooplankton,1241,evadne,17,evadne,17,
Saccharina,Pabay_14_1_22_2,Pabay,14_1_2022,14,1,2022,zooplankton,1241,Gastropoda,68,gastropoda,68,
Saccharina,Pabay_14_1_22_2,Pabay,14_1_2022,14,1,2022,zooplankton,1241,holoplankton,713,holoplankton,713,
Saccharina,Pabay_14_1_22_2,Pabay,14_1_2022,14,1,2022,zooplankton,1241,meroplankton,528,meroplankton,528,
Saccharina,Pabay_14_1_22_2,Pabay,14_1_2022,14,1,2022,zooplankton,1241,microfibers,17,microfibers,17,
Saccharina,Pabay_14_1_22_2,Pabay,14_1_2022,14,1,2022,zooplankton,1241,sabellariidae,170,sabellariidae,170,
Saccharina,Pabay_14_1_22_2,Pabay,14_1_2022,14,1,2022,zooplankton,1241,Branchiopoda,17,Branchiopoda,17,
Saccharina,Pabay_14_1_22_2,Pabay,14_1_2022,14,1,2022,zooplankton,1241,Copepoda,679,total_copepoda,679,
Saccharina,Pabay_14_1_22_2,Pabay,14_1_2022,14,1,2022,zooplankton,1241,Polychaeta,170,total_polychaeta,170,
Alaria,Pabay_14_1_22_3,Pabay,14_1_2022,14,1,2022,zooplankton,2568,Bivalvia,407,bivalvia,407,
Alaria,Pabay_14_1_22_3,Pabay,14_1_2022,14,1,2022,zooplankton,2568,Bryozoa,2,bryozoa,2,
Alaria,Pabay_14_1_22_3,Pabay,14_1_2022,14,1,2022,zooplankton,2568,copepod_nauplii,407,copepod_nauplii,407,
Alaria,Pabay_14_1_22_3,Pabay,14_1_2022,14,1,2022,zooplankton,2568,copepods,1137,copepods,1137,
Alaria,Pabay_14_1_22_3,Pabay,14_1_2022,14,1,2022,zooplankton,2568,Gastropoda,102,gastropoda,102,
Alaria,Pabay_14_1_22_3,Pabay,14_1_2022,14,1,2022,zooplankton,2568,holoplankton,1562,holoplankton,1562,
Alaria,Pabay_14_1_22_3,Pabay,14_1_2022,14,1,2022,zooplankton,2568,meroplankton,1006,meroplankton,1006,
Alaria,Pabay_14_1_22_3,Pabay,14_1_2022,14,1,2022,zooplankton,2568,mp_fragments,2,mp_fragments,2,
Alaria,Pabay_14_1_22_3,Pabay,14_1_2022,14,1,2022,zooplankton,2568,sabellariidae,475,sabellariidae,475,
Alaria,Pabay_14_1_22_3,Pabay,14_1_2022,14,1,2022,zooplankton,2568,sea_urchin_larvae,2,sea_urchin_larvae,2,
Alaria,Pabay_14_1_22_3,Pabay,14_1_2022,14,1,2022,zooplankton,2568,Copepoda,1545,total_copepoda,1545,
Alaria,Pabay_14_1_22_3,Pabay,14_1_2022,14,1,2022,zooplankton,2568,Malacostraca,17,Malacostraca,17,
Alaria,Pabay_14_1_22_3,Pabay,14_1_2022,14,1,2022,zooplankton,2568,Polychaeta,475,total_polychaeta,475,
Saccharina,Pabay_14_1_22_3,Pabay,14_1_2022,14,1,2022,zooplankton,2568,Bivalvia,407,bivalvia,407,
Saccharina,Pabay_14_1_22_3,Pabay,14_1_2022,14,1,2022,zooplankton,2568,Bryozoa,2,bryozoa,2,
Saccharina,Pabay_14_1_22_3,Pabay,14_1_2022,14,1,2022,zooplankton,2568,copepod_nauplii,407,copepod_nauplii,407,
Saccharina,Pabay_14_1_22_3,Pabay,14_1_2022,14,1,2022,zooplankton,2568,copepods,1137,copepods,1137,
Saccharina,Pabay_14_1_22_3,Pabay,14_1_2022,14,1,2022,zooplankton,2568,Gastropoda,102,gastropoda,102,
Saccharina,Pabay_14_1_22_3,Pabay,14_1_2022,14,1,2022,zooplankton,2568,holoplankton,1562,holoplankton,1562,
Saccharina,Pabay_14_1_22_3,Pabay,14_1_2022,14,1,2022,zooplankton,2568,meroplankton,1006,meroplankton,1006,
Saccharina,Pabay_14_1_22_3,Pabay,14_1_2022,14,1,2022,zooplankton,2568,mp_fragments,2,mp_fragments,2,
Saccharina,Pabay_14_1_22_3,Pabay,14_1_2022,14,1,2022,zooplankton,2568,sabellariidae,475,sabellariidae,475,
Saccharina,Pabay_14_1_22_3,Pabay,14_1_2022,14,1,2022,zooplankton,2568,sea_urchin_larvae,2,sea_urchin_larvae,2,
Saccharina,Pabay_14_1_22_3,Pabay,14_1_2022,14,1,2022,zooplankton,2568,Copepoda,1545,total_copepoda,1545,
Saccharina,Pabay_14_1_22_3,Pabay,14_1_2022,14,1,2022,zooplankton,2568,Malacostraca,17,Malacostraca,17,
Saccharina,Pabay_14_1_22_3,Pabay,14_1_2022,14,1,2022,zooplankton,2568,Polychaeta,475,total_polychaeta,475,
Alaria,Pabay_15_6_21_1,Pabay,15_6_2021,15,6,2021,zooplankton,2075,Bivalvia,2,bivalvia,2,
Alaria,Pabay_15_6_21_1,Pabay,15_6_2021,15,6,2021,zooplankton,2075,copepod_nauplii,509,copepod_nauplii,509,
Alaria,Pabay_15_6_21_1,Pabay,15_6_2021,15,6,2021,zooplankton,2075,copepods,1451,copepods,1451,
Alaria,Pabay_15_6_21_1,Pabay,15_6_2021,15,6,2021,zooplankton,2075,evadne,76,evadne,76,
Alaria,Pabay_15_6_21_1,Pabay,15_6_2021,15,6,2021,zooplankton,2075,fish_egg,2,fish_egg,2,
Alaria,Pabay_15_6_21_1,Pabay,15_6_2021,15,6,2021,zooplankton,2075,fish_larvae,2,fish_larvae,2,
Alaria,Pabay_15_6_21_1,Pabay,15_6_2021,15,6,2021,zooplankton,2075,Gastropoda,2,gastropoda,2,
Alaria,Pabay_15_6_21_1,Pabay,15_6_2021,15,6,2021,zooplankton,2075,holoplankton,2043,holoplankton,2043,
Alaria,Pabay_15_6_21_1,Pabay,15_6_2021,15,6,2021,zooplankton,2075,meroplankton,30,meroplankton,30,
Alaria,Pabay_15_6_21_1,Pabay,15_6_2021,15,6,2021,zooplankton,2075,microfibers,25,microfibers,25,
Alaria,Pabay_15_6_21_1,Pabay,15_6_2021,15,6,2021,zooplankton,2075,ophiura_larvae,25,ophiura_larvae,25,
Alaria,Pabay_15_6_21_1,Pabay,15_6_2021,15,6,2021,zooplankton,2075,sabellariidae,52,sabellariidae,52,
Alaria,Pabay_15_6_21_1,Pabay,15_6_2021,15,6,2021,zooplankton,2075,sagitta,2,sagitta,2,
Alaria,Pabay_15_6_21_1,Pabay,15_6_2021,15,6,2021,zooplankton,2075,Branchiopoda,76,Branchiopoda,76,
Alaria,Pabay_15_6_21_1,Pabay,15_6_2021,15,6,2021,zooplankton,2075,Copepoda,1961,total_copepoda,1961,
Alaria,Pabay_15_6_21_1,Pabay,15_6_2021,15,6,2021,zooplankton,2075,Polychaeta,52,total_polychaeta,52,
Saccharina,Pabay_15_6_21_1,Pabay,15_6_2021,15,6,2021,zooplankton,2075,Bivalvia,2,bivalvia,2,
Saccharina,Pabay_15_6_21_1,Pabay,15_6_2021,15,6,2021,zooplankton,2075,copepod_nauplii,509,copepod_nauplii,509,
Saccharina,Pabay_15_6_21_1,Pabay,15_6_2021,15,6,2021,zooplankton,2075,copepods,1451,copepods,1451,
Saccharina,Pabay_15_6_21_1,Pabay,15_6_2021,15,6,2021,zooplankton,2075,evadne,76,evadne,76,
Saccharina,Pabay_15_6_21_1,Pabay,15_6_2021,15,6,2021,zooplankton,2075,fish_egg,2,fish_egg,2,
Saccharina,Pabay_15_6_21_1,Pabay,15_6_2021,15,6,2021,zooplankton,2075,fish_larvae,2,fish_larvae,2,
Saccharina,Pabay_15_6_21_1,Pabay,15_6_2021,15,6,2021,zooplankton,2075,Gastropoda,2,gastropoda,2,
Saccharina,Pabay_15_6_21_1,Pabay,15_6_2021,15,6,2021,zooplankton,2075,holoplankton,2043,holoplankton,2043,
Saccharina,Pabay_15_6_21_1,Pabay,15_6_2021,15,6,2021,zooplankton,2075,meroplankton,30,meroplankton,30,
Saccharina,Pabay_15_6_21_1,Pabay,15_6_2021,15,6,2021,zooplankton,2075,microfibers,25,microfibers,25,
Saccharina,Pabay_15_6_21_1,Pabay,15_6_2021,15,6,2021,zooplankton,2075,ophiura_larvae,25,ophiura_larvae,25,
Saccharina,Pabay_15_6_21_1,Pabay,15_6_2021,15,6,2021,zooplankton,2075,sabellariidae,52,sabellariidae,52,
Saccharina,Pabay_15_6_21_1,Pabay,15_6_2021,15,6,2021,zooplankton,2075,sagitta,2,sagitta,2,
Saccharina,Pabay_15_6_21_1,Pabay,15_6_2021,15,6,2021,zooplankton,2075,Branchiopoda,76,Branchiopoda,76,
Saccharina,Pabay_15_6_21_1,Pabay,15_6_2021,15,6,2021,zooplankton,2075,Copepoda,1961,total_copepoda,1961,
Saccharina,Pabay_15_6_21_1,Pabay,15_6_2021,15,6,2021,zooplankton,2075,Polychaeta,52,total_polychaeta,52,
Alaria,Pabay_15_6_21_2,Pabay,15_6_2021,15,6,2021,zooplankton,13753,Bivalvia,3336,bivalvia,3336,
Alaria,Pabay_15_6_21_2,Pabay,15_6_2021,15,6,2021,zooplankton,13753,copepod_nauplii,6825,copepod_nauplii,6825,
Alaria,Pabay_15_6_21_2,Pabay,15_6_2021,15,6,2021,zooplankton,13753,copepods,2954,copepods,2954,
Alaria,Pabay_15_6_21_2,Pabay,15_6_2021,15,6,2021,zooplankton,13753,fish_egg,25,fish_egg,25,
Alaria,Pabay_15_6_21_2,Pabay,15_6_2021,15,6,2021,zooplankton,13753,Gastropoda,509,gastropoda,509,
Alaria,Pabay_15_6_21_2,Pabay,15_6_2021,15,6,2021,zooplankton,13753,holoplankton,9906,holoplankton,9906,
Alaria,Pabay_15_6_21_2,Pabay,15_6_2021,15,6,2021,zooplankton,13753,meroplankton,3847,meroplankton,3847,
Alaria,Pabay_15_6_21_2,Pabay,15_6_2021,15,6,2021,zooplankton,13753,microfibers,76,microfibers,76,
Alaria,Pabay_15_6_21_2,Pabay,15_6_2021,15,6,2021,zooplankton,13753,mp_fragments,25,mp_fragments,25,
Alaria,Pabay_15_6_21_2,Pabay,15_6_2021,15,6,2021,zooplankton,13753,sabellariidae,51,sabellariidae,51,
Alaria,Pabay_15_6_21_2,Pabay,15_6_2021,15,6,2021,zooplankton,13753,spionida,2,spionida,2,
Alaria,Pabay_15_6_21_2,Pabay,15_6_2021,15,6,2021,zooplankton,13753,Copepoda,9778,total_copepoda,9778,
Alaria,Pabay_15_6_21_2,Pabay,15_6_2021,15,6,2021,zooplankton,13753,Hydrozoa,2,total_hydrozoa,2,
Alaria,Pabay_15_6_21_2,Pabay,15_6_2021,15,6,2021,zooplankton,13753,Polychaeta,53,total_polychaeta,53,
Alaria,Pabay_15_6_21_2,Pabay,15_6_2021,15,6,2021,zooplankton,13753,unknown_jellies,2,unknown_jellies,2,
Saccharina,Pabay_15_6_21_2,Pabay,15_6_2021,15,6,2021,zooplankton,13753,Bivalvia,3336,bivalvia,3336,
Saccharina,Pabay_15_6_21_2,Pabay,15_6_2021,15,6,2021,zooplankton,13753,copepod_nauplii,6825,copepod_nauplii,6825,
Saccharina,Pabay_15_6_21_2,Pabay,15_6_2021,15,6,2021,zooplankton,13753,copepods,2954,copepods,2954,
Saccharina,Pabay_15_6_21_2,Pabay,15_6_2021,15,6,2021,zooplankton,13753,fish_egg,25,fish_egg,25,
Saccharina,Pabay_15_6_21_2,Pabay,15_6_2021,15,6,2021,zooplankton,13753,Gastropoda,509,gastropoda,509,
Saccharina,Pabay_15_6_21_2,Pabay,15_6_2021,15,6,2021,zooplankton,13753,holoplankton,9906,holoplankton,9906,
Saccharina,Pabay_15_6_21_2,Pabay,15_6_2021,15,6,2021,zooplankton,13753,meroplankton,3847,meroplankton,3847,
Saccharina,Pabay_15_6_21_2,Pabay,15_6_2021,15,6,2021,zooplankton,13753,microfibers,76,microfibers,76,
Saccharina,Pabay_15_6_21_2,Pabay,15_6_2021,15,6,2021,zooplankton,13753,mp_fragments,25,mp_fragments,25,
Saccharina,Pabay_15_6_21_2,Pabay,15_6_2021,15,6,2021,zooplankton,13753,sabellariidae,51,sabellariidae,51,
Saccharina,Pabay_15_6_21_2,Pabay,15_6_2021,15,6,2021,zooplankton,13753,spionida,2,spionida,2,
Saccharina,Pabay_15_6_21_2,Pabay,15_6_2021,15,6,2021,zooplankton,13753,Copepoda,9778,total_copepoda,9778,
Saccharina,Pabay_15_6_21_2,Pabay,15_6_2021,15,6,2021,zooplankton,13753,Hydrozoa,2,total_hydrozoa,2,
Saccharina,Pabay_15_6_21_2,Pabay,15_6_2021,15,6,2021,zooplankton,13753,Polychaeta,53,total_polychaeta,53,
Saccharina,Pabay_15_6_21_2,Pabay,15_6_2021,15,6,2021,zooplankton,13753,unknown_jellies,2,unknown_jellies,2,
Alaria,Pabay_15_6_21_3,Pabay,15_6_2021,15,6,2021,zooplankton,7914,Bivalvia,1669,bivalvia,1669,
Alaria,Pabay_15_6_21_3,Pabay,15_6_2021,15,6,2021,zooplankton,7914,copepod_nauplii,3667,copepod_nauplii,3667,
Alaria,Pabay_15_6_21_3,Pabay,15_6_2021,15,6,2021,zooplankton,7914,copepods,2202.5,copepods,2202.5,
Alaria,Pabay_15_6_21_3,Pabay,15_6_2021,15,6,2021,zooplankton,7914,evadne,38,evadne,38,
Alaria,Pabay_15_6_21_3,Pabay,15_6_2021,15,6,2021,zooplankton,7914,fish_egg,13.5,fish_egg,13.5,
Alaria,Pabay_15_6_21_3,Pabay,15_6_2021,15,6,2021,zooplankton,7914,fish_larvae,1,fish_larvae,1,
Alaria,Pabay_15_6_21_3,Pabay,15_6_2021,15,6,2021,zooplankton,7914,Gastropoda,255.5,gastropoda,255.5,
Alaria,Pabay_15_6_21_3,Pabay,15_6_2021,15,6,2021,zooplankton,7914,holoplankton,5974.5,holoplankton,5974.5,
Alaria,Pabay_15_6_21_3,Pabay,15_6_2021,15,6,2021,zooplankton,7914,meroplankton,1938.5,meroplankton,1938.5,
Alaria,Pabay_15_6_21_3,Pabay,15_6_2021,15,6,2021,zooplankton,7914,microfibers,50.5,microfibers,50.5,
Alaria,Pabay_15_6_21_3,Pabay,15_6_2021,15,6,2021,zooplankton,7914,mp_fragments,12.5,mp_fragments,12.5,
Alaria,Pabay_15_6_21_3,Pabay,15_6_2021,15,6,2021,zooplankton,7914,ophiura_larvae,12.5,ophiura_larvae,12.5,
Alaria,Pabay_15_6_21_3,Pabay,15_6_2021,15,6,2021,zooplankton,7914,sabellariidae,51.5,sabellariidae,51.5,
Alaria,Pabay_15_6_21_3,Pabay,15_6_2021,15,6,2021,zooplankton,7914,sagitta,1,sagitta,1,
Alaria,Pabay_15_6_21_3,Pabay,15_6_2021,15,6,2021,zooplankton,7914,spionida,1,spionida,1,
Alaria,Pabay_15_6_21_3,Pabay,15_6_2021,15,6,2021,zooplankton,7914,Branchiopoda,38,Branchiopoda,38,
Alaria,Pabay_15_6_21_3,Pabay,15_6_2021,15,6,2021,zooplankton,7914,Copepoda,5869.5,total_copepoda,5869.5,
Alaria,Pabay_15_6_21_3,Pabay,15_6_2021,15,6,2021,zooplankton,7914,Hydrozoa,1,total_hydrozoa,1,
Alaria,Pabay_15_6_21_3,Pabay,15_6_2021,15,6,2021,zooplankton,7914,Polychaeta,52.5,total_polychaeta,52.5,
Alaria,Pabay_15_6_21_3,Pabay,15_6_2021,15,6,2021,zooplankton,7914,unknown_jellies,1,unknown_jellies,1,
Saccharina,Pabay_15_6_21_3,Pabay,15_6_2021,15,6,2021,zooplankton,7914,Bivalvia,1669,bivalvia,1669,
Saccharina,Pabay_15_6_21_3,Pabay,15_6_2021,15,6,2021,zooplankton,7914,copepod_nauplii,3667,copepod_nauplii,3667,
Saccharina,Pabay_15_6_21_3,Pabay,15_6_2021,15,6,2021,zooplankton,7914,copepods,2202.5,copepods,2202.5,
Saccharina,Pabay_15_6_21_3,Pabay,15_6_2021,15,6,2021,zooplankton,7914,evadne,38,evadne,38,
Saccharina,Pabay_15_6_21_3,Pabay,15_6_2021,15,6,2021,zooplankton,7914,fish_egg,13.5,fish_egg,13.5,
Saccharina,Pabay_15_6_21_3,Pabay,15_6_2021,15,6,2021,zooplankton,7914,fish_larvae,1,fish_larvae,1,
Saccharina,Pabay_15_6_21_3,Pabay,15_6_2021,15,6,2021,zooplankton,7914,Gastropoda,255.5,gastropoda,255.5,
Saccharina,Pabay_15_6_21_3,Pabay,15_6_2021,15,6,2021,zooplankton,7914,holoplankton,5974.5,holoplankton,5974.5,
Saccharina,Pabay_15_6_21_3,Pabay,15_6_2021,15,6,2021,zooplankton,7914,meroplankton,1938.5,meroplankton,1938.5,
Saccharina,Pabay_15_6_21_3,Pabay,15_6_2021,15,6,2021,zooplankton,7914,microfibers,50.5,microfibers,50.5,
Saccharina,Pabay_15_6_21_3,Pabay,15_6_2021,15,6,2021,zooplankton,7914,mp_fragments,12.5,mp_fragments,12.5,
Saccharina,Pabay_15_6_21_3,Pabay,15_6_2021,15,6,2021,zooplankton,7914,ophiura_larvae,12.5,ophiura_larvae,12.5,
Saccharina,Pabay_15_6_21_3,Pabay,15_6_2021,15,6,2021,zooplankton,7914,sabellariidae,51.5,sabellariidae,51.5,
Saccharina,Pabay_15_6_21_3,Pabay,15_6_2021,15,6,2021,zooplankton,7914,sagitta,1,sagitta,1,
Saccharina,Pabay_15_6_21_3,Pabay,15_6_2021,15,6,2021,zooplankton,7914,spionida,1,spionida,1,
Saccharina,Pabay_15_6_21_3,Pabay,15_6_2021,15,6,2021,zooplankton,7914,Branchiopoda,38,Branchiopoda,38,
Saccharina,Pabay_15_6_21_3,Pabay,15_6_2021,15,6,2021,zooplankton,7914,Copepoda,5869.5,total_copepoda,5869.5,
Saccharina,Pabay_15_6_21_3,Pabay,15_6_2021,15,6,2021,zooplankton,7914,Hydrozoa,1,total_hydrozoa,1,
Saccharina,Pabay_15_6_21_3,Pabay,15_6_2021,15,6,2021,zooplankton,7914,Polychaeta,52.5,total_polychaeta,52.5,
Saccharina,Pabay_15_6_21_3,Pabay,15_6_2021,15,6,2021,zooplankton,7914,unknown_jellies,1,unknown_jellies,1,
Alaria,Pabay_15_7_22_1,Pabay,15_7_2022,15,7,2022,zooplankton,17412,Bivalvia,2785,bivalvia,2785,
Alaria,Pabay_15_7_22_1,Pabay,15_7_2022,15,7,2022,zooplankton,17412,Bryozoa,102,bryozoa,102,
Alaria,Pabay_15_7_22_1,Pabay,15_7_2022,15,7,2022,zooplankton,17412,copepod_nauplii,1868,copepod_nauplii,1868,
Alaria,Pabay_15_7_22_1,Pabay,15_7_2022,15,7,2022,zooplankton,17412,copepods,8709,copepods,8709,
Alaria,Pabay_15_7_22_1,Pabay,15_7_2022,15,7,2022,zooplankton,17412,ctenophore,2,ctenophore,2,
Alaria,Pabay_15_7_22_1,Pabay,15_7_2022,15,7,2022,zooplankton,17412,evadne,3005,evadne,3005,
Alaria,Pabay_15_7_22_1,Pabay,15_7_2022,15,7,2022,zooplankton,17412,fish_egg,2,fish_egg,2,
Alaria,Pabay_15_7_22_1,Pabay,15_7_2022,15,7,2022,zooplankton,17412,Gastropoda,102,gastropoda,102,
Alaria,Pabay_15_7_22_1,Pabay,15_7_2022,15,7,2022,zooplankton,17412,holoplankton,14195,holoplankton,14195,
Alaria,Pabay_15_7_22_1,Pabay,15_7_2022,15,7,2022,zooplankton,17412,hydroids,2,hydroids,2,
Alaria,Pabay_15_7_22_1,Pabay,15_7_2022,15,7,2022,zooplankton,17412,lizzia_blondina,35,lizzia_blondina,35,
Alaria,Pabay_15_7_22_1,Pabay,15_7_2022,15,7,2022,zooplankton,17412,meroplankton,3217,meroplankton,3217,
Alaria,Pabay_15_7_22_1,Pabay,15_7_2022,15,7,2022,zooplankton,17412,obelia,35,obelia,35,
Alaria,Pabay_15_7_22_1,Pabay,15_7_2022,15,7,2022,zooplankton,17412,ophiura_larvae,2,ophiura_larvae,2,
Alaria,Pabay_15_7_22_1,Pabay,15_7_2022,15,7,2022,zooplankton,17412,sabellariidae,51,sabellariidae,51,
Alaria,Pabay_15_7_22_1,Pabay,15_7_2022,15,7,2022,zooplankton,17412,spionida,88,spionida,88,
Alaria,Pabay_15_7_22_1,Pabay,15_7_2022,15,7,2022,zooplankton,17412,Balanoida,16,total_balanoida,16,
Alaria,Pabay_15_7_22_1,Pabay,15_7_2022,15,7,2022,zooplankton,17412,Branchiopoda,3005,Branchiopoda,3005,
Alaria,Pabay_15_7_22_1,Pabay,15_7_2022,15,7,2022,zooplankton,17412,Copepoda,10577,total_copepoda,10577,
Alaria,Pabay_15_7_22_1,Pabay,15_7_2022,15,7,2022,zooplankton,17412,Hydrozoa,71,total_hydrozoa,71,
Alaria,Pabay_15_7_22_1,Pabay,15_7_2022,15,7,2022,zooplankton,17412,Malacostraca,16,Malacostraca,16,
Alaria,Pabay_15_7_22_1,Pabay,15_7_2022,15,7,2022,zooplankton,17412,Polychaeta,139,total_polychaeta,139,
Saccharina,Pabay_15_7_22_1,Pabay,15_7_2022,15,7,2022,zooplankton,17412,Bivalvia,2785,bivalvia,2785,
Saccharina,Pabay_15_7_22_1,Pabay,15_7_2022,15,7,2022,zooplankton,17412,Bryozoa,102,bryozoa,102,
Saccharina,Pabay_15_7_22_1,Pabay,15_7_2022,15,7,2022,zooplankton,17412,copepod_nauplii,1868,copepod_nauplii,1868,
Saccharina,Pabay_15_7_22_1,Pabay,15_7_2022,15,7,2022,zooplankton,17412,copepods,8709,copepods,8709,
Saccharina,Pabay_15_7_22_1,Pabay,15_7_2022,15,7,2022,zooplankton,17412,ctenophore,2,ctenophore,2,
Saccharina,Pabay_15_7_22_1,Pabay,15_7_2022,15,7,2022,zooplankton,17412,evadne,3005,evadne,3005,
Saccharina,Pabay_15_7_22_1,Pabay,15_7_2022,15,7,2022,zooplankton,17412,fish_egg,2,fish_egg,2,
Saccharina,Pabay_15_7_22_1,Pabay,15_7_2022,15,7,2022,zooplankton,17412,Gastropoda,102,gastropoda,102,
Saccharina,Pabay_15_7_22_1,Pabay,15_7_2022,15,7,2022,zooplankton,17412,holoplankton,14195,holoplankton,14195,
Saccharina,Pabay_15_7_22_1,Pabay,15_7_2022,15,7,2022,zooplankton,17412,hydroids,2,hydroids,2,
Saccharina,Pabay_15_7_22_1,Pabay,15_7_2022,15,7,2022,zooplankton,17412,lizzia_blondina,35,lizzia_blondina,35,
Saccharina,Pabay_15_7_22_1,Pabay,15_7_2022,15,7,2022,zooplankton,17412,meroplankton,3217,meroplankton,3217,
Saccharina,Pabay_15_7_22_1,Pabay,15_7_2022,15,7,2022,zooplankton,17412,obelia,35,obelia,35,
Saccharina,Pabay_15_7_22_1,Pabay,15_7_2022,15,7,2022,zooplankton,17412,ophiura_larvae,2,ophiura_larvae,2,
Saccharina,Pabay_15_7_22_1,Pabay,15_7_2022,15,7,2022,zooplankton,17412,sabellariidae,51,sabellariidae,51,
Saccharina,Pabay_15_7_22_1,Pabay,15_7_2022,15,7,2022,zooplankton,17412,spionida,88,spionida,88,
Saccharina,Pabay_15_7_22_1,Pabay,15_7_2022,15,7,2022,zooplankton,17412,Balanoida,16,total_balanoida,16,
Saccharina,Pabay_15_7_22_1,Pabay,15_7_2022,15,7,2022,zooplankton,17412,Branchiopoda,3005,Branchiopoda,3005,
Saccharina,Pabay_15_7_22_1,Pabay,15_7_2022,15,7,2022,zooplankton,17412,Copepoda,10577,total_copepoda,10577,
Saccharina,Pabay_15_7_22_1,Pabay,15_7_2022,15,7,2022,zooplankton,17412,Hydrozoa,71,total_hydrozoa,71,
Saccharina,Pabay_15_7_22_1,Pabay,15_7_2022,15,7,2022,zooplankton,17412,Malacostraca,16,Malacostraca,16,
Saccharina,Pabay_15_7_22_1,Pabay,15_7_2022,15,7,2022,zooplankton,17412,Polychaeta,139,total_polychaeta,139,
Alaria,Pabay_15_7_22_2,Pabay,15_7_2022,15,7,2022,zooplankton,15621,Bivalvia,1833,bivalvia,1833,
Alaria,Pabay_15_7_22_2,Pabay,15_7_2022,15,7,2022,zooplankton,15621,Bryozoa,136,bryozoa,136,
Alaria,Pabay_15_7_22_2,Pabay,15_7_2022,15,7,2022,zooplankton,15621,copepod_nauplii,2445,copepod_nauplii,2445,
Alaria,Pabay_15_7_22_2,Pabay,15_7_2022,15,7,2022,zooplankton,15621,copepods,8403,copepods,8403,
Alaria,Pabay_15_7_22_2,Pabay,15_7_2022,15,7,2022,zooplankton,15621,ctenophore,16,ctenophore,16,
Alaria,Pabay_15_7_22_2,Pabay,15_7_2022,15,7,2022,zooplankton,15621,decapoda_larvae,16,decapoda_larvae,16,
Alaria,Pabay_15_7_22_2,Pabay,15_7_2022,15,7,2022,zooplankton,15621,evadne,2088,evadne,2088,
Alaria,Pabay_15_7_22_2,Pabay,15_7_2022,15,7,2022,zooplankton,15621,fish_egg,35,fish_egg,35,
Alaria,Pabay_15_7_22_2,Pabay,15_7_2022,15,7,2022,zooplankton,15621,Gastropoda,67,gastropoda,67,
Alaria,Pabay_15_7_22_2,Pabay,15_7_2022,15,7,2022,zooplankton,15621,holoplankton,13360,holoplankton,13360,
Alaria,Pabay_15_7_22_2,Pabay,15_7_2022,15,7,2022,zooplankton,15621,hydroids,2,hydroids,2,
Alaria,Pabay_15_7_22_2,Pabay,15_7_2022,15,7,2022,zooplankton,15621,lizzia_blondina,2,lizzia_blondina,2,
Alaria,Pabay_15_7_22_2,Pabay,15_7_2022,15,7,2022,zooplankton,15621,meroplankton,2261,meroplankton,2261,
Alaria,Pabay_15_7_22_2,Pabay,15_7_2022,15,7,2022,zooplankton,15621,obelia,35,obelia,35,
Alaria,Pabay_15_7_22_2,Pabay,15_7_2022,15,7,2022,zooplankton,15621,ophiura_larvae,86,ophiura_larvae,86,
Alaria,Pabay_15_7_22_2,Pabay,15_7_2022,15,7,2022,zooplankton,15621,podon,16,podon,16,
Alaria,Pabay_15_7_22_2,Pabay,15_7_2022,15,7,2022,zooplankton,15621,sabellariidae,16,sabellariidae,16,
Alaria,Pabay_15_7_22_2,Pabay,15_7_2022,15,7,2022,zooplankton,15621,solmaris_corona,16,solmaris_corona,16,
Alaria,Pabay_15_7_22_2,Pabay,15_7_2022,15,7,2022,zooplankton,15621,spionida,35,spionida,35,
Alaria,Pabay_15_7_22_2,Pabay,15_7_2022,15,7,2022,zooplankton,15621,Balanoida,51,total_balanoida,51,
Alaria,Pabay_15_7_22_2,Pabay,15_7_2022,15,7,2022,zooplankton,15621,Branchiopoda,2104,Branchiopoda,2104,
Alaria,Pabay_15_7_22_2,Pabay,15_7_2022,15,7,2022,zooplankton,15621,Copepoda,10848,total_copepoda,10848,
Alaria,Pabay_15_7_22_2,Pabay,15_7_2022,15,7,2022,zooplankton,15621,Hydrozoa,39,total_hydrozoa,39,
Alaria,Pabay_15_7_22_2,Pabay,15_7_2022,15,7,2022,zooplankton,15621,Malacostraca,33,Malacostraca,33,
Alaria,Pabay_15_7_22_2,Pabay,15_7_2022,15,7,2022,zooplankton,15621,Polychaeta,51,total_polychaeta,51,
Saccharina,Pabay_15_7_22_2,Pabay,15_7_2022,15,7,2022,zooplankton,15621,Bivalvia,1833,bivalvia,1833,
Saccharina,Pabay_15_7_22_2,Pabay,15_7_2022,15,7,2022,zooplankton,15621,Bryozoa,136,bryozoa,136,
Saccharina,Pabay_15_7_22_2,Pabay,15_7_2022,15,7,2022,zooplankton,15621,copepod_nauplii,2445,copepod_nauplii,2445,
Saccharina,Pabay_15_7_22_2,Pabay,15_7_2022,15,7,2022,zooplankton,15621,copepods,8403,copepods,8403,
Saccharina,Pabay_15_7_22_2,Pabay,15_7_2022,15,7,2022,zooplankton,15621,ctenophore,16,ctenophore,16,
Saccharina,Pabay_15_7_22_2,Pabay,15_7_2022,15,7,2022,zooplankton,15621,decapoda_larvae,16,decapoda_larvae,16,
Saccharina,Pabay_15_7_22_2,Pabay,15_7_2022,15,7,2022,zooplankton,15621,evadne,2088,evadne,2088,
Saccharina,Pabay_15_7_22_2,Pabay,15_7_2022,15,7,2022,zooplankton,15621,fish_egg,35,fish_egg,35,
Saccharina,Pabay_15_7_22_2,Pabay,15_7_2022,15,7,2022,zooplankton,15621,Gastropoda,67,gastropoda,67,
Saccharina,Pabay_15_7_22_2,Pabay,15_7_2022,15,7,2022,zooplankton,15621,holoplankton,13360,holoplankton,13360,
Saccharina,Pabay_15_7_22_2,Pabay,15_7_2022,15,7,2022,zooplankton,15621,hydroids,2,hydroids,2,
Saccharina,Pabay_15_7_22_2,Pabay,15_7_2022,15,7,2022,zooplankton,15621,lizzia_blondina,2,lizzia_blondina,2,
Saccharina,Pabay_15_7_22_2,Pabay,15_7_2022,15,7,2022,zooplankton,15621,meroplankton,2261,meroplankton,2261,
Saccharina,Pabay_15_7_22_2,Pabay,15_7_2022,15,7,2022,zooplankton,15621,obelia,35,obelia,35,
Saccharina,Pabay_15_7_22_2,Pabay,15_7_2022,15,7,2022,zooplankton,15621,ophiura_larvae,86,ophiura_larvae,86,
Saccharina,Pabay_15_7_22_2,Pabay,15_7_2022,15,7,2022,zooplankton,15621,podon,16,podon,16,
Saccharina,Pabay_15_7_22_2,Pabay,15_7_2022,15,7,2022,zooplankton,15621,sabellariidae,16,sabellariidae,16,
Saccharina,Pabay_15_7_22_2,Pabay,15_7_2022,15,7,2022,zooplankton,15621,solmaris_corona,16,solmaris_corona,16,
Saccharina,Pabay_15_7_22_2,Pabay,15_7_2022,15,7,2022,zooplankton,15621,spionida,35,spionida,35,
Saccharina,Pabay_15_7_22_2,Pabay,15_7_2022,15,7,2022,zooplankton,15621,Balanoida,51,total_balanoida,51,
Saccharina,Pabay_15_7_22_2,Pabay,15_7_2022,15,7,2022,zooplankton,15621,Branchiopoda,2104,Branchiopoda,2104,
Saccharina,Pabay_15_7_22_2,Pabay,15_7_2022,15,7,2022,zooplankton,15621,Copepoda,10848,total_copepoda,10848,
Saccharina,Pabay_15_7_22_2,Pabay,15_7_2022,15,7,2022,zooplankton,15621,Hydrozoa,39,total_hydrozoa,39,
Saccharina,Pabay_15_7_22_2,Pabay,15_7_2022,15,7,2022,zooplankton,15621,Malacostraca,33,Malacostraca,33,
Saccharina,Pabay_15_7_22_2,Pabay,15_7_2022,15,7,2022,zooplankton,15621,Polychaeta,51,total_polychaeta,51,
Alaria,Pabay_15_7_22_3,Pabay,15_7_2022,15,7,2022,zooplankton,22346,Bivalvia,1799,bivalvia,1799,
Alaria,Pabay_15_7_22_3,Pabay,15_7_2022,15,7,2022,zooplankton,22346,Bryozoa,204,bryozoa,204,
Alaria,Pabay_15_7_22_3,Pabay,15_7_2022,15,7,2022,zooplankton,22346,copepod_nauplii,3072,copepod_nauplii,3072,
Alaria,Pabay_15_7_22_3,Pabay,15_7_2022,15,7,2022,zooplankton,22346,copepods,13582,copepods,13582,
Alaria,Pabay_15_7_22_3,Pabay,15_7_2022,15,7,2022,zooplankton,22346,ctenophore,16,ctenophore,16,
Alaria,Pabay_15_7_22_3,Pabay,15_7_2022,15,7,2022,zooplankton,22346,evadne,2479,evadne,2479,
Alaria,Pabay_15_7_22_3,Pabay,15_7_2022,15,7,2022,zooplankton,22346,Gastropoda,238,gastropoda,238,
Alaria,Pabay_15_7_22_3,Pabay,15_7_2022,15,7,2022,zooplankton,22346,holoplankton,19812,holoplankton,19812,
Alaria,Pabay_15_7_22_3,Pabay,15_7_2022,15,7,2022,zooplankton,22346,hydroids,16,hydroids,16,
Alaria,Pabay_15_7_22_3,Pabay,15_7_2022,15,7,2022,zooplankton,22346,meroplankton,2532,meroplankton,2532,
Alaria,Pabay_15_7_22_3,Pabay,15_7_2022,15,7,2022,zooplankton,22346,nemertini_larvae,16,nemertini_larvae,16,
Alaria,Pabay_15_7_22_3,Pabay,15_7_2022,15,7,2022,zooplankton,22346,obelia,16,obelia,16,
Alaria,Pabay_15_7_22_3,Pabay,15_7_2022,15,7,2022,zooplankton,22346,ophiura_larvae,35,ophiura_larvae,35,
Alaria,Pabay_15_7_22_3,Pabay,15_7_2022,15,7,2022,zooplankton,22346,other_polychaetae_larvae,2,other_polychaetae_larvae,2,
Alaria,Pabay_15_7_22_3,Pabay,15_7_2022,15,7,2022,zooplankton,22346,sabellariidae,35,sabellariidae,35,
Alaria,Pabay_15_7_22_3,Pabay,15_7_2022,15,7,2022,zooplankton,22346,sagitta,2,sagitta,2,
Alaria,Pabay_15_7_22_3,Pabay,15_7_2022,15,7,2022,zooplankton,22346,sea_urchin_larvae,2,sea_urchin_larvae,2,
Alaria,Pabay_15_7_22_3,Pabay,15_7_2022,15,7,2022,zooplankton,22346,solmaris_corona,35,solmaris_corona,35,
Alaria,Pabay_15_7_22_3,Pabay,15_7_2022,15,7,2022,zooplankton,22346,spionida,153,spionida,153,
Alaria,Pabay_15_7_22_3,Pabay,15_7_2022,15,7,2022,zooplankton,22346,Balanoida,51,total_balanoida,51,
Alaria,Pabay_15_7_22_3,Pabay,15_7_2022,15,7,2022,zooplankton,22346,Branchiopoda,2479,Branchiopoda,2479,
Alaria,Pabay_15_7_22_3,Pabay,15_7_2022,15,7,2022,zooplankton,22346,Copepoda,16654,total_copepoda,16654,
Alaria,Pabay_15_7_22_3,Pabay,15_7_2022,15,7,2022,zooplankton,22346,Hydrozoa,33,total_hydrozoa,33,
Alaria,Pabay_15_7_22_3,Pabay,15_7_2022,15,7,2022,zooplankton,22346,Malacostraca,16,Malacostraca,16,
Alaria,Pabay_15_7_22_3,Pabay,15_7_2022,15,7,2022,zooplankton,22346,Polychaeta,189,total_polychaeta,189,
Saccharina,Pabay_15_7_22_3,Pabay,15_7_2022,15,7,2022,zooplankton,22346,Bivalvia,1799,bivalvia,1799,
Saccharina,Pabay_15_7_22_3,Pabay,15_7_2022,15,7,2022,zooplankton,22346,Bryozoa,204,bryozoa,204,
Saccharina,Pabay_15_7_22_3,Pabay,15_7_2022,15,7,2022,zooplankton,22346,copepod_nauplii,3072,copepod_nauplii,3072,
Saccharina,Pabay_15_7_22_3,Pabay,15_7_2022,15,7,2022,zooplankton,22346,copepods,13582,copepods,13582,
Saccharina,Pabay_15_7_22_3,Pabay,15_7_2022,15,7,2022,zooplankton,22346,ctenophore,16,ctenophore,16,
Saccharina,Pabay_15_7_22_3,Pabay,15_7_2022,15,7,2022,zooplankton,22346,evadne,2479,evadne,2479,
Saccharina,Pabay_15_7_22_3,Pabay,15_7_2022,15,7,2022,zooplankton,22346,Gastropoda,238,gastropoda,238,
Saccharina,Pabay_15_7_22_3,Pabay,15_7_2022,15,7,2022,zooplankton,22346,holoplankton,19812,holoplankton,19812,
Saccharina,Pabay_15_7_22_3,Pabay,15_7_2022,15,7,2022,zooplankton,22346,hydroids,16,hydroids,16,
Saccharina,Pabay_15_7_22_3,Pabay,15_7_2022,15,7,2022,zooplankton,22346,meroplankton,2532,meroplankton,2532,
Saccharina,Pabay_15_7_22_3,Pabay,15_7_2022,15,7,2022,zooplankton,22346,nemertini_larvae,16,nemertini_larvae,16,
Saccharina,Pabay_15_7_22_3,Pabay,15_7_2022,15,7,2022,zooplankton,22346,obelia,16,obelia,16,
Saccharina,Pabay_15_7_22_3,Pabay,15_7_2022,15,7,2022,zooplankton,22346,ophiura_larvae,35,ophiura_larvae,35,
Saccharina,Pabay_15_7_22_3,Pabay,15_7_2022,15,7,2022,zooplankton,22346,other_polychaetae_larvae,2,other_polychaetae_larvae,2,
Saccharina,Pabay_15_7_22_3,Pabay,15_7_2022,15,7,2022,zooplankton,22346,sabellariidae,35,sabellariidae,35,
Saccharina,Pabay_15_7_22_3,Pabay,15_7_2022,15,7,2022,zooplankton,22346,sagitta,2,sagitta,2,
Saccharina,Pabay_15_7_22_3,Pabay,15_7_2022,15,7,2022,zooplankton,22346,sea_urchin_larvae,2,sea_urchin_larvae,2,
Saccharina,Pabay_15_7_22_3,Pabay,15_7_2022,15,7,2022,zooplankton,22346,solmaris_corona,35,solmaris_corona,35,
Saccharina,Pabay_15_7_22_3,Pabay,15_7_2022,15,7,2022,zooplankton,22346,spionida,153,spionida,153,
Saccharina,Pabay_15_7_22_3,Pabay,15_7_2022,15,7,2022,zooplankton,22346,Balanoida,51,total_balanoida,51,
Saccharina,Pabay_15_7_22_3,Pabay,15_7_2022,15,7,2022,zooplankton,22346,Branchiopoda,2479,Branchiopoda,2479,
Saccharina,Pabay_15_7_22_3,Pabay,15_7_2022,15,7,2022,zooplankton,22346,Copepoda,16654,total_copepoda,16654,
Saccharina,Pabay_15_7_22_3,Pabay,15_7_2022,15,7,2022,zooplankton,22346,Hydrozoa,33,total_hydrozoa,33,
Saccharina,Pabay_15_7_22_3,Pabay,15_7_2022,15,7,2022,zooplankton,22346,Malacostraca,16,Malacostraca,16,
Saccharina,Pabay_15_7_22_3,Pabay,15_7_2022,15,7,2022,zooplankton,22346,Polychaeta,189,total_polychaeta,189,
Alaria,Pabay_16_9_21_1,Pabay,16_9_2021,16,9,2021,zooplankton,23875,Bivalvia,764,bivalvia,764,
Alaria,Pabay_16_9_21_1,Pabay,16_9_2021,16,9,2021,zooplankton,23875,Bryozoa,2,bryozoa,2,
Alaria,Pabay_16_9_21_1,Pabay,16_9_2021,16,9,2021,zooplankton,23875,copepod_nauplii,11026,copepod_nauplii,11026,
Alaria,Pabay_16_9_21_1,Pabay,16_9_2021,16,9,2021,zooplankton,23875,copepods,5399,copepods,5399,
Alaria,Pabay_16_9_21_1,Pabay,16_9_2021,16,9,2021,zooplankton,23875,decapoda_larvae,178,decapoda_larvae,178,
Alaria,Pabay_16_9_21_1,Pabay,16_9_2021,16,9,2021,zooplankton,23875,evadne,76,evadne,76,
Alaria,Pabay_16_9_21_1,Pabay,16_9_2021,16,9,2021,zooplankton,23875,fish_egg,51,fish_egg,51,
Alaria,Pabay_16_9_21_1,Pabay,16_9_2021,16,9,2021,zooplankton,23875,Gastropoda,1681,gastropoda,1681,
Alaria,Pabay_16_9_21_1,Pabay,16_9_2021,16,9,2021,zooplankton,23875,holoplankton,20934,holoplankton,20934,
Alaria,Pabay_16_9_21_1,Pabay,16_9_2021,16,9,2021,zooplankton,23875,meroplankton,2941,meroplankton,2941,
Alaria,Pabay_16_9_21_1,Pabay,16_9_2021,16,9,2021,zooplankton,23875,microfibers,25,microfibers,25,
Alaria,Pabay_16_9_21_1,Pabay,16_9_2021,16,9,2021,zooplankton,23875,obelia,2,obelia,2,
Alaria,Pabay_16_9_21_1,Pabay,16_9_2021,16,9,2021,zooplankton,23875,ophiura_larvae,2,ophiura_larvae,2,
Alaria,Pabay_16_9_21_1,Pabay,16_9_2021,16,9,2021,zooplankton,23875,other_polychaetae_larvae,2,other_polychaetae_larvae,2,
Alaria,Pabay_16_9_21_1,Pabay,16_9_2021,16,9,2021,zooplankton,23875,podon,2,podon,2,
Alaria,Pabay_16_9_21_1,Pabay,16_9_2021,16,9,2021,zooplankton,23875,sabellariidae,306,sabellariidae,306,
Alaria,Pabay_16_9_21_1,Pabay,16_9_2021,16,9,2021,zooplankton,23875,spionida,2,spionida,2,
Alaria,Pabay_16_9_21_1,Pabay,16_9_2021,16,9,2021,zooplankton,23875,Balanoida,76,total_balanoida,76,
Alaria,Pabay_16_9_21_1,Pabay,16_9_2021,16,9,2021,zooplankton,23875,Branchiopoda,78,Branchiopoda,78,
Alaria,Pabay_16_9_21_1,Pabay,16_9_2021,16,9,2021,zooplankton,23875,Copepoda,16425,total_copepoda,16425,
Alaria,Pabay_16_9_21_1,Pabay,16_9_2021,16,9,2021,zooplankton,23875,Hydrozoa,2,total_hydrozoa,2,
Alaria,Pabay_16_9_21_1,Pabay,16_9_2021,16,9,2021,zooplankton,23875,Malacostraca,178,Malacostraca,178,
Alaria,Pabay_16_9_21_1,Pabay,16_9_2021,16,9,2021,zooplankton,23875,Polychaeta,310,total_polychaeta,310,
Saccharina,Pabay_16_9_21_1,Pabay,16_9_2021,16,9,2021,zooplankton,23875,Bivalvia,764,bivalvia,764,
Saccharina,Pabay_16_9_21_1,Pabay,16_9_2021,16,9,2021,zooplankton,23875,Bryozoa,2,bryozoa,2,
Saccharina,Pabay_16_9_21_1,Pabay,16_9_2021,16,9,2021,zooplankton,23875,copepod_nauplii,11026,copepod_nauplii,11026,
Saccharina,Pabay_16_9_21_1,Pabay,16_9_2021,16,9,2021,zooplankton,23875,copepods,5399,copepods,5399,
Saccharina,Pabay_16_9_21_1,Pabay,16_9_2021,16,9,2021,zooplankton,23875,decapoda_larvae,178,decapoda_larvae,178,
Saccharina,Pabay_16_9_21_1,Pabay,16_9_2021,16,9,2021,zooplankton,23875,evadne,76,evadne,76,
Saccharina,Pabay_16_9_21_1,Pabay,16_9_2021,16,9,2021,zooplankton,23875,fish_egg,51,fish_egg,51,
Saccharina,Pabay_16_9_21_1,Pabay,16_9_2021,16,9,2021,zooplankton,23875,Gastropoda,1681,gastropoda,1681,
Saccharina,Pabay_16_9_21_1,Pabay,16_9_2021,16,9,2021,zooplankton,23875,holoplankton,20934,holoplankton,20934,
Saccharina,Pabay_16_9_21_1,Pabay,16_9_2021,16,9,2021,zooplankton,23875,meroplankton,2941,meroplankton,2941,
Saccharina,Pabay_16_9_21_1,Pabay,16_9_2021,16,9,2021,zooplankton,23875,microfibers,25,microfibers,25,
Saccharina,Pabay_16_9_21_1,Pabay,16_9_2021,16,9,2021,zooplankton,23875,obelia,2,obelia,2,
Saccharina,Pabay_16_9_21_1,Pabay,16_9_2021,16,9,2021,zooplankton,23875,ophiura_larvae,2,ophiura_larvae,2,
Saccharina,Pabay_16_9_21_1,Pabay,16_9_2021,16,9,2021,zooplankton,23875,other_polychaetae_larvae,2,other_polychaetae_larvae,2,
Saccharina,Pabay_16_9_21_1,Pabay,16_9_2021,16,9,2021,zooplankton,23875,podon,2,podon,2,
Saccharina,Pabay_16_9_21_1,Pabay,16_9_2021,16,9,2021,zooplankton,23875,sabellariidae,306,sabellariidae,306,
Saccharina,Pabay_16_9_21_1,Pabay,16_9_2021,16,9,2021,zooplankton,23875,spionida,2,spionida,2,
Saccharina,Pabay_16_9_21_1,Pabay,16_9_2021,16,9,2021,zooplankton,23875,Balanoida,76,total_balanoida,76,
Saccharina,Pabay_16_9_21_1,Pabay,16_9_2021,16,9,2021,zooplankton,23875,Branchiopoda,78,Branchiopoda,78,
Saccharina,Pabay_16_9_21_1,Pabay,16_9_2021,16,9,2021,zooplankton,23875,Copepoda,16425,total_copepoda,16425,
Saccharina,Pabay_16_9_21_1,Pabay,16_9_2021,16,9,2021,zooplankton,23875,Hydrozoa,2,total_hydrozoa,2,
Saccharina,Pabay_16_9_21_1,Pabay,16_9_2021,16,9,2021,zooplankton,23875,Malacostraca,178,Malacostraca,178,
Saccharina,Pabay_16_9_21_1,Pabay,16_9_2021,16,9,2021,zooplankton,23875,Polychaeta,310,total_polychaeta,310,
Alaria,Pabay_16_9_21_2,Pabay,16_9_2021,16,9,2021,zooplankton,19499,Bivalvia,509,bivalvia,509,
Alaria,Pabay_16_9_21_2,Pabay,16_9_2021,16,9,2021,zooplankton,19499,Bryozoa,2,bryozoa,2,
Alaria,Pabay_16_9_21_2,Pabay,16_9_2021,16,9,2021,zooplankton,19499,copepod_nauplii,8590,copepod_nauplii,8590,
Alaria,Pabay_16_9_21_2,Pabay,16_9_2021,16,9,2021,zooplankton,19499,copepods,5229,copepods,5229,
Alaria,Pabay_16_9_21_2,Pabay,16_9_2021,16,9,2021,zooplankton,19499,decapoda_larvae,221,decapoda_larvae,221,
Alaria,Pabay_16_9_21_2,Pabay,16_9_2021,16,9,2021,zooplankton,19499,evadne,17,evadne,17,
Alaria,Pabay_16_9_21_2,Pabay,16_9_2021,16,9,2021,zooplankton,19499,fish_egg,34,fish_egg,34,
Alaria,Pabay_16_9_21_2,Pabay,16_9_2021,16,9,2021,zooplankton,19499,Gastropoda,611,gastropoda,611,
Alaria,Pabay_16_9_21_2,Pabay,16_9_2021,16,9,2021,zooplankton,19499,holoplankton,17895,holoplankton,17895,
Alaria,Pabay_16_9_21_2,Pabay,16_9_2021,16,9,2021,zooplankton,19499,lizzia_blondina,17,lizzia_blondina,17,
Alaria,Pabay_16_9_21_2,Pabay,16_9_2021,16,9,2021,zooplankton,19499,meroplankton,1604,meroplankton,1604,
Alaria,Pabay_16_9_21_2,Pabay,16_9_2021,16,9,2021,zooplankton,19499,microfibers,17,microfibers,17,
Alaria,Pabay_16_9_21_2,Pabay,16_9_2021,16,9,2021,zooplankton,19499,obelia,2,obelia,2,
Alaria,Pabay_16_9_21_2,Pabay,16_9_2021,16,9,2021,zooplankton,19499,ophiura_larvae,2,ophiura_larvae,2,
Alaria,Pabay_16_9_21_2,Pabay,16_9_2021,16,9,2021,zooplankton,19499,podon,2,podon,2,
Alaria,Pabay_16_9_21_2,Pabay,16_9_2021,16,9,2021,zooplankton,19499,sabellariidae,221,sabellariidae,221,
Alaria,Pabay_16_9_21_2,Pabay,16_9_2021,16,9,2021,zooplankton,19499,stauridiosarsia_gemmifera,2,stauridiosarsia_gemmifera,2,
Alaria,Pabay_16_9_21_2,Pabay,16_9_2021,16,9,2021,zooplankton,19499,Branchiopoda,19,Branchiopoda,19,
Alaria,Pabay_16_9_21_2,Pabay,16_9_2021,16,9,2021,zooplankton,19499,Copepoda,13819,total_copepoda,13819,
Alaria,Pabay_16_9_21_2,Pabay,16_9_2021,16,9,2021,zooplankton,19499,Hydrozoa,21,total_hydrozoa,21,
Alaria,Pabay_16_9_21_2,Pabay,16_9_2021,16,9,2021,zooplankton,19499,Malacostraca,221,Malacostraca,221,
Alaria,Pabay_16_9_21_2,Pabay,16_9_2021,16,9,2021,zooplankton,19499,Polychaeta,221,total_polychaeta,221,
Saccharina,Pabay_16_9_21_2,Pabay,16_9_2021,16,9,2021,zooplankton,19499,Bivalvia,509,bivalvia,509,
Saccharina,Pabay_16_9_21_2,Pabay,16_9_2021,16,9,2021,zooplankton,19499,Bryozoa,2,bryozoa,2,
Saccharina,Pabay_16_9_21_2,Pabay,16_9_2021,16,9,2021,zooplankton,19499,copepod_nauplii,8590,copepod_nauplii,8590,
Saccharina,Pabay_16_9_21_2,Pabay,16_9_2021,16,9,2021,zooplankton,19499,copepods,5229,copepods,5229,
Saccharina,Pabay_16_9_21_2,Pabay,16_9_2021,16,9,2021,zooplankton,19499,decapoda_larvae,221,decapoda_larvae,221,
Saccharina,Pabay_16_9_21_2,Pabay,16_9_2021,16,9,2021,zooplankton,19499,evadne,17,evadne,17,
Saccharina,Pabay_16_9_21_2,Pabay,16_9_2021,16,9,2021,zooplankton,19499,fish_egg,34,fish_egg,34,
Saccharina,Pabay_16_9_21_2,Pabay,16_9_2021,16,9,2021,zooplankton,19499,Gastropoda,611,gastropoda,611,
Saccharina,Pabay_16_9_21_2,Pabay,16_9_2021,16,9,2021,zooplankton,19499,holoplankton,17895,holoplankton,17895,
Saccharina,Pabay_16_9_21_2,Pabay,16_9_2021,16,9,2021,zooplankton,19499,lizzia_blondina,17,lizzia_blondina,17,
Saccharina,Pabay_16_9_21_2,Pabay,16_9_2021,16,9,2021,zooplankton,19499,meroplankton,1604,meroplankton,1604,
Saccharina,Pabay_16_9_21_2,Pabay,16_9_2021,16,9,2021,zooplankton,19499,microfibers,17,microfibers,17,
Saccharina,Pabay_16_9_21_2,Pabay,16_9_2021,16,9,2021,zooplankton,19499,obelia,2,obelia,2,
Saccharina,Pabay_16_9_21_2,Pabay,16_9_2021,16,9,2021,zooplankton,19499,ophiura_larvae,2,ophiura_larvae,2,
Saccharina,Pabay_16_9_21_2,Pabay,16_9_2021,16,9,2021,zooplankton,19499,podon,2,podon,2,
Saccharina,Pabay_16_9_21_2,Pabay,16_9_2021,16,9,2021,zooplankton,19499,sabellariidae,221,sabellariidae,221,
Saccharina,Pabay_16_9_21_2,Pabay,16_9_2021,16,9,2021,zooplankton,19499,stauridiosarsia_gemmifera,2,stauridiosarsia_gemmifera,2,
Saccharina,Pabay_16_9_21_2,Pabay,16_9_2021,16,9,2021,zooplankton,19499,Branchiopoda,19,Branchiopoda,19,
Saccharina,Pabay_16_9_21_2,Pabay,16_9_2021,16,9,2021,zooplankton,19499,Copepoda,13819,total_copepoda,13819,
Saccharina,Pabay_16_9_21_2,Pabay,16_9_2021,16,9,2021,zooplankton,19499,Hydrozoa,21,total_hydrozoa,21,
Saccharina,Pabay_16_9_21_2,Pabay,16_9_2021,16,9,2021,zooplankton,19499,Malacostraca,221,Malacostraca,221,
Saccharina,Pabay_16_9_21_2,Pabay,16_9_2021,16,9,2021,zooplankton,19499,Polychaeta,221,total_polychaeta,221,
Alaria,Pabay_16_9_21_3,Pabay,16_9_2021,16,9,2021,zooplankton,16679,Bivalvia,153,bivalvia,153,
Alaria,Pabay_16_9_21_3,Pabay,16_9_2021,16,9,2021,zooplankton,16679,Bryozoa,51,bryozoa,51,
Alaria,Pabay_16_9_21_3,Pabay,16_9_2021,16,9,2021,zooplankton,16679,copepod_nauplii,7308,copepod_nauplii,7308,
Alaria,Pabay_16_9_21_3,Pabay,16_9_2021,16,9,2021,zooplankton,16679,copepods,4380,copepods,4380,
Alaria,Pabay_16_9_21_3,Pabay,16_9_2021,16,9,2021,zooplankton,16679,decapoda_larvae,2,decapoda_larvae,2,
Alaria,Pabay_16_9_21_3,Pabay,16_9_2021,16,9,2021,zooplankton,16679,evadne,2,evadne,2,
Alaria,Pabay_16_9_21_3,Pabay,16_9_2021,16,9,2021,zooplankton,16679,fish_egg,34,fish_egg,34,
Alaria,Pabay_16_9_21_3,Pabay,16_9_2021,16,9,2021,zooplankton,16679,Gastropoda,127,gastropoda,127,
Alaria,Pabay_16_9_21_3,Pabay,16_9_2021,16,9,2021,zooplankton,16679,holoplankton,16285,holoplankton,16285,
Alaria,Pabay_16_9_21_3,Pabay,16_9_2021,16,9,2021,zooplankton,16679,lizzia_blondina,17,lizzia_blondina,17,
Alaria,Pabay_16_9_21_3,Pabay,16_9_2021,16,9,2021,zooplankton,16679,meroplankton,395,meroplankton,395,
Alaria,Pabay_16_9_21_3,Pabay,16_9_2021,16,9,2021,zooplankton,16679,microfibers,2,microfibers,2,
Alaria,Pabay_16_9_21_3,Pabay,16_9_2021,16,9,2021,zooplankton,16679,obelia,17,obelia,17,
Alaria,Pabay_16_9_21_3,Pabay,16_9_2021,16,9,2021,zooplankton,16679,podon,2,podon,2,
Alaria,Pabay_16_9_21_3,Pabay,16_9_2021,16,9,2021,zooplankton,16679,sabellariidae,25,sabellariidae,25,
Alaria,Pabay_16_9_21_3,Pabay,16_9_2021,16,9,2021,zooplankton,16679,Branchiopoda,4,Branchiopoda,4,
Alaria,Pabay_16_9_21_3,Pabay,16_9_2021,16,9,2021,zooplankton,16679,Copepoda,11688,total_copepoda,11688,
Alaria,Pabay_16_9_21_3,Pabay,16_9_2021,16,9,2021,zooplankton,16679,Hydrozoa,34,total_hydrozoa,34,
Alaria,Pabay_16_9_21_3,Pabay,16_9_2021,16,9,2021,zooplankton,16679,Malacostraca,2,Malacostraca,2,
Alaria,Pabay_16_9_21_3,Pabay,16_9_2021,16,9,2021,zooplankton,16679,Polychaeta,25,total_polychaeta,25,
Saccharina,Pabay_16_9_21_3,Pabay,16_9_2021,16,9,2021,zooplankton,16679,Bivalvia,153,bivalvia,153,
Saccharina,Pabay_16_9_21_3,Pabay,16_9_2021,16,9,2021,zooplankton,16679,Bryozoa,51,bryozoa,51,
Saccharina,Pabay_16_9_21_3,Pabay,16_9_2021,16,9,2021,zooplankton,16679,copepod_nauplii,7308,copepod_nauplii,7308,
Saccharina,Pabay_16_9_21_3,Pabay,16_9_2021,16,9,2021,zooplankton,16679,copepods,4380,copepods,4380,
Saccharina,Pabay_16_9_21_3,Pabay,16_9_2021,16,9,2021,zooplankton,16679,decapoda_larvae,2,decapoda_larvae,2,
Saccharina,Pabay_16_9_21_3,Pabay,16_9_2021,16,9,2021,zooplankton,16679,evadne,2,evadne,2,
Saccharina,Pabay_16_9_21_3,Pabay,16_9_2021,16,9,2021,zooplankton,16679,fish_egg,34,fish_egg,34,
Saccharina,Pabay_16_9_21_3,Pabay,16_9_2021,16,9,2021,zooplankton,16679,Gastropoda,127,gastropoda,127,
Saccharina,Pabay_16_9_21_3,Pabay,16_9_2021,16,9,2021,zooplankton,16679,holoplankton,16285,holoplankton,16285,
Saccharina,Pabay_16_9_21_3,Pabay,16_9_2021,16,9,2021,zooplankton,16679,lizzia_blondina,17,lizzia_blondina,17,
Saccharina,Pabay_16_9_21_3,Pabay,16_9_2021,16,9,2021,zooplankton,16679,meroplankton,395,meroplankton,395,
Saccharina,Pabay_16_9_21_3,Pabay,16_9_2021,16,9,2021,zooplankton,16679,microfibers,2,microfibers,2,
Saccharina,Pabay_16_9_21_3,Pabay,16_9_2021,16,9,2021,zooplankton,16679,obelia,17,obelia,17,
Saccharina,Pabay_16_9_21_3,Pabay,16_9_2021,16,9,2021,zooplankton,16679,podon,2,podon,2,
Saccharina,Pabay_16_9_21_3,Pabay,16_9_2021,16,9,2021,zooplankton,16679,sabellariidae,25,sabellariidae,25,
Saccharina,Pabay_16_9_21_3,Pabay,16_9_2021,16,9,2021,zooplankton,16679,Branchiopoda,4,Branchiopoda,4,
Saccharina,Pabay_16_9_21_3,Pabay,16_9_2021,16,9,2021,zooplankton,16679,Copepoda,11688,total_copepoda,11688,
Saccharina,Pabay_16_9_21_3,Pabay,16_9_2021,16,9,2021,zooplankton,16679,Hydrozoa,34,total_hydrozoa,34,
Saccharina,Pabay_16_9_21_3,Pabay,16_9_2021,16,9,2021,zooplankton,16679,Malacostraca,2,Malacostraca,2,
Saccharina,Pabay_16_9_21_3,Pabay,16_9_2021,16,9,2021,zooplankton,16679,Polychaeta,25,total_polychaeta,25,
Alaria,Pabay_21_12_21_1,Pabay,21_12_2021,21,12,2021,zooplankton,685,Bivalvia,2,bivalvia,2,
Alaria,Pabay_21_12_21_1,Pabay,21_12_2021,21,12,2021,zooplankton,685,Bryozoa,34,bryozoa,34,
Alaria,Pabay_21_12_21_1,Pabay,21_12_2021,21,12,2021,zooplankton,685,copepod_nauplii,221,copepod_nauplii,221,
Alaria,Pabay_21_12_21_1,Pabay,21_12_2021,21,12,2021,zooplankton,685,copepods,390,copepods,390,
Alaria,Pabay_21_12_21_1,Pabay,21_12_2021,21,12,2021,zooplankton,685,Gastropoda,34,gastropoda,34,
Alaria,Pabay_21_12_21_1,Pabay,21_12_2021,21,12,2021,zooplankton,685,holoplankton,613,holoplankton,613,
Alaria,Pabay_21_12_21_1,Pabay,21_12_2021,21,12,2021,zooplankton,685,meroplankton,72,meroplankton,72,
Alaria,Pabay_21_12_21_1,Pabay,21_12_2021,21,12,2021,zooplankton,685,microfibers,2,microfibers,2,
Alaria,Pabay_21_12_21_1,Pabay,21_12_2021,21,12,2021,zooplankton,685,sabellariidae,2,sabellariidae,2,
Alaria,Pabay_21_12_21_1,Pabay,21_12_2021,21,12,2021,zooplankton,685,Copepoda,611,total_copepoda,611,
Alaria,Pabay_21_12_21_1,Pabay,21_12_2021,21,12,2021,zooplankton,685,Polychaeta,2,total_polychaeta,2,
Saccharina,Pabay_21_12_21_1,Pabay,21_12_2021,21,12,2021,zooplankton,685,Bivalvia,2,bivalvia,2,
Saccharina,Pabay_21_12_21_1,Pabay,21_12_2021,21,12,2021,zooplankton,685,Bryozoa,34,bryozoa,34,
Saccharina,Pabay_21_12_21_1,Pabay,21_12_2021,21,12,2021,zooplankton,685,copepod_nauplii,221,copepod_nauplii,221,
Saccharina,Pabay_21_12_21_1,Pabay,21_12_2021,21,12,2021,zooplankton,685,copepods,390,copepods,390,
Saccharina,Pabay_21_12_21_1,Pabay,21_12_2021,21,12,2021,zooplankton,685,Gastropoda,34,gastropoda,34,
Saccharina,Pabay_21_12_21_1,Pabay,21_12_2021,21,12,2021,zooplankton,685,holoplankton,613,holoplankton,613,
Saccharina,Pabay_21_12_21_1,Pabay,21_12_2021,21,12,2021,zooplankton,685,meroplankton,72,meroplankton,72,
Saccharina,Pabay_21_12_21_1,Pabay,21_12_2021,21,12,2021,zooplankton,685,microfibers,2,microfibers,2,
Saccharina,Pabay_21_12_21_1,Pabay,21_12_2021,21,12,2021,zooplankton,685,sabellariidae,2,sabellariidae,2,
Saccharina,Pabay_21_12_21_1,Pabay,21_12_2021,21,12,2021,zooplankton,685,Copepoda,611,total_copepoda,611,
Saccharina,Pabay_21_12_21_1,Pabay,21_12_2021,21,12,2021,zooplankton,685,Polychaeta,2,total_polychaeta,2,
Alaria,Pabay_21_12_21_2,Pabay,21_12_2021,21,12,2021,zooplankton,766,Bivalvia,17,bivalvia,17,
Alaria,Pabay_21_12_21_2,Pabay,21_12_2021,21,12,2021,zooplankton,766,Bryozoa,34,bryozoa,34,
Alaria,Pabay_21_12_21_2,Pabay,21_12_2021,21,12,2021,zooplankton,766,copepod_nauplii,340,copepod_nauplii,340,
Alaria,Pabay_21_12_21_2,Pabay,21_12_2021,21,12,2021,zooplankton,766,copepods,289,copepods,289,
Alaria,Pabay_21_12_21_2,Pabay,21_12_2021,21,12,2021,zooplankton,766,Gastropoda,68,gastropoda,68,
Alaria,Pabay_21_12_21_2,Pabay,21_12_2021,21,12,2021,zooplankton,766,holoplankton,630,holoplankton,630,
Alaria,Pabay_21_12_21_2,Pabay,21_12_2021,21,12,2021,zooplankton,766,meroplankton,136,meroplankton,136,
Alaria,Pabay_21_12_21_2,Pabay,21_12_2021,21,12,2021,zooplankton,766,microfibers,2,microfibers,2,
Alaria,Pabay_21_12_21_2,Pabay,21_12_2021,21,12,2021,zooplankton,766,sabellariidae,17,sabellariidae,17,
Alaria,Pabay_21_12_21_2,Pabay,21_12_2021,21,12,2021,zooplankton,766,Copepoda,628,total_copepoda,628,
Alaria,Pabay_21_12_21_2,Pabay,21_12_2021,21,12,2021,zooplankton,766,Polychaeta,17,total_polychaeta,17,
Saccharina,Pabay_21_12_21_2,Pabay,21_12_2021,21,12,2021,zooplankton,766,Bivalvia,17,bivalvia,17,
Saccharina,Pabay_21_12_21_2,Pabay,21_12_2021,21,12,2021,zooplankton,766,Bryozoa,34,bryozoa,34,
Saccharina,Pabay_21_12_21_2,Pabay,21_12_2021,21,12,2021,zooplankton,766,copepod_nauplii,340,copepod_nauplii,340,
Saccharina,Pabay_21_12_21_2,Pabay,21_12_2021,21,12,2021,zooplankton,766,copepods,289,copepods,289,
Saccharina,Pabay_21_12_21_2,Pabay,21_12_2021,21,12,2021,zooplankton,766,Gastropoda,68,gastropoda,68,
Saccharina,Pabay_21_12_21_2,Pabay,21_12_2021,21,12,2021,zooplankton,766,holoplankton,630,holoplankton,630,
Saccharina,Pabay_21_12_21_2,Pabay,21_12_2021,21,12,2021,zooplankton,766,meroplankton,136,meroplankton,136,
Saccharina,Pabay_21_12_21_2,Pabay,21_12_2021,21,12,2021,zooplankton,766,microfibers,2,microfibers,2,
Saccharina,Pabay_21_12_21_2,Pabay,21_12_2021,21,12,2021,zooplankton,766,sabellariidae,17,sabellariidae,17,
Saccharina,Pabay_21_12_21_2,Pabay,21_12_2021,21,12,2021,zooplankton,766,Copepoda,628,total_copepoda,628,
Saccharina,Pabay_21_12_21_2,Pabay,21_12_2021,21,12,2021,zooplankton,766,Polychaeta,17,total_polychaeta,17,
Alaria,Pabay_21_12_21_3,Pabay,21_12_2021,21,12,2021,zooplankton,369,Bivalvia,17,bivalvia,17,
Alaria,Pabay_21_12_21_3,Pabay,21_12_2021,21,12,2021,zooplankton,369,Bryozoa,34,bryozoa,34,
Alaria,Pabay_21_12_21_3,Pabay,21_12_2021,21,12,2021,zooplankton,369,copepod_nauplii,85,copepod_nauplii,85,
Alaria,Pabay_21_12_21_3,Pabay,21_12_2021,21,12,2021,zooplankton,369,copepods,221,copepods,221,
Alaria,Pabay_21_12_21_3,Pabay,21_12_2021,21,12,2021,zooplankton,369,Gastropoda,10,gastropoda,10,
Alaria,Pabay_21_12_21_3,Pabay,21_12_2021,21,12,2021,zooplankton,369,holoplankton,306,holoplankton,306,
Alaria,Pabay_21_12_21_3,Pabay,21_12_2021,21,12,2021,zooplankton,369,meroplankton,63,meroplankton,63,
Alaria,Pabay_21_12_21_3,Pabay,21_12_2021,21,12,2021,zooplankton,369,microfibers,2,microfibers,2,
Alaria,Pabay_21_12_21_3,Pabay,21_12_2021,21,12,2021,zooplankton,369,sabellariidae,2,sabellariidae,2,
Alaria,Pabay_21_12_21_3,Pabay,21_12_2021,21,12,2021,zooplankton,369,Copepoda,306,total_copepoda,306,
Alaria,Pabay_21_12_21_3,Pabay,21_12_2021,21,12,2021,zooplankton,369,Polychaeta,2,total_polychaeta,2,
Saccharina,Pabay_21_12_21_3,Pabay,21_12_2021,21,12,2021,zooplankton,369,Bivalvia,17,bivalvia,17,
Saccharina,Pabay_21_12_21_3,Pabay,21_12_2021,21,12,2021,zooplankton,369,Bryozoa,34,bryozoa,34,
Saccharina,Pabay_21_12_21_3,Pabay,21_12_2021,21,12,2021,zooplankton,369,copepod_nauplii,85,copepod_nauplii,85,
Saccharina,Pabay_21_12_21_3,Pabay,21_12_2021,21,12,2021,zooplankton,369,copepods,221,copepods,221,
Saccharina,Pabay_21_12_21_3,Pabay,21_12_2021,21,12,2021,zooplankton,369,Gastropoda,10,gastropoda,10,
Saccharina,Pabay_21_12_21_3,Pabay,21_12_2021,21,12,2021,zooplankton,369,holoplankton,306,holoplankton,306,
Saccharina,Pabay_21_12_21_3,Pabay,21_12_2021,21,12,2021,zooplankton,369,meroplankton,63,meroplankton,63,
Saccharina,Pabay_21_12_21_3,Pabay,21_12_2021,21,12,2021,zooplankton,369,microfibers,2,microfibers,2,
Saccharina,Pabay_21_12_21_3,Pabay,21_12_2021,21,12,2021,zooplankton,369,sabellariidae,2,sabellariidae,2,
Saccharina,Pabay_21_12_21_3,Pabay,21_12_2021,21,12,2021,zooplankton,369,Copepoda,306,total_copepoda,306,
Saccharina,Pabay_21_12_21_3,Pabay,21_12_2021,21,12,2021,zooplankton,369,Polychaeta,2,total_polychaeta,2,
Alaria,Pabay_21_3_22_1,Pabay,21_3_2022,21,3,2022,zooplankton,2659,Bivalvia,331,bivalvia,331,
Alaria,Pabay_21_3_22_1,Pabay,21_3_2022,21,3,2022,zooplankton,2659,Bryozoa,51,bryozoa,51,
Alaria,Pabay_21_3_22_1,Pabay,21_3_2022,21,3,2022,zooplankton,2659,copepod_nauplii,306,copepod_nauplii,306,
Alaria,Pabay_21_3_22_1,Pabay,21_3_2022,21,3,2022,zooplankton,2659,copepods,102,copepods,102,
Alaria,Pabay_21_3_22_1,Pabay,21_3_2022,21,3,2022,zooplankton,2659,decapoda_larvae,2,decapoda_larvae,2,
Alaria,Pabay_21_3_22_1,Pabay,21_3_2022,21,3,2022,zooplankton,2659,evadne,2,evadne,2,
Alaria,Pabay_21_3_22_1,Pabay,21_3_2022,21,3,2022,zooplankton,2659,Gastropoda,51,gastropoda,51,
Alaria,Pabay_21_3_22_1,Pabay,21_3_2022,21,3,2022,zooplankton,2659,holoplankton,1988,holoplankton,1988,
Alaria,Pabay_21_3_22_1,Pabay,21_3_2022,21,3,2022,zooplankton,2659,meroplankton,670,meroplankton,670,
Alaria,Pabay_21_3_22_1,Pabay,21_3_2022,21,3,2022,zooplankton,2659,microfibers,25,microfibers,25,
Alaria,Pabay_21_3_22_1,Pabay,21_3_2022,21,3,2022,zooplankton,2659,mp_fragments,25,mp_fragments,25,
Alaria,Pabay_21_3_22_1,Pabay,21_3_2022,21,3,2022,zooplankton,2659,obelia,2,obelia,2,
Alaria,Pabay_21_3_22_1,Pabay,21_3_2022,21,3,2022,zooplankton,2659,ophiura_larvae,2,ophiura_larvae,2,
Alaria,Pabay_21_3_22_1,Pabay,21_3_2022,21,3,2022,zooplankton,2659,other_polychaetae_larvae,127,other_polychaetae_larvae,127,
Alaria,Pabay_21_3_22_1,Pabay,21_3_2022,21,3,2022,zooplankton,2659,sabellariidae,102,sabellariidae,102,
Alaria,Pabay_21_3_22_1,Pabay,21_3_2022,21,3,2022,zooplankton,2659,sea_urchin_larvae,2,sea_urchin_larvae,2,
Alaria,Pabay_21_3_22_1,Pabay,21_3_2022,21,3,2022,zooplankton,2659,Balanoida,1451,total_balanoida,1451,
Alaria,Pabay_21_3_22_1,Pabay,21_3_2022,21,3,2022,zooplankton,2659,Branchiopoda,2,Branchiopoda,2,
Alaria,Pabay_21_3_22_1,Pabay,21_3_2022,21,3,2022,zooplankton,2659,Copepoda,407,total_copepoda,407,
Alaria,Pabay_21_3_22_1,Pabay,21_3_2022,21,3,2022,zooplankton,2659,Hydrozoa,2,total_hydrozoa,2,
Alaria,Pabay_21_3_22_1,Pabay,21_3_2022,21,3,2022,zooplankton,2659,Malacostraca,2,Malacostraca,2,
Alaria,Pabay_21_3_22_1,Pabay,21_3_2022,21,3,2022,zooplankton,2659,Polychaeta,229,total_polychaeta,229,
Saccharina,Pabay_21_3_22_1,Pabay,21_3_2022,21,3,2022,zooplankton,2659,Bivalvia,331,bivalvia,331,
Saccharina,Pabay_21_3_22_1,Pabay,21_3_2022,21,3,2022,zooplankton,2659,Bryozoa,51,bryozoa,51,
Saccharina,Pabay_21_3_22_1,Pabay,21_3_2022,21,3,2022,zooplankton,2659,copepod_nauplii,306,copepod_nauplii,306,
Saccharina,Pabay_21_3_22_1,Pabay,21_3_2022,21,3,2022,zooplankton,2659,copepods,102,copepods,102,
Saccharina,Pabay_21_3_22_1,Pabay,21_3_2022,21,3,2022,zooplankton,2659,decapoda_larvae,2,decapoda_larvae,2,
Saccharina,Pabay_21_3_22_1,Pabay,21_3_2022,21,3,2022,zooplankton,2659,evadne,2,evadne,2,
Saccharina,Pabay_21_3_22_1,Pabay,21_3_2022,21,3,2022,zooplankton,2659,Gastropoda,51,gastropoda,51,
Saccharina,Pabay_21_3_22_1,Pabay,21_3_2022,21,3,2022,zooplankton,2659,holoplankton,1988,holoplankton,1988,
Saccharina,Pabay_21_3_22_1,Pabay,21_3_2022,21,3,2022,zooplankton,2659,meroplankton,670,meroplankton,670,
Saccharina,Pabay_21_3_22_1,Pabay,21_3_2022,21,3,2022,zooplankton,2659,microfibers,25,microfibers,25,
Saccharina,Pabay_21_3_22_1,Pabay,21_3_2022,21,3,2022,zooplankton,2659,mp_fragments,25,mp_fragments,25,
Saccharina,Pabay_21_3_22_1,Pabay,21_3_2022,21,3,2022,zooplankton,2659,obelia,2,obelia,2,
Saccharina,Pabay_21_3_22_1,Pabay,21_3_2022,21,3,2022,zooplankton,2659,ophiura_larvae,2,ophiura_larvae,2,
Saccharina,Pabay_21_3_22_1,Pabay,21_3_2022,21,3,2022,zooplankton,2659,other_polychaetae_larvae,127,other_polychaetae_larvae,127,
Saccharina,Pabay_21_3_22_1,Pabay,21_3_2022,21,3,2022,zooplankton,2659,sabellariidae,102,sabellariidae,102,
Saccharina,Pabay_21_3_22_1,Pabay,21_3_2022,21,3,2022,zooplankton,2659,sea_urchin_larvae,2,sea_urchin_larvae,2,
Saccharina,Pabay_21_3_22_1,Pabay,21_3_2022,21,3,2022,zooplankton,2659,Balanoida,1451,total_balanoida,1451,
Saccharina,Pabay_21_3_22_1,Pabay,21_3_2022,21,3,2022,zooplankton,2659,Branchiopoda,2,Branchiopoda,2,
Saccharina,Pabay_21_3_22_1,Pabay,21_3_2022,21,3,2022,zooplankton,2659,Copepoda,407,total_copepoda,407,
Saccharina,Pabay_21_3_22_1,Pabay,21_3_2022,21,3,2022,zooplankton,2659,Hydrozoa,2,total_hydrozoa,2,
Saccharina,Pabay_21_3_22_1,Pabay,21_3_2022,21,3,2022,zooplankton,2659,Malacostraca,2,Malacostraca,2,
Saccharina,Pabay_21_3_22_1,Pabay,21_3_2022,21,3,2022,zooplankton,2659,Polychaeta,229,total_polychaeta,229,
Alaria,Pabay_21_3_22_2,Pabay,21_3_2022,21,3,2022,zooplankton,6065,Bivalvia,611,bivalvia,611,
Alaria,Pabay_21_3_22_2,Pabay,21_3_2022,21,3,2022,zooplankton,6065,Bryozoa,25,bryozoa,25,
Alaria,Pabay_21_3_22_2,Pabay,21_3_2022,21,3,2022,zooplankton,6065,copepod_nauplii,535,copepod_nauplii,535,
Alaria,Pabay_21_3_22_2,Pabay,21_3_2022,21,3,2022,zooplankton,6065,copepods,407,copepods,407,
Alaria,Pabay_21_3_22_2,Pabay,21_3_2022,21,3,2022,zooplankton,6065,decapoda_larvae,2,decapoda_larvae,2,
Alaria,Pabay_21_3_22_2,Pabay,21_3_2022,21,3,2022,zooplankton,6065,fish_egg,76,fish_egg,76,
Alaria,Pabay_21_3_22_2,Pabay,21_3_2022,21,3,2022,zooplankton,6065,Gastropoda,229,gastropoda,229,
Alaria,Pabay_21_3_22_2,Pabay,21_3_2022,21,3,2022,zooplankton,6065,holoplankton,4431,holoplankton,4431,
Alaria,Pabay_21_3_22_2,Pabay,21_3_2022,21,3,2022,zooplankton,6065,meroplankton,1634,meroplankton,1634,
Alaria,Pabay_21_3_22_2,Pabay,21_3_2022,21,3,2022,zooplankton,6065,nemertini_larvae,25,nemertini_larvae,25,
Alaria,Pabay_21_3_22_2,Pabay,21_3_2022,21,3,2022,zooplankton,6065,other_polychaetae_larvae,153,other_polychaetae_larvae,153,
Alaria,Pabay_21_3_22_2,Pabay,21_3_2022,21,3,2022,zooplankton,6065,sabellariidae,535,sabellariidae,535,
Alaria,Pabay_21_3_22_2,Pabay,21_3_2022,21,3,2022,zooplankton,6065,sea_urchin_larvae,51,sea_urchin_larvae,51,
Alaria,Pabay_21_3_22_2,Pabay,21_3_2022,21,3,2022,zooplankton,6065,Balanoida,3259,total_balanoida,3259,
Alaria,Pabay_21_3_22_2,Pabay,21_3_2022,21,3,2022,zooplankton,6065,Copepoda,942,total_copepoda,942,
Alaria,Pabay_21_3_22_2,Pabay,21_3_2022,21,3,2022,zooplankton,6065,Malacostraca,2,Malacostraca,2,
Alaria,Pabay_21_3_22_2,Pabay,21_3_2022,21,3,2022,zooplankton,6065,Polychaeta,688,total_polychaeta,688,
Saccharina,Pabay_21_3_22_2,Pabay,21_3_2022,21,3,2022,zooplankton,6065,Bivalvia,611,bivalvia,611,
Saccharina,Pabay_21_3_22_2,Pabay,21_3_2022,21,3,2022,zooplankton,6065,Bryozoa,25,bryozoa,25,
Saccharina,Pabay_21_3_22_2,Pabay,21_3_2022,21,3,2022,zooplankton,6065,copepod_nauplii,535,copepod_nauplii,535,
Saccharina,Pabay_21_3_22_2,Pabay,21_3_2022,21,3,2022,zooplankton,6065,copepods,407,copepods,407,
Saccharina,Pabay_21_3_22_2,Pabay,21_3_2022,21,3,2022,zooplankton,6065,decapoda_larvae,2,decapoda_larvae,2,
Saccharina,Pabay_21_3_22_2,Pabay,21_3_2022,21,3,2022,zooplankton,6065,fish_egg,76,fish_egg,76,
Saccharina,Pabay_21_3_22_2,Pabay,21_3_2022,21,3,2022,zooplankton,6065,Gastropoda,229,gastropoda,229,
Saccharina,Pabay_21_3_22_2,Pabay,21_3_2022,21,3,2022,zooplankton,6065,holoplankton,4431,holoplankton,4431,
Saccharina,Pabay_21_3_22_2,Pabay,21_3_2022,21,3,2022,zooplankton,6065,meroplankton,1634,meroplankton,1634,
Saccharina,Pabay_21_3_22_2,Pabay,21_3_2022,21,3,2022,zooplankton,6065,nemertini_larvae,25,nemertini_larvae,25,
Saccharina,Pabay_21_3_22_2,Pabay,21_3_2022,21,3,2022,zooplankton,6065,other_polychaetae_larvae,153,other_polychaetae_larvae,153,
Saccharina,Pabay_21_3_22_2,Pabay,21_3_2022,21,3,2022,zooplankton,6065,sabellariidae,535,sabellariidae,535,
Saccharina,Pabay_21_3_22_2,Pabay,21_3_2022,21,3,2022,zooplankton,6065,sea_urchin_larvae,51,sea_urchin_larvae,51,
Saccharina,Pabay_21_3_22_2,Pabay,21_3_2022,21,3,2022,zooplankton,6065,Balanoida,3259,total_balanoida,3259,
Saccharina,Pabay_21_3_22_2,Pabay,21_3_2022,21,3,2022,zooplankton,6065,Copepoda,942,total_copepoda,942,
Saccharina,Pabay_21_3_22_2,Pabay,21_3_2022,21,3,2022,zooplankton,6065,Malacostraca,2,Malacostraca,2,
Saccharina,Pabay_21_3_22_2,Pabay,21_3_2022,21,3,2022,zooplankton,6065,Polychaeta,688,total_polychaeta,688,
Alaria,Pabay_21_3_22_3,Pabay,21_3_2022,21,3,2022,zooplankton,5050,Bivalvia,611,bivalvia,611,
Alaria,Pabay_21_3_22_3,Pabay,21_3_2022,21,3,2022,zooplankton,5050,Bryozoa,76,bryozoa,76,
Alaria,Pabay_21_3_22_3,Pabay,21_3_2022,21,3,2022,zooplankton,5050,copepod_nauplii,458,copepod_nauplii,458,
Alaria,Pabay_21_3_22_3,Pabay,21_3_2022,21,3,2022,zooplankton,5050,copepods,204,copepods,204,
Alaria,Pabay_21_3_22_3,Pabay,21_3_2022,21,3,2022,zooplankton,5050,decapoda_larvae,25,decapoda_larvae,25,
Alaria,Pabay_21_3_22_3,Pabay,21_3_2022,21,3,2022,zooplankton,5050,evadne,2,evadne,2,
Alaria,Pabay_21_3_22_3,Pabay,21_3_2022,21,3,2022,zooplankton,5050,fish_egg,25,fish_egg,25,
Alaria,Pabay_21_3_22_3,Pabay,21_3_2022,21,3,2022,zooplankton,5050,Gastropoda,51,gastropoda,51,
Alaria,Pabay_21_3_22_3,Pabay,21_3_2022,21,3,2022,zooplankton,5050,holoplankton,3847,holoplankton,3847,
Alaria,Pabay_21_3_22_3,Pabay,21_3_2022,21,3,2022,zooplankton,5050,meroplankton,1203,meroplankton,1203,
Alaria,Pabay_21_3_22_3,Pabay,21_3_2022,21,3,2022,zooplankton,5050,microfibers,25,microfibers,25,
Alaria,Pabay_21_3_22_3,Pabay,21_3_2022,21,3,2022,zooplankton,5050,obelia,2,obelia,2,
Alaria,Pabay_21_3_22_3,Pabay,21_3_2022,21,3,2022,zooplankton,5050,ophiura_larvae,2,ophiura_larvae,2,
Alaria,Pabay_21_3_22_3,Pabay,21_3_2022,21,3,2022,zooplankton,5050,other_polychaetae_larvae,102,other_polychaetae_larvae,102,
Alaria,Pabay_21_3_22_3,Pabay,21_3_2022,21,3,2022,zooplankton,5050,sabellariidae,229,sabellariidae,229,
Alaria,Pabay_21_3_22_3,Pabay,21_3_2022,21,3,2022,zooplankton,5050,sea_urchin_larvae,25,sea_urchin_larvae,25,
Alaria,Pabay_21_3_22_3,Pabay,21_3_2022,21,3,2022,zooplankton,5050,Balanoida,2878,total_balanoida,2878,
Alaria,Pabay_21_3_22_3,Pabay,21_3_2022,21,3,2022,zooplankton,5050,Branchiopoda,2,Branchiopoda,2,
Alaria,Pabay_21_3_22_3,Pabay,21_3_2022,21,3,2022,zooplankton,5050,Copepoda,662,total_copepoda,662,
Alaria,Pabay_21_3_22_3,Pabay,21_3_2022,21,3,2022,zooplankton,5050,Hydrozoa,2,total_hydrozoa,2,
Alaria,Pabay_21_3_22_3,Pabay,21_3_2022,21,3,2022,zooplankton,5050,Malacostraca,28,Malacostraca,28,
Alaria,Pabay_21_3_22_3,Pabay,21_3_2022,21,3,2022,zooplankton,5050,Polychaeta,331,total_polychaeta,331,
Saccharina,Pabay_21_3_22_3,Pabay,21_3_2022,21,3,2022,zooplankton,5050,Bivalvia,611,bivalvia,611,
Saccharina,Pabay_21_3_22_3,Pabay,21_3_2022,21,3,2022,zooplankton,5050,Bryozoa,76,bryozoa,76,
Saccharina,Pabay_21_3_22_3,Pabay,21_3_2022,21,3,2022,zooplankton,5050,copepod_nauplii,458,copepod_nauplii,458,
Saccharina,Pabay_21_3_22_3,Pabay,21_3_2022,21,3,2022,zooplankton,5050,copepods,204,copepods,204,
Saccharina,Pabay_21_3_22_3,Pabay,21_3_2022,21,3,2022,zooplankton,5050,decapoda_larvae,25,decapoda_larvae,25,
Saccharina,Pabay_21_3_22_3,Pabay,21_3_2022,21,3,2022,zooplankton,5050,evadne,2,evadne,2,
Saccharina,Pabay_21_3_22_3,Pabay,21_3_2022,21,3,2022,zooplankton,5050,fish_egg,25,fish_egg,25,
Saccharina,Pabay_21_3_22_3,Pabay,21_3_2022,21,3,2022,zooplankton,5050,Gastropoda,51,gastropoda,51,
Saccharina,Pabay_21_3_22_3,Pabay,21_3_2022,21,3,2022,zooplankton,5050,holoplankton,3847,holoplankton,3847,
Saccharina,Pabay_21_3_22_3,Pabay,21_3_2022,21,3,2022,zooplankton,5050,meroplankton,1203,meroplankton,1203,
Saccharina,Pabay_21_3_22_3,Pabay,21_3_2022,21,3,2022,zooplankton,5050,microfibers,25,microfibers,25,
Saccharina,Pabay_21_3_22_3,Pabay,21_3_2022,21,3,2022,zooplankton,5050,obelia,2,obelia,2,
Saccharina,Pabay_21_3_22_3,Pabay,21_3_2022,21,3,2022,zooplankton,5050,ophiura_larvae,2,ophiura_larvae,2,
Saccharina,Pabay_21_3_22_3,Pabay,21_3_2022,21,3,2022,zooplankton,5050,other_polychaetae_larvae,102,other_polychaetae_larvae,102,
Saccharina,Pabay_21_3_22_3,Pabay,21_3_2022,21,3,2022,zooplankton,5050,sabellariidae,229,sabellariidae,229,
Saccharina,Pabay_21_3_22_3,Pabay,21_3_2022,21,3,2022,zooplankton,5050,sea_urchin_larvae,25,sea_urchin_larvae,25,
Saccharina,Pabay_21_3_22_3,Pabay,21_3_2022,21,3,2022,zooplankton,5050,Balanoida,2878,total_balanoida,2878,
Saccharina,Pabay_21_3_22_3,Pabay,21_3_2022,21,3,2022,zooplankton,5050,Branchiopoda,2,Branchiopoda,2,
Saccharina,Pabay_21_3_22_3,Pabay,21_3_2022,21,3,2022,zooplankton,5050,Copepoda,662,total_copepoda,662,
Saccharina,Pabay_21_3_22_3,Pabay,21_3_2022,21,3,2022,zooplankton,5050,Hydrozoa,2,total_hydrozoa,2,
Saccharina,Pabay_21_3_22_3,Pabay,21_3_2022,21,3,2022,zooplankton,5050,Malacostraca,28,Malacostraca,28,
Saccharina,Pabay_21_3_22_3,Pabay,21_3_2022,21,3,2022,zooplankton,5050,Polychaeta,331,total_polychaeta,331,
Alaria,Pabay_22_5_22_1,Pabay,22_5_2022,22,5,2022,zooplankton,18066,Bivalvia,900,bivalvia,900,
Alaria,Pabay_22_5_22_1,Pabay,22_5_2022,22,5,2022,zooplankton,18066,copepod_nauplii,6553,copepod_nauplii,6553,
Alaria,Pabay_22_5_22_1,Pabay,22_5_2022,22,5,2022,zooplankton,18066,copepods,9354,copepods,9354,
Alaria,Pabay_22_5_22_1,Pabay,22_5_2022,22,5,2022,zooplankton,18066,decapoda_larvae,266,decapoda_larvae,266,
Alaria,Pabay_22_5_22_1,Pabay,22_5_2022,22,5,2022,zooplankton,18066,evadne,51,evadne,51,
Alaria,Pabay_22_5_22_1,Pabay,22_5_2022,22,5,2022,zooplankton,18066,Gastropoda,204,gastropoda,204,
Alaria,Pabay_22_5_22_1,Pabay,22_5_2022,22,5,2022,zooplankton,18066,holoplankton,16590,holoplankton,16590,
Alaria,Pabay_22_5_22_1,Pabay,22_5_2022,22,5,2022,zooplankton,18066,meroplankton,1476,meroplankton,1476,
Alaria,Pabay_22_5_22_1,Pabay,22_5_2022,22,5,2022,zooplankton,18066,microfibers,2,microfibers,2,
Alaria,Pabay_22_5_22_1,Pabay,22_5_2022,22,5,2022,zooplankton,18066,other_polychaetae_larvae,2,other_polychaetae_larvae,2,
Alaria,Pabay_22_5_22_1,Pabay,22_5_2022,22,5,2022,zooplankton,18066,sabellariidae,34,sabellariidae,34,
Alaria,Pabay_22_5_22_1,Pabay,22_5_2022,22,5,2022,zooplankton,18066,Balanoida,514,total_balanoida,514,
Alaria,Pabay_22_5_22_1,Pabay,22_5_2022,22,5,2022,zooplankton,18066,Branchiopoda,51,Branchiopoda,51,
Alaria,Pabay_22_5_22_1,Pabay,22_5_2022,22,5,2022,zooplankton,18066,Copepoda,15907,total_copepoda,15907,
Alaria,Pabay_22_5_22_1,Pabay,22_5_2022,22,5,2022,zooplankton,18066,Hydrozoa,2,total_hydrozoa,2,
Alaria,Pabay_22_5_22_1,Pabay,22_5_2022,22,5,2022,zooplankton,18066,Malacostraca,266,Malacostraca,266,
Alaria,Pabay_22_5_22_1,Pabay,22_5_2022,22,5,2022,zooplankton,18066,Polychaeta,36,total_polychaeta,36,
Alaria,Pabay_22_5_22_1,Pabay,22_5_2022,22,5,2022,zooplankton,18066,unknown_jellies,2,unknown_jellies,2,
Saccharina,Pabay_22_5_22_1,Pabay,22_5_2022,22,5,2022,zooplankton,18066,Bivalvia,900,bivalvia,900,
Saccharina,Pabay_22_5_22_1,Pabay,22_5_2022,22,5,2022,zooplankton,18066,copepod_nauplii,6553,copepod_nauplii,6553,
Saccharina,Pabay_22_5_22_1,Pabay,22_5_2022,22,5,2022,zooplankton,18066,copepods,9354,copepods,9354,
Saccharina,Pabay_22_5_22_1,Pabay,22_5_2022,22,5,2022,zooplankton,18066,decapoda_larvae,266,decapoda_larvae,266,
Saccharina,Pabay_22_5_22_1,Pabay,22_5_2022,22,5,2022,zooplankton,18066,evadne,51,evadne,51,
Saccharina,Pabay_22_5_22_1,Pabay,22_5_2022,22,5,2022,zooplankton,18066,Gastropoda,204,gastropoda,204,
Saccharina,Pabay_22_5_22_1,Pabay,22_5_2022,22,5,2022,zooplankton,18066,holoplankton,16590,holoplankton,16590,
Saccharina,Pabay_22_5_22_1,Pabay,22_5_2022,22,5,2022,zooplankton,18066,meroplankton,1476,meroplankton,1476,
Saccharina,Pabay_22_5_22_1,Pabay,22_5_2022,22,5,2022,zooplankton,18066,microfibers,2,microfibers,2,
Saccharina,Pabay_22_5_22_1,Pabay,22_5_2022,22,5,2022,zooplankton,18066,other_polychaetae_larvae,2,other_polychaetae_larvae,2,
Saccharina,Pabay_22_5_22_1,Pabay,22_5_2022,22,5,2022,zooplankton,18066,sabellariidae,34,sabellariidae,34,
Saccharina,Pabay_22_5_22_1,Pabay,22_5_2022,22,5,2022,zooplankton,18066,Balanoida,514,total_balanoida,514,
Saccharina,Pabay_22_5_22_1,Pabay,22_5_2022,22,5,2022,zooplankton,18066,Branchiopoda,51,Branchiopoda,51,
Saccharina,Pabay_22_5_22_1,Pabay,22_5_2022,22,5,2022,zooplankton,18066,Copepoda,15907,total_copepoda,15907,
Saccharina,Pabay_22_5_22_1,Pabay,22_5_2022,22,5,2022,zooplankton,18066,Hydrozoa,2,total_hydrozoa,2,
Saccharina,Pabay_22_5_22_1,Pabay,22_5_2022,22,5,2022,zooplankton,18066,Malacostraca,266,Malacostraca,266,
Saccharina,Pabay_22_5_22_1,Pabay,22_5_2022,22,5,2022,zooplankton,18066,Polychaeta,36,total_polychaeta,36,
Saccharina,Pabay_22_5_22_1,Pabay,22_5_2022,22,5,2022,zooplankton,18066,unknown_jellies,2,unknown_jellies,2,
Alaria,Pabay_22_5_22_2,Pabay,22_5_2022,22,5,2022,zooplankton,16045,Bivalvia,390,bivalvia,390,
Alaria,Pabay_22_5_22_2,Pabay,22_5_2022,22,5,2022,zooplankton,16045,copepod_nauplii,6740,copepod_nauplii,6740,
Alaria,Pabay_22_5_22_2,Pabay,22_5_2022,22,5,2022,zooplankton,16045,copepods,8403,copepods,8403,
Alaria,Pabay_22_5_22_2,Pabay,22_5_2022,22,5,2022,zooplankton,16045,decapoda_larvae,85,decapoda_larvae,85,
Alaria,Pabay_22_5_22_2,Pabay,22_5_2022,22,5,2022,zooplankton,16045,evadne,68,evadne,68,
Alaria,Pabay_22_5_22_2,Pabay,22_5_2022,22,5,2022,zooplankton,16045,Gastropoda,153,gastropoda,153,
Alaria,Pabay_22_5_22_2,Pabay,22_5_2022,22,5,2022,zooplankton,16045,holoplankton,15364,holoplankton,15364,
Alaria,Pabay_22_5_22_2,Pabay,22_5_2022,22,5,2022,zooplankton,16045,meroplankton,681,meroplankton,681,
Alaria,Pabay_22_5_22_2,Pabay,22_5_2022,22,5,2022,zooplankton,16045,sabellariidae,51,sabellariidae,51,
Alaria,Pabay_22_5_22_2,Pabay,22_5_2022,22,5,2022,zooplankton,16045,Balanoida,85,total_balanoida,85,
Alaria,Pabay_22_5_22_2,Pabay,22_5_2022,22,5,2022,zooplankton,16045,Branchiopoda,68,Branchiopoda,68,
Alaria,Pabay_22_5_22_2,Pabay,22_5_2022,22,5,2022,zooplankton,16045,Copepoda,15143,total_copepoda,15143,
Alaria,Pabay_22_5_22_2,Pabay,22_5_2022,22,5,2022,zooplankton,16045,Malacostraca,87,Malacostraca,87,
Alaria,Pabay_22_5_22_2,Pabay,22_5_2022,22,5,2022,zooplankton,16045,Polychaeta,51,total_polychaeta,51,
Saccharina,Pabay_22_5_22_2,Pabay,22_5_2022,22,5,2022,zooplankton,16045,Bivalvia,390,bivalvia,390,
Saccharina,Pabay_22_5_22_2,Pabay,22_5_2022,22,5,2022,zooplankton,16045,copepod_nauplii,6740,copepod_nauplii,6740,
Saccharina,Pabay_22_5_22_2,Pabay,22_5_2022,22,5,2022,zooplankton,16045,copepods,8403,copepods,8403,
Saccharina,Pabay_22_5_22_2,Pabay,22_5_2022,22,5,2022,zooplankton,16045,decapoda_larvae,85,decapoda_larvae,85,
Saccharina,Pabay_22_5_22_2,Pabay,22_5_2022,22,5,2022,zooplankton,16045,evadne,68,evadne,68,
Saccharina,Pabay_22_5_22_2,Pabay,22_5_2022,22,5,2022,zooplankton,16045,Gastropoda,153,gastropoda,153,
Saccharina,Pabay_22_5_22_2,Pabay,22_5_2022,22,5,2022,zooplankton,16045,holoplankton,15364,holoplankton,15364,
Saccharina,Pabay_22_5_22_2,Pabay,22_5_2022,22,5,2022,zooplankton,16045,meroplankton,681,meroplankton,681,
Saccharina,Pabay_22_5_22_2,Pabay,22_5_2022,22,5,2022,zooplankton,16045,sabellariidae,51,sabellariidae,51,
Saccharina,Pabay_22_5_22_2,Pabay,22_5_2022,22,5,2022,zooplankton,16045,Balanoida,85,total_balanoida,85,
Saccharina,Pabay_22_5_22_2,Pabay,22_5_2022,22,5,2022,zooplankton,16045,Branchiopoda,68,Branchiopoda,68,
Saccharina,Pabay_22_5_22_2,Pabay,22_5_2022,22,5,2022,zooplankton,16045,Copepoda,15143,total_copepoda,15143,
Saccharina,Pabay_22_5_22_2,Pabay,22_5_2022,22,5,2022,zooplankton,16045,Malacostraca,87,Malacostraca,87,
Saccharina,Pabay_22_5_22_2,Pabay,22_5_2022,22,5,2022,zooplankton,16045,Polychaeta,51,total_polychaeta,51,
Alaria,Pabay_22_5_22_3,Pabay,22_5_2022,22,5,2022,zooplankton,21498,Bivalvia,224,bivalvia,224,
Alaria,Pabay_22_5_22_3,Pabay,22_5_2022,22,5,2022,zooplankton,21498,copepod_nauplii,9351,copepod_nauplii,9351,
Alaria,Pabay_22_5_22_3,Pabay,22_5_2022,22,5,2022,zooplankton,21498,copepods,11021,copepods,11021,
Alaria,Pabay_22_5_22_3,Pabay,22_5_2022,22,5,2022,zooplankton,21498,decapoda_larvae,81,decapoda_larvae,81,
Alaria,Pabay_22_5_22_3,Pabay,22_5_2022,22,5,2022,zooplankton,21498,evadne,183,evadne,183,
Alaria,Pabay_22_5_22_3,Pabay,22_5_2022,22,5,2022,zooplankton,21498,Gastropoda,163,gastropoda,163,
Alaria,Pabay_22_5_22_3,Pabay,22_5_2022,22,5,2022,zooplankton,21498,holoplankton,20903,holoplankton,20903,
Alaria,Pabay_22_5_22_3,Pabay,22_5_2022,22,5,2022,zooplankton,21498,meroplankton,595,meroplankton,595,
Alaria,Pabay_22_5_22_3,Pabay,22_5_2022,22,5,2022,zooplankton,21498,podon,2,podon,2,
Alaria,Pabay_22_5_22_3,Pabay,22_5_2022,22,5,2022,zooplankton,21498,sabellariidae,81,sabellariidae,81,
Alaria,Pabay_22_5_22_3,Pabay,22_5_2022,22,5,2022,zooplankton,21498,Balanoida,143,total_balanoida,143,
Alaria,Pabay_22_5_22_3,Pabay,22_5_2022,22,5,2022,zooplankton,21498,Branchiopoda,185,Branchiopoda,185,
Alaria,Pabay_22_5_22_3,Pabay,22_5_2022,22,5,2022,zooplankton,21498,Copepoda,20372,total_copepoda,20372,
Alaria,Pabay_22_5_22_3,Pabay,22_5_2022,22,5,2022,zooplankton,21498,Hydrozoa,2,total_hydrozoa,2,
Alaria,Pabay_22_5_22_3,Pabay,22_5_2022,22,5,2022,zooplankton,21498,Malacostraca,102,Malacostraca,102,
Alaria,Pabay_22_5_22_3,Pabay,22_5_2022,22,5,2022,zooplankton,21498,Polychaeta,81,total_polychaeta,81,
Alaria,Pabay_22_5_22_3,Pabay,22_5_2022,22,5,2022,zooplankton,21498,unknown_jellies,2,unknown_jellies,2,
Saccharina,Pabay_22_5_22_3,Pabay,22_5_2022,22,5,2022,zooplankton,21498,Bivalvia,224,bivalvia,224,
Saccharina,Pabay_22_5_22_3,Pabay,22_5_2022,22,5,2022,zooplankton,21498,copepod_nauplii,9351,copepod_nauplii,9351,
Saccharina,Pabay_22_5_22_3,Pabay,22_5_2022,22,5,2022,zooplankton,21498,copepods,11021,copepods,11021,
Saccharina,Pabay_22_5_22_3,Pabay,22_5_2022,22,5,2022,zooplankton,21498,decapoda_larvae,81,decapoda_larvae,81,
Saccharina,Pabay_22_5_22_3,Pabay,22_5_2022,22,5,2022,zooplankton,21498,evadne,183,evadne,183,
Saccharina,Pabay_22_5_22_3,Pabay,22_5_2022,22,5,2022,zooplankton,21498,Gastropoda,163,gastropoda,163,
Saccharina,Pabay_22_5_22_3,Pabay,22_5_2022,22,5,2022,zooplankton,21498,holoplankton,20903,holoplankton,20903,
Saccharina,Pabay_22_5_22_3,Pabay,22_5_2022,22,5,2022,zooplankton,21498,meroplankton,595,meroplankton,595,
Saccharina,Pabay_22_5_22_3,Pabay,22_5_2022,22,5,2022,zooplankton,21498,podon,2,podon,2,
Saccharina,Pabay_22_5_22_3,Pabay,22_5_2022,22,5,2022,zooplankton,21498,sabellariidae,81,sabellariidae,81,
Saccharina,Pabay_22_5_22_3,Pabay,22_5_2022,22,5,2022,zooplankton,21498,Balanoida,143,total_balanoida,143,
Saccharina,Pabay_22_5_22_3,Pabay,22_5_2022,22,5,2022,zooplankton,21498,Branchiopoda,185,Branchiopoda,185,
Saccharina,Pabay_22_5_22_3,Pabay,22_5_2022,22,5,2022,zooplankton,21498,Copepoda,20372,total_copepoda,20372,
Saccharina,Pabay_22_5_22_3,Pabay,22_5_2022,22,5,2022,zooplankton,21498,Hydrozoa,2,total_hydrozoa,2,
Saccharina,Pabay_22_5_22_3,Pabay,22_5_2022,22,5,2022,zooplankton,21498,Malacostraca,102,Malacostraca,102,
Saccharina,Pabay_22_5_22_3,Pabay,22_5_2022,22,5,2022,zooplankton,21498,Polychaeta,81,total_polychaeta,81,
Saccharina,Pabay_22_5_22_3,Pabay,22_5_2022,22,5,2022,zooplankton,21498,unknown_jellies,2,unknown_jellies,2,
Alaria,Pabay_25_2_22_1,Pabay,25_2_2022,25,2,2022,zooplankton,689,Bivalvia,51,bivalvia,51,
Alaria,Pabay_25_2_22_1,Pabay,25_2_2022,25,2,2022,zooplankton,689,Bryozoa,17,bryozoa,17,
Alaria,Pabay_25_2_22_1,Pabay,25_2_2022,25,2,2022,zooplankton,689,copepod_nauplii,424,copepod_nauplii,424,
Alaria,Pabay_25_2_22_1,Pabay,25_2_2022,25,2,2022,zooplankton,689,copepods,170,copepods,170,
Alaria,Pabay_25_2_22_1,Pabay,25_2_2022,25,2,2022,zooplankton,689,fish_egg,2,fish_egg,2,
Alaria,Pabay_25_2_22_1,Pabay,25_2_2022,25,2,2022,zooplankton,689,Gastropoda,2,gastropoda,2,
Alaria,Pabay_25_2_22_1,Pabay,25_2_2022,25,2,2022,zooplankton,689,holoplankton,615,holoplankton,615,
Alaria,Pabay_25_2_22_1,Pabay,25_2_2022,25,2,2022,zooplankton,689,meroplankton,74,meroplankton,74,
Alaria,Pabay_25_2_22_1,Pabay,25_2_2022,25,2,2022,zooplankton,689,microfibers,2,microfibers,2,
Alaria,Pabay_25_2_22_1,Pabay,25_2_2022,25,2,2022,zooplankton,689,ophiura_larvae,2,ophiura_larvae,2,
Alaria,Pabay_25_2_22_1,Pabay,25_2_2022,25,2,2022,zooplankton,689,sabellariidae,2,sabellariidae,2,
Alaria,Pabay_25_2_22_1,Pabay,25_2_2022,25,2,2022,zooplankton,689,Balanoida,2,total_balanoida,2,
Alaria,Pabay_25_2_22_1,Pabay,25_2_2022,25,2,2022,zooplankton,689,Copepoda,594,total_copepoda,594,
Alaria,Pabay_25_2_22_1,Pabay,25_2_2022,25,2,2022,zooplankton,689,Polychaeta,2,total_polychaeta,2,
Saccharina,Pabay_25_2_22_1,Pabay,25_2_2022,25,2,2022,zooplankton,689,Bivalvia,51,bivalvia,51,
Saccharina,Pabay_25_2_22_1,Pabay,25_2_2022,25,2,2022,zooplankton,689,Bryozoa,17,bryozoa,17,
Saccharina,Pabay_25_2_22_1,Pabay,25_2_2022,25,2,2022,zooplankton,689,copepod_nauplii,424,copepod_nauplii,424,
Saccharina,Pabay_25_2_22_1,Pabay,25_2_2022,25,2,2022,zooplankton,689,copepods,170,copepods,170,
Saccharina,Pabay_25_2_22_1,Pabay,25_2_2022,25,2,2022,zooplankton,689,fish_egg,2,fish_egg,2,
Saccharina,Pabay_25_2_22_1,Pabay,25_2_2022,25,2,2022,zooplankton,689,Gastropoda,2,gastropoda,2,
Saccharina,Pabay_25_2_22_1,Pabay,25_2_2022,25,2,2022,zooplankton,689,holoplankton,615,holoplankton,615,
Saccharina,Pabay_25_2_22_1,Pabay,25_2_2022,25,2,2022,zooplankton,689,meroplankton,74,meroplankton,74,
Saccharina,Pabay_25_2_22_1,Pabay,25_2_2022,25,2,2022,zooplankton,689,microfibers,2,microfibers,2,
Saccharina,Pabay_25_2_22_1,Pabay,25_2_2022,25,2,2022,zooplankton,689,ophiura_larvae,2,ophiura_larvae,2,
Saccharina,Pabay_25_2_22_1,Pabay,25_2_2022,25,2,2022,zooplankton,689,sabellariidae,2,sabellariidae,2,
Saccharina,Pabay_25_2_22_1,Pabay,25_2_2022,25,2,2022,zooplankton,689,Balanoida,2,total_balanoida,2,
Saccharina,Pabay_25_2_22_1,Pabay,25_2_2022,25,2,2022,zooplankton,689,Copepoda,594,total_copepoda,594,
Saccharina,Pabay_25_2_22_1,Pabay,25_2_2022,25,2,2022,zooplankton,689,Polychaeta,2,total_polychaeta,2,
Alaria,Pabay_25_2_22_2,Pabay,25_2_2022,25,2,2022,zooplankton,993,Bivalvia,102,bivalvia,102,
Alaria,Pabay_25_2_22_2,Pabay,25_2_2022,25,2,2022,zooplankton,993,Bryozoa,2,bryozoa,2,
Alaria,Pabay_25_2_22_2,Pabay,25_2_2022,25,2,2022,zooplankton,993,copepod_nauplii,543,copepod_nauplii,543,
Alaria,Pabay_25_2_22_2,Pabay,25_2_2022,25,2,2022,zooplankton,993,copepods,170,copepods,170,
Alaria,Pabay_25_2_22_2,Pabay,25_2_2022,25,2,2022,zooplankton,993,decapoda_larvae,2,decapoda_larvae,2,
Alaria,Pabay_25_2_22_2,Pabay,25_2_2022,25,2,2022,zooplankton,993,Gastropoda,102,gastropoda,102,
Alaria,Pabay_25_2_22_2,Pabay,25_2_2022,25,2,2022,zooplankton,993,holoplankton,717,holoplankton,717,
Alaria,Pabay_25_2_22_2,Pabay,25_2_2022,25,2,2022,zooplankton,993,meroplankton,276,meroplankton,276,
Alaria,Pabay_25_2_22_2,Pabay,25_2_2022,25,2,2022,zooplankton,993,sabellariidae,68,sabellariidae,68,
Alaria,Pabay_25_2_22_2,Pabay,25_2_2022,25,2,2022,zooplankton,993,Balanoida,2,total_balanoida,2,
Alaria,Pabay_25_2_22_2,Pabay,25_2_2022,25,2,2022,zooplankton,993,Copepoda,713,total_copepoda,713,
Alaria,Pabay_25_2_22_2,Pabay,25_2_2022,25,2,2022,zooplankton,993,Malacostraca,2,Malacostraca,2,
Alaria,Pabay_25_2_22_2,Pabay,25_2_2022,25,2,2022,zooplankton,993,Polychaeta,68,total_polychaeta,68,
Saccharina,Pabay_25_2_22_2,Pabay,25_2_2022,25,2,2022,zooplankton,993,Bivalvia,102,bivalvia,102,
Saccharina,Pabay_25_2_22_2,Pabay,25_2_2022,25,2,2022,zooplankton,993,Bryozoa,2,bryozoa,2,
Saccharina,Pabay_25_2_22_2,Pabay,25_2_2022,25,2,2022,zooplankton,993,copepod_nauplii,543,copepod_nauplii,543,
Saccharina,Pabay_25_2_22_2,Pabay,25_2_2022,25,2,2022,zooplankton,993,copepods,170,copepods,170,
Saccharina,Pabay_25_2_22_2,Pabay,25_2_2022,25,2,2022,zooplankton,993,decapoda_larvae,2,decapoda_larvae,2,
Saccharina,Pabay_25_2_22_2,Pabay,25_2_2022,25,2,2022,zooplankton,993,Gastropoda,102,gastropoda,102,
Saccharina,Pabay_25_2_22_2,Pabay,25_2_2022,25,2,2022,zooplankton,993,holoplankton,717,holoplankton,717,
Saccharina,Pabay_25_2_22_2,Pabay,25_2_2022,25,2,2022,zooplankton,993,meroplankton,276,meroplankton,276,
Saccharina,Pabay_25_2_22_2,Pabay,25_2_2022,25,2,2022,zooplankton,993,sabellariidae,68,sabellariidae,68,
Saccharina,Pabay_25_2_22_2,Pabay,25_2_2022,25,2,2022,zooplankton,993,Balanoida,2,total_balanoida,2,
Saccharina,Pabay_25_2_22_2,Pabay,25_2_2022,25,2,2022,zooplankton,993,Copepoda,713,total_copepoda,713,
Saccharina,Pabay_25_2_22_2,Pabay,25_2_2022,25,2,2022,zooplankton,993,Malacostraca,2,Malacostraca,2,
Saccharina,Pabay_25_2_22_2,Pabay,25_2_2022,25,2,2022,zooplankton,993,Polychaeta,68,total_polychaeta,68,
Alaria,Pabay_25_2_22_3,Pabay,25_2_2022,25,2,2022,zooplankton,855,Bivalvia,85,bivalvia,85,
Alaria,Pabay_25_2_22_3,Pabay,25_2_2022,25,2,2022,zooplankton,855,Bryozoa,17,bryozoa,17,
Alaria,Pabay_25_2_22_3,Pabay,25_2_2022,25,2,2022,zooplankton,855,copepod_nauplii,543,copepod_nauplii,543,
Alaria,Pabay_25_2_22_3,Pabay,25_2_2022,25,2,2022,zooplankton,855,copepods,136,copepods,136,
Alaria,Pabay_25_2_22_3,Pabay,25_2_2022,25,2,2022,zooplankton,855,decapoda_larvae,2,decapoda_larvae,2,
Alaria,Pabay_25_2_22_3,Pabay,25_2_2022,25,2,2022,zooplankton,855,fish_egg,17,fish_egg,17,
Alaria,Pabay_25_2_22_3,Pabay,25_2_2022,25,2,2022,zooplankton,855,Gastropoda,34,gastropoda,34,
Alaria,Pabay_25_2_22_3,Pabay,25_2_2022,25,2,2022,zooplankton,855,holoplankton,698,holoplankton,698,
Alaria,Pabay_25_2_22_3,Pabay,25_2_2022,25,2,2022,zooplankton,855,meroplankton,157,meroplankton,157,
Alaria,Pabay_25_2_22_3,Pabay,25_2_2022,25,2,2022,zooplankton,855,microfibers,2,microfibers,2,
Alaria,Pabay_25_2_22_3,Pabay,25_2_2022,25,2,2022,zooplankton,855,mp_fragments,2,mp_fragments,2,
Alaria,Pabay_25_2_22_3,Pabay,25_2_2022,25,2,2022,zooplankton,855,ophiura_larvae,2,ophiura_larvae,2,
Alaria,Pabay_25_2_22_3,Pabay,25_2_2022,25,2,2022,zooplankton,855,sabellariidae,17,sabellariidae,17,
Alaria,Pabay_25_2_22_3,Pabay,25_2_2022,25,2,2022,zooplankton,855,Balanoida,2,total_balanoida,2,
Alaria,Pabay_25_2_22_3,Pabay,25_2_2022,25,2,2022,zooplankton,855,Copepoda,679,total_copepoda,679,
Alaria,Pabay_25_2_22_3,Pabay,25_2_2022,25,2,2022,zooplankton,855,Malacostraca,2,Malacostraca,2,
Alaria,Pabay_25_2_22_3,Pabay,25_2_2022,25,2,2022,zooplankton,855,Polychaeta,17,total_polychaeta,17,
Saccharina,Pabay_25_2_22_3,Pabay,25_2_2022,25,2,2022,zooplankton,855,Bivalvia,85,bivalvia,85,
Saccharina,Pabay_25_2_22_3,Pabay,25_2_2022,25,2,2022,zooplankton,855,Bryozoa,17,bryozoa,17,
Saccharina,Pabay_25_2_22_3,Pabay,25_2_2022,25,2,2022,zooplankton,855,copepod_nauplii,543,copepod_nauplii,543,
Saccharina,Pabay_25_2_22_3,Pabay,25_2_2022,25,2,2022,zooplankton,855,copepods,136,copepods,136,
Saccharina,Pabay_25_2_22_3,Pabay,25_2_2022,25,2,2022,zooplankton,855,decapoda_larvae,2,decapoda_larvae,2,
Saccharina,Pabay_25_2_22_3,Pabay,25_2_2022,25,2,2022,zooplankton,855,fish_egg,17,fish_egg,17,
Saccharina,Pabay_25_2_22_3,Pabay,25_2_2022,25,2,2022,zooplankton,855,Gastropoda,34,gastropoda,34,
Saccharina,Pabay_25_2_22_3,Pabay,25_2_2022,25,2,2022,zooplankton,855,holoplankton,698,holoplankton,698,
Saccharina,Pabay_25_2_22_3,Pabay,25_2_2022,25,2,2022,zooplankton,855,meroplankton,157,meroplankton,157,
Saccharina,Pabay_25_2_22_3,Pabay,25_2_2022,25,2,2022,zooplankton,855,microfibers,2,microfibers,2,
Saccharina,Pabay_25_2_22_3,Pabay,25_2_2022,25,2,2022,zooplankton,855,mp_fragments,2,mp_fragments,2,
Saccharina,Pabay_25_2_22_3,Pabay,25_2_2022,25,2,2022,zooplankton,855,ophiura_larvae,2,ophiura_larvae,2,
Saccharina,Pabay_25_2_22_3,Pabay,25_2_2022,25,2,2022,zooplankton,855,sabellariidae,17,sabellariidae,17,
Saccharina,Pabay_25_2_22_3,Pabay,25_2_2022,25,2,2022,zooplankton,855,Balanoida,2,total_balanoida,2,
Saccharina,Pabay_25_2_22_3,Pabay,25_2_2022,25,2,2022,zooplankton,855,Copepoda,679,total_copepoda,679,
Saccharina,Pabay_25_2_22_3,Pabay,25_2_2022,25,2,2022,zooplankton,855,Malacostraca,2,Malacostraca,2,
Saccharina,Pabay_25_2_22_3,Pabay,25_2_2022,25,2,2022,zooplankton,855,Polychaeta,17,total_polychaeta,17,
Alaria,Pabay_29_11_21_1,Pabay,29_11_2021,29,11,2021,zooplankton,519,Bivalvia,51,bivalvia,51,
Alaria,Pabay_29_11_21_1,Pabay,29_11_2021,29,11,2021,zooplankton,519,Bryozoa,2,bryozoa,2,
Alaria,Pabay_29_11_21_1,Pabay,29_11_2021,29,11,2021,zooplankton,519,copepod_nauplii,187,copepod_nauplii,187,
Alaria,Pabay_29_11_21_1,Pabay,29_11_2021,29,11,2021,zooplankton,519,copepods,238,copepods,238,
Alaria,Pabay_29_11_21_1,Pabay,29_11_2021,29,11,2021,zooplankton,519,Gastropoda,2,gastropoda,2,
Alaria,Pabay_29_11_21_1,Pabay,29_11_2021,29,11,2021,zooplankton,519,holoplankton,426,holoplankton,426,
Alaria,Pabay_29_11_21_1,Pabay,29_11_2021,29,11,2021,zooplankton,519,hydroids,2,hydroids,2,
Alaria,Pabay_29_11_21_1,Pabay,29_11_2021,29,11,2021,zooplankton,519,meroplankton,93,meroplankton,93,
Alaria,Pabay_29_11_21_1,Pabay,29_11_2021,29,11,2021,zooplankton,519,sabellariidae,2,sabellariidae,2,
Alaria,Pabay_29_11_21_1,Pabay,29_11_2021,29,11,2021,zooplankton,519,Copepoda,424,total_copepoda,424,
Alaria,Pabay_29_11_21_1,Pabay,29_11_2021,29,11,2021,zooplankton,519,Hydrozoa,2,total_hydrozoa,2,
Alaria,Pabay_29_11_21_1,Pabay,29_11_2021,29,11,2021,zooplankton,519,Polychaeta,2,total_polychaeta,2,
Saccharina,Pabay_29_11_21_1,Pabay,29_11_2021,29,11,2021,zooplankton,519,Bivalvia,51,bivalvia,51,
Saccharina,Pabay_29_11_21_1,Pabay,29_11_2021,29,11,2021,zooplankton,519,Bryozoa,2,bryozoa,2,
Saccharina,Pabay_29_11_21_1,Pabay,29_11_2021,29,11,2021,zooplankton,519,copepod_nauplii,187,copepod_nauplii,187,
Saccharina,Pabay_29_11_21_1,Pabay,29_11_2021,29,11,2021,zooplankton,519,copepods,238,copepods,238,
Saccharina,Pabay_29_11_21_1,Pabay,29_11_2021,29,11,2021,zooplankton,519,Gastropoda,2,gastropoda,2,
Saccharina,Pabay_29_11_21_1,Pabay,29_11_2021,29,11,2021,zooplankton,519,holoplankton,426,holoplankton,426,
Saccharina,Pabay_29_11_21_1,Pabay,29_11_2021,29,11,2021,zooplankton,519,hydroids,2,hydroids,2,
Saccharina,Pabay_29_11_21_1,Pabay,29_11_2021,29,11,2021,zooplankton,519,meroplankton,93,meroplankton,93,
Saccharina,Pabay_29_11_21_1,Pabay,29_11_2021,29,11,2021,zooplankton,519,sabellariidae,2,sabellariidae,2,
Saccharina,Pabay_29_11_21_1,Pabay,29_11_2021,29,11,2021,zooplankton,519,Copepoda,424,total_copepoda,424,
Saccharina,Pabay_29_11_21_1,Pabay,29_11_2021,29,11,2021,zooplankton,519,Hydrozoa,2,total_hydrozoa,2,
Saccharina,Pabay_29_11_21_1,Pabay,29_11_2021,29,11,2021,zooplankton,519,Polychaeta,2,total_polychaeta,2,
Alaria,Pabay_29_11_21_2,Pabay,29_11_2021,29,11,2021,zooplankton,678,Bivalvia,43,bivalvia,43,
Alaria,Pabay_29_11_21_2,Pabay,29_11_2021,29,11,2021,zooplankton,678,Bryozoa,27,bryozoa,27,
Alaria,Pabay_29_11_21_2,Pabay,29_11_2021,29,11,2021,zooplankton,678,copepod_nauplii,204,copepod_nauplii,204,
Alaria,Pabay_29_11_21_2,Pabay,29_11_2021,29,11,2021,zooplankton,678,copepods,306,copepods,306,
Alaria,Pabay_29_11_21_2,Pabay,29_11_2021,29,11,2021,zooplankton,678,fish_egg,17,fish_egg,17,
Alaria,Pabay_29_11_21_2,Pabay,29_11_2021,29,11,2021,zooplankton,678,Gastropoda,2,gastropoda,2,
Alaria,Pabay_29_11_21_2,Pabay,29_11_2021,29,11,2021,zooplankton,678,holoplankton,553,holoplankton,553,
Alaria,Pabay_29_11_21_2,Pabay,29_11_2021,29,11,2021,zooplankton,678,hydroids,1,hydroids,1,
Alaria,Pabay_29_11_21_2,Pabay,29_11_2021,29,11,2021,zooplankton,678,meroplankton,125,meroplankton,125,
Alaria,Pabay_29_11_21_2,Pabay,29_11_2021,29,11,2021,zooplankton,678,microfibers,1,microfibers,1,
Alaria,Pabay_29_11_21_2,Pabay,29_11_2021,29,11,2021,zooplankton,678,mp_fragments,1,mp_fragments,1,
Alaria,Pabay_29_11_21_2,Pabay,29_11_2021,29,11,2021,zooplankton,678,ophiura_larvae,1,ophiura_larvae,1,
Alaria,Pabay_29_11_21_2,Pabay,29_11_2021,29,11,2021,zooplankton,678,sabellariidae,27,sabellariidae,27,
Alaria,Pabay_29_11_21_2,Pabay,29_11_2021,29,11,2021,zooplankton,678,Balanoida,9,total_balanoida,9,
Alaria,Pabay_29_11_21_2,Pabay,29_11_2021,29,11,2021,zooplankton,678,Copepoda,509,total_copepoda,509,
Alaria,Pabay_29_11_21_2,Pabay,29_11_2021,29,11,2021,zooplankton,678,Hydrozoa,1,total_hydrozoa,1,
Alaria,Pabay_29_11_21_2,Pabay,29_11_2021,29,11,2021,zooplankton,678,Polychaeta,27,total_polychaeta,27,
Saccharina,Pabay_29_11_21_2,Pabay,29_11_2021,29,11,2021,zooplankton,678,Bivalvia,43,bivalvia,43,
Saccharina,Pabay_29_11_21_2,Pabay,29_11_2021,29,11,2021,zooplankton,678,Bryozoa,27,bryozoa,27,
Saccharina,Pabay_29_11_21_2,Pabay,29_11_2021,29,11,2021,zooplankton,678,copepod_nauplii,204,copepod_nauplii,204,
Saccharina,Pabay_29_11_21_2,Pabay,29_11_2021,29,11,2021,zooplankton,678,copepods,306,copepods,306,
Saccharina,Pabay_29_11_21_2,Pabay,29_11_2021,29,11,2021,zooplankton,678,fish_egg,17,fish_egg,17,
Saccharina,Pabay_29_11_21_2,Pabay,29_11_2021,29,11,2021,zooplankton,678,Gastropoda,2,gastropoda,2,
Saccharina,Pabay_29_11_21_2,Pabay,29_11_2021,29,11,2021,zooplankton,678,holoplankton,553,holoplankton,553,
Saccharina,Pabay_29_11_21_2,Pabay,29_11_2021,29,11,2021,zooplankton,678,hydroids,1,hydroids,1,
Saccharina,Pabay_29_11_21_2,Pabay,29_11_2021,29,11,2021,zooplankton,678,meroplankton,125,meroplankton,125,
Saccharina,Pabay_29_11_21_2,Pabay,29_11_2021,29,11,2021,zooplankton,678,microfibers,1,microfibers,1,
Saccharina,Pabay_29_11_21_2,Pabay,29_11_2021,29,11,2021,zooplankton,678,mp_fragments,1,mp_fragments,1,
Saccharina,Pabay_29_11_21_2,Pabay,29_11_2021,29,11,2021,zooplankton,678,ophiura_larvae,1,ophiura_larvae,1,
Saccharina,Pabay_29_11_21_2,Pabay,29_11_2021,29,11,2021,zooplankton,678,sabellariidae,27,sabellariidae,27,
Saccharina,Pabay_29_11_21_2,Pabay,29_11_2021,29,11,2021,zooplankton,678,Balanoida,9,total_balanoida,9,
Saccharina,Pabay_29_11_21_2,Pabay,29_11_2021,29,11,2021,zooplankton,678,Copepoda,509,total_copepoda,509,
Saccharina,Pabay_29_11_21_2,Pabay,29_11_2021,29,11,2021,zooplankton,678,Hydrozoa,1,total_hydrozoa,1,
Saccharina,Pabay_29_11_21_2,Pabay,29_11_2021,29,11,2021,zooplankton,678,Polychaeta,27,total_polychaeta,27,
Alaria,Pabay_29_11_21_3,Pabay,29_11_2021,29,11,2021,zooplankton,836,Bivalvia,34,bivalvia,34,
Alaria,Pabay_29_11_21_3,Pabay,29_11_2021,29,11,2021,zooplankton,836,Bryozoa,51,bryozoa,51,
Alaria,Pabay_29_11_21_3,Pabay,29_11_2021,29,11,2021,zooplankton,836,copepod_nauplii,221,copepod_nauplii,221,
Alaria,Pabay_29_11_21_3,Pabay,29_11_2021,29,11,2021,zooplankton,836,copepods,373,copepods,373,
Alaria,Pabay_29_11_21_3,Pabay,29_11_2021,29,11,2021,zooplankton,836,fish_egg,34,fish_egg,34,
Alaria,Pabay_29_11_21_3,Pabay,29_11_2021,29,11,2021,zooplankton,836,Gastropoda,2,gastropoda,2,
Alaria,Pabay_29_11_21_3,Pabay,29_11_2021,29,11,2021,zooplankton,836,holoplankton,679,holoplankton,679,
Alaria,Pabay_29_11_21_3,Pabay,29_11_2021,29,11,2021,zooplankton,836,meroplankton,157,meroplankton,157,
Alaria,Pabay_29_11_21_3,Pabay,29_11_2021,29,11,2021,zooplankton,836,microfibers,2,microfibers,2,
Alaria,Pabay_29_11_21_3,Pabay,29_11_2021,29,11,2021,zooplankton,836,mp_fragments,2,mp_fragments,2,
Alaria,Pabay_29_11_21_3,Pabay,29_11_2021,29,11,2021,zooplankton,836,ophiura_larvae,2,ophiura_larvae,2,
Alaria,Pabay_29_11_21_3,Pabay,29_11_2021,29,11,2021,zooplankton,836,sabellariidae,51,sabellariidae,51,
Alaria,Pabay_29_11_21_3,Pabay,29_11_2021,29,11,2021,zooplankton,836,Balanoida,17,total_balanoida,17,
Alaria,Pabay_29_11_21_3,Pabay,29_11_2021,29,11,2021,zooplankton,836,Copepoda,594,total_copepoda,594,
Alaria,Pabay_29_11_21_3,Pabay,29_11_2021,29,11,2021,zooplankton,836,Polychaeta,51,total_polychaeta,51,
Saccharina,Pabay_29_11_21_3,Pabay,29_11_2021,29,11,2021,zooplankton,836,Bivalvia,34,bivalvia,34,
Saccharina,Pabay_29_11_21_3,Pabay,29_11_2021,29,11,2021,zooplankton,836,Bryozoa,51,bryozoa,51,
Saccharina,Pabay_29_11_21_3,Pabay,29_11_2021,29,11,2021,zooplankton,836,copepod_nauplii,221,copepod_nauplii,221,
Saccharina,Pabay_29_11_21_3,Pabay,29_11_2021,29,11,2021,zooplankton,836,copepods,373,copepods,373,
Saccharina,Pabay_29_11_21_3,Pabay,29_11_2021,29,11,2021,zooplankton,836,fish_egg,34,fish_egg,34,
Saccharina,Pabay_29_11_21_3,Pabay,29_11_2021,29,11,2021,zooplankton,836,Gastropoda,2,gastropoda,2,
Saccharina,Pabay_29_11_21_3,Pabay,29_11_2021,29,11,2021,zooplankton,836,holoplankton,679,holoplankton,679,
Saccharina,Pabay_29_11_21_3,Pabay,29_11_2021,29,11,2021,zooplankton,836,meroplankton,157,meroplankton,157,
Saccharina,Pabay_29_11_21_3,Pabay,29_11_2021,29,11,2021,zooplankton,836,microfibers,2,microfibers,2,
Saccharina,Pabay_29_11_21_3,Pabay,29_11_2021,29,11,2021,zooplankton,836,mp_fragments,2,mp_fragments,2,
Saccharina,Pabay_29_11_21_3,Pabay,29_11_2021,29,11,2021,zooplankton,836,ophiura_larvae,2,ophiura_larvae,2,
Saccharina,Pabay_29_11_21_3,Pabay,29_11_2021,29,11,2021,zooplankton,836,sabellariidae,51,sabellariidae,51,
Saccharina,Pabay_29_11_21_3,Pabay,29_11_2021,29,11,2021,zooplankton,836,Balanoida,17,total_balanoida,17,
Saccharina,Pabay_29_11_21_3,Pabay,29_11_2021,29,11,2021,zooplankton,836,Copepoda,594,total_copepoda,594,
Saccharina,Pabay_29_11_21_3,Pabay,29_11_2021,29,11,2021,zooplankton,836,Polychaeta,51,total_polychaeta,51,
Alaria,Pabay_30_1_22_1,Pabay,30_1_2022,30,1,2022,zooplankton,206,Bivalvia,17,bivalvia,17,
Alaria,Pabay_30_1_22_1,Pabay,30_1_2022,30,1,2022,zooplankton,206,Bryozoa,17,bryozoa,17,
Alaria,Pabay_30_1_22_1,Pabay,30_1_2022,30,1,2022,zooplankton,206,copepod_nauplii,34,copepod_nauplii,34,
Alaria,Pabay_30_1_22_1,Pabay,30_1_2022,30,1,2022,zooplankton,206,copepods,68,copepods,68,
Alaria,Pabay_30_1_22_1,Pabay,30_1_2022,30,1,2022,zooplankton,206,fish_egg,17,fish_egg,17,
Alaria,Pabay_30_1_22_1,Pabay,30_1_2022,30,1,2022,zooplankton,206,Gastropoda,2,gastropoda,2,
Alaria,Pabay_30_1_22_1,Pabay,30_1_2022,30,1,2022,zooplankton,206,holoplankton,119,holoplankton,119,
Alaria,Pabay_30_1_22_1,Pabay,30_1_2022,30,1,2022,zooplankton,206,meroplankton,87,meroplankton,87,
Alaria,Pabay_30_1_22_1,Pabay,30_1_2022,30,1,2022,zooplankton,206,sabellariidae,51,sabellariidae,51,
Alaria,Pabay_30_1_22_1,Pabay,30_1_2022,30,1,2022,zooplankton,206,Copepoda,102,total_copepoda,102,
Alaria,Pabay_30_1_22_1,Pabay,30_1_2022,30,1,2022,zooplankton,206,Polychaeta,51,total_polychaeta,51,
Saccharina,Pabay_30_1_22_1,Pabay,30_1_2022,30,1,2022,zooplankton,206,Bivalvia,17,bivalvia,17,
Saccharina,Pabay_30_1_22_1,Pabay,30_1_2022,30,1,2022,zooplankton,206,Bryozoa,17,bryozoa,17,
Saccharina,Pabay_30_1_22_1,Pabay,30_1_2022,30,1,2022,zooplankton,206,copepod_nauplii,34,copepod_nauplii,34,
Saccharina,Pabay_30_1_22_1,Pabay,30_1_2022,30,1,2022,zooplankton,206,copepods,68,copepods,68,
Saccharina,Pabay_30_1_22_1,Pabay,30_1_2022,30,1,2022,zooplankton,206,fish_egg,17,fish_egg,17,
Saccharina,Pabay_30_1_22_1,Pabay,30_1_2022,30,1,2022,zooplankton,206,Gastropoda,2,gastropoda,2,
Saccharina,Pabay_30_1_22_1,Pabay,30_1_2022,30,1,2022,zooplankton,206,holoplankton,119,holoplankton,119,
Saccharina,Pabay_30_1_22_1,Pabay,30_1_2022,30,1,2022,zooplankton,206,meroplankton,87,meroplankton,87,
Saccharina,Pabay_30_1_22_1,Pabay,30_1_2022,30,1,2022,zooplankton,206,sabellariidae,51,sabellariidae,51,
Saccharina,Pabay_30_1_22_1,Pabay,30_1_2022,30,1,2022,zooplankton,206,Copepoda,102,total_copepoda,102,
Saccharina,Pabay_30_1_22_1,Pabay,30_1_2022,30,1,2022,zooplankton,206,Polychaeta,51,total_polychaeta,51,
Alaria,Pabay_30_1_22_2,Pabay,30_1_2022,30,1,2022,zooplankton,825,Bivalvia,85,bivalvia,85,
Alaria,Pabay_30_1_22_2,Pabay,30_1_2022,30,1,2022,zooplankton,825,Bryozoa,2,bryozoa,2,
Alaria,Pabay_30_1_22_2,Pabay,30_1_2022,30,1,2022,zooplankton,825,copepod_nauplii,272,copepod_nauplii,272,
Alaria,Pabay_30_1_22_2,Pabay,30_1_2022,30,1,2022,zooplankton,825,copepods,306,copepods,306,
Alaria,Pabay_30_1_22_2,Pabay,30_1_2022,30,1,2022,zooplankton,825,fish_egg,2,fish_egg,2,
Alaria,Pabay_30_1_22_2,Pabay,30_1_2022,30,1,2022,zooplankton,825,Gastropoda,68,gastropoda,68,
Alaria,Pabay_30_1_22_2,Pabay,30_1_2022,30,1,2022,zooplankton,825,holoplankton,581,holoplankton,581,
Alaria,Pabay_30_1_22_2,Pabay,30_1_2022,30,1,2022,zooplankton,825,meroplankton,244,meroplankton,244,
Alaria,Pabay_30_1_22_2,Pabay,30_1_2022,30,1,2022,zooplankton,825,microfibers,2,microfibers,2,
Alaria,Pabay_30_1_22_2,Pabay,30_1_2022,30,1,2022,zooplankton,825,mp_fragments,17,mp_fragments,17,
Alaria,Pabay_30_1_22_2,Pabay,30_1_2022,30,1,2022,zooplankton,825,sabellariidae,85,sabellariidae,85,
Alaria,Pabay_30_1_22_2,Pabay,30_1_2022,30,1,2022,zooplankton,825,Copepoda,577,total_copepoda,577,
Alaria,Pabay_30_1_22_2,Pabay,30_1_2022,30,1,2022,zooplankton,825,Polychaeta,85,total_polychaeta,85,
Saccharina,Pabay_30_1_22_2,Pabay,30_1_2022,30,1,2022,zooplankton,825,Bivalvia,85,bivalvia,85,
Saccharina,Pabay_30_1_22_2,Pabay,30_1_2022,30,1,2022,zooplankton,825,Bryozoa,2,bryozoa,2,
Saccharina,Pabay_30_1_22_2,Pabay,30_1_2022,30,1,2022,zooplankton,825,copepod_nauplii,272,copepod_nauplii,272,
Saccharina,Pabay_30_1_22_2,Pabay,30_1_2022,30,1,2022,zooplankton,825,copepods,306,copepods,306,
Saccharina,Pabay_30_1_22_2,Pabay,30_1_2022,30,1,2022,zooplankton,825,fish_egg,2,fish_egg,2,
Saccharina,Pabay_30_1_22_2,Pabay,30_1_2022,30,1,2022,zooplankton,825,Gastropoda,68,gastropoda,68,
Saccharina,Pabay_30_1_22_2,Pabay,30_1_2022,30,1,2022,zooplankton,825,holoplankton,581,holoplankton,581,
Saccharina,Pabay_30_1_22_2,Pabay,30_1_2022,30,1,2022,zooplankton,825,meroplankton,244,meroplankton,244,
Saccharina,Pabay_30_1_22_2,Pabay,30_1_2022,30,1,2022,zooplankton,825,microfibers,2,microfibers,2,
Saccharina,Pabay_30_1_22_2,Pabay,30_1_2022,30,1,2022,zooplankton,825,mp_fragments,17,mp_fragments,17,
Saccharina,Pabay_30_1_22_2,Pabay,30_1_2022,30,1,2022,zooplankton,825,sabellariidae,85,sabellariidae,85,
Saccharina,Pabay_30_1_22_2,Pabay,30_1_2022,30,1,2022,zooplankton,825,Copepoda,577,total_copepoda,577,
Saccharina,Pabay_30_1_22_2,Pabay,30_1_2022,30,1,2022,zooplankton,825,Polychaeta,85,total_polychaeta,85,
Alaria,Pabay_30_1_22_3,Pabay,30_1_2022,30,1,2022,zooplankton,380,Bivalvia,85,bivalvia,85,
Alaria,Pabay_30_1_22_3,Pabay,30_1_2022,30,1,2022,zooplankton,380,Bryozoa,2,bryozoa,2,
Alaria,Pabay_30_1_22_3,Pabay,30_1_2022,30,1,2022,zooplankton,380,copepod_nauplii,153,copepod_nauplii,153,
Alaria,Pabay_30_1_22_3,Pabay,30_1_2022,30,1,2022,zooplankton,380,copepods,102,copepods,102,
Alaria,Pabay_30_1_22_3,Pabay,30_1_2022,30,1,2022,zooplankton,380,fish_egg,17,fish_egg,17,
Alaria,Pabay_30_1_22_3,Pabay,30_1_2022,30,1,2022,zooplankton,380,Gastropoda,17,gastropoda,17,
Alaria,Pabay_30_1_22_3,Pabay,30_1_2022,30,1,2022,zooplankton,380,holoplankton,274,holoplankton,274,
Alaria,Pabay_30_1_22_3,Pabay,30_1_2022,30,1,2022,zooplankton,380,meroplankton,106,meroplankton,106,
Alaria,Pabay_30_1_22_3,Pabay,30_1_2022,30,1,2022,zooplankton,380,microfibers,2,microfibers,2,
Alaria,Pabay_30_1_22_3,Pabay,30_1_2022,30,1,2022,zooplankton,380,sabellariidae,2,sabellariidae,2,
Alaria,Pabay_30_1_22_3,Pabay,30_1_2022,30,1,2022,zooplankton,380,Copepoda,255,total_copepoda,255,
Alaria,Pabay_30_1_22_3,Pabay,30_1_2022,30,1,2022,zooplankton,380,Polychaeta,2,total_polychaeta,2,
Saccharina,Pabay_30_1_22_3,Pabay,30_1_2022,30,1,2022,zooplankton,380,Bivalvia,85,bivalvia,85,
Saccharina,Pabay_30_1_22_3,Pabay,30_1_2022,30,1,2022,zooplankton,380,Bryozoa,2,bryozoa,2,
Saccharina,Pabay_30_1_22_3,Pabay,30_1_2022,30,1,2022,zooplankton,380,copepod_nauplii,153,copepod_nauplii,153,
Saccharina,Pabay_30_1_22_3,Pabay,30_1_2022,30,1,2022,zooplankton,380,copepods,102,copepods,102,
Saccharina,Pabay_30_1_22_3,Pabay,30_1_2022,30,1,2022,zooplankton,380,fish_egg,17,fish_egg,17,
Saccharina,Pabay_30_1_22_3,Pabay,30_1_2022,30,1,2022,zooplankton,380,Gastropoda,17,gastropoda,17,
Saccharina,Pabay_30_1_22_3,Pabay,30_1_2022,30,1,2022,zooplankton,380,holoplankton,274,holoplankton,274,
Saccharina,Pabay_30_1_22_3,Pabay,30_1_2022,30,1,2022,zooplankton,380,meroplankton,106,meroplankton,106,
Saccharina,Pabay_30_1_22_3,Pabay,30_1_2022,30,1,2022,zooplankton,380,microfibers,2,microfibers,2,
Saccharina,Pabay_30_1_22_3,Pabay,30_1_2022,30,1,2022,zooplankton,380,sabellariidae,2,sabellariidae,2,
Saccharina,Pabay_30_1_22_3,Pabay,30_1_2022,30,1,2022,zooplankton,380,Copepoda,255,total_copepoda,255,
Saccharina,Pabay_30_1_22_3,Pabay,30_1_2022,30,1,2022,zooplankton,380,Polychaeta,2,total_polychaeta,2,
Alaria,Pabay_30_10_21_1,Pabay,30_10_2021,30,10,2021,zooplankton,5131,Bivalvia,51,bivalvia,51,
Alaria,Pabay_30_10_21_1,Pabay,30_10_2021,30,10,2021,zooplankton,5131,Bryozoa,68,bryozoa,68,
Alaria,Pabay_30_10_21_1,Pabay,30_10_2021,30,10,2021,zooplankton,5131,copepod_nauplii,2682,copepod_nauplii,2682,
Alaria,Pabay_30_10_21_1,Pabay,30_10_2021,30,10,2021,zooplankton,5131,copepods,2105,copepods,2105,
Alaria,Pabay_30_10_21_1,Pabay,30_10_2021,30,10,2021,zooplankton,5131,Gastropoda,17,gastropoda,17,
Alaria,Pabay_30_10_21_1,Pabay,30_10_2021,30,10,2021,zooplankton,5131,holoplankton,4923,holoplankton,4923,
Alaria,Pabay_30_10_21_1,Pabay,30_10_2021,30,10,2021,zooplankton,5131,meroplankton,208,meroplankton,208,
Alaria,Pabay_30_10_21_1,Pabay,30_10_2021,30,10,2021,zooplankton,5131,microfibers,2,microfibers,2,
Alaria,Pabay_30_10_21_1,Pabay,30_10_2021,30,10,2021,zooplankton,5131,ophiura_larvae,2,ophiura_larvae,2,
Alaria,Pabay_30_10_21_1,Pabay,30_10_2021,30,10,2021,zooplankton,5131,podon,17,podon,17,
Alaria,Pabay_30_10_21_1,Pabay,30_10_2021,30,10,2021,zooplankton,5131,sabellariidae,68,sabellariidae,68,
Alaria,Pabay_30_10_21_1,Pabay,30_10_2021,30,10,2021,zooplankton,5131,Branchiopoda,17,Branchiopoda,17,
Alaria,Pabay_30_10_21_1,Pabay,30_10_2021,30,10,2021,zooplankton,5131,Copepoda,4787,total_copepoda,4787,
Alaria,Pabay_30_10_21_1,Pabay,30_10_2021,30,10,2021,zooplankton,5131,Hydrozoa,2,total_hydrozoa,2,
Alaria,Pabay_30_10_21_1,Pabay,30_10_2021,30,10,2021,zooplankton,5131,Polychaeta,68,total_polychaeta,68,
Alaria,Pabay_30_10_21_1,Pabay,30_10_2021,30,10,2021,zooplankton,5131,unknown_jellies,2,unknown_jellies,2,
Saccharina,Pabay_30_10_21_1,Pabay,30_10_2021,30,10,2021,zooplankton,5131,Bivalvia,51,bivalvia,51,
Saccharina,Pabay_30_10_21_1,Pabay,30_10_2021,30,10,2021,zooplankton,5131,Bryozoa,68,bryozoa,68,
Saccharina,Pabay_30_10_21_1,Pabay,30_10_2021,30,10,2021,zooplankton,5131,copepod_nauplii,2682,copepod_nauplii,2682,
Saccharina,Pabay_30_10_21_1,Pabay,30_10_2021,30,10,2021,zooplankton,5131,copepods,2105,copepods,2105,
Saccharina,Pabay_30_10_21_1,Pabay,30_10_2021,30,10,2021,zooplankton,5131,Gastropoda,17,gastropoda,17,
Saccharina,Pabay_30_10_21_1,Pabay,30_10_2021,30,10,2021,zooplankton,5131,holoplankton,4923,holoplankton,4923,
Saccharina,Pabay_30_10_21_1,Pabay,30_10_2021,30,10,2021,zooplankton,5131,meroplankton,208,meroplankton,208,
Saccharina,Pabay_30_10_21_1,Pabay,30_10_2021,30,10,2021,zooplankton,5131,microfibers,2,microfibers,2,
Saccharina,Pabay_30_10_21_1,Pabay,30_10_2021,30,10,2021,zooplankton,5131,ophiura_larvae,2,ophiura_larvae,2,
Saccharina,Pabay_30_10_21_1,Pabay,30_10_2021,30,10,2021,zooplankton,5131,podon,17,podon,17,
Saccharina,Pabay_30_10_21_1,Pabay,30_10_2021,30,10,2021,zooplankton,5131,sabellariidae,68,sabellariidae,68,
Saccharina,Pabay_30_10_21_1,Pabay,30_10_2021,30,10,2021,zooplankton,5131,Branchiopoda,17,Branchiopoda,17,
Saccharina,Pabay_30_10_21_1,Pabay,30_10_2021,30,10,2021,zooplankton,5131,Copepoda,4787,total_copepoda,4787,
Saccharina,Pabay_30_10_21_1,Pabay,30_10_2021,30,10,2021,zooplankton,5131,Hydrozoa,2,total_hydrozoa,2,
Saccharina,Pabay_30_10_21_1,Pabay,30_10_2021,30,10,2021,zooplankton,5131,Polychaeta,68,total_polychaeta,68,
Saccharina,Pabay_30_10_21_1,Pabay,30_10_2021,30,10,2021,zooplankton,5131,unknown_jellies,2,unknown_jellies,2,
Alaria,Pabay_30_10_21_2,Pabay,30_10_2021,30,10,2021,zooplankton,3618,Bivalvia,119,bivalvia,119,
Alaria,Pabay_30_10_21_2,Pabay,30_10_2021,30,10,2021,zooplankton,3618,Bryozoa,34,bryozoa,34,
Alaria,Pabay_30_10_21_2,Pabay,30_10_2021,30,10,2021,zooplankton,3618,copepod_nauplii,2003,copepod_nauplii,2003,
Alaria,Pabay_30_10_21_2,Pabay,30_10_2021,30,10,2021,zooplankton,3618,copepods,1154,copepods,1154,
Alaria,Pabay_30_10_21_2,Pabay,30_10_2021,30,10,2021,zooplankton,3618,fish_egg,2,fish_egg,2,
Alaria,Pabay_30_10_21_2,Pabay,30_10_2021,30,10,2021,zooplankton,3618,Gastropoda,85,gastropoda,85,
Alaria,Pabay_30_10_21_2,Pabay,30_10_2021,30,10,2021,zooplankton,3618,holoplankton,3295,holoplankton,3295,
Alaria,Pabay_30_10_21_2,Pabay,30_10_2021,30,10,2021,zooplankton,3618,meroplankton,323,meroplankton,323,
Alaria,Pabay_30_10_21_2,Pabay,30_10_2021,30,10,2021,zooplankton,3618,microfibers,17,microfibers,17,
Alaria,Pabay_30_10_21_2,Pabay,30_10_2021,30,10,2021,zooplankton,3618,sabellariidae,85,sabellariidae,85,
Alaria,Pabay_30_10_21_2,Pabay,30_10_2021,30,10,2021,zooplankton,3618,Copepoda,3158,total_copepoda,3158,
Alaria,Pabay_30_10_21_2,Pabay,30_10_2021,30,10,2021,zooplankton,3618,Polychaeta,85,total_polychaeta,85,
Saccharina,Pabay_30_10_21_2,Pabay,30_10_2021,30,10,2021,zooplankton,3618,Bivalvia,119,bivalvia,119,
Saccharina,Pabay_30_10_21_2,Pabay,30_10_2021,30,10,2021,zooplankton,3618,Bryozoa,34,bryozoa,34,
Saccharina,Pabay_30_10_21_2,Pabay,30_10_2021,30,10,2021,zooplankton,3618,copepod_nauplii,2003,copepod_nauplii,2003,
Saccharina,Pabay_30_10_21_2,Pabay,30_10_2021,30,10,2021,zooplankton,3618,copepods,1154,copepods,1154,
Saccharina,Pabay_30_10_21_2,Pabay,30_10_2021,30,10,2021,zooplankton,3618,fish_egg,2,fish_egg,2,
Saccharina,Pabay_30_10_21_2,Pabay,30_10_2021,30,10,2021,zooplankton,3618,Gastropoda,85,gastropoda,85,
Saccharina,Pabay_30_10_21_2,Pabay,30_10_2021,30,10,2021,zooplankton,3618,holoplankton,3295,holoplankton,3295,
Saccharina,Pabay_30_10_21_2,Pabay,30_10_2021,30,10,2021,zooplankton,3618,meroplankton,323,meroplankton,323,
Saccharina,Pabay_30_10_21_2,Pabay,30_10_2021,30,10,2021,zooplankton,3618,microfibers,17,microfibers,17,
Saccharina,Pabay_30_10_21_2,Pabay,30_10_2021,30,10,2021,zooplankton,3618,sabellariidae,85,sabellariidae,85,
Saccharina,Pabay_30_10_21_2,Pabay,30_10_2021,30,10,2021,zooplankton,3618,Copepoda,3158,total_copepoda,3158,
Saccharina,Pabay_30_10_21_2,Pabay,30_10_2021,30,10,2021,zooplankton,3618,Polychaeta,85,total_polychaeta,85,
Alaria,Pabay_30_10_21_3,Pabay,30_10_2021,30,10,2021,zooplankton,3096,Bivalvia,85,bivalvia,85,
Alaria,Pabay_30_10_21_3,Pabay,30_10_2021,30,10,2021,zooplankton,3096,Bryozoa,2,bryozoa,2,
Alaria,Pabay_30_10_21_3,Pabay,30_10_2021,30,10,2021,zooplankton,3096,copepod_nauplii,1273,copepod_nauplii,1273,
Alaria,Pabay_30_10_21_3,Pabay,30_10_2021,30,10,2021,zooplankton,3096,copepods,1545,copepods,1545,
Alaria,Pabay_30_10_21_3,Pabay,30_10_2021,30,10,2021,zooplankton,3096,decapoda_larvae,2,decapoda_larvae,2,
Alaria,Pabay_30_10_21_3,Pabay,30_10_2021,30,10,2021,zooplankton,3096,evadne,17,evadne,17,
Alaria,Pabay_30_10_21_3,Pabay,30_10_2021,30,10,2021,zooplankton,3096,Gastropoda,2,gastropoda,2,
Alaria,Pabay_30_10_21_3,Pabay,30_10_2021,30,10,2021,zooplankton,3096,holoplankton,2954,holoplankton,2954,
Alaria,Pabay_30_10_21_3,Pabay,30_10_2021,30,10,2021,zooplankton,3096,meroplankton,142,meroplankton,142,
Alaria,Pabay_30_10_21_3,Pabay,30_10_2021,30,10,2021,zooplankton,3096,microfibers,51,microfibers,51,
Alaria,Pabay_30_10_21_3,Pabay,30_10_2021,30,10,2021,zooplankton,3096,obelia,17,obelia,17,
Alaria,Pabay_30_10_21_3,Pabay,30_10_2021,30,10,2021,zooplankton,3096,podon,17,podon,17,
Alaria,Pabay_30_10_21_3,Pabay,30_10_2021,30,10,2021,zooplankton,3096,sabellariidae,34,sabellariidae,34,
Alaria,Pabay_30_10_21_3,Pabay,30_10_2021,30,10,2021,zooplankton,3096,Branchiopoda,34,Branchiopoda,34,
Alaria,Pabay_30_10_21_3,Pabay,30_10_2021,30,10,2021,zooplankton,3096,Copepoda,2818,total_copepoda,2818,
Alaria,Pabay_30_10_21_3,Pabay,30_10_2021,30,10,2021,zooplankton,3096,Hydrozoa,17,total_hydrozoa,17,
Alaria,Pabay_30_10_21_3,Pabay,30_10_2021,30,10,2021,zooplankton,3096,Malacostraca,2,Malacostraca,2,
Alaria,Pabay_30_10_21_3,Pabay,30_10_2021,30,10,2021,zooplankton,3096,Polychaeta,34,total_polychaeta,34,
Saccharina,Pabay_30_10_21_3,Pabay,30_10_2021,30,10,2021,zooplankton,3096,Bivalvia,85,bivalvia,85,
Saccharina,Pabay_30_10_21_3,Pabay,30_10_2021,30,10,2021,zooplankton,3096,Bryozoa,2,bryozoa,2,
Saccharina,Pabay_30_10_21_3,Pabay,30_10_2021,30,10,2021,zooplankton,3096,copepod_nauplii,1273,copepod_nauplii,1273,
Saccharina,Pabay_30_10_21_3,Pabay,30_10_2021,30,10,2021,zooplankton,3096,copepods,1545,copepods,1545,
Saccharina,Pabay_30_10_21_3,Pabay,30_10_2021,30,10,2021,zooplankton,3096,decapoda_larvae,2,decapoda_larvae,2,
Saccharina,Pabay_30_10_21_3,Pabay,30_10_2021,30,10,2021,zooplankton,3096,evadne,17,evadne,17,
Saccharina,Pabay_30_10_21_3,Pabay,30_10_2021,30,10,2021,zooplankton,3096,Gastropoda,2,gastropoda,2,
Saccharina,Pabay_30_10_21_3,Pabay,30_10_2021,30,10,2021,zooplankton,3096,holoplankton,2954,holoplankton,2954,
Saccharina,Pabay_30_10_21_3,Pabay,30_10_2021,30,10,2021,zooplankton,3096,meroplankton,142,meroplankton,142,
Saccharina,Pabay_30_10_21_3,Pabay,30_10_2021,30,10,2021,zooplankton,3096,microfibers,51,microfibers,51,
Saccharina,Pabay_30_10_21_3,Pabay,30_10_2021,30,10,2021,zooplankton,3096,obelia,17,obelia,17,
Saccharina,Pabay_30_10_21_3,Pabay,30_10_2021,30,10,2021,zooplankton,3096,podon,17,podon,17,
Saccharina,Pabay_30_10_21_3,Pabay,30_10_2021,30,10,2021,zooplankton,3096,sabellariidae,34,sabellariidae,34,
Saccharina,Pabay_30_10_21_3,Pabay,30_10_2021,30,10,2021,zooplankton,3096,Branchiopoda,34,Branchiopoda,34,
Saccharina,Pabay_30_10_21_3,Pabay,30_10_2021,30,10,2021,zooplankton,3096,Copepoda,2818,total_copepoda,2818,
Saccharina,Pabay_30_10_21_3,Pabay,30_10_2021,30,10,2021,zooplankton,3096,Hydrozoa,17,total_hydrozoa,17,
Saccharina,Pabay_30_10_21_3,Pabay,30_10_2021,30,10,2021,zooplankton,3096,Malacostraca,2,Malacostraca,2,
Saccharina,Pabay_30_10_21_3,Pabay,30_10_2021,30,10,2021,zooplankton,3096,Polychaeta,34,total_polychaeta,34,
Alaria,Pabay_30_6_22_1,Pabay,30_6_2022,30,6,2022,zooplankton,11797,Bivalvia,271,bivalvia,271,
Alaria,Pabay_30_6_22_1,Pabay,30_6_2022,30,6,2022,zooplankton,11797,Bryozoa,16,bryozoa,16,
Alaria,Pabay_30_6_22_1,Pabay,30_6_2022,30,6,2022,zooplankton,11797,copepod_nauplii,4465,copepod_nauplii,4465,
Alaria,Pabay_30_6_22_1,Pabay,30_6_2022,30,6,2022,zooplankton,11797,copepods,5755,copepods,5755,
Alaria,Pabay_30_6_22_1,Pabay,30_6_2022,30,6,2022,zooplankton,11797,ctenophore,2,ctenophore,2,
Alaria,Pabay_30_6_22_1,Pabay,30_6_2022,30,6,2022,zooplankton,11797,decapoda_larvae,16,decapoda_larvae,16,
Alaria,Pabay_30_6_22_1,Pabay,30_6_2022,30,6,2022,zooplankton,11797,evadne,255,evadne,255,
Alaria,Pabay_30_6_22_1,Pabay,30_6_2022,30,6,2022,zooplankton,11797,Gastropoda,51,gastropoda,51,
Alaria,Pabay_30_6_22_1,Pabay,30_6_2022,30,6,2022,zooplankton,11797,holoplankton,10984,holoplankton,10984,
Alaria,Pabay_30_6_22_1,Pabay,30_6_2022,30,6,2022,zooplankton,11797,meroplankton,813,meroplankton,813,
Alaria,Pabay_30_6_22_1,Pabay,30_6_2022,30,6,2022,zooplankton,11797,obelia,306,obelia,306,
Alaria,Pabay_30_6_22_1,Pabay,30_6_2022,30,6,2022,zooplankton,11797,ophiura_larvae,51,ophiura_larvae,51,
Alaria,Pabay_30_6_22_1,Pabay,30_6_2022,30,6,2022,zooplankton,11797,podon,16,podon,16,
Alaria,Pabay_30_6_22_1,Pabay,30_6_2022,30,6,2022,zooplankton,11797,sabellariidae,16,sabellariidae,16,
Alaria,Pabay_30_6_22_1,Pabay,30_6_2022,30,6,2022,zooplankton,11797,sea_urchin_larvae,51,sea_urchin_larvae,51,
Alaria,Pabay_30_6_22_1,Pabay,30_6_2022,30,6,2022,zooplankton,11797,spionida,16,spionida,16,
Alaria,Pabay_30_6_22_1,Pabay,30_6_2022,30,6,2022,zooplankton,11797,Branchiopoda,271,Branchiopoda,271,
Alaria,Pabay_30_6_22_1,Pabay,30_6_2022,30,6,2022,zooplankton,11797,Copepoda,10221,total_copepoda,10221,
Alaria,Pabay_30_6_22_1,Pabay,30_6_2022,30,6,2022,zooplankton,11797,Hydrozoa,306,total_hydrozoa,306,
Alaria,Pabay_30_6_22_1,Pabay,30_6_2022,30,6,2022,zooplankton,11797,Malacostraca,18,Malacostraca,18,
Alaria,Pabay_30_6_22_1,Pabay,30_6_2022,30,6,2022,zooplankton,11797,Polychaeta,33,total_polychaeta,33,
Saccharina,Pabay_30_6_22_1,Pabay,30_6_2022,30,6,2022,zooplankton,11797,Bivalvia,271,bivalvia,271,
Saccharina,Pabay_30_6_22_1,Pabay,30_6_2022,30,6,2022,zooplankton,11797,Bryozoa,16,bryozoa,16,
Saccharina,Pabay_30_6_22_1,Pabay,30_6_2022,30,6,2022,zooplankton,11797,copepod_nauplii,4465,copepod_nauplii,4465,
Saccharina,Pabay_30_6_22_1,Pabay,30_6_2022,30,6,2022,zooplankton,11797,copepods,5755,copepods,5755,
Saccharina,Pabay_30_6_22_1,Pabay,30_6_2022,30,6,2022,zooplankton,11797,ctenophore,2,ctenophore,2,
Saccharina,Pabay_30_6_22_1,Pabay,30_6_2022,30,6,2022,zooplankton,11797,decapoda_larvae,16,decapoda_larvae,16,
Saccharina,Pabay_30_6_22_1,Pabay,30_6_2022,30,6,2022,zooplankton,11797,evadne,255,evadne,255,
Saccharina,Pabay_30_6_22_1,Pabay,30_6_2022,30,6,2022,zooplankton,11797,Gastropoda,51,gastropoda,51,
Saccharina,Pabay_30_6_22_1,Pabay,30_6_2022,30,6,2022,zooplankton,11797,holoplankton,10984,holoplankton,10984,
Saccharina,Pabay_30_6_22_1,Pabay,30_6_2022,30,6,2022,zooplankton,11797,meroplankton,813,meroplankton,813,
Saccharina,Pabay_30_6_22_1,Pabay,30_6_2022,30,6,2022,zooplankton,11797,obelia,306,obelia,306,
Saccharina,Pabay_30_6_22_1,Pabay,30_6_2022,30,6,2022,zooplankton,11797,ophiura_larvae,51,ophiura_larvae,51,
Saccharina,Pabay_30_6_22_1,Pabay,30_6_2022,30,6,2022,zooplankton,11797,podon,16,podon,16,
Saccharina,Pabay_30_6_22_1,Pabay,30_6_2022,30,6,2022,zooplankton,11797,sabellariidae,16,sabellariidae,16,
Saccharina,Pabay_30_6_22_1,Pabay,30_6_2022,30,6,2022,zooplankton,11797,sea_urchin_larvae,51,sea_urchin_larvae,51,
Saccharina,Pabay_30_6_22_1,Pabay,30_6_2022,30,6,2022,zooplankton,11797,spionida,16,spionida,16,
Saccharina,Pabay_30_6_22_1,Pabay,30_6_2022,30,6,2022,zooplankton,11797,Branchiopoda,271,Branchiopoda,271,
Saccharina,Pabay_30_6_22_1,Pabay,30_6_2022,30,6,2022,zooplankton,11797,Copepoda,10221,total_copepoda,10221,
Saccharina,Pabay_30_6_22_1,Pabay,30_6_2022,30,6,2022,zooplankton,11797,Hydrozoa,306,total_hydrozoa,306,
Saccharina,Pabay_30_6_22_1,Pabay,30_6_2022,30,6,2022,zooplankton,11797,Malacostraca,18,Malacostraca,18,
Saccharina,Pabay_30_6_22_1,Pabay,30_6_2022,30,6,2022,zooplankton,11797,Polychaeta,33,total_polychaeta,33,
Alaria,Pabay_30_6_22_2,Pabay,30_6_2022,30,6,2022,zooplankton,19190,Bivalvia,1359,bivalvia,1359,
Alaria,Pabay_30_6_22_2,Pabay,30_6_2022,30,6,2022,zooplankton,19190,Bryozoa,35,bryozoa,35,
Alaria,Pabay_30_6_22_2,Pabay,30_6_2022,30,6,2022,zooplankton,19190,copepod_nauplii,6112,copepod_nauplii,6112,
Alaria,Pabay_30_6_22_2,Pabay,30_6_2022,30,6,2022,zooplankton,19190,copepods,9049,copepods,9049,
Alaria,Pabay_30_6_22_2,Pabay,30_6_2022,30,6,2022,zooplankton,19190,ctenophore,2,ctenophore,2,
Alaria,Pabay_30_6_22_2,Pabay,30_6_2022,30,6,2022,zooplankton,19190,decapoda_larvae,35,decapoda_larvae,35,
Alaria,Pabay_30_6_22_2,Pabay,30_6_2022,30,6,2022,zooplankton,19190,evadne,187,evadne,187,
Alaria,Pabay_30_6_22_2,Pabay,30_6_2022,30,6,2022,zooplankton,19190,Gastropoda,136,gastropoda,136,
Alaria,Pabay_30_6_22_2,Pabay,30_6_2022,30,6,2022,zooplankton,19190,holoplankton,16128,holoplankton,16128,
Alaria,Pabay_30_6_22_2,Pabay,30_6_2022,30,6,2022,zooplankton,19190,holothuria_larvae,67,holothuria_larvae,67,
Alaria,Pabay_30_6_22_2,Pabay,30_6_2022,30,6,2022,zooplankton,19190,meroplankton,3060,meroplankton,3060,
Alaria,Pabay_30_6_22_2,Pabay,30_6_2022,30,6,2022,zooplankton,19190,obelia,458,obelia,458,
Alaria,Pabay_30_6_22_2,Pabay,30_6_2022,30,6,2022,zooplankton,19190,ophiura_larvae,322,ophiura_larvae,322,
Alaria,Pabay_30_6_22_2,Pabay,30_6_2022,30,6,2022,zooplankton,19190,other_polychaetae_larvae,16,other_polychaetae_larvae,16,
Alaria,Pabay_30_6_22_2,Pabay,30_6_2022,30,6,2022,zooplankton,19190,phoronida_larvae,2,phoronida_larvae,2,
Alaria,Pabay_30_6_22_2,Pabay,30_6_2022,30,6,2022,zooplankton,19190,sabellariidae,271,sabellariidae,271,
Alaria,Pabay_30_6_22_2,Pabay,30_6_2022,30,6,2022,zooplankton,19190,sagitta,2,sagitta,2,
Alaria,Pabay_30_6_22_2,Pabay,30_6_2022,30,6,2022,zooplankton,19190,sea_urchin_larvae,220,sea_urchin_larvae,220,
Alaria,Pabay_30_6_22_2,Pabay,30_6_2022,30,6,2022,zooplankton,19190,spionida,204,spionida,204,
Alaria,Pabay_30_6_22_2,Pabay,30_6_2022,30,6,2022,zooplankton,19190,Branchiopoda,187,Branchiopoda,187,
Alaria,Pabay_30_6_22_2,Pabay,30_6_2022,30,6,2022,zooplankton,19190,Copepoda,15161,total_copepoda,15161,
Alaria,Pabay_30_6_22_2,Pabay,30_6_2022,30,6,2022,zooplankton,19190,Hydrozoa,458,total_hydrozoa,458,
Alaria,Pabay_30_6_22_2,Pabay,30_6_2022,30,6,2022,zooplankton,19190,Malacostraca,37,Malacostraca,37,
Alaria,Pabay_30_6_22_2,Pabay,30_6_2022,30,6,2022,zooplankton,19190,Polychaeta,491,total_polychaeta,491,
Saccharina,Pabay_30_6_22_2,Pabay,30_6_2022,30,6,2022,zooplankton,19190,Bivalvia,1359,bivalvia,1359,
Saccharina,Pabay_30_6_22_2,Pabay,30_6_2022,30,6,2022,zooplankton,19190,Bryozoa,35,bryozoa,35,
Saccharina,Pabay_30_6_22_2,Pabay,30_6_2022,30,6,2022,zooplankton,19190,copepod_nauplii,6112,copepod_nauplii,6112,
Saccharina,Pabay_30_6_22_2,Pabay,30_6_2022,30,6,2022,zooplankton,19190,copepods,9049,copepods,9049,
Saccharina,Pabay_30_6_22_2,Pabay,30_6_2022,30,6,2022,zooplankton,19190,ctenophore,2,ctenophore,2,
Saccharina,Pabay_30_6_22_2,Pabay,30_6_2022,30,6,2022,zooplankton,19190,decapoda_larvae,35,decapoda_larvae,35,
Saccharina,Pabay_30_6_22_2,Pabay,30_6_2022,30,6,2022,zooplankton,19190,evadne,187,evadne,187,
Saccharina,Pabay_30_6_22_2,Pabay,30_6_2022,30,6,2022,zooplankton,19190,Gastropoda,136,gastropoda,136,
Saccharina,Pabay_30_6_22_2,Pabay,30_6_2022,30,6,2022,zooplankton,19190,holoplankton,16128,holoplankton,16128,
Saccharina,Pabay_30_6_22_2,Pabay,30_6_2022,30,6,2022,zooplankton,19190,holothuria_larvae,67,holothuria_larvae,67,
Saccharina,Pabay_30_6_22_2,Pabay,30_6_2022,30,6,2022,zooplankton,19190,meroplankton,3060,meroplankton,3060,
Saccharina,Pabay_30_6_22_2,Pabay,30_6_2022,30,6,2022,zooplankton,19190,obelia,458,obelia,458,
Saccharina,Pabay_30_6_22_2,Pabay,30_6_2022,30,6,2022,zooplankton,19190,ophiura_larvae,322,ophiura_larvae,322,
Saccharina,Pabay_30_6_22_2,Pabay,30_6_2022,30,6,2022,zooplankton,19190,other_polychaetae_larvae,16,other_polychaetae_larvae,16,
Saccharina,Pabay_30_6_22_2,Pabay,30_6_2022,30,6,2022,zooplankton,19190,phoronida_larvae,2,phoronida_larvae,2,
Saccharina,Pabay_30_6_22_2,Pabay,30_6_2022,30,6,2022,zooplankton,19190,sabellariidae,271,sabellariidae,271,
Saccharina,Pabay_30_6_22_2,Pabay,30_6_2022,30,6,2022,zooplankton,19190,sagitta,2,sagitta,2,
Saccharina,Pabay_30_6_22_2,Pabay,30_6_2022,30,6,2022,zooplankton,19190,sea_urchin_larvae,220,sea_urchin_larvae,220,
Saccharina,Pabay_30_6_22_2,Pabay,30_6_2022,30,6,2022,zooplankton,19190,spionida,204,spionida,204,
Saccharina,Pabay_30_6_22_2,Pabay,30_6_2022,30,6,2022,zooplankton,19190,Branchiopoda,187,Branchiopoda,187,
Saccharina,Pabay_30_6_22_2,Pabay,30_6_2022,30,6,2022,zooplankton,19190,Copepoda,15161,total_copepoda,15161,
Saccharina,Pabay_30_6_22_2,Pabay,30_6_2022,30,6,2022,zooplankton,19190,Hydrozoa,458,total_hydrozoa,458,
Saccharina,Pabay_30_6_22_2,Pabay,30_6_2022,30,6,2022,zooplankton,19190,Malacostraca,37,Malacostraca,37,
Saccharina,Pabay_30_6_22_2,Pabay,30_6_2022,30,6,2022,zooplankton,19190,Polychaeta,491,total_polychaeta,491,
Alaria,Pabay_30_6_22_3,Pabay,30_6_2022,30,6,2022,zooplankton,14882,Bivalvia,544,bivalvia,544,
Alaria,Pabay_30_6_22_3,Pabay,30_6_2022,30,6,2022,zooplankton,14882,Bryozoa,86,bryozoa,86,
Alaria,Pabay_30_6_22_3,Pabay,30_6_2022,30,6,2022,zooplankton,14882,copepod_nauplii,6315,copepod_nauplii,6315,
Alaria,Pabay_30_6_22_3,Pabay,30_6_2022,30,6,2022,zooplankton,14882,copepods,6044,copepods,6044,
Alaria,Pabay_30_6_22_3,Pabay,30_6_2022,30,6,2022,zooplankton,14882,ctenophore,35,ctenophore,35,
Alaria,Pabay_30_6_22_3,Pabay,30_6_2022,30,6,2022,zooplankton,14882,decapoda_larvae,6,decapoda_larvae,6,
Alaria,Pabay_30_6_22_3,Pabay,30_6_2022,30,6,2022,zooplankton,14882,evadne,67,evadne,67,
Alaria,Pabay_30_6_22_3,Pabay,30_6_2022,30,6,2022,zooplankton,14882,Gastropoda,204,gastropoda,204,
Alaria,Pabay_30_6_22_3,Pabay,30_6_2022,30,6,2022,zooplankton,14882,holoplankton,13158,holoplankton,13158,
Alaria,Pabay_30_6_22_3,Pabay,30_6_2022,30,6,2022,zooplankton,14882,hydroids,2,hydroids,2,
Alaria,Pabay_30_6_22_3,Pabay,30_6_2022,30,6,2022,zooplankton,14882,meroplankton,1723,meroplankton,1723,
Alaria,Pabay_30_6_22_3,Pabay,30_6_2022,30,6,2022,zooplankton,14882,obelia,322,obelia,322,
Alaria,Pabay_30_6_22_3,Pabay,30_6_2022,30,6,2022,zooplankton,14882,ophiura_larvae,204,ophiura_larvae,204,
Alaria,Pabay_30_6_22_3,Pabay,30_6_2022,30,6,2022,zooplankton,14882,other_polychaetae_larvae,16,other_polychaetae_larvae,16,
Alaria,Pabay_30_6_22_3,Pabay,30_6_2022,30,6,2022,zooplankton,14882,sabellariidae,136,sabellariidae,136,
Alaria,Pabay_30_6_22_3,Pabay,30_6_2022,30,6,2022,zooplankton,14882,sea_urchin_larvae,86,sea_urchin_larvae,86,
Alaria,Pabay_30_6_22_3,Pabay,30_6_2022,30,6,2022,zooplankton,14882,spionida,35,spionida,35,
Alaria,Pabay_30_6_22_3,Pabay,30_6_2022,30,6,2022,zooplankton,14882,Balanoida,51,total_balanoida,51,
Alaria,Pabay_30_6_22_3,Pabay,30_6_2022,30,6,2022,zooplankton,14882,Branchiopoda,67,Branchiopoda,67,
Alaria,Pabay_30_6_22_3,Pabay,30_6_2022,30,6,2022,zooplankton,14882,Copepoda,12360,total_copepoda,12360,
Alaria,Pabay_30_6_22_3,Pabay,30_6_2022,30,6,2022,zooplankton,14882,Hydrozoa,324,total_hydrozoa,324,
Alaria,Pabay_30_6_22_3,Pabay,30_6_2022,30,6,2022,zooplankton,14882,Malacostraca,22,Malacostraca,22,
Alaria,Pabay_30_6_22_3,Pabay,30_6_2022,30,6,2022,zooplankton,14882,Polychaeta,187,total_polychaeta,187,
Saccharina,Pabay_30_6_22_3,Pabay,30_6_2022,30,6,2022,zooplankton,14882,Bivalvia,544,bivalvia,544,
Saccharina,Pabay_30_6_22_3,Pabay,30_6_2022,30,6,2022,zooplankton,14882,Bryozoa,86,bryozoa,86,
Saccharina,Pabay_30_6_22_3,Pabay,30_6_2022,30,6,2022,zooplankton,14882,copepod_nauplii,6315,copepod_nauplii,6315,
Saccharina,Pabay_30_6_22_3,Pabay,30_6_2022,30,6,2022,zooplankton,14882,copepods,6044,copepods,6044,
Saccharina,Pabay_30_6_22_3,Pabay,30_6_2022,30,6,2022,zooplankton,14882,ctenophore,35,ctenophore,35,
Saccharina,Pabay_30_6_22_3,Pabay,30_6_2022,30,6,2022,zooplankton,14882,decapoda_larvae,6,decapoda_larvae,6,
Saccharina,Pabay_30_6_22_3,Pabay,30_6_2022,30,6,2022,zooplankton,14882,evadne,67,evadne,67,
Saccharina,Pabay_30_6_22_3,Pabay,30_6_2022,30,6,2022,zooplankton,14882,Gastropoda,204,gastropoda,204,
Saccharina,Pabay_30_6_22_3,Pabay,30_6_2022,30,6,2022,zooplankton,14882,holoplankton,13158,holoplankton,13158,
Saccharina,Pabay_30_6_22_3,Pabay,30_6_2022,30,6,2022,zooplankton,14882,hydroids,2,hydroids,2,
Saccharina,Pabay_30_6_22_3,Pabay,30_6_2022,30,6,2022,zooplankton,14882,meroplankton,1723,meroplankton,1723,
Saccharina,Pabay_30_6_22_3,Pabay,30_6_2022,30,6,2022,zooplankton,14882,obelia,322,obelia,322,
Saccharina,Pabay_30_6_22_3,Pabay,30_6_2022,30,6,2022,zooplankton,14882,ophiura_larvae,204,ophiura_larvae,204,
Saccharina,Pabay_30_6_22_3,Pabay,30_6_2022,30,6,2022,zooplankton,14882,other_polychaetae_larvae,16,other_polychaetae_larvae,16,
Saccharina,Pabay_30_6_22_3,Pabay,30_6_2022,30,6,2022,zooplankton,14882,sabellariidae,136,sabellariidae,136,
Saccharina,Pabay_30_6_22_3,Pabay,30_6_2022,30,6,2022,zooplankton,14882,sea_urchin_larvae,86,sea_urchin_larvae,86,
Saccharina,Pabay_30_6_22_3,Pabay,30_6_2022,30,6,2022,zooplankton,14882,spionida,35,spionida,35,
Saccharina,Pabay_30_6_22_3,Pabay,30_6_2022,30,6,2022,zooplankton,14882,Balanoida,51,total_balanoida,51,
Saccharina,Pabay_30_6_22_3,Pabay,30_6_2022,30,6,2022,zooplankton,14882,Branchiopoda,67,Branchiopoda,67,
Saccharina,Pabay_30_6_22_3,Pabay,30_6_2022,30,6,2022,zooplankton,14882,Copepoda,12360,total_copepoda,12360,
Saccharina,Pabay_30_6_22_3,Pabay,30_6_2022,30,6,2022,zooplankton,14882,Hydrozoa,324,total_hydrozoa,324,
Saccharina,Pabay_30_6_22_3,Pabay,30_6_2022,30,6,2022,zooplankton,14882,Malacostraca,22,Malacostraca,22,
Saccharina,Pabay_30_6_22_3,Pabay,30_6_2022,30,6,2022,zooplankton,14882,Polychaeta,187,total_polychaeta,187,
Alaria,Pabay_30_7_22_1,Pabay,30_7_2022,30,7,2022,zooplankton,6160,Bivalvia,271,bivalvia,271,
Alaria,Pabay_30_7_22_1,Pabay,30_7_2022,30,7,2022,zooplankton,6160,Bryozoa,35,bryozoa,35,
Alaria,Pabay_30_7_22_1,Pabay,30_7_2022,30,7,2022,zooplankton,6160,copepod_nauplii,1544,copepod_nauplii,1544,
Alaria,Pabay_30_7_22_1,Pabay,30_7_2022,30,7,2022,zooplankton,6160,copepods,2938,copepods,2938,
Alaria,Pabay_30_7_22_1,Pabay,30_7_2022,30,7,2022,zooplankton,6160,decapoda_larvae,2,decapoda_larvae,2,
Alaria,Pabay_30_7_22_1,Pabay,30_7_2022,30,7,2022,zooplankton,6160,euphysa_sp,2,euphysa_sp,2,
Alaria,Pabay_30_7_22_1,Pabay,30_7_2022,30,7,2022,zooplankton,6160,evadne,424,evadne,424,
Alaria,Pabay_30_7_22_1,Pabay,30_7_2022,30,7,2022,zooplankton,6160,Gastropoda,67,gastropoda,67,
Alaria,Pabay_30_7_22_1,Pabay,30_7_2022,30,7,2022,zooplankton,6160,holoplankton,5549,holoplankton,5549,
Alaria,Pabay_30_7_22_1,Pabay,30_7_2022,30,7,2022,zooplankton,6160,hydroids,16,hydroids,16,
Alaria,Pabay_30_7_22_1,Pabay,30_7_2022,30,7,2022,zooplankton,6160,lizzia_blondina,16,lizzia_blondina,16,
Alaria,Pabay_30_7_22_1,Pabay,30_7_2022,30,7,2022,zooplankton,6160,meroplankton,611,meroplankton,611,
Alaria,Pabay_30_7_22_1,Pabay,30_7_2022,30,7,2022,zooplankton,6160,ophiura_larvae,16,ophiura_larvae,16,
Alaria,Pabay_30_7_22_1,Pabay,30_7_2022,30,7,2022,zooplankton,6160,sabellariidae,153,sabellariidae,153,
Alaria,Pabay_30_7_22_1,Pabay,30_7_2022,30,7,2022,zooplankton,6160,sea_urchin_larvae,16,sea_urchin_larvae,16,
Alaria,Pabay_30_7_22_1,Pabay,30_7_2022,30,7,2022,zooplankton,6160,solmaris_corona,2,solmaris_corona,2,
Alaria,Pabay_30_7_22_1,Pabay,30_7_2022,30,7,2022,zooplankton,6160,spionida,16,spionida,16,
Alaria,Pabay_30_7_22_1,Pabay,30_7_2022,30,7,2022,zooplankton,6160,Balanoida,16,total_balanoida,16,
Alaria,Pabay_30_7_22_1,Pabay,30_7_2022,30,7,2022,zooplankton,6160,Branchiopoda,424,Branchiopoda,424,
Alaria,Pabay_30_7_22_1,Pabay,30_7_2022,30,7,2022,zooplankton,6160,Copepoda,4482,total_copepoda,4482,
Alaria,Pabay_30_7_22_1,Pabay,30_7_2022,30,7,2022,zooplankton,6160,Hydrozoa,33,total_hydrozoa,33,
Alaria,Pabay_30_7_22_1,Pabay,30_7_2022,30,7,2022,zooplankton,6160,Malacostraca,4,Malacostraca,4,
Alaria,Pabay_30_7_22_1,Pabay,30_7_2022,30,7,2022,zooplankton,6160,Polychaeta,169,total_polychaeta,169,
Saccharina,Pabay_30_7_22_1,Pabay,30_7_2022,30,7,2022,zooplankton,6160,Bivalvia,271,bivalvia,271,
Saccharina,Pabay_30_7_22_1,Pabay,30_7_2022,30,7,2022,zooplankton,6160,Bryozoa,35,bryozoa,35,
Saccharina,Pabay_30_7_22_1,Pabay,30_7_2022,30,7,2022,zooplankton,6160,copepod_nauplii,1544,copepod_nauplii,1544,
Saccharina,Pabay_30_7_22_1,Pabay,30_7_2022,30,7,2022,zooplankton,6160,copepods,2938,copepods,2938,
Saccharina,Pabay_30_7_22_1,Pabay,30_7_2022,30,7,2022,zooplankton,6160,decapoda_larvae,2,decapoda_larvae,2,
Saccharina,Pabay_30_7_22_1,Pabay,30_7_2022,30,7,2022,zooplankton,6160,euphysa_sp,2,euphysa_sp,2,
Saccharina,Pabay_30_7_22_1,Pabay,30_7_2022,30,7,2022,zooplankton,6160,evadne,424,evadne,424,
Saccharina,Pabay_30_7_22_1,Pabay,30_7_2022,30,7,2022,zooplankton,6160,Gastropoda,67,gastropoda,67,
Saccharina,Pabay_30_7_22_1,Pabay,30_7_2022,30,7,2022,zooplankton,6160,holoplankton,5549,holoplankton,5549,
Saccharina,Pabay_30_7_22_1,Pabay,30_7_2022,30,7,2022,zooplankton,6160,hydroids,16,hydroids,16,
Saccharina,Pabay_30_7_22_1,Pabay,30_7_2022,30,7,2022,zooplankton,6160,lizzia_blondina,16,lizzia_blondina,16,
Saccharina,Pabay_30_7_22_1,Pabay,30_7_2022,30,7,2022,zooplankton,6160,meroplankton,611,meroplankton,611,
Saccharina,Pabay_30_7_22_1,Pabay,30_7_2022,30,7,2022,zooplankton,6160,ophiura_larvae,16,ophiura_larvae,16,
Saccharina,Pabay_30_7_22_1,Pabay,30_7_2022,30,7,2022,zooplankton,6160,sabellariidae,153,sabellariidae,153,
Saccharina,Pabay_30_7_22_1,Pabay,30_7_2022,30,7,2022,zooplankton,6160,sea_urchin_larvae,16,sea_urchin_larvae,16,
Saccharina,Pabay_30_7_22_1,Pabay,30_7_2022,30,7,2022,zooplankton,6160,solmaris_corona,2,solmaris_corona,2,
Saccharina,Pabay_30_7_22_1,Pabay,30_7_2022,30,7,2022,zooplankton,6160,spionida,16,spionida,16,
Saccharina,Pabay_30_7_22_1,Pabay,30_7_2022,30,7,2022,zooplankton,6160,Balanoida,16,total_balanoida,16,
Saccharina,Pabay_30_7_22_1,Pabay,30_7_2022,30,7,2022,zooplankton,6160,Branchiopoda,424,Branchiopoda,424,
Saccharina,Pabay_30_7_22_1,Pabay,30_7_2022,30,7,2022,zooplankton,6160,Copepoda,4482,total_copepoda,4482,
Saccharina,Pabay_30_7_22_1,Pabay,30_7_2022,30,7,2022,zooplankton,6160,Hydrozoa,33,total_hydrozoa,33,
Saccharina,Pabay_30_7_22_1,Pabay,30_7_2022,30,7,2022,zooplankton,6160,Malacostraca,4,Malacostraca,4,
Saccharina,Pabay_30_7_22_1,Pabay,30_7_2022,30,7,2022,zooplankton,6160,Polychaeta,169,total_polychaeta,169,
Alaria,Pabay_30_7_22_2,Pabay,30_7_2022,30,7,2022,zooplankton,11883,Bivalvia,850,bivalvia,850,
Alaria,Pabay_30_7_22_2,Pabay,30_7_2022,30,7,2022,zooplankton,11883,clytia,16,clytia,16,
Alaria,Pabay_30_7_22_2,Pabay,30_7_2022,30,7,2022,zooplankton,11883,copepod_nauplii,2445,copepod_nauplii,2445,
Alaria,Pabay_30_7_22_2,Pabay,30_7_2022,30,7,2022,zooplankton,11883,copepods,6926,copepods,6926,
Alaria,Pabay_30_7_22_2,Pabay,30_7_2022,30,7,2022,zooplankton,11883,ctenophore,35,ctenophore,35,
Alaria,Pabay_30_7_22_2,Pabay,30_7_2022,30,7,2022,zooplankton,11883,decapoda_larvae,35,decapoda_larvae,35,
Alaria,Pabay_30_7_22_2,Pabay,30_7_2022,30,7,2022,zooplankton,11883,evadne,271,evadne,271,
Alaria,Pabay_30_7_22_2,Pabay,30_7_2022,30,7,2022,zooplankton,11883,fish_egg,2,fish_egg,2,
Alaria,Pabay_30_7_22_2,Pabay,30_7_2022,30,7,2022,zooplankton,11883,Gastropoda,391,gastropoda,391,
Alaria,Pabay_30_7_22_2,Pabay,30_7_2022,30,7,2022,zooplankton,11883,holoplankton,10204,holoplankton,10204,
Alaria,Pabay_30_7_22_2,Pabay,30_7_2022,30,7,2022,zooplankton,11883,hydroids,16,hydroids,16,
Alaria,Pabay_30_7_22_2,Pabay,30_7_2022,30,7,2022,zooplankton,11883,lizzia_blondina,16,lizzia_blondina,16,
Alaria,Pabay_30_7_22_2,Pabay,30_7_2022,30,7,2022,zooplankton,11883,meroplankton,1679,meroplankton,1679,
Alaria,Pabay_30_7_22_2,Pabay,30_7_2022,30,7,2022,zooplankton,11883,obelia,16,obelia,16,
Alaria,Pabay_30_7_22_2,Pabay,30_7_2022,30,7,2022,zooplankton,11883,ophiura_larvae,16,ophiura_larvae,16,
Alaria,Pabay_30_7_22_2,Pabay,30_7_2022,30,7,2022,zooplankton,11883,podon,16,podon,16,
Alaria,Pabay_30_7_22_2,Pabay,30_7_2022,30,7,2022,zooplankton,11883,sabellariidae,271,sabellariidae,271,
Alaria,Pabay_30_7_22_2,Pabay,30_7_2022,30,7,2022,zooplankton,11883,siphonophorae,2,siphonophorae,2,
Alaria,Pabay_30_7_22_2,Pabay,30_7_2022,30,7,2022,zooplankton,11883,solmaris_corona,16,solmaris_corona,16,
Alaria,Pabay_30_7_22_2,Pabay,30_7_2022,30,7,2022,zooplankton,11883,spionida,35,spionida,35,
Alaria,Pabay_30_7_22_2,Pabay,30_7_2022,30,7,2022,zooplankton,11883,stauridiosarsia_gemmifera,16,stauridiosarsia_gemmifera,16,
Alaria,Pabay_30_7_22_2,Pabay,30_7_2022,30,7,2022,zooplankton,11883,Branchiopoda,287,Branchiopoda,287,
Alaria,Pabay_30_7_22_2,Pabay,30_7_2022,30,7,2022,zooplankton,11883,Copepoda,9371,total_copepoda,9371,
Alaria,Pabay_30_7_22_2,Pabay,30_7_2022,30,7,2022,zooplankton,11883,Hydrozoa,81,total_hydrozoa,81,
Alaria,Pabay_30_7_22_2,Pabay,30_7_2022,30,7,2022,zooplankton,11883,Malacostraca,35,Malacostraca,35,
Alaria,Pabay_30_7_22_2,Pabay,30_7_2022,30,7,2022,zooplankton,11883,Polychaeta,306,total_polychaeta,306,
Saccharina,Pabay_30_7_22_2,Pabay,30_7_2022,30,7,2022,zooplankton,11883,Bivalvia,850,bivalvia,850,
Saccharina,Pabay_30_7_22_2,Pabay,30_7_2022,30,7,2022,zooplankton,11883,clytia,16,clytia,16,
Saccharina,Pabay_30_7_22_2,Pabay,30_7_2022,30,7,2022,zooplankton,11883,copepod_nauplii,2445,copepod_nauplii,2445,
Saccharina,Pabay_30_7_22_2,Pabay,30_7_2022,30,7,2022,zooplankton,11883,copepods,6926,copepods,6926,
Saccharina,Pabay_30_7_22_2,Pabay,30_7_2022,30,7,2022,zooplankton,11883,ctenophore,35,ctenophore,35,
Saccharina,Pabay_30_7_22_2,Pabay,30_7_2022,30,7,2022,zooplankton,11883,decapoda_larvae,35,decapoda_larvae,35,
Saccharina,Pabay_30_7_22_2,Pabay,30_7_2022,30,7,2022,zooplankton,11883,evadne,271,evadne,271,
Saccharina,Pabay_30_7_22_2,Pabay,30_7_2022,30,7,2022,zooplankton,11883,fish_egg,2,fish_egg,2,
Saccharina,Pabay_30_7_22_2,Pabay,30_7_2022,30,7,2022,zooplankton,11883,Gastropoda,391,gastropoda,391,
Saccharina,Pabay_30_7_22_2,Pabay,30_7_2022,30,7,2022,zooplankton,11883,holoplankton,10204,holoplankton,10204,
Saccharina,Pabay_30_7_22_2,Pabay,30_7_2022,30,7,2022,zooplankton,11883,hydroids,16,hydroids,16,
Saccharina,Pabay_30_7_22_2,Pabay,30_7_2022,30,7,2022,zooplankton,11883,lizzia_blondina,16,lizzia_blondina,16,
Saccharina,Pabay_30_7_22_2,Pabay,30_7_2022,30,7,2022,zooplankton,11883,meroplankton,1679,meroplankton,1679,
Saccharina,Pabay_30_7_22_2,Pabay,30_7_2022,30,7,2022,zooplankton,11883,obelia,16,obelia,16,
Saccharina,Pabay_30_7_22_2,Pabay,30_7_2022,30,7,2022,zooplankton,11883,ophiura_larvae,16,ophiura_larvae,16,
Saccharina,Pabay_30_7_22_2,Pabay,30_7_2022,30,7,2022,zooplankton,11883,podon,16,podon,16,
Saccharina,Pabay_30_7_22_2,Pabay,30_7_2022,30,7,2022,zooplankton,11883,sabellariidae,271,sabellariidae,271,
Saccharina,Pabay_30_7_22_2,Pabay,30_7_2022,30,7,2022,zooplankton,11883,siphonophorae,2,siphonophorae,2,
Saccharina,Pabay_30_7_22_2,Pabay,30_7_2022,30,7,2022,zooplankton,11883,solmaris_corona,16,solmaris_corona,16,
Saccharina,Pabay_30_7_22_2,Pabay,30_7_2022,30,7,2022,zooplankton,11883,spionida,35,spionida,35,
Saccharina,Pabay_30_7_22_2,Pabay,30_7_2022,30,7,2022,zooplankton,11883,stauridiosarsia_gemmifera,16,stauridiosarsia_gemmifera,16,
Saccharina,Pabay_30_7_22_2,Pabay,30_7_2022,30,7,2022,zooplankton,11883,Branchiopoda,287,Branchiopoda,287,
Saccharina,Pabay_30_7_22_2,Pabay,30_7_2022,30,7,2022,zooplankton,11883,Copepoda,9371,total_copepoda,9371,
Saccharina,Pabay_30_7_22_2,Pabay,30_7_2022,30,7,2022,zooplankton,11883,Hydrozoa,81,total_hydrozoa,81,
Saccharina,Pabay_30_7_22_2,Pabay,30_7_2022,30,7,2022,zooplankton,11883,Malacostraca,35,Malacostraca,35,
Saccharina,Pabay_30_7_22_2,Pabay,30_7_2022,30,7,2022,zooplankton,11883,Polychaeta,306,total_polychaeta,306,
Alaria,Pabay_30_7_22_3,Pabay,30_7_2022,30,7,2022,zooplankton,5119,Bivalvia,570,bivalvia,570,
Alaria,Pabay_30_7_22_3,Pabay,30_7_2022,30,7,2022,zooplankton,5119,copepod_nauplii,597,copepod_nauplii,597,
Alaria,Pabay_30_7_22_3,Pabay,30_7_2022,30,7,2022,zooplankton,5119,copepods,3314,copepods,3314,
Alaria,Pabay_30_7_22_3,Pabay,30_7_2022,30,7,2022,zooplankton,5119,decapoda_larvae,55,decapoda_larvae,55,
Alaria,Pabay_30_7_22_3,Pabay,30_7_2022,30,7,2022,zooplankton,5119,euphysa_sp,2,euphysa_sp,2,
Alaria,Pabay_30_7_22_3,Pabay,30_7_2022,30,7,2022,zooplankton,5119,evadne,108,evadne,108,
Alaria,Pabay_30_7_22_3,Pabay,30_7_2022,30,7,2022,zooplankton,5119,Gastropoda,108,gastropoda,108,
Alaria,Pabay_30_7_22_3,Pabay,30_7_2022,30,7,2022,zooplankton,5119,holoplankton,4264,holoplankton,4264,
Alaria,Pabay_30_7_22_3,Pabay,30_7_2022,30,7,2022,zooplankton,5119,hydroids,35,hydroids,35,
Alaria,Pabay_30_7_22_3,Pabay,30_7_2022,30,7,2022,zooplankton,5119,lizzia_blondina,26,lizzia_blondina,26,
Alaria,Pabay_30_7_22_3,Pabay,30_7_2022,30,7,2022,zooplankton,5119,meroplankton,856,meroplankton,856,
Alaria,Pabay_30_7_22_3,Pabay,30_7_2022,30,7,2022,zooplankton,5119,obelia,2,obelia,2,
Alaria,Pabay_30_7_22_3,Pabay,30_7_2022,30,7,2022,zooplankton,5119,other_polychaetae_larvae,2,other_polychaetae_larvae,2,
Alaria,Pabay_30_7_22_3,Pabay,30_7_2022,30,7,2022,zooplankton,5119,sabellariidae,26,sabellariidae,26,
Alaria,Pabay_30_7_22_3,Pabay,30_7_2022,30,7,2022,zooplankton,5119,siphonophorae,2,siphonophorae,2,
Alaria,Pabay_30_7_22_3,Pabay,30_7_2022,30,7,2022,zooplankton,5119,solmaris_corona,2,solmaris_corona,2,
Alaria,Pabay_30_7_22_3,Pabay,30_7_2022,30,7,2022,zooplankton,5119,spionida,2,spionida,2,
Alaria,Pabay_30_7_22_3,Pabay,30_7_2022,30,7,2022,zooplankton,5119,stauridiosarsia_gemmifera,26,stauridiosarsia_gemmifera,26,
Alaria,Pabay_30_7_22_3,Pabay,30_7_2022,30,7,2022,zooplankton,5119,Branchiopoda,108,Branchiopoda,108,
Alaria,Pabay_30_7_22_3,Pabay,30_7_2022,30,7,2022,zooplankton,5119,Copepoda,3911,total_copepoda,3911,
Alaria,Pabay_30_7_22_3,Pabay,30_7_2022,30,7,2022,zooplankton,5119,Hydrozoa,90,total_hydrozoa,90,
Alaria,Pabay_30_7_22_3,Pabay,30_7_2022,30,7,2022,zooplankton,5119,Malacostraca,57,Malacostraca,57,
Alaria,Pabay_30_7_22_3,Pabay,30_7_2022,30,7,2022,zooplankton,5119,Polychaeta,31,total_polychaeta,31,
Saccharina,Pabay_30_7_22_3,Pabay,30_7_2022,30,7,2022,zooplankton,5119,Bivalvia,570,bivalvia,570,
Saccharina,Pabay_30_7_22_3,Pabay,30_7_2022,30,7,2022,zooplankton,5119,copepod_nauplii,597,copepod_nauplii,597,
Saccharina,Pabay_30_7_22_3,Pabay,30_7_2022,30,7,2022,zooplankton,5119,copepods,3314,copepods,3314,
Saccharina,Pabay_30_7_22_3,Pabay,30_7_2022,30,7,2022,zooplankton,5119,decapoda_larvae,55,decapoda_larvae,55,
Saccharina,Pabay_30_7_22_3,Pabay,30_7_2022,30,7,2022,zooplankton,5119,euphysa_sp,2,euphysa_sp,2,
Saccharina,Pabay_30_7_22_3,Pabay,30_7_2022,30,7,2022,zooplankton,5119,evadne,108,evadne,108,
Saccharina,Pabay_30_7_22_3,Pabay,30_7_2022,30,7,2022,zooplankton,5119,Gastropoda,108,gastropoda,108,
Saccharina,Pabay_30_7_22_3,Pabay,30_7_2022,30,7,2022,zooplankton,5119,holoplankton,4264,holoplankton,4264,
Saccharina,Pabay_30_7_22_3,Pabay,30_7_2022,30,7,2022,zooplankton,5119,hydroids,35,hydroids,35,
Saccharina,Pabay_30_7_22_3,Pabay,30_7_2022,30,7,2022,zooplankton,5119,lizzia_blondina,26,lizzia_blondina,26,
Saccharina,Pabay_30_7_22_3,Pabay,30_7_2022,30,7,2022,zooplankton,5119,meroplankton,856,meroplankton,856,
Saccharina,Pabay_30_7_22_3,Pabay,30_7_2022,30,7,2022,zooplankton,5119,obelia,2,obelia,2,
Saccharina,Pabay_30_7_22_3,Pabay,30_7_2022,30,7,2022,zooplankton,5119,other_polychaetae_larvae,2,other_polychaetae_larvae,2,
Saccharina,Pabay_30_7_22_3,Pabay,30_7_2022,30,7,2022,zooplankton,5119,sabellariidae,26,sabellariidae,26,
Saccharina,Pabay_30_7_22_3,Pabay,30_7_2022,30,7,2022,zooplankton,5119,siphonophorae,2,siphonophorae,2,
Saccharina,Pabay_30_7_22_3,Pabay,30_7_2022,30,7,2022,zooplankton,5119,solmaris_corona,2,solmaris_corona,2,
Saccharina,Pabay_30_7_22_3,Pabay,30_7_2022,30,7,2022,zooplankton,5119,spionida,2,spionida,2,
Saccharina,Pabay_30_7_22_3,Pabay,30_7_2022,30,7,2022,zooplankton,5119,stauridiosarsia_gemmifera,26,stauridiosarsia_gemmifera,26,
Saccharina,Pabay_30_7_22_3,Pabay,30_7_2022,30,7,2022,zooplankton,5119,Branchiopoda,108,Branchiopoda,108,
Saccharina,Pabay_30_7_22_3,Pabay,30_7_2022,30,7,2022,zooplankton,5119,Copepoda,3911,total_copepoda,3911,
Saccharina,Pabay_30_7_22_3,Pabay,30_7_2022,30,7,2022,zooplankton,5119,Hydrozoa,90,total_hydrozoa,90,
Saccharina,Pabay_30_7_22_3,Pabay,30_7_2022,30,7,2022,zooplankton,5119,Malacostraca,57,Malacostraca,57,
Saccharina,Pabay_30_7_22_3,Pabay,30_7_2022,30,7,2022,zooplankton,5119,Polychaeta,31,total_polychaeta,31,
Alaria,Pabay_7_5_22_1,Pabay,7_5_2022,7,5,2022,zooplankton,13623,Bivalvia,611,bivalvia,611,
Alaria,Pabay_7_5_22_1,Pabay,7_5_2022,7,5,2022,zooplankton,13623,copepod_nauplii,2428,copepod_nauplii,2428,
Alaria,Pabay_7_5_22_1,Pabay,7_5_2022,7,5,2022,zooplankton,13623,copepods,2750,copepods,2750,
Alaria,Pabay_7_5_22_1,Pabay,7_5_2022,7,5,2022,zooplankton,13623,decapoda_larvae,51,decapoda_larvae,51,
Alaria,Pabay_7_5_22_1,Pabay,7_5_2022,7,5,2022,zooplankton,13623,evadne,5636,evadne,5636,
Alaria,Pabay_7_5_22_1,Pabay,7_5_2022,7,5,2022,zooplankton,13623,Gastropoda,2,gastropoda,2,
Alaria,Pabay_7_5_22_1,Pabay,7_5_2022,7,5,2022,zooplankton,13623,holoplankton,12715,holoplankton,12715,
Alaria,Pabay_7_5_22_1,Pabay,7_5_2022,7,5,2022,zooplankton,13623,meroplankton,908,meroplankton,908,
Alaria,Pabay_7_5_22_1,Pabay,7_5_2022,7,5,2022,zooplankton,13623,obelia,51,obelia,51,
Alaria,Pabay_7_5_22_1,Pabay,7_5_2022,7,5,2022,zooplankton,13623,rathkea_octopunctata,2,rathkea_octopunctata,2,
Alaria,Pabay_7_5_22_1,Pabay,7_5_2022,7,5,2022,zooplankton,13623,sabellariidae,51,sabellariidae,51,
Alaria,Pabay_7_5_22_1,Pabay,7_5_2022,7,5,2022,zooplankton,13623,sea_urchin_larvae,17,sea_urchin_larvae,17,
Alaria,Pabay_7_5_22_1,Pabay,7_5_2022,7,5,2022,zooplankton,13623,spionida,17,spionida,17,
Alaria,Pabay_7_5_22_1,Pabay,7_5_2022,7,5,2022,zooplankton,13623,Balanoida,51,total_balanoida,51,
Alaria,Pabay_7_5_22_1,Pabay,7_5_2022,7,5,2022,zooplankton,13623,Branchiopoda,5636,Branchiopoda,5636,
Alaria,Pabay_7_5_22_1,Pabay,7_5_2022,7,5,2022,zooplankton,13623,Copepoda,5178,total_copepoda,5178,
Alaria,Pabay_7_5_22_1,Pabay,7_5_2022,7,5,2022,zooplankton,13623,Hydrozoa,55,total_hydrozoa,55,
Alaria,Pabay_7_5_22_1,Pabay,7_5_2022,7,5,2022,zooplankton,13623,Malacostraca,85,Malacostraca,85,
Alaria,Pabay_7_5_22_1,Pabay,7_5_2022,7,5,2022,zooplankton,13623,Polychaeta,68,total_polychaeta,68,
Alaria,Pabay_7_5_22_1,Pabay,7_5_2022,7,5,2022,zooplankton,13623,unknown_jellies,2,unknown_jellies,2,
Saccharina,Pabay_7_5_22_1,Pabay,7_5_2022,7,5,2022,zooplankton,13623,Bivalvia,611,bivalvia,611,
Saccharina,Pabay_7_5_22_1,Pabay,7_5_2022,7,5,2022,zooplankton,13623,copepod_nauplii,2428,copepod_nauplii,2428,
Saccharina,Pabay_7_5_22_1,Pabay,7_5_2022,7,5,2022,zooplankton,13623,copepods,2750,copepods,2750,
Saccharina,Pabay_7_5_22_1,Pabay,7_5_2022,7,5,2022,zooplankton,13623,decapoda_larvae,51,decapoda_larvae,51,
Saccharina,Pabay_7_5_22_1,Pabay,7_5_2022,7,5,2022,zooplankton,13623,evadne,5636,evadne,5636,
Saccharina,Pabay_7_5_22_1,Pabay,7_5_2022,7,5,2022,zooplankton,13623,Gastropoda,2,gastropoda,2,
Saccharina,Pabay_7_5_22_1,Pabay,7_5_2022,7,5,2022,zooplankton,13623,holoplankton,12715,holoplankton,12715,
Saccharina,Pabay_7_5_22_1,Pabay,7_5_2022,7,5,2022,zooplankton,13623,meroplankton,908,meroplankton,908,
Saccharina,Pabay_7_5_22_1,Pabay,7_5_2022,7,5,2022,zooplankton,13623,obelia,51,obelia,51,
Saccharina,Pabay_7_5_22_1,Pabay,7_5_2022,7,5,2022,zooplankton,13623,rathkea_octopunctata,2,rathkea_octopunctata,2,
Saccharina,Pabay_7_5_22_1,Pabay,7_5_2022,7,5,2022,zooplankton,13623,sabellariidae,51,sabellariidae,51,
Saccharina,Pabay_7_5_22_1,Pabay,7_5_2022,7,5,2022,zooplankton,13623,sea_urchin_larvae,17,sea_urchin_larvae,17,
Saccharina,Pabay_7_5_22_1,Pabay,7_5_2022,7,5,2022,zooplankton,13623,spionida,17,spionida,17,
Saccharina,Pabay_7_5_22_1,Pabay,7_5_2022,7,5,2022,zooplankton,13623,Balanoida,51,total_balanoida,51,
Saccharina,Pabay_7_5_22_1,Pabay,7_5_2022,7,5,2022,zooplankton,13623,Branchiopoda,5636,Branchiopoda,5636,
Saccharina,Pabay_7_5_22_1,Pabay,7_5_2022,7,5,2022,zooplankton,13623,Copepoda,5178,total_copepoda,5178,
Saccharina,Pabay_7_5_22_1,Pabay,7_5_2022,7,5,2022,zooplankton,13623,Hydrozoa,55,total_hydrozoa,55,
Saccharina,Pabay_7_5_22_1,Pabay,7_5_2022,7,5,2022,zooplankton,13623,Malacostraca,85,Malacostraca,85,
Saccharina,Pabay_7_5_22_1,Pabay,7_5_2022,7,5,2022,zooplankton,13623,Polychaeta,68,total_polychaeta,68,
Saccharina,Pabay_7_5_22_1,Pabay,7_5_2022,7,5,2022,zooplankton,13623,unknown_jellies,2,unknown_jellies,2,
Alaria,Pabay_7_5_22_2,Pabay,7_5_2022,7,5,2022,zooplankton,15613,Bivalvia,530,bivalvia,530,
Alaria,Pabay_7_5_22_2,Pabay,7_5_2022,7,5,2022,zooplankton,15613,copepod_nauplii,2771,copepod_nauplii,2771,
Alaria,Pabay_7_5_22_2,Pabay,7_5_2022,7,5,2022,zooplankton,15613,copepods,5847,copepods,5847,
Alaria,Pabay_7_5_22_2,Pabay,7_5_2022,7,5,2022,zooplankton,15613,decapoda_larvae,61,decapoda_larvae,61,
Alaria,Pabay_7_5_22_2,Pabay,7_5_2022,7,5,2022,zooplankton,15613,evadne,4217,evadne,4217,
Alaria,Pabay_7_5_22_2,Pabay,7_5_2022,7,5,2022,zooplankton,15613,Gastropoda,102,gastropoda,102,
Alaria,Pabay_7_5_22_2,Pabay,7_5_2022,7,5,2022,zooplankton,15613,holoplankton,14708,holoplankton,14708,
Alaria,Pabay_7_5_22_2,Pabay,7_5_2022,7,5,2022,zooplankton,15613,hydroids,2,hydroids,2,
Alaria,Pabay_7_5_22_2,Pabay,7_5_2022,7,5,2022,zooplankton,15613,meroplankton,905,meroplankton,905,
Alaria,Pabay_7_5_22_2,Pabay,7_5_2022,7,5,2022,zooplankton,15613,obelia,2,obelia,2,
Alaria,Pabay_7_5_22_2,Pabay,7_5_2022,7,5,2022,zooplankton,15613,podon,20,podon,20,
Alaria,Pabay_7_5_22_2,Pabay,7_5_2022,7,5,2022,zooplankton,15613,rathkea_octopunctata,20,rathkea_octopunctata,20,
Alaria,Pabay_7_5_22_2,Pabay,7_5_2022,7,5,2022,zooplankton,15613,sabellariidae,61,sabellariidae,61,
Alaria,Pabay_7_5_22_2,Pabay,7_5_2022,7,5,2022,zooplankton,15613,Balanoida,61,total_balanoida,61,
Alaria,Pabay_7_5_22_2,Pabay,7_5_2022,7,5,2022,zooplankton,15613,Branchiopoda,4237,Branchiopoda,4237,
Alaria,Pabay_7_5_22_2,Pabay,7_5_2022,7,5,2022,zooplankton,15613,Copepoda,8617,total_copepoda,8617,
Alaria,Pabay_7_5_22_2,Pabay,7_5_2022,7,5,2022,zooplankton,15613,Hydrozoa,26,total_hydrozoa,26,
Alaria,Pabay_7_5_22_2,Pabay,7_5_2022,7,5,2022,zooplankton,15613,Malacostraca,102,Malacostraca,102,
Alaria,Pabay_7_5_22_2,Pabay,7_5_2022,7,5,2022,zooplankton,15613,Polychaeta,61,total_polychaeta,61,
Alaria,Pabay_7_5_22_2,Pabay,7_5_2022,7,5,2022,zooplankton,15613,unknown_jellies,2,unknown_jellies,2,
Saccharina,Pabay_7_5_22_2,Pabay,7_5_2022,7,5,2022,zooplankton,15613,Bivalvia,530,bivalvia,530,
Saccharina,Pabay_7_5_22_2,Pabay,7_5_2022,7,5,2022,zooplankton,15613,copepod_nauplii,2771,copepod_nauplii,2771,
Saccharina,Pabay_7_5_22_2,Pabay,7_5_2022,7,5,2022,zooplankton,15613,copepods,5847,copepods,5847,
Saccharina,Pabay_7_5_22_2,Pabay,7_5_2022,7,5,2022,zooplankton,15613,decapoda_larvae,61,decapoda_larvae,61,
Saccharina,Pabay_7_5_22_2,Pabay,7_5_2022,7,5,2022,zooplankton,15613,evadne,4217,evadne,4217,
Saccharina,Pabay_7_5_22_2,Pabay,7_5_2022,7,5,2022,zooplankton,15613,Gastropoda,102,gastropoda,102,
Saccharina,Pabay_7_5_22_2,Pabay,7_5_2022,7,5,2022,zooplankton,15613,holoplankton,14708,holoplankton,14708,
Saccharina,Pabay_7_5_22_2,Pabay,7_5_2022,7,5,2022,zooplankton,15613,hydroids,2,hydroids,2,
Saccharina,Pabay_7_5_22_2,Pabay,7_5_2022,7,5,2022,zooplankton,15613,meroplankton,905,meroplankton,905,
Saccharina,Pabay_7_5_22_2,Pabay,7_5_2022,7,5,2022,zooplankton,15613,obelia,2,obelia,2,
Saccharina,Pabay_7_5_22_2,Pabay,7_5_2022,7,5,2022,zooplankton,15613,podon,20,podon,20,
Saccharina,Pabay_7_5_22_2,Pabay,7_5_2022,7,5,2022,zooplankton,15613,rathkea_octopunctata,20,rathkea_octopunctata,20,
Saccharina,Pabay_7_5_22_2,Pabay,7_5_2022,7,5,2022,zooplankton,15613,sabellariidae,61,sabellariidae,61,
Saccharina,Pabay_7_5_22_2,Pabay,7_5_2022,7,5,2022,zooplankton,15613,Balanoida,61,total_balanoida,61,
Saccharina,Pabay_7_5_22_2,Pabay,7_5_2022,7,5,2022,zooplankton,15613,Branchiopoda,4237,Branchiopoda,4237,
Saccharina,Pabay_7_5_22_2,Pabay,7_5_2022,7,5,2022,zooplankton,15613,Copepoda,8617,total_copepoda,8617,
Saccharina,Pabay_7_5_22_2,Pabay,7_5_2022,7,5,2022,zooplankton,15613,Hydrozoa,26,total_hydrozoa,26,
Saccharina,Pabay_7_5_22_2,Pabay,7_5_2022,7,5,2022,zooplankton,15613,Malacostraca,102,Malacostraca,102,
Saccharina,Pabay_7_5_22_2,Pabay,7_5_2022,7,5,2022,zooplankton,15613,Polychaeta,61,total_polychaeta,61,
Saccharina,Pabay_7_5_22_2,Pabay,7_5_2022,7,5,2022,zooplankton,15613,unknown_jellies,2,unknown_jellies,2,
Alaria,Pabay_7_5_22_3,Pabay,7_5_2022,7,5,2022,zooplankton,7591,copepod_nauplii,2224,copepod_nauplii,2224,
Alaria,Pabay_7_5_22_3,Pabay,7_5_2022,7,5,2022,zooplankton,7591,copepods,2156,copepods,2156,
Alaria,Pabay_7_5_22_3,Pabay,7_5_2022,7,5,2022,zooplankton,7591,decapoda_larvae,136,decapoda_larvae,136,
Alaria,Pabay_7_5_22_3,Pabay,7_5_2022,7,5,2022,zooplankton,7591,evadne,2139,evadne,2139,
Alaria,Pabay_7_5_22_3,Pabay,7_5_2022,7,5,2022,zooplankton,7591,fish_larvae,17,fish_larvae,17,
Alaria,Pabay_7_5_22_3,Pabay,7_5_2022,7,5,2022,zooplankton,7591,Gastropoda,34,gastropoda,34,
Alaria,Pabay_7_5_22_3,Pabay,7_5_2022,7,5,2022,zooplankton,7591,holoplankton,6994,holoplankton,6994,
Alaria,Pabay_7_5_22_3,Pabay,7_5_2022,7,5,2022,zooplankton,7591,meroplankton,596,meroplankton,596,
Alaria,Pabay_7_5_22_3,Pabay,7_5_2022,7,5,2022,zooplankton,7591,obelia,17,obelia,17,
Alaria,Pabay_7_5_22_3,Pabay,7_5_2022,7,5,2022,zooplankton,7591,podon,17,podon,17,
Alaria,Pabay_7_5_22_3,Pabay,7_5_2022,7,5,2022,zooplankton,7591,sabellariidae,51,sabellariidae,51,
Alaria,Pabay_7_5_22_3,Pabay,7_5_2022,7,5,2022,zooplankton,7591,Balanoida,34,total_balanoida,34,
Alaria,Pabay_7_5_22_3,Pabay,7_5_2022,7,5,2022,zooplankton,7591,Branchiopoda,2156,Branchiopoda,2156,
Alaria,Pabay_7_5_22_3,Pabay,7_5_2022,7,5,2022,zooplankton,7591,Copepoda,4380,total_copepoda,4380,
Alaria,Pabay_7_5_22_3,Pabay,7_5_2022,7,5,2022,zooplankton,7591,Hydrozoa,17,total_hydrozoa,17,
Alaria,Pabay_7_5_22_3,Pabay,7_5_2022,7,5,2022,zooplankton,7591,Malacostraca,458,Malacostraca,458,
Alaria,Pabay_7_5_22_3,Pabay,7_5_2022,7,5,2022,zooplankton,7591,Polychaeta,51,total_polychaeta,51,
Saccharina,Pabay_7_5_22_3,Pabay,7_5_2022,7,5,2022,zooplankton,7591,copepod_nauplii,2224,copepod_nauplii,2224,
Saccharina,Pabay_7_5_22_3,Pabay,7_5_2022,7,5,2022,zooplankton,7591,copepods,2156,copepods,2156,
Saccharina,Pabay_7_5_22_3,Pabay,7_5_2022,7,5,2022,zooplankton,7591,decapoda_larvae,136,decapoda_larvae,136,
Saccharina,Pabay_7_5_22_3,Pabay,7_5_2022,7,5,2022,zooplankton,7591,evadne,2139,evadne,2139,
Saccharina,Pabay_7_5_22_3,Pabay,7_5_2022,7,5,2022,zooplankton,7591,fish_larvae,17,fish_larvae,17,
Saccharina,Pabay_7_5_22_3,Pabay,7_5_2022,7,5,2022,zooplankton,7591,Gastropoda,34,gastropoda,34,
Saccharina,Pabay_7_5_22_3,Pabay,7_5_2022,7,5,2022,zooplankton,7591,holoplankton,6994,holoplankton,6994,
Saccharina,Pabay_7_5_22_3,Pabay,7_5_2022,7,5,2022,zooplankton,7591,meroplankton,596,meroplankton,596,
Saccharina,Pabay_7_5_22_3,Pabay,7_5_2022,7,5,2022,zooplankton,7591,obelia,17,obelia,17,
Saccharina,Pabay_7_5_22_3,Pabay,7_5_2022,7,5,2022,zooplankton,7591,podon,17,podon,17,
Saccharina,Pabay_7_5_22_3,Pabay,7_5_2022,7,5,2022,zooplankton,7591,sabellariidae,51,sabellariidae,51,
Saccharina,Pabay_7_5_22_3,Pabay,7_5_2022,7,5,2022,zooplankton,7591,Balanoida,34,total_balanoida,34,
Saccharina,Pabay_7_5_22_3,Pabay,7_5_2022,7,5,2022,zooplankton,7591,Branchiopoda,2156,Branchiopoda,2156,
Saccharina,Pabay_7_5_22_3,Pabay,7_5_2022,7,5,2022,zooplankton,7591,Copepoda,4380,total_copepoda,4380,
Saccharina,Pabay_7_5_22_3,Pabay,7_5_2022,7,5,2022,zooplankton,7591,Hydrozoa,17,total_hydrozoa,17,
Saccharina,Pabay_7_5_22_3,Pabay,7_5_2022,7,5,2022,zooplankton,7591,Malacostraca,458,Malacostraca,458,
Saccharina,Pabay_7_5_22_3,Pabay,7_5_2022,7,5,2022,zooplankton,7591,Polychaeta,51,total_polychaeta,51,
Alaria,Pabay_8_2_22_1,Pabay,8_2_2022,8,2,2022,zooplankton,155,Bivalvia,2,bivalvia,2,
Alaria,Pabay_8_2_22_1,Pabay,8_2_2022,8,2,2022,zooplankton,155,copepod_nauplii,17,copepod_nauplii,17,
Alaria,Pabay_8_2_22_1,Pabay,8_2_2022,8,2,2022,zooplankton,155,copepods,68,copepods,68,
Alaria,Pabay_8_2_22_1,Pabay,8_2_2022,8,2,2022,zooplankton,155,Gastropoda,34,gastropoda,34,
Alaria,Pabay_8_2_22_1,Pabay,8_2_2022,8,2,2022,zooplankton,155,holoplankton,85,holoplankton,85,
Alaria,Pabay_8_2_22_1,Pabay,8_2_2022,8,2,2022,zooplankton,155,meroplankton,70,meroplankton,70,
Alaria,Pabay_8_2_22_1,Pabay,8_2_2022,8,2,2022,zooplankton,155,sabellariidae,34,sabellariidae,34,
Alaria,Pabay_8_2_22_1,Pabay,8_2_2022,8,2,2022,zooplankton,155,Copepoda,85,total_copepoda,85,
Alaria,Pabay_8_2_22_1,Pabay,8_2_2022,8,2,2022,zooplankton,155,Polychaeta,34,total_polychaeta,34,
Saccharina,Pabay_8_2_22_1,Pabay,8_2_2022,8,2,2022,zooplankton,155,Bivalvia,2,bivalvia,2,
Saccharina,Pabay_8_2_22_1,Pabay,8_2_2022,8,2,2022,zooplankton,155,copepod_nauplii,17,copepod_nauplii,17,
Saccharina,Pabay_8_2_22_1,Pabay,8_2_2022,8,2,2022,zooplankton,155,copepods,68,copepods,68,
Saccharina,Pabay_8_2_22_1,Pabay,8_2_2022,8,2,2022,zooplankton,155,Gastropoda,34,gastropoda,34,
Saccharina,Pabay_8_2_22_1,Pabay,8_2_2022,8,2,2022,zooplankton,155,holoplankton,85,holoplankton,85,
Saccharina,Pabay_8_2_22_1,Pabay,8_2_2022,8,2,2022,zooplankton,155,meroplankton,70,meroplankton,70,
Saccharina,Pabay_8_2_22_1,Pabay,8_2_2022,8,2,2022,zooplankton,155,sabellariidae,34,sabellariidae,34,
Saccharina,Pabay_8_2_22_1,Pabay,8_2_2022,8,2,2022,zooplankton,155,Copepoda,85,total_copepoda,85,
Saccharina,Pabay_8_2_22_1,Pabay,8_2_2022,8,2,2022,zooplankton,155,Polychaeta,34,total_polychaeta,34,
Alaria,Pabay_8_2_22_2,Pabay,8_2_2022,8,2,2022,zooplankton,849,Bivalvia,136,bivalvia,136,
Alaria,Pabay_8_2_22_2,Pabay,8_2_2022,8,2,2022,zooplankton,849,Bryozoa,17,bryozoa,17,
Alaria,Pabay_8_2_22_2,Pabay,8_2_2022,8,2,2022,zooplankton,849,copepod_nauplii,119,copepod_nauplii,119,
Alaria,Pabay_8_2_22_2,Pabay,8_2_2022,8,2,2022,zooplankton,849,copepods,373,copepods,373,
Alaria,Pabay_8_2_22_2,Pabay,8_2_2022,8,2,2022,zooplankton,849,Gastropoda,34,gastropoda,34,
Alaria,Pabay_8_2_22_2,Pabay,8_2_2022,8,2,2022,zooplankton,849,holoplankton,526,holoplankton,526,
Alaria,Pabay_8_2_22_2,Pabay,8_2_2022,8,2,2022,zooplankton,849,meroplankton,323,meroplankton,323,
Alaria,Pabay_8_2_22_2,Pabay,8_2_2022,8,2,2022,zooplankton,849,mp_fragments,2,mp_fragments,2,
Alaria,Pabay_8_2_22_2,Pabay,8_2_2022,8,2,2022,zooplankton,849,other_polychaetae_larvae,102,other_polychaetae_larvae,102,
Alaria,Pabay_8_2_22_2,Pabay,8_2_2022,8,2,2022,zooplankton,849,sabellariidae,34,sabellariidae,34,
Alaria,Pabay_8_2_22_2,Pabay,8_2_2022,8,2,2022,zooplankton,849,Balanoida,34,total_balanoida,34,
Alaria,Pabay_8_2_22_2,Pabay,8_2_2022,8,2,2022,zooplankton,849,Copepoda,492,total_copepoda,492,
Alaria,Pabay_8_2_22_2,Pabay,8_2_2022,8,2,2022,zooplankton,849,Polychaeta,136,total_polychaeta,136,
Saccharina,Pabay_8_2_22_2,Pabay,8_2_2022,8,2,2022,zooplankton,849,Bivalvia,136,bivalvia,136,
Saccharina,Pabay_8_2_22_2,Pabay,8_2_2022,8,2,2022,zooplankton,849,Bryozoa,17,bryozoa,17,
Saccharina,Pabay_8_2_22_2,Pabay,8_2_2022,8,2,2022,zooplankton,849,copepod_nauplii,119,copepod_nauplii,119,
Saccharina,Pabay_8_2_22_2,Pabay,8_2_2022,8,2,2022,zooplankton,849,copepods,373,copepods,373,
Saccharina,Pabay_8_2_22_2,Pabay,8_2_2022,8,2,2022,zooplankton,849,Gastropoda,34,gastropoda,34,
Saccharina,Pabay_8_2_22_2,Pabay,8_2_2022,8,2,2022,zooplankton,849,holoplankton,526,holoplankton,526,
Saccharina,Pabay_8_2_22_2,Pabay,8_2_2022,8,2,2022,zooplankton,849,meroplankton,323,meroplankton,323,
Saccharina,Pabay_8_2_22_2,Pabay,8_2_2022,8,2,2022,zooplankton,849,mp_fragments,2,mp_fragments,2,
Saccharina,Pabay_8_2_22_2,Pabay,8_2_2022,8,2,2022,zooplankton,849,other_polychaetae_larvae,102,other_polychaetae_larvae,102,
Saccharina,Pabay_8_2_22_2,Pabay,8_2_2022,8,2,2022,zooplankton,849,sabellariidae,34,sabellariidae,34,
Saccharina,Pabay_8_2_22_2,Pabay,8_2_2022,8,2,2022,zooplankton,849,Balanoida,34,total_balanoida,34,
Saccharina,Pabay_8_2_22_2,Pabay,8_2_2022,8,2,2022,zooplankton,849,Copepoda,492,total_copepoda,492,
Saccharina,Pabay_8_2_22_2,Pabay,8_2_2022,8,2,2022,zooplankton,849,Polychaeta,136,total_polychaeta,136,
Alaria,Pabay_8_2_22_3,Pabay,8_2_2022,8,2,2022,zooplankton,719,Bivalvia,85,bivalvia,85,
Alaria,Pabay_8_2_22_3,Pabay,8_2_2022,8,2,2022,zooplankton,719,copepod_nauplii,289,copepod_nauplii,289,
Alaria,Pabay_8_2_22_3,Pabay,8_2_2022,8,2,2022,zooplankton,719,copepods,221,copepods,221,
Alaria,Pabay_8_2_22_3,Pabay,8_2_2022,8,2,2022,zooplankton,719,fish_egg,17,fish_egg,17,
Alaria,Pabay_8_2_22_3,Pabay,8_2_2022,8,2,2022,zooplankton,719,Gastropoda,68,gastropoda,68,
Alaria,Pabay_8_2_22_3,Pabay,8_2_2022,8,2,2022,zooplankton,719,holoplankton,530,holoplankton,530,
Alaria,Pabay_8_2_22_3,Pabay,8_2_2022,8,2,2022,zooplankton,719,meroplankton,189,meroplankton,189,
Alaria,Pabay_8_2_22_3,Pabay,8_2_2022,8,2,2022,zooplankton,719,microfibers,2,microfibers,2,
Alaria,Pabay_8_2_22_3,Pabay,8_2_2022,8,2,2022,zooplankton,719,sabellariidae,34,sabellariidae,34,
Alaria,Pabay_8_2_22_3,Pabay,8_2_2022,8,2,2022,zooplankton,719,Balanoida,2,total_balanoida,2,
Alaria,Pabay_8_2_22_3,Pabay,8_2_2022,8,2,2022,zooplankton,719,Copepoda,509,total_copepoda,509,
Alaria,Pabay_8_2_22_3,Pabay,8_2_2022,8,2,2022,zooplankton,719,Malacostraca,2,Malacostraca,2,
Alaria,Pabay_8_2_22_3,Pabay,8_2_2022,8,2,2022,zooplankton,719,Polychaeta,34,total_polychaeta,34,
Saccharina,Pabay_8_2_22_3,Pabay,8_2_2022,8,2,2022,zooplankton,719,Bivalvia,85,bivalvia,85,
Saccharina,Pabay_8_2_22_3,Pabay,8_2_2022,8,2,2022,zooplankton,719,copepod_nauplii,289,copepod_nauplii,289,
Saccharina,Pabay_8_2_22_3,Pabay,8_2_2022,8,2,2022,zooplankton,719,copepods,221,copepods,221,
Saccharina,Pabay_8_2_22_3,Pabay,8_2_2022,8,2,2022,zooplankton,719,fish_egg,17,fish_egg,17,
Saccharina,Pabay_8_2_22_3,Pabay,8_2_2022,8,2,2022,zooplankton,719,Gastropoda,68,gastropoda,68,
Saccharina,Pabay_8_2_22_3,Pabay,8_2_2022,8,2,2022,zooplankton,719,holoplankton,530,holoplankton,530,
Saccharina,Pabay_8_2_22_3,Pabay,8_2_2022,8,2,2022,zooplankton,719,meroplankton,189,meroplankton,189,
Saccharina,Pabay_8_2_22_3,Pabay,8_2_2022,8,2,2022,zooplankton,719,microfibers,2,microfibers,2,
Saccharina,Pabay_8_2_22_3,Pabay,8_2_2022,8,2,2022,zooplankton,719,sabellariidae,34,sabellariidae,34,
Saccharina,Pabay_8_2_22_3,Pabay,8_2_2022,8,2,2022,zooplankton,719,Balanoida,2,total_balanoida,2,
Saccharina,Pabay_8_2_22_3,Pabay,8_2_2022,8,2,2022,zooplankton,719,Copepoda,509,total_copepoda,509,
Saccharina,Pabay_8_2_22_3,Pabay,8_2_2022,8,2,2022,zooplankton,719,Malacostraca,2,Malacostraca,2,
Saccharina,Pabay_8_2_22_3,Pabay,8_2_2022,8,2,2022,zooplankton,719,Polychaeta,34,total_polychaeta,34,
Alaria,Pabay_8_3_22_1,Pabay,8_3_2022,8,3,2022,zooplankton,3181,Bivalvia,289,bivalvia,289,
Alaria,Pabay_8_3_22_1,Pabay,8_3_2022,8,3,2022,zooplankton,3181,Bryozoa,17,bryozoa,17,
Alaria,Pabay_8_3_22_1,Pabay,8_3_2022,8,3,2022,zooplankton,3181,copepod_nauplii,136,copepod_nauplii,136,
Alaria,Pabay_8_3_22_1,Pabay,8_3_2022,8,3,2022,zooplankton,3181,copepods,187,copepods,187,
Alaria,Pabay_8_3_22_1,Pabay,8_3_2022,8,3,2022,zooplankton,3181,decapoda_larvae,2,decapoda_larvae,2,
Alaria,Pabay_8_3_22_1,Pabay,8_3_2022,8,3,2022,zooplankton,3181,evadne,2,evadne,2,
Alaria,Pabay_8_3_22_1,Pabay,8_3_2022,8,3,2022,zooplankton,3181,fish_egg,2,fish_egg,2,
Alaria,Pabay_8_3_22_1,Pabay,8_3_2022,8,3,2022,zooplankton,3181,Gastropoda,85,gastropoda,85,
Alaria,Pabay_8_3_22_1,Pabay,8_3_2022,8,3,2022,zooplankton,3181,holoplankton,2568,holoplankton,2568,
Alaria,Pabay_8_3_22_1,Pabay,8_3_2022,8,3,2022,zooplankton,3181,meroplankton,613,meroplankton,613,
Alaria,Pabay_8_3_22_1,Pabay,8_3_2022,8,3,2022,zooplankton,3181,other_polychaetae_larvae,17,other_polychaetae_larvae,17,
Alaria,Pabay_8_3_22_1,Pabay,8_3_2022,8,3,2022,zooplankton,3181,sabellariidae,204,sabellariidae,204,
Alaria,Pabay_8_3_22_1,Pabay,8_3_2022,8,3,2022,zooplankton,3181,Balanoida,2241,total_balanoida,2241,
Alaria,Pabay_8_3_22_1,Pabay,8_3_2022,8,3,2022,zooplankton,3181,Branchiopoda,2,Branchiopoda,2,
Alaria,Pabay_8_3_22_1,Pabay,8_3_2022,8,3,2022,zooplankton,3181,Copepoda,323,total_copepoda,323,
Alaria,Pabay_8_3_22_1,Pabay,8_3_2022,8,3,2022,zooplankton,3181,Malacostraca,2,Malacostraca,2,
Alaria,Pabay_8_3_22_1,Pabay,8_3_2022,8,3,2022,zooplankton,3181,Polychaeta,221,total_polychaeta,221,
Saccharina,Pabay_8_3_22_1,Pabay,8_3_2022,8,3,2022,zooplankton,3181,Bivalvia,289,bivalvia,289,
Saccharina,Pabay_8_3_22_1,Pabay,8_3_2022,8,3,2022,zooplankton,3181,Bryozoa,17,bryozoa,17,
Saccharina,Pabay_8_3_22_1,Pabay,8_3_2022,8,3,2022,zooplankton,3181,copepod_nauplii,136,copepod_nauplii,136,
Saccharina,Pabay_8_3_22_1,Pabay,8_3_2022,8,3,2022,zooplankton,3181,copepods,187,copepods,187,
Saccharina,Pabay_8_3_22_1,Pabay,8_3_2022,8,3,2022,zooplankton,3181,decapoda_larvae,2,decapoda_larvae,2,
Saccharina,Pabay_8_3_22_1,Pabay,8_3_2022,8,3,2022,zooplankton,3181,evadne,2,evadne,2,
Saccharina,Pabay_8_3_22_1,Pabay,8_3_2022,8,3,2022,zooplankton,3181,fish_egg,2,fish_egg,2,
Saccharina,Pabay_8_3_22_1,Pabay,8_3_2022,8,3,2022,zooplankton,3181,Gastropoda,85,gastropoda,85,
Saccharina,Pabay_8_3_22_1,Pabay,8_3_2022,8,3,2022,zooplankton,3181,holoplankton,2568,holoplankton,2568,
Saccharina,Pabay_8_3_22_1,Pabay,8_3_2022,8,3,2022,zooplankton,3181,meroplankton,613,meroplankton,613,
Saccharina,Pabay_8_3_22_1,Pabay,8_3_2022,8,3,2022,zooplankton,3181,other_polychaetae_larvae,17,other_polychaetae_larvae,17,
Saccharina,Pabay_8_3_22_1,Pabay,8_3_2022,8,3,2022,zooplankton,3181,sabellariidae,204,sabellariidae,204,
Saccharina,Pabay_8_3_22_1,Pabay,8_3_2022,8,3,2022,zooplankton,3181,Balanoida,2241,total_balanoida,2241,
Saccharina,Pabay_8_3_22_1,Pabay,8_3_2022,8,3,2022,zooplankton,3181,Branchiopoda,2,Branchiopoda,2,
Saccharina,Pabay_8_3_22_1,Pabay,8_3_2022,8,3,2022,zooplankton,3181,Copepoda,323,total_copepoda,323,
Saccharina,Pabay_8_3_22_1,Pabay,8_3_2022,8,3,2022,zooplankton,3181,Malacostraca,2,Malacostraca,2,
Saccharina,Pabay_8_3_22_1,Pabay,8_3_2022,8,3,2022,zooplankton,3181,Polychaeta,221,total_polychaeta,221,
Alaria,Pabay_8_3_22_2,Pabay,8_3_2022,8,3,2022,zooplankton,5044,Bivalvia,204,bivalvia,204,
Alaria,Pabay_8_3_22_2,Pabay,8_3_2022,8,3,2022,zooplankton,5044,Bryozoa,34,bryozoa,34,
Alaria,Pabay_8_3_22_2,Pabay,8_3_2022,8,3,2022,zooplankton,5044,copepod_nauplii,340,copepod_nauplii,340,
Alaria,Pabay_8_3_22_2,Pabay,8_3_2022,8,3,2022,zooplankton,5044,copepods,441,copepods,441,
Alaria,Pabay_8_3_22_2,Pabay,8_3_2022,8,3,2022,zooplankton,5044,evadne,2,evadne,2,
Alaria,Pabay_8_3_22_2,Pabay,8_3_2022,8,3,2022,zooplankton,5044,Gastropoda,136,gastropoda,136,
Alaria,Pabay_8_3_22_2,Pabay,8_3_2022,8,3,2022,zooplankton,5044,holoplankton,4399,holoplankton,4399,
Alaria,Pabay_8_3_22_2,Pabay,8_3_2022,8,3,2022,zooplankton,5044,meroplankton,645,meroplankton,645,
Alaria,Pabay_8_3_22_2,Pabay,8_3_2022,8,3,2022,zooplankton,5044,microfibers,2,microfibers,2,
Alaria,Pabay_8_3_22_2,Pabay,8_3_2022,8,3,2022,zooplankton,5044,sabellariidae,255,sabellariidae,255,
Alaria,Pabay_8_3_22_2,Pabay,8_3_2022,8,3,2022,zooplankton,5044,sea_urchin_larvae,17,sea_urchin_larvae,17,
Alaria,Pabay_8_3_22_2,Pabay,8_3_2022,8,3,2022,zooplankton,5044,Balanoida,3616,total_balanoida,3616,
Alaria,Pabay_8_3_22_2,Pabay,8_3_2022,8,3,2022,zooplankton,5044,Branchiopoda,2,Branchiopoda,2,
Alaria,Pabay_8_3_22_2,Pabay,8_3_2022,8,3,2022,zooplankton,5044,Copepoda,781,total_copepoda,781,
Alaria,Pabay_8_3_22_2,Pabay,8_3_2022,8,3,2022,zooplankton,5044,Polychaeta,255,total_polychaeta,255,
Saccharina,Pabay_8_3_22_2,Pabay,8_3_2022,8,3,2022,zooplankton,5044,Bivalvia,204,bivalvia,204,
Saccharina,Pabay_8_3_22_2,Pabay,8_3_2022,8,3,2022,zooplankton,5044,Bryozoa,34,bryozoa,34,
Saccharina,Pabay_8_3_22_2,Pabay,8_3_2022,8,3,2022,zooplankton,5044,copepod_nauplii,340,copepod_nauplii,340,
Saccharina,Pabay_8_3_22_2,Pabay,8_3_2022,8,3,2022,zooplankton,5044,copepods,441,copepods,441,
Saccharina,Pabay_8_3_22_2,Pabay,8_3_2022,8,3,2022,zooplankton,5044,evadne,2,evadne,2,
Saccharina,Pabay_8_3_22_2,Pabay,8_3_2022,8,3,2022,zooplankton,5044,Gastropoda,136,gastropoda,136,
Saccharina,Pabay_8_3_22_2,Pabay,8_3_2022,8,3,2022,zooplankton,5044,holoplankton,4399,holoplankton,4399,
Saccharina,Pabay_8_3_22_2,Pabay,8_3_2022,8,3,2022,zooplankton,5044,meroplankton,645,meroplankton,645,
Saccharina,Pabay_8_3_22_2,Pabay,8_3_2022,8,3,2022,zooplankton,5044,microfibers,2,microfibers,2,
Saccharina,Pabay_8_3_22_2,Pabay,8_3_2022,8,3,2022,zooplankton,5044,sabellariidae,255,sabellariidae,255,
Saccharina,Pabay_8_3_22_2,Pabay,8_3_2022,8,3,2022,zooplankton,5044,sea_urchin_larvae,17,sea_urchin_larvae,17,
Saccharina,Pabay_8_3_22_2,Pabay,8_3_2022,8,3,2022,zooplankton,5044,Balanoida,3616,total_balanoida,3616,
Saccharina,Pabay_8_3_22_2,Pabay,8_3_2022,8,3,2022,zooplankton,5044,Branchiopoda,2,Branchiopoda,2,
Saccharina,Pabay_8_3_22_2,Pabay,8_3_2022,8,3,2022,zooplankton,5044,Copepoda,781,total_copepoda,781,
Saccharina,Pabay_8_3_22_2,Pabay,8_3_2022,8,3,2022,zooplankton,5044,Polychaeta,255,total_polychaeta,255,
Alaria,Pabay_8_3_22_3,Pabay,8_3_2022,8,3,2022,zooplankton,6510,Bivalvia,34,bivalvia,34,
Alaria,Pabay_8_3_22_3,Pabay,8_3_2022,8,3,2022,zooplankton,6510,Bryozoa,51,bryozoa,51,
Alaria,Pabay_8_3_22_3,Pabay,8_3_2022,8,3,2022,zooplankton,6510,copepod_nauplii,51,copepod_nauplii,51,
Alaria,Pabay_8_3_22_3,Pabay,8_3_2022,8,3,2022,zooplankton,6510,copepods,204,copepods,204,
Alaria,Pabay_8_3_22_3,Pabay,8_3_2022,8,3,2022,zooplankton,6510,decapoda_larvae,2,decapoda_larvae,2,
Alaria,Pabay_8_3_22_3,Pabay,8_3_2022,8,3,2022,zooplankton,6510,evadne,2,evadne,2,
Alaria,Pabay_8_3_22_3,Pabay,8_3_2022,8,3,2022,zooplankton,6510,fish_egg,17,fish_egg,17,
Alaria,Pabay_8_3_22_3,Pabay,8_3_2022,8,3,2022,zooplankton,6510,Gastropoda,102,gastropoda,102,
Alaria,Pabay_8_3_22_3,Pabay,8_3_2022,8,3,2022,zooplankton,6510,holoplankton,6232,holoplankton,6232,
Alaria,Pabay_8_3_22_3,Pabay,8_3_2022,8,3,2022,zooplankton,6510,meroplankton,278,meroplankton,278,
Alaria,Pabay_8_3_22_3,Pabay,8_3_2022,8,3,2022,zooplankton,6510,obelia,2,obelia,2,
Alaria,Pabay_8_3_22_3,Pabay,8_3_2022,8,3,2022,zooplankton,6510,other_polychaetae_larvae,2,other_polychaetae_larvae,2,
Alaria,Pabay_8_3_22_3,Pabay,8_3_2022,8,3,2022,zooplankton,6510,sabellariidae,85,sabellariidae,85,
Alaria,Pabay_8_3_22_3,Pabay,8_3_2022,8,3,2022,zooplankton,6510,Balanoida,5959,total_balanoida,5959,
Alaria,Pabay_8_3_22_3,Pabay,8_3_2022,8,3,2022,zooplankton,6510,Branchiopoda,2,Branchiopoda,2,
Alaria,Pabay_8_3_22_3,Pabay,8_3_2022,8,3,2022,zooplankton,6510,Copepoda,255,total_copepoda,255,
Alaria,Pabay_8_3_22_3,Pabay,8_3_2022,8,3,2022,zooplankton,6510,Hydrozoa,2,total_hydrozoa,2,
Alaria,Pabay_8_3_22_3,Pabay,8_3_2022,8,3,2022,zooplankton,6510,Malacostraca,2,Malacostraca,2,
Alaria,Pabay_8_3_22_3,Pabay,8_3_2022,8,3,2022,zooplankton,6510,Polychaeta,87,total_polychaeta,87,
Saccharina,Pabay_8_3_22_3,Pabay,8_3_2022,8,3,2022,zooplankton,6510,Bivalvia,34,bivalvia,34,
Saccharina,Pabay_8_3_22_3,Pabay,8_3_2022,8,3,2022,zooplankton,6510,Bryozoa,51,bryozoa,51,
Saccharina,Pabay_8_3_22_3,Pabay,8_3_2022,8,3,2022,zooplankton,6510,copepod_nauplii,51,copepod_nauplii,51,
Saccharina,Pabay_8_3_22_3,Pabay,8_3_2022,8,3,2022,zooplankton,6510,copepods,204,copepods,204,
Saccharina,Pabay_8_3_22_3,Pabay,8_3_2022,8,3,2022,zooplankton,6510,decapoda_larvae,2,decapoda_larvae,2,
Saccharina,Pabay_8_3_22_3,Pabay,8_3_2022,8,3,2022,zooplankton,6510,evadne,2,evadne,2,
Saccharina,Pabay_8_3_22_3,Pabay,8_3_2022,8,3,2022,zooplankton,6510,fish_egg,17,fish_egg,17,
Saccharina,Pabay_8_3_22_3,Pabay,8_3_2022,8,3,2022,zooplankton,6510,Gastropoda,102,gastropoda,102,
Saccharina,Pabay_8_3_22_3,Pabay,8_3_2022,8,3,2022,zooplankton,6510,holoplankton,6232,holoplankton,6232,
Saccharina,Pabay_8_3_22_3,Pabay,8_3_2022,8,3,2022,zooplankton,6510,meroplankton,278,meroplankton,278,
Saccharina,Pabay_8_3_22_3,Pabay,8_3_2022,8,3,2022,zooplankton,6510,obelia,2,obelia,2,
Saccharina,Pabay_8_3_22_3,Pabay,8_3_2022,8,3,2022,zooplankton,6510,other_polychaetae_larvae,2,other_polychaetae_larvae,2,
Saccharina,Pabay_8_3_22_3,Pabay,8_3_2022,8,3,2022,zooplankton,6510,sabellariidae,85,sabellariidae,85,
Saccharina,Pabay_8_3_22_3,Pabay,8_3_2022,8,3,2022,zooplankton,6510,Balanoida,5959,total_balanoida,5959,
Saccharina,Pabay_8_3_22_3,Pabay,8_3_2022,8,3,2022,zooplankton,6510,Branchiopoda,2,Branchiopoda,2,
Saccharina,Pabay_8_3_22_3,Pabay,8_3_2022,8,3,2022,zooplankton,6510,Copepoda,255,total_copepoda,255,
Saccharina,Pabay_8_3_22_3,Pabay,8_3_2022,8,3,2022,zooplankton,6510,Hydrozoa,2,total_hydrozoa,2,
Saccharina,Pabay_8_3_22_3,Pabay,8_3_2022,8,3,2022,zooplankton,6510,Malacostraca,2,Malacostraca,2,
Saccharina,Pabay_8_3_22_3,Pabay,8_3_2022,8,3,2022,zooplankton,6510,Polychaeta,87,total_polychaeta,87,
Alaria,Scalpay_15_6_21_1,Scalpay,15_6_2021,15,6,2021,zooplankton,10137,Bivalvia,1833,bivalvia,1833,
Alaria,Scalpay_15_6_21_1,Scalpay,15_6_2021,15,6,2021,zooplankton,10137,copepod_nauplii,6112,copepod_nauplii,6112,
Alaria,Scalpay_15_6_21_1,Scalpay,15_6_2021,15,6,2021,zooplankton,10137,copepods,1833,copepods,1833,
Alaria,Scalpay_15_6_21_1,Scalpay,15_6_2021,15,6,2021,zooplankton,10137,evadne,25,evadne,25,
Alaria,Scalpay_15_6_21_1,Scalpay,15_6_2021,15,6,2021,zooplankton,10137,Gastropoda,127,gastropoda,127,
Alaria,Scalpay_15_6_21_1,Scalpay,15_6_2021,15,6,2021,zooplankton,10137,holoplankton,8174,holoplankton,8174,
Alaria,Scalpay_15_6_21_1,Scalpay,15_6_2021,15,6,2021,zooplankton,10137,meroplankton,1963,meroplankton,1963,
Alaria,Scalpay_15_6_21_1,Scalpay,15_6_2021,15,6,2021,zooplankton,10137,microfibers,25,microfibers,25,
Alaria,Scalpay_15_6_21_1,Scalpay,15_6_2021,15,6,2021,zooplankton,10137,mp_fragments,2,mp_fragments,2,
Alaria,Scalpay_15_6_21_1,Scalpay,15_6_2021,15,6,2021,zooplankton,10137,ophiura_larvae,2,ophiura_larvae,2,
Alaria,Scalpay_15_6_21_1,Scalpay,15_6_2021,15,6,2021,zooplankton,10137,sabellariidae,2,sabellariidae,2,
Alaria,Scalpay_15_6_21_1,Scalpay,15_6_2021,15,6,2021,zooplankton,10137,Branchiopoda,25,Branchiopoda,25,
Alaria,Scalpay_15_6_21_1,Scalpay,15_6_2021,15,6,2021,zooplankton,10137,Copepoda,7945,total_copepoda,7945,
Alaria,Scalpay_15_6_21_1,Scalpay,15_6_2021,15,6,2021,zooplankton,10137,Polychaeta,2,total_polychaeta,2,
Saccharina,Scalpay_15_6_21_1,Scalpay,15_6_2021,15,6,2021,zooplankton,10137,Bivalvia,1833,bivalvia,1833,
Saccharina,Scalpay_15_6_21_1,Scalpay,15_6_2021,15,6,2021,zooplankton,10137,copepod_nauplii,6112,copepod_nauplii,6112,
Saccharina,Scalpay_15_6_21_1,Scalpay,15_6_2021,15,6,2021,zooplankton,10137,copepods,1833,copepods,1833,
Saccharina,Scalpay_15_6_21_1,Scalpay,15_6_2021,15,6,2021,zooplankton,10137,evadne,25,evadne,25,
Saccharina,Scalpay_15_6_21_1,Scalpay,15_6_2021,15,6,2021,zooplankton,10137,Gastropoda,127,gastropoda,127,
Saccharina,Scalpay_15_6_21_1,Scalpay,15_6_2021,15,6,2021,zooplankton,10137,holoplankton,8174,holoplankton,8174,
Saccharina,Scalpay_15_6_21_1,Scalpay,15_6_2021,15,6,2021,zooplankton,10137,meroplankton,1963,meroplankton,1963,
Saccharina,Scalpay_15_6_21_1,Scalpay,15_6_2021,15,6,2021,zooplankton,10137,microfibers,25,microfibers,25,
Saccharina,Scalpay_15_6_21_1,Scalpay,15_6_2021,15,6,2021,zooplankton,10137,mp_fragments,2,mp_fragments,2,
Saccharina,Scalpay_15_6_21_1,Scalpay,15_6_2021,15,6,2021,zooplankton,10137,ophiura_larvae,2,ophiura_larvae,2,
Saccharina,Scalpay_15_6_21_1,Scalpay,15_6_2021,15,6,2021,zooplankton,10137,sabellariidae,2,sabellariidae,2,
Saccharina,Scalpay_15_6_21_1,Scalpay,15_6_2021,15,6,2021,zooplankton,10137,Branchiopoda,25,Branchiopoda,25,
Saccharina,Scalpay_15_6_21_1,Scalpay,15_6_2021,15,6,2021,zooplankton,10137,Copepoda,7945,total_copepoda,7945,
Saccharina,Scalpay_15_6_21_1,Scalpay,15_6_2021,15,6,2021,zooplankton,10137,Polychaeta,2,total_polychaeta,2,
Alaria,Scalpay_15_6_21_2,Scalpay,15_6_2021,15,6,2021,zooplankton,8535,Bivalvia,1197,bivalvia,1197,
Alaria,Scalpay_15_6_21_2,Scalpay,15_6_2021,15,6,2021,zooplankton,8535,Bryozoa,25,bryozoa,25,
Alaria,Scalpay_15_6_21_2,Scalpay,15_6_2021,15,6,2021,zooplankton,8535,copepod_nauplii,5526,copepod_nauplii,5526,
Alaria,Scalpay_15_6_21_2,Scalpay,15_6_2021,15,6,2021,zooplankton,8535,copepods,1451,copepods,1451,
Alaria,Scalpay_15_6_21_2,Scalpay,15_6_2021,15,6,2021,zooplankton,8535,decapoda_larvae,2,decapoda_larvae,2,
Alaria,Scalpay_15_6_21_2,Scalpay,15_6_2021,15,6,2021,zooplankton,8535,evadne,25,evadne,25,
Alaria,Scalpay_15_6_21_2,Scalpay,15_6_2021,15,6,2021,zooplankton,8535,fish_egg,76,fish_egg,76,
Alaria,Scalpay_15_6_21_2,Scalpay,15_6_2021,15,6,2021,zooplankton,8535,Gastropoda,25,gastropoda,25,
Alaria,Scalpay_15_6_21_2,Scalpay,15_6_2021,15,6,2021,zooplankton,8535,holoplankton,7207,holoplankton,7207,
Alaria,Scalpay_15_6_21_2,Scalpay,15_6_2021,15,6,2021,zooplankton,8535,meroplankton,1328,meroplankton,1328,
Alaria,Scalpay_15_6_21_2,Scalpay,15_6_2021,15,6,2021,zooplankton,8535,microfibers,25,microfibers,25,
Alaria,Scalpay_15_6_21_2,Scalpay,15_6_2021,15,6,2021,zooplankton,8535,ophiura_larvae,76,ophiura_larvae,76,
Alaria,Scalpay_15_6_21_2,Scalpay,15_6_2021,15,6,2021,zooplankton,8535,sea_urchin_larvae,2,sea_urchin_larvae,2,
Alaria,Scalpay_15_6_21_2,Scalpay,15_6_2021,15,6,2021,zooplankton,8535,Balanoida,25,total_balanoida,25,
Alaria,Scalpay_15_6_21_2,Scalpay,15_6_2021,15,6,2021,zooplankton,8535,Branchiopoda,25,Branchiopoda,25,
Alaria,Scalpay_15_6_21_2,Scalpay,15_6_2021,15,6,2021,zooplankton,8535,Copepoda,6977,total_copepoda,6977,
Alaria,Scalpay_15_6_21_2,Scalpay,15_6_2021,15,6,2021,zooplankton,8535,Malacostraca,2,Malacostraca,2,
Saccharina,Scalpay_15_6_21_2,Scalpay,15_6_2021,15,6,2021,zooplankton,8535,Bivalvia,1197,bivalvia,1197,
Saccharina,Scalpay_15_6_21_2,Scalpay,15_6_2021,15,6,2021,zooplankton,8535,Bryozoa,25,bryozoa,25,
Saccharina,Scalpay_15_6_21_2,Scalpay,15_6_2021,15,6,2021,zooplankton,8535,copepod_nauplii,5526,copepod_nauplii,5526,
Saccharina,Scalpay_15_6_21_2,Scalpay,15_6_2021,15,6,2021,zooplankton,8535,copepods,1451,copepods,1451,
Saccharina,Scalpay_15_6_21_2,Scalpay,15_6_2021,15,6,2021,zooplankton,8535,decapoda_larvae,2,decapoda_larvae,2,
Saccharina,Scalpay_15_6_21_2,Scalpay,15_6_2021,15,6,2021,zooplankton,8535,evadne,25,evadne,25,
Saccharina,Scalpay_15_6_21_2,Scalpay,15_6_2021,15,6,2021,zooplankton,8535,fish_egg,76,fish_egg,76,
Saccharina,Scalpay_15_6_21_2,Scalpay,15_6_2021,15,6,2021,zooplankton,8535,Gastropoda,25,gastropoda,25,
Saccharina,Scalpay_15_6_21_2,Scalpay,15_6_2021,15,6,2021,zooplankton,8535,holoplankton,7207,holoplankton,7207,
Saccharina,Scalpay_15_6_21_2,Scalpay,15_6_2021,15,6,2021,zooplankton,8535,meroplankton,1328,meroplankton,1328,
Saccharina,Scalpay_15_6_21_2,Scalpay,15_6_2021,15,6,2021,zooplankton,8535,microfibers,25,microfibers,25,
Saccharina,Scalpay_15_6_21_2,Scalpay,15_6_2021,15,6,2021,zooplankton,8535,ophiura_larvae,76,ophiura_larvae,76,
Saccharina,Scalpay_15_6_21_2,Scalpay,15_6_2021,15,6,2021,zooplankton,8535,sea_urchin_larvae,2,sea_urchin_larvae,2,
Saccharina,Scalpay_15_6_21_2,Scalpay,15_6_2021,15,6,2021,zooplankton,8535,Balanoida,25,total_balanoida,25,
Saccharina,Scalpay_15_6_21_2,Scalpay,15_6_2021,15,6,2021,zooplankton,8535,Branchiopoda,25,Branchiopoda,25,
Saccharina,Scalpay_15_6_21_2,Scalpay,15_6_2021,15,6,2021,zooplankton,8535,Copepoda,6977,total_copepoda,6977,
Saccharina,Scalpay_15_6_21_2,Scalpay,15_6_2021,15,6,2021,zooplankton,8535,Malacostraca,2,Malacostraca,2,
Alaria,Scalpay_15_6_21_3,Scalpay,15_6_2021,15,6,2021,zooplankton,5479,Bivalvia,662,bivalvia,662,
Alaria,Scalpay_15_6_21_3,Scalpay,15_6_2021,15,6,2021,zooplankton,5479,copepod_nauplii,3514,copepod_nauplii,3514,
Alaria,Scalpay_15_6_21_3,Scalpay,15_6_2021,15,6,2021,zooplankton,5479,copepods,942,copepods,942,
Alaria,Scalpay_15_6_21_3,Scalpay,15_6_2021,15,6,2021,zooplankton,5479,evadne,2,evadne,2,
Alaria,Scalpay_15_6_21_3,Scalpay,15_6_2021,15,6,2021,zooplankton,5479,Gastropoda,51,gastropoda,51,
Alaria,Scalpay_15_6_21_3,Scalpay,15_6_2021,15,6,2021,zooplankton,5479,holoplankton,4637,holoplankton,4637,
Alaria,Scalpay_15_6_21_3,Scalpay,15_6_2021,15,6,2021,zooplankton,5479,meroplankton,842,meroplankton,842,
Alaria,Scalpay_15_6_21_3,Scalpay,15_6_2021,15,6,2021,zooplankton,5479,microfibers,127,microfibers,127,
Alaria,Scalpay_15_6_21_3,Scalpay,15_6_2021,15,6,2021,zooplankton,5479,ophiura_larvae,51,ophiura_larvae,51,
Alaria,Scalpay_15_6_21_3,Scalpay,15_6_2021,15,6,2021,zooplankton,5479,sabellariidae,76,sabellariidae,76,
Alaria,Scalpay_15_6_21_3,Scalpay,15_6_2021,15,6,2021,zooplankton,5479,Branchiopoda,2,Branchiopoda,2,
Alaria,Scalpay_15_6_21_3,Scalpay,15_6_2021,15,6,2021,zooplankton,5479,Copepoda,4456,total_copepoda,4456,
Alaria,Scalpay_15_6_21_3,Scalpay,15_6_2021,15,6,2021,zooplankton,5479,Polychaeta,76,total_polychaeta,76,
Saccharina,Scalpay_15_6_21_3,Scalpay,15_6_2021,15,6,2021,zooplankton,5479,Bivalvia,662,bivalvia,662,
Saccharina,Scalpay_15_6_21_3,Scalpay,15_6_2021,15,6,2021,zooplankton,5479,copepod_nauplii,3514,copepod_nauplii,3514,
Saccharina,Scalpay_15_6_21_3,Scalpay,15_6_2021,15,6,2021,zooplankton,5479,copepods,942,copepods,942,
Saccharina,Scalpay_15_6_21_3,Scalpay,15_6_2021,15,6,2021,zooplankton,5479,evadne,2,evadne,2,
Saccharina,Scalpay_15_6_21_3,Scalpay,15_6_2021,15,6,2021,zooplankton,5479,Gastropoda,51,gastropoda,51,
Saccharina,Scalpay_15_6_21_3,Scalpay,15_6_2021,15,6,2021,zooplankton,5479,holoplankton,4637,holoplankton,4637,
Saccharina,Scalpay_15_6_21_3,Scalpay,15_6_2021,15,6,2021,zooplankton,5479,meroplankton,842,meroplankton,842,
Saccharina,Scalpay_15_6_21_3,Scalpay,15_6_2021,15,6,2021,zooplankton,5479,microfibers,127,microfibers,127,
Saccharina,Scalpay_15_6_21_3,Scalpay,15_6_2021,15,6,2021,zooplankton,5479,ophiura_larvae,51,ophiura_larvae,51,
Saccharina,Scalpay_15_6_21_3,Scalpay,15_6_2021,15,6,2021,zooplankton,5479,sabellariidae,76,sabellariidae,76,
Saccharina,Scalpay_15_6_21_3,Scalpay,15_6_2021,15,6,2021,zooplankton,5479,Branchiopoda,2,Branchiopoda,2,
Saccharina,Scalpay_15_6_21_3,Scalpay,15_6_2021,15,6,2021,zooplankton,5479,Copepoda,4456,total_copepoda,4456,
Saccharina,Scalpay_15_6_21_3,Scalpay,15_6_2021,15,6,2021,zooplankton,5479,Polychaeta,76,total_polychaeta,76,
Alaria,Scalpay_15_6_21_4,Scalpay,15_6_2021,15,6,2021,zooplankton,8006,Bivalvia,1171,bivalvia,1171,
Alaria,Scalpay_15_6_21_4,Scalpay,15_6_2021,15,6,2021,zooplankton,8006,copepod_nauplii,5017,copepod_nauplii,5017,
Alaria,Scalpay_15_6_21_4,Scalpay,15_6_2021,15,6,2021,zooplankton,8006,copepods,1426,copepods,1426,
Alaria,Scalpay_15_6_21_4,Scalpay,15_6_2021,15,6,2021,zooplankton,8006,evadne,2,evadne,2,
Alaria,Scalpay_15_6_21_4,Scalpay,15_6_2021,15,6,2021,zooplankton,8006,fish_egg,204,fish_egg,204,
Alaria,Scalpay_15_6_21_4,Scalpay,15_6_2021,15,6,2021,zooplankton,8006,Gastropoda,51,gastropoda,51,
Alaria,Scalpay_15_6_21_4,Scalpay,15_6_2021,15,6,2021,zooplankton,8006,holoplankton,6703,holoplankton,6703,
Alaria,Scalpay_15_6_21_4,Scalpay,15_6_2021,15,6,2021,zooplankton,8006,meroplankton,1301,meroplankton,1301,
Alaria,Scalpay_15_6_21_4,Scalpay,15_6_2021,15,6,2021,zooplankton,8006,ophiura_larvae,25,ophiura_larvae,25,
Alaria,Scalpay_15_6_21_4,Scalpay,15_6_2021,15,6,2021,zooplankton,8006,other_polychaetae_larvae,25,other_polychaetae_larvae,25,
Alaria,Scalpay_15_6_21_4,Scalpay,15_6_2021,15,6,2021,zooplankton,8006,podon,2,podon,2,
Alaria,Scalpay_15_6_21_4,Scalpay,15_6_2021,15,6,2021,zooplankton,8006,sagitta,2,sagitta,2,
Alaria,Scalpay_15_6_21_4,Scalpay,15_6_2021,15,6,2021,zooplankton,8006,sea_urchin_larvae,25,sea_urchin_larvae,25,
Alaria,Scalpay_15_6_21_4,Scalpay,15_6_2021,15,6,2021,zooplankton,8006,Balanoida,2,total_balanoida,2,
Alaria,Scalpay_15_6_21_4,Scalpay,15_6_2021,15,6,2021,zooplankton,8006,Branchiopoda,4,Branchiopoda,4,
Alaria,Scalpay_15_6_21_4,Scalpay,15_6_2021,15,6,2021,zooplankton,8006,Copepoda,6443,total_copepoda,6443,
Alaria,Scalpay_15_6_21_4,Scalpay,15_6_2021,15,6,2021,zooplankton,8006,Malacostraca,2,Malacostraca,2,
Alaria,Scalpay_15_6_21_4,Scalpay,15_6_2021,15,6,2021,zooplankton,8006,Polychaeta,25,total_polychaeta,25,
Saccharina,Scalpay_15_6_21_4,Scalpay,15_6_2021,15,6,2021,zooplankton,8006,Bivalvia,1171,bivalvia,1171,
Saccharina,Scalpay_15_6_21_4,Scalpay,15_6_2021,15,6,2021,zooplankton,8006,copepod_nauplii,5017,copepod_nauplii,5017,
Saccharina,Scalpay_15_6_21_4,Scalpay,15_6_2021,15,6,2021,zooplankton,8006,copepods,1426,copepods,1426,
Saccharina,Scalpay_15_6_21_4,Scalpay,15_6_2021,15,6,2021,zooplankton,8006,evadne,2,evadne,2,
Saccharina,Scalpay_15_6_21_4,Scalpay,15_6_2021,15,6,2021,zooplankton,8006,fish_egg,204,fish_egg,204,
Saccharina,Scalpay_15_6_21_4,Scalpay,15_6_2021,15,6,2021,zooplankton,8006,Gastropoda,51,gastropoda,51,
Saccharina,Scalpay_15_6_21_4,Scalpay,15_6_2021,15,6,2021,zooplankton,8006,holoplankton,6703,holoplankton,6703,
Saccharina,Scalpay_15_6_21_4,Scalpay,15_6_2021,15,6,2021,zooplankton,8006,meroplankton,1301,meroplankton,1301,
Saccharina,Scalpay_15_6_21_4,Scalpay,15_6_2021,15,6,2021,zooplankton,8006,ophiura_larvae,25,ophiura_larvae,25,
Saccharina,Scalpay_15_6_21_4,Scalpay,15_6_2021,15,6,2021,zooplankton,8006,other_polychaetae_larvae,25,other_polychaetae_larvae,25,
Saccharina,Scalpay_15_6_21_4,Scalpay,15_6_2021,15,6,2021,zooplankton,8006,podon,2,podon,2,
Saccharina,Scalpay_15_6_21_4,Scalpay,15_6_2021,15,6,2021,zooplankton,8006,sagitta,2,sagitta,2,
Saccharina,Scalpay_15_6_21_4,Scalpay,15_6_2021,15,6,2021,zooplankton,8006,sea_urchin_larvae,25,sea_urchin_larvae,25,
Saccharina,Scalpay_15_6_21_4,Scalpay,15_6_2021,15,6,2021,zooplankton,8006,Balanoida,2,total_balanoida,2,
Saccharina,Scalpay_15_6_21_4,Scalpay,15_6_2021,15,6,2021,zooplankton,8006,Branchiopoda,4,Branchiopoda,4,
Saccharina,Scalpay_15_6_21_4,Scalpay,15_6_2021,15,6,2021,zooplankton,8006,Copepoda,6443,total_copepoda,6443,
Saccharina,Scalpay_15_6_21_4,Scalpay,15_6_2021,15,6,2021,zooplankton,8006,Malacostraca,2,Malacostraca,2,
Saccharina,Scalpay_15_6_21_4,Scalpay,15_6_2021,15,6,2021,zooplankton,8006,Polychaeta,25,total_polychaeta,25,
Alaria,Scalpay_15_6_21_5,Scalpay,15_6_2021,15,6,2021,zooplankton,7338,Bivalvia,1248,bivalvia,1248,
Alaria,Scalpay_15_6_21_5,Scalpay,15_6_2021,15,6,2021,zooplankton,7338,copepod_nauplii,4074,copepod_nauplii,4074,
Alaria,Scalpay_15_6_21_5,Scalpay,15_6_2021,15,6,2021,zooplankton,7338,copepods,1732,copepods,1732,
Alaria,Scalpay_15_6_21_5,Scalpay,15_6_2021,15,6,2021,zooplankton,7338,decapoda_larvae,2,decapoda_larvae,2,
Alaria,Scalpay_15_6_21_5,Scalpay,15_6_2021,15,6,2021,zooplankton,7338,fish_egg,51,fish_egg,51,
Alaria,Scalpay_15_6_21_5,Scalpay,15_6_2021,15,6,2021,zooplankton,7338,Gastropoda,178,gastropoda,178,
Alaria,Scalpay_15_6_21_5,Scalpay,15_6_2021,15,6,2021,zooplankton,7338,holoplankton,5908,holoplankton,5908,
Alaria,Scalpay_15_6_21_5,Scalpay,15_6_2021,15,6,2021,zooplankton,7338,meroplankton,1430,meroplankton,1430,
Alaria,Scalpay_15_6_21_5,Scalpay,15_6_2021,15,6,2021,zooplankton,7338,microfibers,25,microfibers,25,
Alaria,Scalpay_15_6_21_5,Scalpay,15_6_2021,15,6,2021,zooplankton,7338,mp_fragments,25,mp_fragments,25,
Alaria,Scalpay_15_6_21_5,Scalpay,15_6_2021,15,6,2021,zooplankton,7338,ophiura_larvae,2,ophiura_larvae,2,
Alaria,Scalpay_15_6_21_5,Scalpay,15_6_2021,15,6,2021,zooplankton,7338,Copepoda,5806,total_copepoda,5806,
Alaria,Scalpay_15_6_21_5,Scalpay,15_6_2021,15,6,2021,zooplankton,7338,Malacostraca,2,Malacostraca,2,
Saccharina,Scalpay_15_6_21_5,Scalpay,15_6_2021,15,6,2021,zooplankton,7338,Bivalvia,1248,bivalvia,1248,
Saccharina,Scalpay_15_6_21_5,Scalpay,15_6_2021,15,6,2021,zooplankton,7338,copepod_nauplii,4074,copepod_nauplii,4074,
Saccharina,Scalpay_15_6_21_5,Scalpay,15_6_2021,15,6,2021,zooplankton,7338,copepods,1732,copepods,1732,
Saccharina,Scalpay_15_6_21_5,Scalpay,15_6_2021,15,6,2021,zooplankton,7338,decapoda_larvae,2,decapoda_larvae,2,
Saccharina,Scalpay_15_6_21_5,Scalpay,15_6_2021,15,6,2021,zooplankton,7338,fish_egg,51,fish_egg,51,
Saccharina,Scalpay_15_6_21_5,Scalpay,15_6_2021,15,6,2021,zooplankton,7338,Gastropoda,178,gastropoda,178,
Saccharina,Scalpay_15_6_21_5,Scalpay,15_6_2021,15,6,2021,zooplankton,7338,holoplankton,5908,holoplankton,5908,
Saccharina,Scalpay_15_6_21_5,Scalpay,15_6_2021,15,6,2021,zooplankton,7338,meroplankton,1430,meroplankton,1430,
Saccharina,Scalpay_15_6_21_5,Scalpay,15_6_2021,15,6,2021,zooplankton,7338,microfibers,25,microfibers,25,
Saccharina,Scalpay_15_6_21_5,Scalpay,15_6_2021,15,6,2021,zooplankton,7338,mp_fragments,25,mp_fragments,25,
Saccharina,Scalpay_15_6_21_5,Scalpay,15_6_2021,15,6,2021,zooplankton,7338,ophiura_larvae,2,ophiura_larvae,2,
Saccharina,Scalpay_15_6_21_5,Scalpay,15_6_2021,15,6,2021,zooplankton,7338,Copepoda,5806,total_copepoda,5806,
Saccharina,Scalpay_15_6_21_5,Scalpay,15_6_2021,15,6,2021,zooplankton,7338,Malacostraca,2,Malacostraca,2,
Alaria,Scalpay_21_12_21_1,Scalpay,21_12_2021,21,12,2021,zooplankton,1207,Bivalvia,34,bivalvia,34,
Alaria,Scalpay_21_12_21_1,Scalpay,21_12_2021,21,12,2021,zooplankton,1207,Bryozoa,68,bryozoa,68,
Alaria,Scalpay_21_12_21_1,Scalpay,21_12_2021,21,12,2021,zooplankton,1207,copepod_nauplii,272,copepod_nauplii,272,
Alaria,Scalpay_21_12_21_1,Scalpay,21_12_2021,21,12,2021,zooplankton,1207,copepods,628,copepods,628,
Alaria,Scalpay_21_12_21_1,Scalpay,21_12_2021,21,12,2021,zooplankton,1207,Gastropoda,34,gastropoda,34,
Alaria,Scalpay_21_12_21_1,Scalpay,21_12_2021,21,12,2021,zooplankton,1207,holoplankton,902,holoplankton,902,
Alaria,Scalpay_21_12_21_1,Scalpay,21_12_2021,21,12,2021,zooplankton,1207,meroplankton,306,meroplankton,306,
Alaria,Scalpay_21_12_21_1,Scalpay,21_12_2021,21,12,2021,zooplankton,1207,microfibers,17,microfibers,17,
Alaria,Scalpay_21_12_21_1,Scalpay,21_12_2021,21,12,2021,zooplankton,1207,sabellariidae,170,sabellariidae,170,
Alaria,Scalpay_21_12_21_1,Scalpay,21_12_2021,21,12,2021,zooplankton,1207,Copepoda,900,total_copepoda,900,
Alaria,Scalpay_21_12_21_1,Scalpay,21_12_2021,21,12,2021,zooplankton,1207,Polychaeta,170,total_polychaeta,170,
Saccharina,Scalpay_21_12_21_1,Scalpay,21_12_2021,21,12,2021,zooplankton,1207,Bivalvia,34,bivalvia,34,
Saccharina,Scalpay_21_12_21_1,Scalpay,21_12_2021,21,12,2021,zooplankton,1207,Bryozoa,68,bryozoa,68,
Saccharina,Scalpay_21_12_21_1,Scalpay,21_12_2021,21,12,2021,zooplankton,1207,copepod_nauplii,272,copepod_nauplii,272,
Saccharina,Scalpay_21_12_21_1,Scalpay,21_12_2021,21,12,2021,zooplankton,1207,copepods,628,copepods,628,
Saccharina,Scalpay_21_12_21_1,Scalpay,21_12_2021,21,12,2021,zooplankton,1207,Gastropoda,34,gastropoda,34,
Saccharina,Scalpay_21_12_21_1,Scalpay,21_12_2021,21,12,2021,zooplankton,1207,holoplankton,902,holoplankton,902,
Saccharina,Scalpay_21_12_21_1,Scalpay,21_12_2021,21,12,2021,zooplankton,1207,meroplankton,306,meroplankton,306,
Saccharina,Scalpay_21_12_21_1,Scalpay,21_12_2021,21,12,2021,zooplankton,1207,microfibers,17,microfibers,17,
Saccharina,Scalpay_21_12_21_1,Scalpay,21_12_2021,21,12,2021,zooplankton,1207,sabellariidae,170,sabellariidae,170,
Saccharina,Scalpay_21_12_21_1,Scalpay,21_12_2021,21,12,2021,zooplankton,1207,Copepoda,900,total_copepoda,900,
Saccharina,Scalpay_21_12_21_1,Scalpay,21_12_2021,21,12,2021,zooplankton,1207,Polychaeta,170,total_polychaeta,170,
Alaria,Scalpay_21_12_21_2,Scalpay,21_12_2021,21,12,2021,zooplankton,651,Bivalvia,102,bivalvia,102,
Alaria,Scalpay_21_12_21_2,Scalpay,21_12_2021,21,12,2021,zooplankton,651,Bryozoa,17,bryozoa,17,
Alaria,Scalpay_21_12_21_2,Scalpay,21_12_2021,21,12,2021,zooplankton,651,copepod_nauplii,272,copepod_nauplii,272,
Alaria,Scalpay_21_12_21_2,Scalpay,21_12_2021,21,12,2021,zooplankton,651,copepods,221,copepods,221,
Alaria,Scalpay_21_12_21_2,Scalpay,21_12_2021,21,12,2021,zooplankton,651,evadne,2,evadne,2,
Alaria,Scalpay_21_12_21_2,Scalpay,21_12_2021,21,12,2021,zooplankton,651,Gastropoda,17,gastropoda,17,
Alaria,Scalpay_21_12_21_2,Scalpay,21_12_2021,21,12,2021,zooplankton,651,holoplankton,498,holoplankton,498,
Alaria,Scalpay_21_12_21_2,Scalpay,21_12_2021,21,12,2021,zooplankton,651,meroplankton,153,meroplankton,153,
Alaria,Scalpay_21_12_21_2,Scalpay,21_12_2021,21,12,2021,zooplankton,651,mp_fragments,2,mp_fragments,2,
Alaria,Scalpay_21_12_21_2,Scalpay,21_12_2021,21,12,2021,zooplankton,651,sabellariidae,17,sabellariidae,17,
Alaria,Scalpay_21_12_21_2,Scalpay,21_12_2021,21,12,2021,zooplankton,651,Balanoida,2,total_balanoida,2,
Alaria,Scalpay_21_12_21_2,Scalpay,21_12_2021,21,12,2021,zooplankton,651,Branchiopoda,2,Branchiopoda,2,
Alaria,Scalpay_21_12_21_2,Scalpay,21_12_2021,21,12,2021,zooplankton,651,Copepoda,492,total_copepoda,492,
Alaria,Scalpay_21_12_21_2,Scalpay,21_12_2021,21,12,2021,zooplankton,651,Polychaeta,17,total_polychaeta,17,
Saccharina,Scalpay_21_12_21_2,Scalpay,21_12_2021,21,12,2021,zooplankton,651,Bivalvia,102,bivalvia,102,
Saccharina,Scalpay_21_12_21_2,Scalpay,21_12_2021,21,12,2021,zooplankton,651,Bryozoa,17,bryozoa,17,
Saccharina,Scalpay_21_12_21_2,Scalpay,21_12_2021,21,12,2021,zooplankton,651,copepod_nauplii,272,copepod_nauplii,272,
Saccharina,Scalpay_21_12_21_2,Scalpay,21_12_2021,21,12,2021,zooplankton,651,copepods,221,copepods,221,
Saccharina,Scalpay_21_12_21_2,Scalpay,21_12_2021,21,12,2021,zooplankton,651,evadne,2,evadne,2,
Saccharina,Scalpay_21_12_21_2,Scalpay,21_12_2021,21,12,2021,zooplankton,651,Gastropoda,17,gastropoda,17,
Saccharina,Scalpay_21_12_21_2,Scalpay,21_12_2021,21,12,2021,zooplankton,651,holoplankton,498,holoplankton,498,
Saccharina,Scalpay_21_12_21_2,Scalpay,21_12_2021,21,12,2021,zooplankton,651,meroplankton,153,meroplankton,153,
Saccharina,Scalpay_21_12_21_2,Scalpay,21_12_2021,21,12,2021,zooplankton,651,mp_fragments,2,mp_fragments,2,
Saccharina,Scalpay_21_12_21_2,Scalpay,21_12_2021,21,12,2021,zooplankton,651,sabellariidae,17,sabellariidae,17,
Saccharina,Scalpay_21_12_21_2,Scalpay,21_12_2021,21,12,2021,zooplankton,651,Balanoida,2,total_balanoida,2,
Saccharina,Scalpay_21_12_21_2,Scalpay,21_12_2021,21,12,2021,zooplankton,651,Branchiopoda,2,Branchiopoda,2,
Saccharina,Scalpay_21_12_21_2,Scalpay,21_12_2021,21,12,2021,zooplankton,651,Copepoda,492,total_copepoda,492,
Saccharina,Scalpay_21_12_21_2,Scalpay,21_12_2021,21,12,2021,zooplankton,651,Polychaeta,17,total_polychaeta,17,
Alaria,Scalpay_21_12_21_3,Scalpay,21_12_2021,21,12,2021,zooplankton,902,Bivalvia,51,bivalvia,51,
Alaria,Scalpay_21_12_21_3,Scalpay,21_12_2021,21,12,2021,zooplankton,902,Bryozoa,51,bryozoa,51,
Alaria,Scalpay_21_12_21_3,Scalpay,21_12_2021,21,12,2021,zooplankton,902,copepod_nauplii,458,copepod_nauplii,458,
Alaria,Scalpay_21_12_21_3,Scalpay,21_12_2021,21,12,2021,zooplankton,902,copepods,272,copepods,272,
Alaria,Scalpay_21_12_21_3,Scalpay,21_12_2021,21,12,2021,zooplankton,902,fish_egg,17,fish_egg,17,
Alaria,Scalpay_21_12_21_3,Scalpay,21_12_2021,21,12,2021,zooplankton,902,Gastropoda,2,gastropoda,2,
Alaria,Scalpay_21_12_21_3,Scalpay,21_12_2021,21,12,2021,zooplankton,902,holoplankton,781,holoplankton,781,
Alaria,Scalpay_21_12_21_3,Scalpay,21_12_2021,21,12,2021,zooplankton,902,meroplankton,121,meroplankton,121,
Alaria,Scalpay_21_12_21_3,Scalpay,21_12_2021,21,12,2021,zooplankton,902,microfibers,34,microfibers,34,
Alaria,Scalpay_21_12_21_3,Scalpay,21_12_2021,21,12,2021,zooplankton,902,sabellariidae,17,sabellariidae,17,
Alaria,Scalpay_21_12_21_3,Scalpay,21_12_2021,21,12,2021,zooplankton,902,Copepoda,730,total_copepoda,730,
Alaria,Scalpay_21_12_21_3,Scalpay,21_12_2021,21,12,2021,zooplankton,902,Polychaeta,17,total_polychaeta,17,
Saccharina,Scalpay_21_12_21_3,Scalpay,21_12_2021,21,12,2021,zooplankton,902,Bivalvia,51,bivalvia,51,
Saccharina,Scalpay_21_12_21_3,Scalpay,21_12_2021,21,12,2021,zooplankton,902,Bryozoa,51,bryozoa,51,
Saccharina,Scalpay_21_12_21_3,Scalpay,21_12_2021,21,12,2021,zooplankton,902,copepod_nauplii,458,copepod_nauplii,458,
Saccharina,Scalpay_21_12_21_3,Scalpay,21_12_2021,21,12,2021,zooplankton,902,copepods,272,copepods,272,
Saccharina,Scalpay_21_12_21_3,Scalpay,21_12_2021,21,12,2021,zooplankton,902,fish_egg,17,fish_egg,17,
Saccharina,Scalpay_21_12_21_3,Scalpay,21_12_2021,21,12,2021,zooplankton,902,Gastropoda,2,gastropoda,2,
Saccharina,Scalpay_21_12_21_3,Scalpay,21_12_2021,21,12,2021,zooplankton,902,holoplankton,781,holoplankton,781,
Saccharina,Scalpay_21_12_21_3,Scalpay,21_12_2021,21,12,2021,zooplankton,902,meroplankton,121,meroplankton,121,
Saccharina,Scalpay_21_12_21_3,Scalpay,21_12_2021,21,12,2021,zooplankton,902,microfibers,34,microfibers,34,
Saccharina,Scalpay_21_12_21_3,Scalpay,21_12_2021,21,12,2021,zooplankton,902,sabellariidae,17,sabellariidae,17,
Saccharina,Scalpay_21_12_21_3,Scalpay,21_12_2021,21,12,2021,zooplankton,902,Copepoda,730,total_copepoda,730,
Saccharina,Scalpay_21_12_21_3,Scalpay,21_12_2021,21,12,2021,zooplankton,902,Polychaeta,17,total_polychaeta,17,
Alaria,Pabay_10_12_21_1,Pabay,10_12_2021,10,12,2021,reads,1412.5,Hydrozoa,9.380530973,Clytia sp. 2 AFC-2016,,9.380530973
Alaria,Pabay_10_12_21_1,Pabay,10_12_2021,10,12,2021,reads,1412.5,Hydrozoa,0.389380531,Maresearsia praeclara,,0.389380531
Alaria,Pabay_10_12_21_1,Pabay,10_12_2021,10,12,2021,reads,1412.5,Hydrozoa,0.814159292,Clytia sp. 2 AFC-2016.2,,0.814159292
Saccharina,Pabay_10_12_21_1,Pabay,10_12_2021,10,12,2021,reads,1412.5,Hydrozoa,9.380530973,Clytia sp. 2 AFC-2016,,9.380530973
Saccharina,Pabay_10_12_21_1,Pabay,10_12_2021,10,12,2021,reads,1412.5,Hydrozoa,0.389380531,Maresearsia praeclara,,0.389380531
Saccharina,Pabay_10_12_21_1,Pabay,10_12_2021,10,12,2021,reads,1412.5,Hydrozoa,0.814159292,Clytia sp. 2 AFC-2016.2,,0.814159292
Alaria,Pabay_10_12_21_1,Pabay,10_12_2021,10,12,2021,reads,1412.5,no,0.14159292,Thalassiosira rotula.7,,0.14159292
Alaria,Pabay_10_12_21_1,Pabay,10_12_2021,10,12,2021,reads,1412.5,no,1.451327434,Thalassionema nitzschioides,,1.451327434
Alaria,Pabay_10_12_21_1,Pabay,10_12_2021,10,12,2021,reads,1412.5,no,1.380530973,Thalassionema nitzschioides.1,,1.380530973
Saccharina,Pabay_10_12_21_1,Pabay,10_12_2021,10,12,2021,reads,1412.5,no,0.14159292,Thalassiosira rotula.7,,0.14159292
Saccharina,Pabay_10_12_21_1,Pabay,10_12_2021,10,12,2021,reads,1412.5,no,1.451327434,Thalassionema nitzschioides,,1.451327434
Saccharina,Pabay_10_12_21_1,Pabay,10_12_2021,10,12,2021,reads,1412.5,no,1.380530973,Thalassionema nitzschioides.1,,1.380530973
Alaria,Pabay_10_12_21_2,Pabay,10_12_2021,10,12,2021,reads,1191.5,Hydrozoa,0.713386488,Maresearsia praeclara,,0.713386488
Saccharina,Pabay_10_12_21_2,Pabay,10_12_2021,10,12,2021,reads,1191.5,Hydrozoa,0.713386488,Maresearsia praeclara,,0.713386488
Alaria,Pabay_10_12_21_2,Pabay,10_12_2021,10,12,2021,reads,1191.5,no,0.293747377,Thalassiosira rotula.6,,0.293747377
Alaria,Pabay_10_12_21_2,Pabay,10_12_2021,10,12,2021,reads,1191.5,no,1.049097776,Thalassionema nitzschioides,,1.049097776
Alaria,Pabay_10_12_21_2,Pabay,10_12_2021,10,12,2021,reads,1191.5,no,0.251783466,Cassiopea xamachana,,0.251783466
Alaria,Pabay_10_12_21_2,Pabay,10_12_2021,10,12,2021,reads,1191.5,no,1.258917331,Urodasys sp. 114a.7,,1.258917331
Alaria,Pabay_10_12_21_2,Pabay,10_12_2021,10,12,2021,reads,1191.5,no,0.335711288,Urodasys sp. 114a.20,,0.335711288
Alaria,Pabay_10_12_21_2,Pabay,10_12_2021,10,12,2021,reads,1191.5,no,0.251783466,Urodasys sp. 114a.22,,0.251783466
Alaria,Pabay_10_12_21_2,Pabay,10_12_2021,10,12,2021,reads,1191.5,no,0.083927822,invertebrate environmental sample.6,,0.083927822
Saccharina,Pabay_10_12_21_2,Pabay,10_12_2021,10,12,2021,reads,1191.5,no,0.293747377,Thalassiosira rotula.6,,0.293747377
Saccharina,Pabay_10_12_21_2,Pabay,10_12_2021,10,12,2021,reads,1191.5,no,1.049097776,Thalassionema nitzschioides,,1.049097776
Saccharina,Pabay_10_12_21_2,Pabay,10_12_2021,10,12,2021,reads,1191.5,no,0.251783466,Cassiopea xamachana,,0.251783466
Saccharina,Pabay_10_12_21_2,Pabay,10_12_2021,10,12,2021,reads,1191.5,no,1.258917331,Urodasys sp. 114a.7,,1.258917331
Saccharina,Pabay_10_12_21_2,Pabay,10_12_2021,10,12,2021,reads,1191.5,no,0.335711288,Urodasys sp. 114a.20,,0.335711288
Saccharina,Pabay_10_12_21_2,Pabay,10_12_2021,10,12,2021,reads,1191.5,no,0.251783466,Urodasys sp. 114a.22,,0.251783466
Saccharina,Pabay_10_12_21_2,Pabay,10_12_2021,10,12,2021,reads,1191.5,no,0.083927822,invertebrate environmental sample.6,,0.083927822
Alaria,Pabay_10_12_21_3,Pabay,10_12_2021,10,12,2021,reads,1414,no,0.565770863,Thalassionema nitzschioides,,0.565770863
Alaria,Pabay_10_12_21_3,Pabay,10_12_2021,10,12,2021,reads,1414,no,0.106082037,Minutocellus polymorphus.7,,0.106082037
Alaria,Pabay_10_12_21_3,Pabay,10_12_2021,10,12,2021,reads,1414,no,0.353606789,Cassiopea xamachana,,0.353606789
Alaria,Pabay_10_12_21_3,Pabay,10_12_2021,10,12,2021,reads,1414,no,0.282885431,Cassiopea sp. PGNIMCP,,0.282885431
Saccharina,Pabay_10_12_21_3,Pabay,10_12_2021,10,12,2021,reads,1414,no,0.565770863,Thalassionema nitzschioides,,0.565770863
Saccharina,Pabay_10_12_21_3,Pabay,10_12_2021,10,12,2021,reads,1414,no,0.106082037,Minutocellus polymorphus.7,,0.106082037
Saccharina,Pabay_10_12_21_3,Pabay,10_12_2021,10,12,2021,reads,1414,no,0.353606789,Cassiopea xamachana,,0.353606789
Saccharina,Pabay_10_12_21_3,Pabay,10_12_2021,10,12,2021,reads,1414,no,0.282885431,Cassiopea sp. PGNIMCP,,0.282885431
Alaria,Pabay_10_4_22_1,Pabay,10_4_2022,10,4,2022,reads,4566,Branchiopoda,0.514673675,Evadne sp.,,0.514673675
Saccharina,Pabay_10_4_22_1,Pabay,10_4_2022,10,4,2022,reads,4566,Branchiopoda,0.514673675,Evadne sp.,,0.514673675
Alaria,Pabay_10_4_22_1,Pabay,10_4_2022,10,4,2022,reads,4566,Gastropoda,0.17520806,Placida dendritica.1,,0.17520806
Saccharina,Pabay_10_4_22_1,Pabay,10_4_2022,10,4,2022,reads,4566,Gastropoda,0.17520806,Placida dendritica.1,,0.17520806
Alaria,Pabay_10_4_22_1,Pabay,10_4_2022,10,4,2022,reads,4566,no,0.076653526,Ditylum brightwellii.1,,0.076653526
Alaria,Pabay_10_4_22_1,Pabay,10_4_2022,10,4,2022,reads,4566,no,0.109505037,Pedospumella sinomuralis.2,,0.109505037
Alaria,Pabay_10_4_22_1,Pabay,10_4_2022,10,4,2022,reads,4566,no,0.197109067,Pseudochattonella farcimen,,0.197109067
Alaria,Pabay_10_4_22_1,Pabay,10_4_2022,10,4,2022,reads,4566,no,0.810337276,Cernosvitoviella minor,,0.810337276
Alaria,Pabay_10_4_22_1,Pabay,10_4_2022,10,4,2022,reads,4566,no,0.076653526,Prosadenoporus floridensis,,0.076653526
Alaria,Pabay_10_4_22_1,Pabay,10_4_2022,10,4,2022,reads,4566,no,0.229960578,Enchytraeus doerjesi,,0.229960578
Saccharina,Pabay_10_4_22_1,Pabay,10_4_2022,10,4,2022,reads,4566,no,0.076653526,Ditylum brightwellii.1,,0.076653526
Saccharina,Pabay_10_4_22_1,Pabay,10_4_2022,10,4,2022,reads,4566,no,0.109505037,Pedospumella sinomuralis.2,,0.109505037
Saccharina,Pabay_10_4_22_1,Pabay,10_4_2022,10,4,2022,reads,4566,no,0.197109067,Pseudochattonella farcimen,,0.197109067
Saccharina,Pabay_10_4_22_1,Pabay,10_4_2022,10,4,2022,reads,4566,no,0.810337276,Cernosvitoviella minor,,0.810337276
Saccharina,Pabay_10_4_22_1,Pabay,10_4_2022,10,4,2022,reads,4566,no,0.076653526,Prosadenoporus floridensis,,0.076653526
Saccharina,Pabay_10_4_22_1,Pabay,10_4_2022,10,4,2022,reads,4566,no,0.229960578,Enchytraeus doerjesi,,0.229960578
Alaria,Pabay_10_4_22_1,Pabay,10_4_2022,10,4,2022,reads,4566,Polychaeta,0.186158563,Dasybranchus sp. DH1.1,,0.186158563
Saccharina,Pabay_10_4_22_1,Pabay,10_4_2022,10,4,2022,reads,4566,Polychaeta,0.186158563,Dasybranchus sp. DH1.1,,0.186158563
Alaria,Pabay_10_4_22_2,Pabay,10_4_2022,10,4,2022,reads,12291.5,Hydrozoa,0.004067852,Pennaria disticha.1,,0.004067852
Saccharina,Pabay_10_4_22_2,Pabay,10_4_2022,10,4,2022,reads,12291.5,Hydrozoa,0.004067852,Pennaria disticha.1,,0.004067852
Alaria,Pabay_10_4_22_2,Pabay,10_4_2022,10,4,2022,reads,12291.5,no,0.028474962,Lithodesmium undulatum,,0.028474962
Alaria,Pabay_10_4_22_2,Pabay,10_4_2022,10,4,2022,reads,12291.5,no,0.374242363,Ditylum brightwellii.3,,0.374242363
Alaria,Pabay_10_4_22_2,Pabay,10_4_2022,10,4,2022,reads,12291.5,no,0.801366798,Lithodesmium undulatum.2,,0.801366798
Alaria,Pabay_10_4_22_2,Pabay,10_4_2022,10,4,2022,reads,12291.5,no,0.06915348,Ditylum brightwellii.6,,0.06915348
Alaria,Pabay_10_4_22_2,Pabay,10_4_2022,10,4,2022,reads,12291.5,no,0.020339259,Cassiopea xamachana.4,,0.020339259
Alaria,Pabay_10_4_22_2,Pabay,10_4_2022,10,4,2022,reads,12291.5,no,0.707806208,Asplanchna sieboldii.2,,0.707806208
Alaria,Pabay_10_4_22_2,Pabay,10_4_2022,10,4,2022,reads,12291.5,no,0.296953179,Asplanchna sieboldii.3,,0.296953179
Alaria,Pabay_10_4_22_2,Pabay,10_4_2022,10,4,2022,reads,12291.5,no,8.518081601,invertebrate environmental sample,,8.518081601
Alaria,Pabay_10_4_22_2,Pabay,10_4_2022,10,4,2022,reads,12291.5,no,0.020339259,invertebrate environmental sample.2,,0.020339259
Saccharina,Pabay_10_4_22_2,Pabay,10_4_2022,10,4,2022,reads,12291.5,no,0.028474962,Lithodesmium undulatum,,0.028474962
Saccharina,Pabay_10_4_22_2,Pabay,10_4_2022,10,4,2022,reads,12291.5,no,0.374242363,Ditylum brightwellii.3,,0.374242363
Saccharina,Pabay_10_4_22_2,Pabay,10_4_2022,10,4,2022,reads,12291.5,no,0.801366798,Lithodesmium undulatum.2,,0.801366798
Saccharina,Pabay_10_4_22_2,Pabay,10_4_2022,10,4,2022,reads,12291.5,no,0.06915348,Ditylum brightwellii.6,,0.06915348
Saccharina,Pabay_10_4_22_2,Pabay,10_4_2022,10,4,2022,reads,12291.5,no,0.020339259,Cassiopea xamachana.4,,0.020339259
Saccharina,Pabay_10_4_22_2,Pabay,10_4_2022,10,4,2022,reads,12291.5,no,0.707806208,Asplanchna sieboldii.2,,0.707806208
Saccharina,Pabay_10_4_22_2,Pabay,10_4_2022,10,4,2022,reads,12291.5,no,0.296953179,Asplanchna sieboldii.3,,0.296953179
Saccharina,Pabay_10_4_22_2,Pabay,10_4_2022,10,4,2022,reads,12291.5,no,8.518081601,invertebrate environmental sample,,8.518081601
Saccharina,Pabay_10_4_22_2,Pabay,10_4_2022,10,4,2022,reads,12291.5,no,0.020339259,invertebrate environmental sample.2,,0.020339259
Alaria,Pabay_10_4_22_3,Pabay,10_4_2022,10,4,2022,reads,93132,Balanidae,0.132070609,Balanus crenatus,,0.132070609
Alaria,Pabay_10_4_22_3,Pabay,10_4_2022,10,4,2022,reads,93132,Balanidae,0.12777563,Balanus balanus,,0.12777563
Alaria,Pabay_10_4_22_3,Pabay,10_4_2022,10,4,2022,reads,93132,Balanidae,0.111669458,Balanus crenatus.1,,0.111669458
Saccharina,Pabay_10_4_22_3,Pabay,10_4_2022,10,4,2022,reads,93132,Balanidae,0.132070609,Balanus crenatus,,0.132070609
Saccharina,Pabay_10_4_22_3,Pabay,10_4_2022,10,4,2022,reads,93132,Balanidae,0.12777563,Balanus balanus,,0.12777563
Saccharina,Pabay_10_4_22_3,Pabay,10_4_2022,10,4,2022,reads,93132,Balanidae,0.111669458,Balanus crenatus.1,,0.111669458
Alaria,Pabay_10_4_22_3,Pabay,10_4_2022,10,4,2022,reads,93132,Branchiopoda,26.98535412,Evadne sp.,,26.98535412
Saccharina,Pabay_10_4_22_3,Pabay,10_4_2022,10,4,2022,reads,93132,Branchiopoda,26.98535412,Evadne sp.,,26.98535412
Alaria,Pabay_10_4_22_3,Pabay,10_4_2022,10,4,2022,reads,93132,Bryozoa,0.126701885,Celleporella hyalina,,0.126701885
Saccharina,Pabay_10_4_22_3,Pabay,10_4_2022,10,4,2022,reads,93132,Bryozoa,0.126701885,Celleporella hyalina,,0.126701885
Alaria,Pabay_10_4_22_3,Pabay,10_4_2022,10,4,2022,reads,93132,Copepoda,0.094489542,Temora sp.,,0.094489542
Alaria,Pabay_10_4_22_3,Pabay,10_4_2022,10,4,2022,reads,93132,Copepoda,0.150324271,Peltidiidae sp. 10PROBE-19037,,0.150324271
Alaria,Pabay_10_4_22_3,Pabay,10_4_2022,10,4,2022,reads,93132,Copepoda,0.035433578,Temora sp..2,,0.035433578
Alaria,Pabay_10_4_22_3,Pabay,10_4_2022,10,4,2022,reads,93132,Copepoda,0.04939226,Temora sp..4,,0.04939226
Saccharina,Pabay_10_4_22_3,Pabay,10_4_2022,10,4,2022,reads,93132,Copepoda,0.094489542,Temora sp.,,0.094489542
Saccharina,Pabay_10_4_22_3,Pabay,10_4_2022,10,4,2022,reads,93132,Copepoda,0.150324271,Peltidiidae sp. 10PROBE-19037,,0.150324271
Saccharina,Pabay_10_4_22_3,Pabay,10_4_2022,10,4,2022,reads,93132,Copepoda,0.035433578,Temora sp..2,,0.035433578
Saccharina,Pabay_10_4_22_3,Pabay,10_4_2022,10,4,2022,reads,93132,Copepoda,0.04939226,Temora sp..4,,0.04939226
Alaria,Pabay_10_4_22_3,Pabay,10_4_2022,10,4,2022,reads,93132,Gastropoda,0.279173646,Doto coronata,,0.279173646
Saccharina,Pabay_10_4_22_3,Pabay,10_4_2022,10,4,2022,reads,93132,Gastropoda,0.279173646,Doto coronata,,0.279173646
Alaria,Pabay_10_4_22_3,Pabay,10_4_2022,10,4,2022,reads,93132,Hydrozoa,2.524374007,Clytia sp. 2 AFC-2016,,2.524374007
Alaria,Pabay_10_4_22_3,Pabay,10_4_2022,10,4,2022,reads,93132,Hydrozoa,1.960657991,Bougainvillia muscus,,1.960657991
Alaria,Pabay_10_4_22_3,Pabay,10_4_2022,10,4,2022,reads,93132,Hydrozoa,0.306017266,Bougainvillia muscus.1,,0.306017266
Alaria,Pabay_10_4_22_3,Pabay,10_4_2022,10,4,2022,reads,93132,Hydrozoa,0.209380235,Bougainvillia muscus.2,,0.209380235
Alaria,Pabay_10_4_22_3,Pabay,10_4_2022,10,4,2022,reads,93132,Hydrozoa,0.110595714,Obelia bidentata.1,,0.110595714
Alaria,Pabay_10_4_22_3,Pabay,10_4_2022,10,4,2022,reads,93132,Hydrozoa,0.092342052,Clytia sp. 2 AFC-2016.1,,0.092342052
Alaria,Pabay_10_4_22_3,Pabay,10_4_2022,10,4,2022,reads,93132,Hydrozoa,0.082678349,Bougainvillia muscus.3,,0.082678349
Alaria,Pabay_10_4_22_3,Pabay,10_4_2022,10,4,2022,reads,93132,Hydrozoa,0.052613495,Clytia sp. 1 SL-2013,,0.052613495
Saccharina,Pabay_10_4_22_3,Pabay,10_4_2022,10,4,2022,reads,93132,Hydrozoa,2.524374007,Clytia sp. 2 AFC-2016,,2.524374007
Saccharina,Pabay_10_4_22_3,Pabay,10_4_2022,10,4,2022,reads,93132,Hydrozoa,1.960657991,Bougainvillia muscus,,1.960657991
Saccharina,Pabay_10_4_22_3,Pabay,10_4_2022,10,4,2022,reads,93132,Hydrozoa,0.306017266,Bougainvillia muscus.1,,0.306017266
Saccharina,Pabay_10_4_22_3,Pabay,10_4_2022,10,4,2022,reads,93132,Hydrozoa,0.209380235,Bougainvillia muscus.2,,0.209380235
Saccharina,Pabay_10_4_22_3,Pabay,10_4_2022,10,4,2022,reads,93132,Hydrozoa,0.110595714,Obelia bidentata.1,,0.110595714
Saccharina,Pabay_10_4_22_3,Pabay,10_4_2022,10,4,2022,reads,93132,Hydrozoa,0.092342052,Clytia sp. 2 AFC-2016.1,,0.092342052
Saccharina,Pabay_10_4_22_3,Pabay,10_4_2022,10,4,2022,reads,93132,Hydrozoa,0.082678349,Bougainvillia muscus.3,,0.082678349
Saccharina,Pabay_10_4_22_3,Pabay,10_4_2022,10,4,2022,reads,93132,Hydrozoa,0.052613495,Clytia sp. 1 SL-2013,,0.052613495
Alaria,Pabay_10_4_22_3,Pabay,10_4_2022,10,4,2022,reads,93132,Malacostraca,8.468625177,Jassa herdmani,,8.468625177
Alaria,Pabay_10_4_22_3,Pabay,10_4_2022,10,4,2022,reads,93132,Malacostraca,0.456341537,Jassa herdmani.1,,0.456341537
Alaria,Pabay_10_4_22_3,Pabay,10_4_2022,10,4,2022,reads,93132,Malacostraca,0.192200318,Jassa herdmani.2,,0.192200318
Alaria,Pabay_10_4_22_3,Pabay,10_4_2022,10,4,2022,reads,93132,Malacostraca,0.353262037,Jassa herdmani.3,,0.353262037
Alaria,Pabay_10_4_22_3,Pabay,10_4_2022,10,4,2022,reads,93132,Malacostraca,0.140660568,Jassa herdmani.4,,0.140660568
Alaria,Pabay_10_4_22_3,Pabay,10_4_2022,10,4,2022,reads,93132,Malacostraca,0.073014646,Niphargus arbiter,,0.073014646
Saccharina,Pabay_10_4_22_3,Pabay,10_4_2022,10,4,2022,reads,93132,Malacostraca,8.468625177,Jassa herdmani,,8.468625177
Saccharina,Pabay_10_4_22_3,Pabay,10_4_2022,10,4,2022,reads,93132,Malacostraca,0.456341537,Jassa herdmani.1,,0.456341537
Saccharina,Pabay_10_4_22_3,Pabay,10_4_2022,10,4,2022,reads,93132,Malacostraca,0.192200318,Jassa herdmani.2,,0.192200318
Saccharina,Pabay_10_4_22_3,Pabay,10_4_2022,10,4,2022,reads,93132,Malacostraca,0.353262037,Jassa herdmani.3,,0.353262037
Saccharina,Pabay_10_4_22_3,Pabay,10_4_2022,10,4,2022,reads,93132,Malacostraca,0.140660568,Jassa herdmani.4,,0.140660568
Saccharina,Pabay_10_4_22_3,Pabay,10_4_2022,10,4,2022,reads,93132,Malacostraca,0.073014646,Niphargus arbiter,,0.073014646
Alaria,Pabay_10_4_22_3,Pabay,10_4_2022,10,4,2022,reads,93132,no,0.011811193,Amicula sp. isolate GU52X-4 cfCalB7,,0.011811193
Alaria,Pabay_10_4_22_3,Pabay,10_4_2022,10,4,2022,reads,93132,no,1.471030366,Skeletonema menzelii,,1.471030366
Alaria,Pabay_10_4_22_3,Pabay,10_4_2022,10,4,2022,reads,93132,no,0.134218099,Durinskia baltica,,0.134218099
Alaria,Pabay_10_4_22_3,Pabay,10_4_2022,10,4,2022,reads,93132,no,0.07838337,Skeletonema potamos,,0.07838337
Alaria,Pabay_10_4_22_3,Pabay,10_4_2022,10,4,2022,reads,93132,no,0.070867156,Skeletonema marinoi,,0.070867156
Alaria,Pabay_10_4_22_3,Pabay,10_4_2022,10,4,2022,reads,93132,no,0.109521969,Thalassiosira punctigera,,0.109521969
Alaria,Pabay_10_4_22_3,Pabay,10_4_2022,10,4,2022,reads,93132,no,0.135291844,Stephanodiscus cf. minutulus,,0.135291844
Alaria,Pabay_10_4_22_3,Pabay,10_4_2022,10,4,2022,reads,93132,no,0.123480651,Guinardia delicatula.3,,0.123480651
Alaria,Pabay_10_4_22_3,Pabay,10_4_2022,10,4,2022,reads,93132,no,0.054760984,Discostella sp. clade A (type II),,0.054760984
Alaria,Pabay_10_4_22_3,Pabay,10_4_2022,10,4,2022,reads,93132,no,0.047244771,Chaetoceros socialis.1,,0.047244771
Alaria,Pabay_10_4_22_3,Pabay,10_4_2022,10,4,2022,reads,93132,no,0.067645922,Thalassionema nitzschioides,,0.067645922
Alaria,Pabay_10_4_22_3,Pabay,10_4_2022,10,4,2022,reads,93132,no,0.095563287,Thalassionema nitzschioides.2,,0.095563287
Alaria,Pabay_10_4_22_3,Pabay,10_4_2022,10,4,2022,reads,93132,no,0.850405876,Ditylum brightwellii.3,,0.850405876
Alaria,Pabay_10_4_22_3,Pabay,10_4_2022,10,4,2022,reads,93132,no,0.182536615,Minutocellus polymorphus.9,,0.182536615
Alaria,Pabay_10_4_22_3,Pabay,10_4_2022,10,4,2022,reads,93132,no,0.25769875,Minutocellus polymorphus.13,,0.25769875
Alaria,Pabay_10_4_22_3,Pabay,10_4_2022,10,4,2022,reads,93132,no,0.042949792,Ditylum brightwellii.5,,0.042949792
Alaria,Pabay_10_4_22_3,Pabay,10_4_2022,10,4,2022,reads,93132,no,1.306747412,Cassiopea xamachana,,1.306747412
Alaria,Pabay_10_4_22_3,Pabay,10_4_2022,10,4,2022,reads,93132,no,0.540093631,Aurelia sp. 11 sensu Dawson et al. (2005),,0.540093631
Alaria,Pabay_10_4_22_3,Pabay,10_4_2022,10,4,2022,reads,93132,no,0.094489542,Cassiopea xamachana.2,,0.094489542
Alaria,Pabay_10_4_22_3,Pabay,10_4_2022,10,4,2022,reads,93132,no,0.225486406,Urodasys sp. 114a.4,,0.225486406
Alaria,Pabay_10_4_22_3,Pabay,10_4_2022,10,4,2022,reads,93132,no,0.052613495,Urodasys sp. 114a.7,,0.052613495
Alaria,Pabay_10_4_22_3,Pabay,10_4_2022,10,4,2022,reads,93132,no,0.012884938,Urodasys sp. 114a.18,,0.012884938
Alaria,Pabay_10_4_22_3,Pabay,10_4_2022,10,4,2022,reads,93132,no,0.077309625,Monostilifera sp.,,0.077309625
Alaria,Pabay_10_4_22_3,Pabay,10_4_2022,10,4,2022,reads,93132,no,0.380105656,Euchlanis dilatata,,0.380105656
Alaria,Pabay_10_4_22_3,Pabay,10_4_2022,10,4,2022,reads,93132,no,0.215822703,Lepadella cf. quadricarinata AGROT318-10,,0.215822703
Alaria,Pabay_10_4_22_3,Pabay,10_4_2022,10,4,2022,reads,93132,no,0.07623588,Asplanchna sieboldii.3,,0.07623588
Alaria,Pabay_10_4_22_3,Pabay,10_4_2022,10,4,2022,reads,93132,no,0.659279302,invertebrate environmental sample,,0.659279302
Alaria,Pabay_10_4_22_3,Pabay,10_4_2022,10,4,2022,reads,93132,no,0.038654813,invertebrate environmental sample.9,,0.038654813
Saccharina,Pabay_10_4_22_3,Pabay,10_4_2022,10,4,2022,reads,93132,no,0.011811193,Amicula sp. isolate GU52X-4 cfCalB7,,0.011811193
Saccharina,Pabay_10_4_22_3,Pabay,10_4_2022,10,4,2022,reads,93132,no,1.471030366,Skeletonema menzelii,,1.471030366
Saccharina,Pabay_10_4_22_3,Pabay,10_4_2022,10,4,2022,reads,93132,no,0.134218099,Durinskia baltica,,0.134218099
Saccharina,Pabay_10_4_22_3,Pabay,10_4_2022,10,4,2022,reads,93132,no,0.07838337,Skeletonema potamos,,0.07838337
Saccharina,Pabay_10_4_22_3,Pabay,10_4_2022,10,4,2022,reads,93132,no,0.070867156,Skeletonema marinoi,,0.070867156
Saccharina,Pabay_10_4_22_3,Pabay,10_4_2022,10,4,2022,reads,93132,no,0.109521969,Thalassiosira punctigera,,0.109521969
Saccharina,Pabay_10_4_22_3,Pabay,10_4_2022,10,4,2022,reads,93132,no,0.135291844,Stephanodiscus cf. minutulus,,0.135291844
Saccharina,Pabay_10_4_22_3,Pabay,10_4_2022,10,4,2022,reads,93132,no,0.123480651,Guinardia delicatula.3,,0.123480651
Saccharina,Pabay_10_4_22_3,Pabay,10_4_2022,10,4,2022,reads,93132,no,0.054760984,Discostella sp. clade A (type II),,0.054760984
Saccharina,Pabay_10_4_22_3,Pabay,10_4_2022,10,4,2022,reads,93132,no,0.047244771,Chaetoceros socialis.1,,0.047244771
Saccharina,Pabay_10_4_22_3,Pabay,10_4_2022,10,4,2022,reads,93132,no,0.067645922,Thalassionema nitzschioides,,0.067645922
Saccharina,Pabay_10_4_22_3,Pabay,10_4_2022,10,4,2022,reads,93132,no,0.095563287,Thalassionema nitzschioides.2,,0.095563287
Saccharina,Pabay_10_4_22_3,Pabay,10_4_2022,10,4,2022,reads,93132,no,0.850405876,Ditylum brightwellii.3,,0.850405876
Saccharina,Pabay_10_4_22_3,Pabay,10_4_2022,10,4,2022,reads,93132,no,0.182536615,Minutocellus polymorphus.9,,0.182536615
Saccharina,Pabay_10_4_22_3,Pabay,10_4_2022,10,4,2022,reads,93132,no,0.25769875,Minutocellus polymorphus.13,,0.25769875
Saccharina,Pabay_10_4_22_3,Pabay,10_4_2022,10,4,2022,reads,93132,no,0.042949792,Ditylum brightwellii.5,,0.042949792
Saccharina,Pabay_10_4_22_3,Pabay,10_4_2022,10,4,2022,reads,93132,no,1.306747412,Cassiopea xamachana,,1.306747412
Saccharina,Pabay_10_4_22_3,Pabay,10_4_2022,10,4,2022,reads,93132,no,0.540093631,Aurelia sp. 11 sensu Dawson et al. (2005),,0.540093631
Saccharina,Pabay_10_4_22_3,Pabay,10_4_2022,10,4,2022,reads,93132,no,0.094489542,Cassiopea xamachana.2,,0.094489542
Saccharina,Pabay_10_4_22_3,Pabay,10_4_2022,10,4,2022,reads,93132,no,0.225486406,Urodasys sp. 114a.4,,0.225486406
Saccharina,Pabay_10_4_22_3,Pabay,10_4_2022,10,4,2022,reads,93132,no,0.052613495,Urodasys sp. 114a.7,,0.052613495
Saccharina,Pabay_10_4_22_3,Pabay,10_4_2022,10,4,2022,reads,93132,no,0.012884938,Urodasys sp. 114a.18,,0.012884938
Saccharina,Pabay_10_4_22_3,Pabay,10_4_2022,10,4,2022,reads,93132,no,0.077309625,Monostilifera sp.,,0.077309625
Saccharina,Pabay_10_4_22_3,Pabay,10_4_2022,10,4,2022,reads,93132,no,0.380105656,Euchlanis dilatata,,0.380105656
Saccharina,Pabay_10_4_22_3,Pabay,10_4_2022,10,4,2022,reads,93132,no,0.215822703,Lepadella cf. quadricarinata AGROT318-10,,0.215822703
Saccharina,Pabay_10_4_22_3,Pabay,10_4_2022,10,4,2022,reads,93132,no,0.07623588,Asplanchna sieboldii.3,,0.07623588
Saccharina,Pabay_10_4_22_3,Pabay,10_4_2022,10,4,2022,reads,93132,no,0.659279302,invertebrate environmental sample,,0.659279302
Saccharina,Pabay_10_4_22_3,Pabay,10_4_2022,10,4,2022,reads,93132,no,0.038654813,invertebrate environmental sample.9,,0.038654813
Alaria,Pabay_13_11_21_1,Pabay,13_11_2021,13,11,2021,reads,3404,Hydrozoa,0.044065805,Obelia bidentata.3,,0.044065805
Saccharina,Pabay_13_11_21_1,Pabay,13_11_2021,13,11,2021,reads,3404,Hydrozoa,0.044065805,Obelia bidentata.3,,0.044065805
Alaria,Pabay_13_11_21_1,Pabay,13_11_2021,13,11,2021,reads,3404,no,2.688014101,Skeletonema menzelii,,2.688014101
Alaria,Pabay_13_11_21_1,Pabay,13_11_2021,13,11,2021,reads,3404,no,2.658636898,Minutocellus polymorphus.7,,2.658636898
Alaria,Pabay_13_11_21_1,Pabay,13_11_2021,13,11,2021,reads,3404,no,1.145710928,Minutocellus polymorphus.9,,1.145710928
Alaria,Pabay_13_11_21_1,Pabay,13_11_2021,13,11,2021,reads,3404,no,0.484723854,Cassiopea xamachana,,0.484723854
Alaria,Pabay_13_11_21_1,Pabay,13_11_2021,13,11,2021,reads,3404,no,0.102820212,invertebrate environmental sample.2,,0.102820212
Saccharina,Pabay_13_11_21_1,Pabay,13_11_2021,13,11,2021,reads,3404,no,2.688014101,Skeletonema menzelii,,2.688014101
Saccharina,Pabay_13_11_21_1,Pabay,13_11_2021,13,11,2021,reads,3404,no,2.658636898,Minutocellus polymorphus.7,,2.658636898
Saccharina,Pabay_13_11_21_1,Pabay,13_11_2021,13,11,2021,reads,3404,no,1.145710928,Minutocellus polymorphus.9,,1.145710928
Saccharina,Pabay_13_11_21_1,Pabay,13_11_2021,13,11,2021,reads,3404,no,0.484723854,Cassiopea xamachana,,0.484723854
Saccharina,Pabay_13_11_21_1,Pabay,13_11_2021,13,11,2021,reads,3404,no,0.102820212,invertebrate environmental sample.2,,0.102820212
Alaria,Pabay_13_11_21_2,Pabay ,13_11_2021,13,11,2021,reads,703,no,0.568990043,Skeletonema menzelii,,0.568990043
Alaria,Pabay_13_11_21_2,Pabay ,13_11_2021,13,11,2021,reads,703,no,1.635846373,Minutocellus polymorphus.7,,1.635846373
Saccharina,Pabay_13_11_21_2,Pabay ,13_11_2021,13,11,2021,reads,703,no,0.568990043,Skeletonema menzelii,,0.568990043
Saccharina,Pabay_13_11_21_2,Pabay ,13_11_2021,13,11,2021,reads,703,no,1.635846373,Minutocellus polymorphus.7,,1.635846373
Alaria,Pabay_13_11_21_3,Pabay,13_11_2021,13,11,2021,reads,48155.5,Bivalvia,0.133941087,Mytilus edulis,,0.133941087
Saccharina,Pabay_13_11_21_3,Pabay,13_11_2021,13,11,2021,reads,48155.5,Bivalvia,0.133941087,Mytilus edulis,,0.133941087
Alaria,Pabay_13_11_21_3,Pabay,13_11_2021,13,11,2021,reads,48155.5,Bryozoa,0.065413089,Electra pilosa,,0.065413089
Saccharina,Pabay_13_11_21_3,Pabay,13_11_2021,13,11,2021,reads,48155.5,Bryozoa,0.065413089,Electra pilosa,,0.065413089
Alaria,Pabay_13_11_21_3,Pabay,13_11_2021,13,11,2021,reads,48155.5,Copepoda,0.065413089,Temora sp.,,0.065413089
Alaria,Pabay_13_11_21_3,Pabay,13_11_2021,13,11,2021,reads,48155.5,Copepoda,0.053991756,Temora sp..3,,0.053991756
Alaria,Pabay_13_11_21_3,Pabay,13_11_2021,13,11,2021,reads,48155.5,Copepoda,0.026995878,Harpacticus flexus,,0.026995878
Saccharina,Pabay_13_11_21_3,Pabay,13_11_2021,13,11,2021,reads,48155.5,Copepoda,0.065413089,Temora sp.,,0.065413089
Saccharina,Pabay_13_11_21_3,Pabay,13_11_2021,13,11,2021,reads,48155.5,Copepoda,0.053991756,Temora sp..3,,0.053991756
Saccharina,Pabay_13_11_21_3,Pabay,13_11_2021,13,11,2021,reads,48155.5,Copepoda,0.026995878,Harpacticus flexus,,0.026995878
Alaria,Pabay_13_11_21_3,Pabay,13_11_2021,13,11,2021,reads,48155.5,Gastropoda,0.106945209,Rissoa guernei,,0.106945209
Alaria,Pabay_13_11_21_3,Pabay,13_11_2021,13,11,2021,reads,48155.5,Gastropoda,0.079949331,Rissoa guernei.1,,0.079949331
Alaria,Pabay_13_11_21_3,Pabay,13_11_2021,13,11,2021,reads,48155.5,Gastropoda,0.068527998,Limapontia capitata,,0.068527998
Alaria,Pabay_13_11_21_3,Pabay,13_11_2021,13,11,2021,reads,48155.5,Gastropoda,0.029072484,Peringia ulvae,,0.029072484
Alaria,Pabay_13_11_21_3,Pabay,13_11_2021,13,11,2021,reads,48155.5,Gastropoda,0.026995878,Stenophysa marmorata,,0.026995878
Saccharina,Pabay_13_11_21_3,Pabay,13_11_2021,13,11,2021,reads,48155.5,Gastropoda,0.106945209,Rissoa guernei,,0.106945209
Saccharina,Pabay_13_11_21_3,Pabay,13_11_2021,13,11,2021,reads,48155.5,Gastropoda,0.079949331,Rissoa guernei.1,,0.079949331
Saccharina,Pabay_13_11_21_3,Pabay,13_11_2021,13,11,2021,reads,48155.5,Gastropoda,0.068527998,Limapontia capitata,,0.068527998
Saccharina,Pabay_13_11_21_3,Pabay,13_11_2021,13,11,2021,reads,48155.5,Gastropoda,0.029072484,Peringia ulvae,,0.029072484
Saccharina,Pabay_13_11_21_3,Pabay,13_11_2021,13,11,2021,reads,48155.5,Gastropoda,0.026995878,Stenophysa marmorata,,0.026995878
Alaria,Pabay_13_11_21_3,Pabay,13_11_2021,13,11,2021,reads,48155.5,Hydrozoa,0.31875902,Aequorea sp. USNM IZ 1448486,,0.31875902
Alaria,Pabay_13_11_21_3,Pabay,13_11_2021,13,11,2021,reads,48155.5,Hydrozoa,0.033225696,Garveia annulata.1,,0.033225696
Alaria,Pabay_13_11_21_3,Pabay,13_11_2021,13,11,2021,reads,48155.5,Hydrozoa,0.046723635,Siphonophorae sp. NHM_339.1,,0.046723635
Alaria,Pabay_13_11_21_3,Pabay,13_11_2021,13,11,2021,reads,48155.5,Hydrozoa,0.025957575,Coryne pintneri,,0.025957575
Alaria,Pabay_13_11_21_3,Pabay,13_11_2021,13,11,2021,reads,48155.5,Hydrozoa,0.022842666,Apolemia sp..1,,0.022842666
Alaria,Pabay_13_11_21_3,Pabay,13_11_2021,13,11,2021,reads,48155.5,Hydrozoa,0.008306424,Liriope tetraphylla,,0.008306424
Saccharina,Pabay_13_11_21_3,Pabay,13_11_2021,13,11,2021,reads,48155.5,Hydrozoa,0.31875902,Aequorea sp. USNM IZ 1448486,,0.31875902
Saccharina,Pabay_13_11_21_3,Pabay,13_11_2021,13,11,2021,reads,48155.5,Hydrozoa,0.033225696,Garveia annulata.1,,0.033225696
Saccharina,Pabay_13_11_21_3,Pabay,13_11_2021,13,11,2021,reads,48155.5,Hydrozoa,0.046723635,Siphonophorae sp. NHM_339.1,,0.046723635
Saccharina,Pabay_13_11_21_3,Pabay,13_11_2021,13,11,2021,reads,48155.5,Hydrozoa,0.025957575,Coryne pintneri,,0.025957575
Saccharina,Pabay_13_11_21_3,Pabay,13_11_2021,13,11,2021,reads,48155.5,Hydrozoa,0.022842666,Apolemia sp..1,,0.022842666
Saccharina,Pabay_13_11_21_3,Pabay,13_11_2021,13,11,2021,reads,48155.5,Hydrozoa,0.008306424,Liriope tetraphylla,,0.008306424
Alaria,Pabay_13_11_21_3,Pabay,13_11_2021,13,11,2021,reads,48155.5,no,0.015574545,Minutocellus polymorphus.1,,0.015574545
Alaria,Pabay_13_11_21_3,Pabay,13_11_2021,13,11,2021,reads,48155.5,no,0.064374786,Emiliania huxleyi,,0.064374786
Alaria,Pabay_13_11_21_3,Pabay,13_11_2021,13,11,2021,reads,48155.5,no,3.994351632,Skeletonema menzelii,,3.994351632
Alaria,Pabay_13_11_21_3,Pabay,13_11_2021,13,11,2021,reads,48155.5,no,0.08306424,Chaetoceros tenuissimus,,0.08306424
Alaria,Pabay_13_11_21_3,Pabay,13_11_2021,13,11,2021,reads,48155.5,no,0.016612848,Guillardia theta,,0.016612848
Alaria,Pabay_13_11_21_3,Pabay,13_11_2021,13,11,2021,reads,48155.5,no,0.022842666,Skeletonema potamos,,0.022842666
Alaria,Pabay_13_11_21_3,Pabay,13_11_2021,13,11,2021,reads,48155.5,no,0.04153212,Thalassiosira punctigera,,0.04153212
Alaria,Pabay_13_11_21_3,Pabay,13_11_2021,13,11,2021,reads,48155.5,no,0.149515632,Podosira stelligera,,0.149515632
Alaria,Pabay_13_11_21_3,Pabay,13_11_2021,13,11,2021,reads,48155.5,no,0.128749572,Skeletonema menzelii.1,,0.128749572
Alaria,Pabay_13_11_21_3,Pabay,13_11_2021,13,11,2021,reads,48155.5,no,0.064374786,Thalassiosira nordenskioeldii,,0.064374786
Alaria,Pabay_13_11_21_3,Pabay,13_11_2021,13,11,2021,reads,48155.5,no,0.029072484,Guinardia delicatula.6,,0.029072484
Alaria,Pabay_13_11_21_3,Pabay,13_11_2021,13,11,2021,reads,48155.5,no,0.007268121,Thalassiosira nordenskioeldii.1,,0.007268121
Alaria,Pabay_13_11_21_3,Pabay,13_11_2021,13,11,2021,reads,48155.5,no,0.021804363,Schizostauron trachyderma,,0.021804363
Alaria,Pabay_13_11_21_3,Pabay,13_11_2021,13,11,2021,reads,48155.5,no,0.042570423,Thalassionema nitzschioides,,0.042570423
Alaria,Pabay_13_11_21_3,Pabay,13_11_2021,13,11,2021,reads,48155.5,no,0.019727757,Thalassionema nitzschioides.2,,0.019727757
Alaria,Pabay_13_11_21_3,Pabay,13_11_2021,13,11,2021,reads,48155.5,no,7.302384982,Minutocellus polymorphus.7,,7.302384982
Alaria,Pabay_13_11_21_3,Pabay,13_11_2021,13,11,2021,reads,48155.5,no,0.642709556,Minutocellus polymorphus.8,,0.642709556
Alaria,Pabay_13_11_21_3,Pabay,13_11_2021,13,11,2021,reads,48155.5,no,0.575219861,Minutocellus polymorphus.9,,0.575219861
Alaria,Pabay_13_11_21_3,Pabay,13_11_2021,13,11,2021,reads,48155.5,no,0.204545691,Minutocellus polymorphus.10,,0.204545691
Alaria,Pabay_13_11_21_3,Pabay,13_11_2021,13,11,2021,reads,48155.5,no,0.127711269,Minutocellus polymorphus.16,,0.127711269
Alaria,Pabay_13_11_21_3,Pabay,13_11_2021,13,11,2021,reads,48155.5,no,0.122519754,Minutocellus polymorphus.17,,0.122519754
Alaria,Pabay_13_11_21_3,Pabay,13_11_2021,13,11,2021,reads,48155.5,no,0.098638785,Minutocellus polymorphus.18,,0.098638785
Alaria,Pabay_13_11_21_3,Pabay,13_11_2021,13,11,2021,reads,48155.5,no,0.206622297,Cassiopea xamachana,,0.206622297
Alaria,Pabay_13_11_21_3,Pabay,13_11_2021,13,11,2021,reads,48155.5,no,0.089294058,Asterias rubens,,0.089294058
Alaria,Pabay_13_11_21_3,Pabay,13_11_2021,13,11,2021,reads,48155.5,no,0.045685332,Asterias rubens.1,,0.045685332
Alaria,Pabay_13_11_21_3,Pabay,13_11_2021,13,11,2021,reads,48155.5,no,0.156783753,Temnopleurus toreumaticus,,0.156783753
Alaria,Pabay_13_11_21_3,Pabay,13_11_2021,13,11,2021,reads,48155.5,no,0.191047752,Urodasys sp. 114a.2,,0.191047752
Alaria,Pabay_13_11_21_3,Pabay,13_11_2021,13,11,2021,reads,48155.5,no,0.050876847,Urodasys sp. 114a.3,,0.050876847
Alaria,Pabay_13_11_21_3,Pabay,13_11_2021,13,11,2021,reads,48155.5,no,0.143285814,Chaetonotus aff. gelidus MK-2019,,0.143285814
Alaria,Pabay_13_11_21_3,Pabay,13_11_2021,13,11,2021,reads,48155.5,no,0.017651151,Urodasys sp. 114a.13,,0.017651151
Alaria,Pabay_13_11_21_3,Pabay,13_11_2021,13,11,2021,reads,48155.5,no,0.060221574,Mytilus edulis complex sp. DC-2011,,0.060221574
Alaria,Pabay_13_11_21_3,Pabay,13_11_2021,13,11,2021,reads,48155.5,no,0.693586402,Monostilifera sp.,,0.693586402
Alaria,Pabay_13_11_21_3,Pabay,13_11_2021,13,11,2021,reads,48155.5,no,0.070604604,Monostilifera sp..1,,0.070604604
Alaria,Pabay_13_11_21_3,Pabay,13_11_2021,13,11,2021,reads,48155.5,no,0.032187393,Corvomeyenia everetti,,0.032187393
Alaria,Pabay_13_11_21_3,Pabay,13_11_2021,13,11,2021,reads,48155.5,no,1.527343709,Monogononta sp. R35_CoastL,,1.527343709
Alaria,Pabay_13_11_21_3,Pabay,13_11_2021,13,11,2021,reads,48155.5,no,0.059183271,Asplanchna sieboldii.2,,0.059183271
Alaria,Pabay_13_11_21_3,Pabay,13_11_2021,13,11,2021,reads,48155.5,no,1.152516327,invertebrate environmental sample.2,,1.152516327
Alaria,Pabay_13_11_21_3,Pabay,13_11_2021,13,11,2021,reads,48155.5,no,0.064374786,invertebrate environmental sample.4,,0.064374786
Alaria,Pabay_13_11_21_3,Pabay,13_11_2021,13,11,2021,reads,48155.5,no,0.025957575,invertebrate environmental sample.14,,0.025957575
Alaria,Pabay_13_11_21_3,Pabay,13_11_2021,13,11,2021,reads,48155.5,no,0.012459636,invertebrate environmental sample.20,,0.012459636
Alaria,Pabay_13_11_21_3,Pabay,13_11_2021,13,11,2021,reads,48155.5,no,0.01038303,invertebrate environmental sample.23,,0.01038303
Alaria,Pabay_13_11_21_3,Pabay,13_11_2021,13,11,2021,reads,48155.5,no,0.007268121,invertebrate environmental sample.27,,0.007268121
Alaria,Pabay_13_11_21_3,Pabay,13_11_2021,13,11,2021,reads,48155.5,no,0.025957575,Fujientomon dicestum,,0.025957575
Saccharina,Pabay_13_11_21_3,Pabay,13_11_2021,13,11,2021,reads,48155.5,no,0.015574545,Minutocellus polymorphus.1,,0.015574545
Saccharina,Pabay_13_11_21_3,Pabay,13_11_2021,13,11,2021,reads,48155.5,no,0.064374786,Emiliania huxleyi,,0.064374786
Saccharina,Pabay_13_11_21_3,Pabay,13_11_2021,13,11,2021,reads,48155.5,no,3.994351632,Skeletonema menzelii,,3.994351632
Saccharina,Pabay_13_11_21_3,Pabay,13_11_2021,13,11,2021,reads,48155.5,no,0.08306424,Chaetoceros tenuissimus,,0.08306424
Saccharina,Pabay_13_11_21_3,Pabay,13_11_2021,13,11,2021,reads,48155.5,no,0.016612848,Guillardia theta,,0.016612848
Saccharina,Pabay_13_11_21_3,Pabay,13_11_2021,13,11,2021,reads,48155.5,no,0.022842666,Skeletonema potamos,,0.022842666
Saccharina,Pabay_13_11_21_3,Pabay,13_11_2021,13,11,2021,reads,48155.5,no,0.04153212,Thalassiosira punctigera,,0.04153212
Saccharina,Pabay_13_11_21_3,Pabay,13_11_2021,13,11,2021,reads,48155.5,no,0.149515632,Podosira stelligera,,0.149515632
Saccharina,Pabay_13_11_21_3,Pabay,13_11_2021,13,11,2021,reads,48155.5,no,0.128749572,Skeletonema menzelii.1,,0.128749572
Saccharina,Pabay_13_11_21_3,Pabay,13_11_2021,13,11,2021,reads,48155.5,no,0.064374786,Thalassiosira nordenskioeldii,,0.064374786
Saccharina,Pabay_13_11_21_3,Pabay,13_11_2021,13,11,2021,reads,48155.5,no,0.029072484,Guinardia delicatula.6,,0.029072484
Saccharina,Pabay_13_11_21_3,Pabay,13_11_2021,13,11,2021,reads,48155.5,no,0.007268121,Thalassiosira nordenskioeldii.1,,0.007268121
Saccharina,Pabay_13_11_21_3,Pabay,13_11_2021,13,11,2021,reads,48155.5,no,0.021804363,Schizostauron trachyderma,,0.021804363
Saccharina,Pabay_13_11_21_3,Pabay,13_11_2021,13,11,2021,reads,48155.5,no,0.042570423,Thalassionema nitzschioides,,0.042570423
Saccharina,Pabay_13_11_21_3,Pabay,13_11_2021,13,11,2021,reads,48155.5,no,0.019727757,Thalassionema nitzschioides.2,,0.019727757
Saccharina,Pabay_13_11_21_3,Pabay,13_11_2021,13,11,2021,reads,48155.5,no,7.302384982,Minutocellus polymorphus.7,,7.302384982
Saccharina,Pabay_13_11_21_3,Pabay,13_11_2021,13,11,2021,reads,48155.5,no,0.642709556,Minutocellus polymorphus.8,,0.642709556
Saccharina,Pabay_13_11_21_3,Pabay,13_11_2021,13,11,2021,reads,48155.5,no,0.575219861,Minutocellus polymorphus.9,,0.575219861
Saccharina,Pabay_13_11_21_3,Pabay,13_11_2021,13,11,2021,reads,48155.5,no,0.204545691,Minutocellus polymorphus.10,,0.204545691
Saccharina,Pabay_13_11_21_3,Pabay,13_11_2021,13,11,2021,reads,48155.5,no,0.127711269,Minutocellus polymorphus.16,,0.127711269
Saccharina,Pabay_13_11_21_3,Pabay,13_11_2021,13,11,2021,reads,48155.5,no,0.122519754,Minutocellus polymorphus.17,,0.122519754
Saccharina,Pabay_13_11_21_3,Pabay,13_11_2021,13,11,2021,reads,48155.5,no,0.098638785,Minutocellus polymorphus.18,,0.098638785
Saccharina,Pabay_13_11_21_3,Pabay,13_11_2021,13,11,2021,reads,48155.5,no,0.206622297,Cassiopea xamachana,,0.206622297
Saccharina,Pabay_13_11_21_3,Pabay,13_11_2021,13,11,2021,reads,48155.5,no,0.089294058,Asterias rubens,,0.089294058
Saccharina,Pabay_13_11_21_3,Pabay,13_11_2021,13,11,2021,reads,48155.5,no,0.045685332,Asterias rubens.1,,0.045685332
Saccharina,Pabay_13_11_21_3,Pabay,13_11_2021,13,11,2021,reads,48155.5,no,0.156783753,Temnopleurus toreumaticus,,0.156783753
Saccharina,Pabay_13_11_21_3,Pabay,13_11_2021,13,11,2021,reads,48155.5,no,0.191047752,Urodasys sp. 114a.2,,0.191047752
Saccharina,Pabay_13_11_21_3,Pabay,13_11_2021,13,11,2021,reads,48155.5,no,0.050876847,Urodasys sp. 114a.3,,0.050876847
Saccharina,Pabay_13_11_21_3,Pabay,13_11_2021,13,11,2021,reads,48155.5,no,0.143285814,Chaetonotus aff. gelidus MK-2019,,0.143285814
Saccharina,Pabay_13_11_21_3,Pabay,13_11_2021,13,11,2021,reads,48155.5,no,0.017651151,Urodasys sp. 114a.13,,0.017651151
Saccharina,Pabay_13_11_21_3,Pabay,13_11_2021,13,11,2021,reads,48155.5,no,0.060221574,Mytilus edulis complex sp. DC-2011,,0.060221574
Saccharina,Pabay_13_11_21_3,Pabay,13_11_2021,13,11,2021,reads,48155.5,no,0.693586402,Monostilifera sp.,,0.693586402
Saccharina,Pabay_13_11_21_3,Pabay,13_11_2021,13,11,2021,reads,48155.5,no,0.070604604,Monostilifera sp..1,,0.070604604
Saccharina,Pabay_13_11_21_3,Pabay,13_11_2021,13,11,2021,reads,48155.5,no,0.032187393,Corvomeyenia everetti,,0.032187393
Saccharina,Pabay_13_11_21_3,Pabay,13_11_2021,13,11,2021,reads,48155.5,no,1.527343709,Monogononta sp. R35_CoastL,,1.527343709
Saccharina,Pabay_13_11_21_3,Pabay,13_11_2021,13,11,2021,reads,48155.5,no,0.059183271,Asplanchna sieboldii.2,,0.059183271
Saccharina,Pabay_13_11_21_3,Pabay,13_11_2021,13,11,2021,reads,48155.5,no,1.152516327,invertebrate environmental sample.2,,1.152516327
Saccharina,Pabay_13_11_21_3,Pabay,13_11_2021,13,11,2021,reads,48155.5,no,0.064374786,invertebrate environmental sample.4,,0.064374786
Saccharina,Pabay_13_11_21_3,Pabay,13_11_2021,13,11,2021,reads,48155.5,no,0.025957575,invertebrate environmental sample.14,,0.025957575
Saccharina,Pabay_13_11_21_3,Pabay,13_11_2021,13,11,2021,reads,48155.5,no,0.012459636,invertebrate environmental sample.20,,0.012459636
Saccharina,Pabay_13_11_21_3,Pabay,13_11_2021,13,11,2021,reads,48155.5,no,0.01038303,invertebrate environmental sample.23,,0.01038303
Saccharina,Pabay_13_11_21_3,Pabay,13_11_2021,13,11,2021,reads,48155.5,no,0.007268121,invertebrate environmental sample.27,,0.007268121
Saccharina,Pabay_13_11_21_3,Pabay,13_11_2021,13,11,2021,reads,48155.5,no,0.025957575,Fujientomon dicestum,,0.025957575
Alaria,Pabay_14_1_22_1,Pabay,14_1_2022,14,1,2022,reads,9660.5,Copepoda,0.031054293,Temora sp.,,0.031054293
Saccharina,Pabay_14_1_22_1,Pabay,14_1_2022,14,1,2022,reads,9660.5,Copepoda,0.031054293,Temora sp.,,0.031054293
Alaria,Pabay_14_1_22_1,Pabay,14_1_2022,14,1,2022,reads,9660.5,Gastropoda,0.025878578,Sconsia sp. MNHN-IM-2013-61442,,0.025878578
Alaria,Pabay_14_1_22_1,Pabay,14_1_2022,14,1,2022,reads,9660.5,Gastropoda,0.015527147,Megalovalvata piligera,,0.015527147
Saccharina,Pabay_14_1_22_1,Pabay,14_1_2022,14,1,2022,reads,9660.5,Gastropoda,0.025878578,Sconsia sp. MNHN-IM-2013-61442,,0.025878578
Saccharina,Pabay_14_1_22_1,Pabay,14_1_2022,14,1,2022,reads,9660.5,Gastropoda,0.015527147,Megalovalvata piligera,,0.015527147
Alaria,Pabay_14_1_22_1,Pabay,14_1_2022,14,1,2022,reads,9660.5,Hydrozoa,0.652140158,Clytia sp. 2 AFC-2016,,0.652140158
Alaria,Pabay_14_1_22_1,Pabay,14_1_2022,14,1,2022,reads,9660.5,Hydrozoa,0.072460018,Maresearsia praeclara,,0.072460018
Alaria,Pabay_14_1_22_1,Pabay,14_1_2022,14,1,2022,reads,9660.5,Hydrozoa,0.041405724,Aglaophenia tubulifera,,0.041405724
Alaria,Pabay_14_1_22_1,Pabay,14_1_2022,14,1,2022,reads,9660.5,Hydrozoa,0.051757155,Clytia sp. 2 AFC-2016.2,,0.051757155
Saccharina,Pabay_14_1_22_1,Pabay,14_1_2022,14,1,2022,reads,9660.5,Hydrozoa,0.652140158,Clytia sp. 2 AFC-2016,,0.652140158
Saccharina,Pabay_14_1_22_1,Pabay,14_1_2022,14,1,2022,reads,9660.5,Hydrozoa,0.072460018,Maresearsia praeclara,,0.072460018
Saccharina,Pabay_14_1_22_1,Pabay,14_1_2022,14,1,2022,reads,9660.5,Hydrozoa,0.041405724,Aglaophenia tubulifera,,0.041405724
Saccharina,Pabay_14_1_22_1,Pabay,14_1_2022,14,1,2022,reads,9660.5,Hydrozoa,0.051757155,Clytia sp. 2 AFC-2016.2,,0.051757155
Alaria,Pabay_14_1_22_1,Pabay,14_1_2022,14,1,2022,reads,9660.5,no,0.04658144,Minutocellus polymorphus.3,,0.04658144
Alaria,Pabay_14_1_22_1,Pabay,14_1_2022,14,1,2022,reads,9660.5,no,0.015527147,Lithodesmium undulatum.1,,0.015527147
Alaria,Pabay_14_1_22_1,Pabay,14_1_2022,14,1,2022,reads,9660.5,no,0.005175716,Gomphonema parvulum,,0.005175716
Alaria,Pabay_14_1_22_1,Pabay,14_1_2022,14,1,2022,reads,9660.5,no,0.087987164,Skeletonema menzelii,,0.087987164
Alaria,Pabay_14_1_22_1,Pabay,14_1_2022,14,1,2022,reads,9660.5,no,0.005175716,Pedospumella sinomuralis.3,,0.005175716
Alaria,Pabay_14_1_22_1,Pabay,14_1_2022,14,1,2022,reads,9660.5,no,0.072460018,Thalassiosira rotula,,0.072460018
Alaria,Pabay_14_1_22_1,Pabay,14_1_2022,14,1,2022,reads,9660.5,no,0.09316288,Thalassiosira rotula.3,,0.09316288
Alaria,Pabay_14_1_22_1,Pabay,14_1_2022,14,1,2022,reads,9660.5,no,0.062108587,Thalassiosira rotula.4,,0.062108587
Alaria,Pabay_14_1_22_1,Pabay,14_1_2022,14,1,2022,reads,9660.5,no,0.005175716,Thalassiosira rotula.11,,0.005175716
Alaria,Pabay_14_1_22_1,Pabay,14_1_2022,14,1,2022,reads,9660.5,no,0.103514311,Thalassionema nitzschioides,,0.103514311
Alaria,Pabay_14_1_22_1,Pabay,14_1_2022,14,1,2022,reads,9660.5,no,0.062108587,Cassiopea xamachana,,0.062108587
Saccharina,Pabay_14_1_22_1,Pabay,14_1_2022,14,1,2022,reads,9660.5,no,0.04658144,Minutocellus polymorphus.3,,0.04658144
Saccharina,Pabay_14_1_22_1,Pabay,14_1_2022,14,1,2022,reads,9660.5,no,0.015527147,Lithodesmium undulatum.1,,0.015527147
Saccharina,Pabay_14_1_22_1,Pabay,14_1_2022,14,1,2022,reads,9660.5,no,0.005175716,Gomphonema parvulum,,0.005175716
Saccharina,Pabay_14_1_22_1,Pabay,14_1_2022,14,1,2022,reads,9660.5,no,0.087987164,Skeletonema menzelii,,0.087987164
Saccharina,Pabay_14_1_22_1,Pabay,14_1_2022,14,1,2022,reads,9660.5,no,0.005175716,Pedospumella sinomuralis.3,,0.005175716
Saccharina,Pabay_14_1_22_1,Pabay,14_1_2022,14,1,2022,reads,9660.5,no,0.072460018,Thalassiosira rotula,,0.072460018
Saccharina,Pabay_14_1_22_1,Pabay,14_1_2022,14,1,2022,reads,9660.5,no,0.09316288,Thalassiosira rotula.3,,0.09316288
Saccharina,Pabay_14_1_22_1,Pabay,14_1_2022,14,1,2022,reads,9660.5,no,0.062108587,Thalassiosira rotula.4,,0.062108587
Saccharina,Pabay_14_1_22_1,Pabay,14_1_2022,14,1,2022,reads,9660.5,no,0.005175716,Thalassiosira rotula.11,,0.005175716
Saccharina,Pabay_14_1_22_1,Pabay,14_1_2022,14,1,2022,reads,9660.5,no,0.103514311,Thalassionema nitzschioides,,0.103514311
Saccharina,Pabay_14_1_22_1,Pabay,14_1_2022,14,1,2022,reads,9660.5,no,0.062108587,Cassiopea xamachana,,0.062108587
Alaria,Pabay_14_1_22_1,Pabay,14_1_2022,14,1,2022,reads,9660.5,Polychaeta,0.056932871,Travisia pupa,,0.056932871
Saccharina,Pabay_14_1_22_1,Pabay,14_1_2022,14,1,2022,reads,9660.5,Polychaeta,0.056932871,Travisia pupa,,0.056932871
Alaria,Pabay_14_1_22_2,Pabay ,14_1_2022,14,1,2022,reads,9564.5,Copepoda,0.381619531,Temora sp.,,0.381619531
Saccharina,Pabay_14_1_22_2,Pabay ,14_1_2022,14,1,2022,reads,9564.5,Copepoda,0.381619531,Temora sp.,,0.381619531
Alaria,Pabay_14_1_22_2,Pabay ,14_1_2022,14,1,2022,reads,9564.5,Hydrozoa,3.779601652,Clytia sp. 2 AFC-2016,,3.779601652
Alaria,Pabay_14_1_22_2,Pabay ,14_1_2022,14,1,2022,reads,9564.5,Hydrozoa,0.151602279,Maresearsia praeclara,,0.151602279
Alaria,Pabay_14_1_22_2,Pabay ,14_1_2022,14,1,2022,reads,9564.5,Hydrozoa,1.076898949,Aglaophenia tubulifera,,1.076898949
Alaria,Pabay_14_1_22_2,Pabay ,14_1_2022,14,1,2022,reads,9564.5,Hydrozoa,0.073187307,Obelia bidentata,,0.073187307
Alaria,Pabay_14_1_22_2,Pabay ,14_1_2022,14,1,2022,reads,9564.5,Hydrozoa,0.041821318,Clytia sp. 2 AFC-2016.2,,0.041821318
Alaria,Pabay_14_1_22_2,Pabay ,14_1_2022,14,1,2022,reads,9564.5,Hydrozoa,0.01045533,Clytia sp. 2 AFC-2016.6,,0.01045533
Saccharina,Pabay_14_1_22_2,Pabay ,14_1_2022,14,1,2022,reads,9564.5,Hydrozoa,3.779601652,Clytia sp. 2 AFC-2016,,3.779601652
Saccharina,Pabay_14_1_22_2,Pabay ,14_1_2022,14,1,2022,reads,9564.5,Hydrozoa,0.151602279,Maresearsia praeclara,,0.151602279
Saccharina,Pabay_14_1_22_2,Pabay ,14_1_2022,14,1,2022,reads,9564.5,Hydrozoa,1.076898949,Aglaophenia tubulifera,,1.076898949
Saccharina,Pabay_14_1_22_2,Pabay ,14_1_2022,14,1,2022,reads,9564.5,Hydrozoa,0.073187307,Obelia bidentata,,0.073187307
Saccharina,Pabay_14_1_22_2,Pabay ,14_1_2022,14,1,2022,reads,9564.5,Hydrozoa,0.041821318,Clytia sp. 2 AFC-2016.2,,0.041821318
Saccharina,Pabay_14_1_22_2,Pabay ,14_1_2022,14,1,2022,reads,9564.5,Hydrozoa,0.01045533,Clytia sp. 2 AFC-2016.6,,0.01045533
Alaria,Pabay_14_1_22_2,Pabay ,14_1_2022,14,1,2022,reads,9564.5,no,0.020910659,Emiliania huxleyi,,0.020910659
Alaria,Pabay_14_1_22_2,Pabay ,14_1_2022,14,1,2022,reads,9564.5,no,0.585498458,Skeletonema menzelii,,0.585498458
Alaria,Pabay_14_1_22_2,Pabay ,14_1_2022,14,1,2022,reads,9564.5,no,0.020910659,Skeletonema menzelii.5,,0.020910659
Alaria,Pabay_14_1_22_2,Pabay ,14_1_2022,14,1,2022,reads,9564.5,no,0.167285274,Thalassionema nitzschioides.1,,0.167285274
Alaria,Pabay_14_1_22_2,Pabay ,14_1_2022,14,1,2022,reads,9564.5,no,0.156829944,Dimeregramma acutum.2,,0.156829944
Alaria,Pabay_14_1_22_2,Pabay ,14_1_2022,14,1,2022,reads,9564.5,no,0.099325631,Chaetonotus cf. oculiefer MK-2019,,0.099325631
Alaria,Pabay_14_1_22_2,Pabay ,14_1_2022,14,1,2022,reads,9564.5,no,0.031365989,Monostilifera sp.,,0.031365989
Alaria,Pabay_14_1_22_2,Pabay ,14_1_2022,14,1,2022,reads,9564.5,no,0.14114695,Asplanchna sieboldii,,0.14114695
Alaria,Pabay_14_1_22_2,Pabay ,14_1_2022,14,1,2022,reads,9564.5,no,0.078414972,invertebrate environmental sample.19,,0.078414972
Saccharina,Pabay_14_1_22_2,Pabay ,14_1_2022,14,1,2022,reads,9564.5,no,0.020910659,Emiliania huxleyi,,0.020910659
Saccharina,Pabay_14_1_22_2,Pabay ,14_1_2022,14,1,2022,reads,9564.5,no,0.585498458,Skeletonema menzelii,,0.585498458
Saccharina,Pabay_14_1_22_2,Pabay ,14_1_2022,14,1,2022,reads,9564.5,no,0.020910659,Skeletonema menzelii.5,,0.020910659
Saccharina,Pabay_14_1_22_2,Pabay ,14_1_2022,14,1,2022,reads,9564.5,no,0.167285274,Thalassionema nitzschioides.1,,0.167285274
Saccharina,Pabay_14_1_22_2,Pabay ,14_1_2022,14,1,2022,reads,9564.5,no,0.156829944,Dimeregramma acutum.2,,0.156829944
Saccharina,Pabay_14_1_22_2,Pabay ,14_1_2022,14,1,2022,reads,9564.5,no,0.099325631,Chaetonotus cf. oculiefer MK-2019,,0.099325631
Saccharina,Pabay_14_1_22_2,Pabay ,14_1_2022,14,1,2022,reads,9564.5,no,0.031365989,Monostilifera sp.,,0.031365989
Saccharina,Pabay_14_1_22_2,Pabay ,14_1_2022,14,1,2022,reads,9564.5,no,0.14114695,Asplanchna sieboldii,,0.14114695
Saccharina,Pabay_14_1_22_2,Pabay ,14_1_2022,14,1,2022,reads,9564.5,no,0.078414972,invertebrate environmental sample.19,,0.078414972
Alaria,Pabay_14_1_22_3,Pabay,14_1_2022,14,1,2022,reads,9612.5,Copepoda,0.205461638,Temora sp.,,0.205461638
Saccharina,Pabay_14_1_22_3,Pabay,14_1_2022,14,1,2022,reads,9612.5,Copepoda,0.205461638,Temora sp.,,0.205461638
Alaria,Pabay_14_1_22_3,Pabay,14_1_2022,14,1,2022,reads,9612.5,Gastropoda,0.013003901,Sconsia sp. MNHN-IM-2013-61442,,0.013003901
Alaria,Pabay_14_1_22_3,Pabay,14_1_2022,14,1,2022,reads,9612.5,Gastropoda,0.015604681,Megalovalvata piligera,,0.015604681
Saccharina,Pabay_14_1_22_3,Pabay,14_1_2022,14,1,2022,reads,9612.5,Gastropoda,0.013003901,Sconsia sp. MNHN-IM-2013-61442,,0.013003901
Saccharina,Pabay_14_1_22_3,Pabay,14_1_2022,14,1,2022,reads,9612.5,Gastropoda,0.015604681,Megalovalvata piligera,,0.015604681
Alaria,Pabay_14_1_22_3,Pabay,14_1_2022,14,1,2022,reads,9612.5,Hydrozoa,2.161248375,Clytia sp. 2 AFC-2016,,2.161248375
Alaria,Pabay_14_1_22_3,Pabay,14_1_2022,14,1,2022,reads,9612.5,Hydrozoa,0.11183355,Maresearsia praeclara,,0.11183355
Alaria,Pabay_14_1_22_3,Pabay,14_1_2022,14,1,2022,reads,9612.5,Hydrozoa,0.535760728,Aglaophenia tubulifera,,0.535760728
Alaria,Pabay_14_1_22_3,Pabay,14_1_2022,14,1,2022,reads,9612.5,Hydrozoa,0.036410923,Obelia bidentata,,0.036410923
Alaria,Pabay_14_1_22_3,Pabay,14_1_2022,14,1,2022,reads,9612.5,Hydrozoa,0.046814044,Clytia sp. 2 AFC-2016.2,,0.046814044
Alaria,Pabay_14_1_22_3,Pabay,14_1_2022,14,1,2022,reads,9612.5,Hydrozoa,0.00520156,Clytia sp. 2 AFC-2016.6,,0.00520156
Saccharina,Pabay_14_1_22_3,Pabay,14_1_2022,14,1,2022,reads,9612.5,Hydrozoa,2.161248375,Clytia sp. 2 AFC-2016,,2.161248375
Saccharina,Pabay_14_1_22_3,Pabay,14_1_2022,14,1,2022,reads,9612.5,Hydrozoa,0.11183355,Maresearsia praeclara,,0.11183355
Saccharina,Pabay_14_1_22_3,Pabay,14_1_2022,14,1,2022,reads,9612.5,Hydrozoa,0.535760728,Aglaophenia tubulifera,,0.535760728
Saccharina,Pabay_14_1_22_3,Pabay,14_1_2022,14,1,2022,reads,9612.5,Hydrozoa,0.036410923,Obelia bidentata,,0.036410923
Saccharina,Pabay_14_1_22_3,Pabay,14_1_2022,14,1,2022,reads,9612.5,Hydrozoa,0.046814044,Clytia sp. 2 AFC-2016.2,,0.046814044
Saccharina,Pabay_14_1_22_3,Pabay,14_1_2022,14,1,2022,reads,9612.5,Hydrozoa,0.00520156,Clytia sp. 2 AFC-2016.6,,0.00520156
Alaria,Pabay_14_1_22_3,Pabay,14_1_2022,14,1,2022,reads,9612.5,no,0.023407022,Minutocellus polymorphus.3,,0.023407022
Alaria,Pabay_14_1_22_3,Pabay,14_1_2022,14,1,2022,reads,9612.5,no,0.007802341,Lithodesmium undulatum.1,,0.007802341
Alaria,Pabay_14_1_22_3,Pabay,14_1_2022,14,1,2022,reads,9612.5,no,0.00520156,Gomphonema parvulum,,0.00520156
Alaria,Pabay_14_1_22_3,Pabay,14_1_2022,14,1,2022,reads,9612.5,no,0.062418726,Emiliania huxleyi,,0.062418726
Alaria,Pabay_14_1_22_3,Pabay,14_1_2022,14,1,2022,reads,9612.5,no,0.33550065,Skeletonema menzelii,,0.33550065
Alaria,Pabay_14_1_22_3,Pabay,14_1_2022,14,1,2022,reads,9612.5,no,0.036410923,Thalassiosira rotula,,0.036410923
Alaria,Pabay_14_1_22_3,Pabay,14_1_2022,14,1,2022,reads,9612.5,no,0.046814044,Thalassiosira rotula.3,,0.046814044
Alaria,Pabay_14_1_22_3,Pabay,14_1_2022,14,1,2022,reads,9612.5,no,0.031209363,Thalassiosira rotula.4,,0.031209363
Alaria,Pabay_14_1_22_3,Pabay,14_1_2022,14,1,2022,reads,9612.5,no,0.010403121,Skeletonema menzelii.5,,0.010403121
Alaria,Pabay_14_1_22_3,Pabay,14_1_2022,14,1,2022,reads,9612.5,no,0.00260078,Thalassiosira rotula.11,,0.00260078
Alaria,Pabay_14_1_22_3,Pabay,14_1_2022,14,1,2022,reads,9612.5,no,0.083224967,Thalassionema nitzschioides.1,,0.083224967
Alaria,Pabay_14_1_22_3,Pabay,14_1_2022,14,1,2022,reads,9612.5,no,0.078023407,Dimeregramma acutum.2,,0.078023407
Alaria,Pabay_14_1_22_3,Pabay,14_1_2022,14,1,2022,reads,9612.5,no,0.031209363,Cassiopea xamachana,,0.031209363
Alaria,Pabay_14_1_22_3,Pabay,14_1_2022,14,1,2022,reads,9612.5,no,0.049414824,Chaetonotus cf. oculiefer MK-2019,,0.049414824
Alaria,Pabay_14_1_22_3,Pabay,14_1_2022,14,1,2022,reads,9612.5,no,0.015604681,Monostilifera sp.,,0.015604681
Alaria,Pabay_14_1_22_3,Pabay,14_1_2022,14,1,2022,reads,9612.5,no,0.070221066,Asplanchna sieboldii,,0.070221066
Alaria,Pabay_14_1_22_3,Pabay,14_1_2022,14,1,2022,reads,9612.5,no,0.039011704,invertebrate environmental sample.19,,0.039011704
Saccharina,Pabay_14_1_22_3,Pabay,14_1_2022,14,1,2022,reads,9612.5,no,0.023407022,Minutocellus polymorphus.3,,0.023407022
Saccharina,Pabay_14_1_22_3,Pabay,14_1_2022,14,1,2022,reads,9612.5,no,0.007802341,Lithodesmium undulatum.1,,0.007802341
Saccharina,Pabay_14_1_22_3,Pabay,14_1_2022,14,1,2022,reads,9612.5,no,0.00520156,Gomphonema parvulum,,0.00520156
Saccharina,Pabay_14_1_22_3,Pabay,14_1_2022,14,1,2022,reads,9612.5,no,0.062418726,Emiliania huxleyi,,0.062418726
Saccharina,Pabay_14_1_22_3,Pabay,14_1_2022,14,1,2022,reads,9612.5,no,0.33550065,Skeletonema menzelii,,0.33550065
Saccharina,Pabay_14_1_22_3,Pabay,14_1_2022,14,1,2022,reads,9612.5,no,0.036410923,Thalassiosira rotula,,0.036410923
Saccharina,Pabay_14_1_22_3,Pabay,14_1_2022,14,1,2022,reads,9612.5,no,0.046814044,Thalassiosira rotula.3,,0.046814044
Saccharina,Pabay_14_1_22_3,Pabay,14_1_2022,14,1,2022,reads,9612.5,no,0.031209363,Thalassiosira rotula.4,,0.031209363
Saccharina,Pabay_14_1_22_3,Pabay,14_1_2022,14,1,2022,reads,9612.5,no,0.010403121,Skeletonema menzelii.5,,0.010403121
Saccharina,Pabay_14_1_22_3,Pabay,14_1_2022,14,1,2022,reads,9612.5,no,0.00260078,Thalassiosira rotula.11,,0.00260078
Saccharina,Pabay_14_1_22_3,Pabay,14_1_2022,14,1,2022,reads,9612.5,no,0.083224967,Thalassionema nitzschioides.1,,0.083224967
Saccharina,Pabay_14_1_22_3,Pabay,14_1_2022,14,1,2022,reads,9612.5,no,0.078023407,Dimeregramma acutum.2,,0.078023407
Saccharina,Pabay_14_1_22_3,Pabay,14_1_2022,14,1,2022,reads,9612.5,no,0.031209363,Cassiopea xamachana,,0.031209363
Saccharina,Pabay_14_1_22_3,Pabay,14_1_2022,14,1,2022,reads,9612.5,no,0.049414824,Chaetonotus cf. oculiefer MK-2019,,0.049414824
Saccharina,Pabay_14_1_22_3,Pabay,14_1_2022,14,1,2022,reads,9612.5,no,0.015604681,Monostilifera sp.,,0.015604681
Saccharina,Pabay_14_1_22_3,Pabay,14_1_2022,14,1,2022,reads,9612.5,no,0.070221066,Asplanchna sieboldii,,0.070221066
Saccharina,Pabay_14_1_22_3,Pabay,14_1_2022,14,1,2022,reads,9612.5,no,0.039011704,invertebrate environmental sample.19,,0.039011704
Alaria,Pabay_14_1_22_3,Pabay,14_1_2022,14,1,2022,reads,9612.5,Polychaeta,0.028608583,Travisia pupa,,0.028608583
Saccharina,Pabay_14_1_22_3,Pabay,14_1_2022,14,1,2022,reads,9612.5,Polychaeta,0.028608583,Travisia pupa,,0.028608583
Alaria,Pabay_15_6_21_1,Pabay,15_6_2021,15,6,2021,reads,34636,no,0.031758864,Emiliania huxleyi,,0.031758864
Saccharina,Pabay_15_6_21_1,Pabay,15_6_2021,15,6,2021,reads,34636,no,0.031758864,Emiliania huxleyi,,0.031758864
Alaria,Pabay_15_6_21_2,Pabay,15_6_2021,15,6,2021,reads,41126.5,Hydrozoa,0.05349349,Obelia sp. 3 SL-2013,,0.05349349
Saccharina,Pabay_15_6_21_2,Pabay,15_6_2021,15,6,2021,reads,41126.5,Hydrozoa,0.05349349,Obelia sp. 3 SL-2013,,0.05349349
Alaria,Pabay_15_6_21_2,Pabay,15_6_2021,15,6,2021,reads,41126.5,no,6.873913413,Emiliania huxleyi,,6.873913413
Alaria,Pabay_15_6_21_2,Pabay,15_6_2021,15,6,2021,reads,41126.5,no,1.39083073,Emiliania huxleyi.1,,1.39083073
Alaria,Pabay_15_6_21_2,Pabay,15_6_2021,15,6,2021,reads,41126.5,no,0.207895153,Chaetoceros tenuissimus,,0.207895153
Alaria,Pabay_15_6_21_2,Pabay,15_6_2021,15,6,2021,reads,41126.5,no,0.223700047,Guinardia delicatula,,0.223700047
Alaria,Pabay_15_6_21_2,Pabay,15_6_2021,15,6,2021,reads,41126.5,no,0.195737541,Guinardia delicatula.1,,0.195737541
Alaria,Pabay_15_6_21_2,Pabay,15_6_2021,15,6,2021,reads,41126.5,no,0.025530984,Guinardia striata,,0.025530984
Alaria,Pabay_15_6_21_2,Pabay,15_6_2021,15,6,2021,reads,41126.5,no,0.131302202,Amphiura filiformis,,0.131302202
Alaria,Pabay_15_6_21_2,Pabay,15_6_2021,15,6,2021,reads,41126.5,no,0.052277728,Platyias quadricornis,,0.052277728
Saccharina,Pabay_15_6_21_2,Pabay,15_6_2021,15,6,2021,reads,41126.5,no,6.873913413,Emiliania huxleyi,,6.873913413
Saccharina,Pabay_15_6_21_2,Pabay,15_6_2021,15,6,2021,reads,41126.5,no,1.39083073,Emiliania huxleyi.1,,1.39083073
Saccharina,Pabay_15_6_21_2,Pabay,15_6_2021,15,6,2021,reads,41126.5,no,0.207895153,Chaetoceros tenuissimus,,0.207895153
Saccharina,Pabay_15_6_21_2,Pabay,15_6_2021,15,6,2021,reads,41126.5,no,0.223700047,Guinardia delicatula,,0.223700047
Saccharina,Pabay_15_6_21_2,Pabay,15_6_2021,15,6,2021,reads,41126.5,no,0.195737541,Guinardia delicatula.1,,0.195737541
Saccharina,Pabay_15_6_21_2,Pabay,15_6_2021,15,6,2021,reads,41126.5,no,0.025530984,Guinardia striata,,0.025530984
Saccharina,Pabay_15_6_21_2,Pabay,15_6_2021,15,6,2021,reads,41126.5,no,0.131302202,Amphiura filiformis,,0.131302202
Saccharina,Pabay_15_6_21_2,Pabay,15_6_2021,15,6,2021,reads,41126.5,no,0.052277728,Platyias quadricornis,,0.052277728
Alaria,Pabay_15_7_22_1,Pabay,15_7_2022,15,7,2022,reads,36823.5,Hydrozoa,0.006789143,Clytia sp. 2 AFC-2016,,0.006789143
Alaria,Pabay_15_7_22_1,Pabay,15_7_2022,15,7,2022,reads,36823.5,Hydrozoa,0.473882168,Garveia annulata,,0.473882168
Saccharina,Pabay_15_7_22_1,Pabay,15_7_2022,15,7,2022,reads,36823.5,Hydrozoa,0.006789143,Clytia sp. 2 AFC-2016,,0.006789143
Saccharina,Pabay_15_7_22_1,Pabay,15_7_2022,15,7,2022,reads,36823.5,Hydrozoa,0.473882168,Garveia annulata,,0.473882168
Alaria,Pabay_15_7_22_1,Pabay,15_7_2022,15,7,2022,reads,36823.5,no,0.021725257,Skeletonema menzelii,,0.021725257
Alaria,Pabay_15_7_22_1,Pabay,15_7_2022,15,7,2022,reads,36823.5,no,0.002715657,Paraphysomonas sp.,,0.002715657
Alaria,Pabay_15_7_22_1,Pabay,15_7_2022,15,7,2022,reads,36823.5,no,0.032587885,Pinnularia sp. 9 CS-2011,,0.032587885
Alaria,Pabay_15_7_22_1,Pabay,15_7_2022,15,7,2022,reads,36823.5,no,0.176517713,Minutocellus polymorphus.7,,0.176517713
Alaria,Pabay_15_7_22_1,Pabay,15_7_2022,15,7,2022,reads,36823.5,no,0.134425027,Ditylum brightwellii.3,,0.134425027
Alaria,Pabay_15_7_22_1,Pabay,15_7_2022,15,7,2022,reads,36823.5,no,0.108626285,Minutocellus polymorphus.9,,0.108626285
Alaria,Pabay_15_7_22_1,Pabay,15_7_2022,15,7,2022,reads,36823.5,no,0.032587885,Minutocellus polymorphus.20,,0.032587885
Alaria,Pabay_15_7_22_1,Pabay,15_7_2022,15,7,2022,reads,36823.5,no,0.010862628,Hyleoglomeris sp..1,,0.010862628
Alaria,Pabay_15_7_22_1,Pabay,15_7_2022,15,7,2022,reads,36823.5,no,0.885304221,Monostilifera sp..1,,0.885304221
Alaria,Pabay_15_7_22_1,Pabay,15_7_2022,15,7,2022,reads,36823.5,no,0.111341942,Monostilifera sp..2,,0.111341942
Alaria,Pabay_15_7_22_1,Pabay,15_7_2022,15,7,2022,reads,36823.5,no,0.033945714,Euchlanis dilatata.2,,0.033945714
Alaria,Pabay_15_7_22_1,Pabay,15_7_2022,15,7,2022,reads,36823.5,no,0.044808342,invertebrate environmental sample,,0.044808342
Alaria,Pabay_15_7_22_1,Pabay,15_7_2022,15,7,2022,reads,36823.5,no,0.259345255,invertebrate environmental sample.1,,0.259345255
Saccharina,Pabay_15_7_22_1,Pabay,15_7_2022,15,7,2022,reads,36823.5,no,0.021725257,Skeletonema menzelii,,0.021725257
Saccharina,Pabay_15_7_22_1,Pabay,15_7_2022,15,7,2022,reads,36823.5,no,0.002715657,Paraphysomonas sp.,,0.002715657
Saccharina,Pabay_15_7_22_1,Pabay,15_7_2022,15,7,2022,reads,36823.5,no,0.032587885,Pinnularia sp. 9 CS-2011,,0.032587885
Saccharina,Pabay_15_7_22_1,Pabay,15_7_2022,15,7,2022,reads,36823.5,no,0.176517713,Minutocellus polymorphus.7,,0.176517713
Saccharina,Pabay_15_7_22_1,Pabay,15_7_2022,15,7,2022,reads,36823.5,no,0.134425027,Ditylum brightwellii.3,,0.134425027
Saccharina,Pabay_15_7_22_1,Pabay,15_7_2022,15,7,2022,reads,36823.5,no,0.108626285,Minutocellus polymorphus.9,,0.108626285
Saccharina,Pabay_15_7_22_1,Pabay,15_7_2022,15,7,2022,reads,36823.5,no,0.032587885,Minutocellus polymorphus.20,,0.032587885
Saccharina,Pabay_15_7_22_1,Pabay,15_7_2022,15,7,2022,reads,36823.5,no,0.010862628,Hyleoglomeris sp..1,,0.010862628
Saccharina,Pabay_15_7_22_1,Pabay,15_7_2022,15,7,2022,reads,36823.5,no,0.885304221,Monostilifera sp..1,,0.885304221
Saccharina,Pabay_15_7_22_1,Pabay,15_7_2022,15,7,2022,reads,36823.5,no,0.111341942,Monostilifera sp..2,,0.111341942
Saccharina,Pabay_15_7_22_1,Pabay,15_7_2022,15,7,2022,reads,36823.5,no,0.033945714,Euchlanis dilatata.2,,0.033945714
Saccharina,Pabay_15_7_22_1,Pabay,15_7_2022,15,7,2022,reads,36823.5,no,0.044808342,invertebrate environmental sample,,0.044808342
Saccharina,Pabay_15_7_22_1,Pabay,15_7_2022,15,7,2022,reads,36823.5,no,0.259345255,invertebrate environmental sample.1,,0.259345255
Alaria,Pabay_15_7_22_2,Pabay,15_7_2022,15,7,2022,reads,15381.5,Branchiopoda,20.09882001,Evadne sp..1,,20.09882001
Saccharina,Pabay_15_7_22_2,Pabay,15_7_2022,15,7,2022,reads,15381.5,Branchiopoda,20.09882001,Evadne sp..1,,20.09882001
Alaria,Pabay_15_7_22_2,Pabay,15_7_2022,15,7,2022,reads,15381.5,Copepoda,21.91268732,Paracalanus parvus,,21.91268732
Alaria,Pabay_15_7_22_2,Pabay,15_7_2022,15,7,2022,reads,15381.5,Copepoda,0.162532913,Paracalanus parvus.1,,0.162532913
Alaria,Pabay_15_7_22_2,Pabay,15_7_2022,15,7,2022,reads,15381.5,Copepoda,0.065013165,Paracalanus parvus.2,,0.065013165
Alaria,Pabay_15_7_22_2,Pabay,15_7_2022,15,7,2022,reads,15381.5,Copepoda,0.061762507,Paracalanus parvus.3,,0.061762507
Alaria,Pabay_15_7_22_2,Pabay,15_7_2022,15,7,2022,reads,15381.5,Copepoda,0.052010532,Paracalanus parvus.4,,0.052010532
Alaria,Pabay_15_7_22_2,Pabay,15_7_2022,15,7,2022,reads,15381.5,Copepoda,0.048759874,Paracalanus parvus.5,,0.048759874
Alaria,Pabay_15_7_22_2,Pabay,15_7_2022,15,7,2022,reads,15381.5,Copepoda,0.039007899,Paracalanus parvus.6,,0.039007899
Alaria,Pabay_15_7_22_2,Pabay,15_7_2022,15,7,2022,reads,15381.5,Copepoda,0.032506583,Paracalanus parvus.7,,0.032506583
Saccharina,Pabay_15_7_22_2,Pabay,15_7_2022,15,7,2022,reads,15381.5,Copepoda,21.91268732,Paracalanus parvus,,21.91268732
Saccharina,Pabay_15_7_22_2,Pabay,15_7_2022,15,7,2022,reads,15381.5,Copepoda,0.162532913,Paracalanus parvus.1,,0.162532913
Saccharina,Pabay_15_7_22_2,Pabay,15_7_2022,15,7,2022,reads,15381.5,Copepoda,0.065013165,Paracalanus parvus.2,,0.065013165
Saccharina,Pabay_15_7_22_2,Pabay,15_7_2022,15,7,2022,reads,15381.5,Copepoda,0.061762507,Paracalanus parvus.3,,0.061762507
Saccharina,Pabay_15_7_22_2,Pabay,15_7_2022,15,7,2022,reads,15381.5,Copepoda,0.052010532,Paracalanus parvus.4,,0.052010532
Saccharina,Pabay_15_7_22_2,Pabay,15_7_2022,15,7,2022,reads,15381.5,Copepoda,0.048759874,Paracalanus parvus.5,,0.048759874
Saccharina,Pabay_15_7_22_2,Pabay,15_7_2022,15,7,2022,reads,15381.5,Copepoda,0.039007899,Paracalanus parvus.6,,0.039007899
Saccharina,Pabay_15_7_22_2,Pabay,15_7_2022,15,7,2022,reads,15381.5,Copepoda,0.032506583,Paracalanus parvus.7,,0.032506583
Alaria,Pabay_15_7_22_2,Pabay,15_7_2022,15,7,2022,reads,15381.5,Gastropoda,0.068263823,Antarctoneptunea aurora,,0.068263823
Saccharina,Pabay_15_7_22_2,Pabay,15_7_2022,15,7,2022,reads,15381.5,Gastropoda,0.068263823,Antarctoneptunea aurora,,0.068263823
Alaria,Pabay_15_7_22_2,Pabay,15_7_2022,15,7,2022,reads,15381.5,Hydrozoa,0.081266456,Garveia annulata.1,,0.081266456
Alaria,Pabay_15_7_22_2,Pabay,15_7_2022,15,7,2022,reads,15381.5,Hydrozoa,0.221044762,Siphonophorae sp. NHM_339,,0.221044762
Alaria,Pabay_15_7_22_2,Pabay,15_7_2022,15,7,2022,reads,15381.5,Hydrozoa,0.185287521,Mitrocomella brownei,,0.185287521
Saccharina,Pabay_15_7_22_2,Pabay,15_7_2022,15,7,2022,reads,15381.5,Hydrozoa,0.081266456,Garveia annulata.1,,0.081266456
Saccharina,Pabay_15_7_22_2,Pabay,15_7_2022,15,7,2022,reads,15381.5,Hydrozoa,0.221044762,Siphonophorae sp. NHM_339,,0.221044762
Saccharina,Pabay_15_7_22_2,Pabay,15_7_2022,15,7,2022,reads,15381.5,Hydrozoa,0.185287521,Mitrocomella brownei,,0.185287521
Alaria,Pabay_15_7_22_2,Pabay,15_7_2022,15,7,2022,reads,15381.5,no,0.490849397,Chrysochromulina tobinii,,0.490849397
Alaria,Pabay_15_7_22_2,Pabay,15_7_2022,15,7,2022,reads,15381.5,no,0.05526119,Chrysochromulina sp. NIES-1333,,0.05526119
Alaria,Pabay_15_7_22_2,Pabay,15_7_2022,15,7,2022,reads,15381.5,no,0.029255924,Phaeocystis globosa.1,,0.029255924
Alaria,Pabay_15_7_22_2,Pabay,15_7_2022,15,7,2022,reads,15381.5,no,0.100770406,Octactis speculum,,0.100770406
Alaria,Pabay_15_7_22_2,Pabay,15_7_2022,15,7,2022,reads,15381.5,no,0.052010532,Octactis speculum.1,,0.052010532
Alaria,Pabay_15_7_22_2,Pabay,15_7_2022,15,7,2022,reads,15381.5,no,0.240548711,Ministeria vibrans,,0.240548711
Alaria,Pabay_15_7_22_2,Pabay,15_7_2022,15,7,2022,reads,15381.5,no,0.139778305,Guinardia delicatula.2,,0.139778305
Alaria,Pabay_15_7_22_2,Pabay,15_7_2022,15,7,2022,reads,15381.5,no,0.315313851,Minutocellus polymorphus.9,,0.315313851
Alaria,Pabay_15_7_22_2,Pabay,15_7_2022,15,7,2022,reads,15381.5,no,0.029255924,Cassiopea xamachana,,0.029255924
Alaria,Pabay_15_7_22_2,Pabay,15_7_2022,15,7,2022,reads,15381.5,no,0.045509216,Cassiopea sp. PGNIMCP.1,,0.045509216
Alaria,Pabay_15_7_22_2,Pabay,15_7_2022,15,7,2022,reads,15381.5,no,0.315313851,Thoosa mismalolli,,0.315313851
Alaria,Pabay_15_7_22_2,Pabay,15_7_2022,15,7,2022,reads,15381.5,no,0.217794103,Monogononta sp. R35_CoastL,,0.217794103
Alaria,Pabay_15_7_22_2,Pabay,15_7_2022,15,7,2022,reads,15381.5,no,1.943893638,invertebrate environmental sample,,1.943893638
Alaria,Pabay_15_7_22_2,Pabay,15_7_2022,15,7,2022,reads,15381.5,no,0.185287521,invertebrate environmental sample.6,,0.185287521
Saccharina,Pabay_15_7_22_2,Pabay,15_7_2022,15,7,2022,reads,15381.5,no,0.490849397,Chrysochromulina tobinii,,0.490849397
Saccharina,Pabay_15_7_22_2,Pabay,15_7_2022,15,7,2022,reads,15381.5,no,0.05526119,Chrysochromulina sp. NIES-1333,,0.05526119
Saccharina,Pabay_15_7_22_2,Pabay,15_7_2022,15,7,2022,reads,15381.5,no,0.029255924,Phaeocystis globosa.1,,0.029255924
Saccharina,Pabay_15_7_22_2,Pabay,15_7_2022,15,7,2022,reads,15381.5,no,0.100770406,Octactis speculum,,0.100770406
Saccharina,Pabay_15_7_22_2,Pabay,15_7_2022,15,7,2022,reads,15381.5,no,0.052010532,Octactis speculum.1,,0.052010532
Saccharina,Pabay_15_7_22_2,Pabay,15_7_2022,15,7,2022,reads,15381.5,no,0.240548711,Ministeria vibrans,,0.240548711
Saccharina,Pabay_15_7_22_2,Pabay,15_7_2022,15,7,2022,reads,15381.5,no,0.139778305,Guinardia delicatula.2,,0.139778305
Saccharina,Pabay_15_7_22_2,Pabay,15_7_2022,15,7,2022,reads,15381.5,no,0.315313851,Minutocellus polymorphus.9,,0.315313851
Saccharina,Pabay_15_7_22_2,Pabay,15_7_2022,15,7,2022,reads,15381.5,no,0.029255924,Cassiopea xamachana,,0.029255924
Saccharina,Pabay_15_7_22_2,Pabay,15_7_2022,15,7,2022,reads,15381.5,no,0.045509216,Cassiopea sp. PGNIMCP.1,,0.045509216
Saccharina,Pabay_15_7_22_2,Pabay,15_7_2022,15,7,2022,reads,15381.5,no,0.315313851,Thoosa mismalolli,,0.315313851
Saccharina,Pabay_15_7_22_2,Pabay,15_7_2022,15,7,2022,reads,15381.5,no,0.217794103,Monogononta sp. R35_CoastL,,0.217794103
Saccharina,Pabay_15_7_22_2,Pabay,15_7_2022,15,7,2022,reads,15381.5,no,1.943893638,invertebrate environmental sample,,1.943893638
Saccharina,Pabay_15_7_22_2,Pabay,15_7_2022,15,7,2022,reads,15381.5,no,0.185287521,invertebrate environmental sample.6,,0.185287521
Alaria,Pabay_15_7_22_2,Pabay,15_7_2022,15,7,2022,reads,15381.5,Polychaeta,5.474108507,Prionospio fallax,,5.474108507
Saccharina,Pabay_15_7_22_2,Pabay,15_7_2022,15,7,2022,reads,15381.5,Polychaeta,5.474108507,Prionospio fallax,,5.474108507
Alaria,Pabay_15_7_22_3,Pabay,15_7_2022,15,7,2022,reads,31703.5,Gastropoda,0.097781002,Siphonaria pectinata,,0.097781002
Alaria,Pabay_15_7_22_3,Pabay,15_7_2022,15,7,2022,reads,31703.5,Gastropoda,0.006308452,Bulinus nasutus,,0.006308452
Saccharina,Pabay_15_7_22_3,Pabay,15_7_2022,15,7,2022,reads,31703.5,Gastropoda,0.097781002,Siphonaria pectinata,,0.097781002
Saccharina,Pabay_15_7_22_3,Pabay,15_7_2022,15,7,2022,reads,31703.5,Gastropoda,0.006308452,Bulinus nasutus,,0.006308452
Alaria,Pabay_15_7_22_3,Pabay,15_7_2022,15,7,2022,reads,31703.5,no,0.014194016,Skeletonema menzelii,,0.014194016
Alaria,Pabay_15_7_22_3,Pabay,15_7_2022,15,7,2022,reads,31703.5,no,0.588263126,Minutocellus polymorphus.7,,0.588263126
Alaria,Pabay_15_7_22_3,Pabay,15_7_2022,15,7,2022,reads,31703.5,no,0.249183844,Ditylum brightwellii.3,,0.249183844
Alaria,Pabay_15_7_22_3,Pabay,15_7_2022,15,7,2022,reads,31703.5,no,0.047313388,Minutocellus polymorphus.9,,0.047313388
Alaria,Pabay_15_7_22_3,Pabay,15_7_2022,15,7,2022,reads,31703.5,no,0.234989828,Cernosvitoviella minor,,0.234989828
Alaria,Pabay_15_7_22_3,Pabay,15_7_2022,15,7,2022,reads,31703.5,no,0.006308452,Edwardsia timida,,0.006308452
Alaria,Pabay_15_7_22_3,Pabay,15_7_2022,15,7,2022,reads,31703.5,no,0.189253552,Monostilifera sp..2,,0.189253552
Alaria,Pabay_15_7_22_3,Pabay,15_7_2022,15,7,2022,reads,31703.5,no,0.321731039,Polyarthra major,,0.321731039
Alaria,Pabay_15_7_22_3,Pabay,15_7_2022,15,7,2022,reads,31703.5,no,0.119860583,Euchlanis dilatata.1,,0.119860583
Alaria,Pabay_15_7_22_3,Pabay,15_7_2022,15,7,2022,reads,31703.5,no,0.34381062,invertebrate environmental sample,,0.34381062
Alaria,Pabay_15_7_22_3,Pabay,15_7_2022,15,7,2022,reads,31703.5,no,1.146561105,invertebrate environmental sample.1,,1.146561105
Alaria,Pabay_15_7_22_3,Pabay,15_7_2022,15,7,2022,reads,31703.5,no,0.011039791,invertebrate environmental sample.28,,0.011039791
Saccharina,Pabay_15_7_22_3,Pabay,15_7_2022,15,7,2022,reads,31703.5,no,0.014194016,Skeletonema menzelii,,0.014194016
Saccharina,Pabay_15_7_22_3,Pabay,15_7_2022,15,7,2022,reads,31703.5,no,0.588263126,Minutocellus polymorphus.7,,0.588263126
Saccharina,Pabay_15_7_22_3,Pabay,15_7_2022,15,7,2022,reads,31703.5,no,0.249183844,Ditylum brightwellii.3,,0.249183844
Saccharina,Pabay_15_7_22_3,Pabay,15_7_2022,15,7,2022,reads,31703.5,no,0.047313388,Minutocellus polymorphus.9,,0.047313388
Saccharina,Pabay_15_7_22_3,Pabay,15_7_2022,15,7,2022,reads,31703.5,no,0.234989828,Cernosvitoviella minor,,0.234989828
Saccharina,Pabay_15_7_22_3,Pabay,15_7_2022,15,7,2022,reads,31703.5,no,0.006308452,Edwardsia timida,,0.006308452
Saccharina,Pabay_15_7_22_3,Pabay,15_7_2022,15,7,2022,reads,31703.5,no,0.189253552,Monostilifera sp..2,,0.189253552
Saccharina,Pabay_15_7_22_3,Pabay,15_7_2022,15,7,2022,reads,31703.5,no,0.321731039,Polyarthra major,,0.321731039
Saccharina,Pabay_15_7_22_3,Pabay,15_7_2022,15,7,2022,reads,31703.5,no,0.119860583,Euchlanis dilatata.1,,0.119860583
Saccharina,Pabay_15_7_22_3,Pabay,15_7_2022,15,7,2022,reads,31703.5,no,0.34381062,invertebrate environmental sample,,0.34381062
Saccharina,Pabay_15_7_22_3,Pabay,15_7_2022,15,7,2022,reads,31703.5,no,1.146561105,invertebrate environmental sample.1,,1.146561105
Saccharina,Pabay_15_7_22_3,Pabay,15_7_2022,15,7,2022,reads,31703.5,no,0.011039791,invertebrate environmental sample.28,,0.011039791
Alaria,Pabay_16_9_21_1,Pabay,16_9_2021,16,9,2021,reads,16711.5,no,0.020943662,Emiliania huxleyi,,0.020943662
Alaria,Pabay_16_9_21_1,Pabay,16_9_2021,16,9,2021,reads,16711.5,no,0.463752506,Skeletonema menzelii,,0.463752506
Alaria,Pabay_16_9_21_1,Pabay,16_9_2021,16,9,2021,reads,16711.5,no,0.038895371,Cyclotella cryptica,,0.038895371
Alaria,Pabay_16_9_21_1,Pabay,16_9_2021,16,9,2021,reads,16711.5,no,0.338090536,Minutocellus polymorphus.7,,0.338090536
Alaria,Pabay_16_9_21_1,Pabay,16_9_2021,16,9,2021,reads,16711.5,no,0.284235407,Minutocellus polymorphus.10,,0.284235407
Saccharina,Pabay_16_9_21_1,Pabay,16_9_2021,16,9,2021,reads,16711.5,no,0.020943662,Emiliania huxleyi,,0.020943662
Saccharina,Pabay_16_9_21_1,Pabay,16_9_2021,16,9,2021,reads,16711.5,no,0.463752506,Skeletonema menzelii,,0.463752506
Saccharina,Pabay_16_9_21_1,Pabay,16_9_2021,16,9,2021,reads,16711.5,no,0.038895371,Cyclotella cryptica,,0.038895371
Saccharina,Pabay_16_9_21_1,Pabay,16_9_2021,16,9,2021,reads,16711.5,no,0.338090536,Minutocellus polymorphus.7,,0.338090536
Saccharina,Pabay_16_9_21_1,Pabay,16_9_2021,16,9,2021,reads,16711.5,no,0.284235407,Minutocellus polymorphus.10,,0.284235407
Alaria,Pabay_16_9_21_2,Pabay,16_9_2021,16,9,2021,reads,12941.5,Copepoda,0.115906193,Paracalanus parvus,,0.115906193
Saccharina,Pabay_16_9_21_2,Pabay,16_9_2021,16,9,2021,reads,12941.5,Copepoda,0.115906193,Paracalanus parvus,,0.115906193
Alaria,Pabay_16_9_21_2,Pabay,16_9_2021,16,9,2021,reads,12941.5,Gastropoda,0.583394506,Steromphala cineraria,,0.583394506
Saccharina,Pabay_16_9_21_2,Pabay,16_9_2021,16,9,2021,reads,12941.5,Gastropoda,0.583394506,Steromphala cineraria,,0.583394506
Alaria,Pabay_16_9_21_2,Pabay,16_9_2021,16,9,2021,reads,12941.5,no,0.011590619,Skeletonema menzelii,,0.011590619
Alaria,Pabay_16_9_21_2,Pabay,16_9_2021,16,9,2021,reads,12941.5,no,0.011590619,Microchloropsis salina,,0.011590619
Alaria,Pabay_16_9_21_2,Pabay,16_9_2021,16,9,2021,reads,12941.5,no,0.030908318,Minutocellus polymorphus.7,,0.030908318
Alaria,Pabay_16_9_21_2,Pabay,16_9_2021,16,9,2021,reads,12941.5,no,3.593091991,Monostilifera sp.,,3.593091991
Saccharina,Pabay_16_9_21_2,Pabay,16_9_2021,16,9,2021,reads,12941.5,no,0.011590619,Skeletonema menzelii,,0.011590619
Saccharina,Pabay_16_9_21_2,Pabay,16_9_2021,16,9,2021,reads,12941.5,no,0.011590619,Microchloropsis salina,,0.011590619
Saccharina,Pabay_16_9_21_2,Pabay,16_9_2021,16,9,2021,reads,12941.5,no,0.030908318,Minutocellus polymorphus.7,,0.030908318
Saccharina,Pabay_16_9_21_2,Pabay,16_9_2021,16,9,2021,reads,12941.5,no,3.593091991,Monostilifera sp.,,3.593091991
Alaria,Pabay_16_9_21_3,Pabay,16_9_2021,16,9,2021,reads,6499,no,0.038467457,Skeletonema menzelii,,0.038467457
Alaria,Pabay_16_9_21_3,Pabay,16_9_2021,16,9,2021,reads,6499,no,0.100015387,Minutocellus polymorphus.7,,0.100015387
Alaria,Pabay_16_9_21_3,Pabay,16_9_2021,16,9,2021,reads,6499,no,0.084628404,Minutocellus polymorphus.10,,0.084628404
Alaria,Pabay_16_9_21_3,Pabay,16_9_2021,16,9,2021,reads,6499,no,10.40160025,Nesometra sp. i GP-2023,,10.40160025
Saccharina,Pabay_16_9_21_3,Pabay,16_9_2021,16,9,2021,reads,6499,no,0.038467457,Skeletonema menzelii,,0.038467457
Saccharina,Pabay_16_9_21_3,Pabay,16_9_2021,16,9,2021,reads,6499,no,0.100015387,Minutocellus polymorphus.7,,0.100015387
Saccharina,Pabay_16_9_21_3,Pabay,16_9_2021,16,9,2021,reads,6499,no,0.084628404,Minutocellus polymorphus.10,,0.084628404
Saccharina,Pabay_16_9_21_3,Pabay,16_9_2021,16,9,2021,reads,6499,no,10.40160025,Nesometra sp. i GP-2023,,10.40160025
Alaria,Pabay_21_12_21_1,Pabay,21_12_2021,21,12,2021,reads,598.5,no,0.501253133,Thalassionema nitzschioides,,0.501253133
Saccharina,Pabay_21_12_21_1,Pabay,21_12_2021,21,12,2021,reads,598.5,no,0.501253133,Thalassionema nitzschioides,,0.501253133
Alaria,Pabay_21_12_21_2,Pabay,21_12_2021,21,12,2021,reads,624,Hydrozoa,0.480769231,Aglaophenia tubulifera,,0.480769231
Saccharina,Pabay_21_12_21_2,Pabay,21_12_2021,21,12,2021,reads,624,Hydrozoa,0.480769231,Aglaophenia tubulifera,,0.480769231
Alaria,Pabay_21_12_21_2,Pabay,21_12_2021,21,12,2021,reads,624,no,0.961538462,Skeletonema menzelii,,0.961538462
Alaria,Pabay_21_12_21_2,Pabay,21_12_2021,21,12,2021,reads,624,no,3.365384615,Thalassionema nitzschioides,,3.365384615
Saccharina,Pabay_21_12_21_2,Pabay,21_12_2021,21,12,2021,reads,624,no,0.961538462,Skeletonema menzelii,,0.961538462
Saccharina,Pabay_21_12_21_2,Pabay,21_12_2021,21,12,2021,reads,624,no,3.365384615,Thalassionema nitzschioides,,3.365384615
Alaria,Pabay_21_12_21_3,Pabay,21_12_2021,21,12,2021,reads,7662.5,Gastropoda,0.019575856,Ercolania sp. KH-2011.1,,0.019575856
Saccharina,Pabay_21_12_21_3,Pabay,21_12_2021,21,12,2021,reads,7662.5,Gastropoda,0.019575856,Ercolania sp. KH-2011.1,,0.019575856
Alaria,Pabay_21_12_21_3,Pabay,21_12_2021,21,12,2021,reads,7662.5,no,0.045676998,Minutocellus polymorphus.5,,0.045676998
Alaria,Pabay_21_12_21_3,Pabay,21_12_2021,21,12,2021,reads,7662.5,no,0.019575856,Pseudochattonella farcimen.1,,0.019575856
Saccharina,Pabay_21_12_21_3,Pabay,21_12_2021,21,12,2021,reads,7662.5,no,0.045676998,Minutocellus polymorphus.5,,0.045676998
Saccharina,Pabay_21_12_21_3,Pabay,21_12_2021,21,12,2021,reads,7662.5,no,0.019575856,Pseudochattonella farcimen.1,,0.019575856
Alaria,Pabay_21_3_22_1,Pabay,21_3_2022,21,3,2022,reads,1093,Hydrozoa,0.091491308,Botrynema brucei,,0.091491308
Saccharina,Pabay_21_3_22_1,Pabay,21_3_2022,21,3,2022,reads,1093,Hydrozoa,0.091491308,Botrynema brucei,,0.091491308
Alaria,Pabay_21_3_22_1,Pabay,21_3_2022,21,3,2022,reads,1093,no,3.934126258,Skeletonema marinoi,,3.934126258
Alaria,Pabay_21_3_22_1,Pabay,21_3_2022,21,3,2022,reads,1093,no,0.594693504,Skeletonema menzelii.3,,0.594693504
Alaria,Pabay_21_3_22_1,Pabay,21_3_2022,21,3,2022,reads,1093,no,0.960658737,Lithodesmium undulatum.3,,0.960658737
Alaria,Pabay_21_3_22_1,Pabay,21_3_2022,21,3,2022,reads,1093,no,0.54894785,Urodasys sp. 114a.6,,0.54894785
Alaria,Pabay_21_3_22_1,Pabay,21_3_2022,21,3,2022,reads,1093,no,0.457456542,Urodasys sp. 114a.7,,0.457456542
Alaria,Pabay_21_3_22_1,Pabay,21_3_2022,21,3,2022,reads,1093,no,20.31107045,invertebrate environmental sample,,20.31107045
Saccharina,Pabay_21_3_22_1,Pabay,21_3_2022,21,3,2022,reads,1093,no,3.934126258,Skeletonema marinoi,,3.934126258
Saccharina,Pabay_21_3_22_1,Pabay,21_3_2022,21,3,2022,reads,1093,no,0.594693504,Skeletonema menzelii.3,,0.594693504
Saccharina,Pabay_21_3_22_1,Pabay,21_3_2022,21,3,2022,reads,1093,no,0.960658737,Lithodesmium undulatum.3,,0.960658737
Saccharina,Pabay_21_3_22_1,Pabay,21_3_2022,21,3,2022,reads,1093,no,0.54894785,Urodasys sp. 114a.6,,0.54894785
Saccharina,Pabay_21_3_22_1,Pabay,21_3_2022,21,3,2022,reads,1093,no,0.457456542,Urodasys sp. 114a.7,,0.457456542
Saccharina,Pabay_21_3_22_1,Pabay,21_3_2022,21,3,2022,reads,1093,no,20.31107045,invertebrate environmental sample,,20.31107045
Alaria,Pabay_21_3_22_2,Pabay,21_3_2022,21,3,2022,reads,2658,Copepoda,2.445447705,Temora sp.,,2.445447705
Saccharina,Pabay_21_3_22_2,Pabay,21_3_2022,21,3,2022,reads,2658,Copepoda,2.445447705,Temora sp.,,2.445447705
Alaria,Pabay_21_3_22_2,Pabay,21_3_2022,21,3,2022,reads,2658,Hydrozoa,2.878103837,Clytia sp. 2 AFC-2016,,2.878103837
Alaria,Pabay_21_3_22_2,Pabay,21_3_2022,21,3,2022,reads,2658,Hydrozoa,0.808878856,Maresearsia praeclara,,0.808878856
Saccharina,Pabay_21_3_22_2,Pabay,21_3_2022,21,3,2022,reads,2658,Hydrozoa,2.878103837,Clytia sp. 2 AFC-2016,,2.878103837
Saccharina,Pabay_21_3_22_2,Pabay,21_3_2022,21,3,2022,reads,2658,Hydrozoa,0.808878856,Maresearsia praeclara,,0.808878856
Alaria,Pabay_21_3_22_2,Pabay,21_3_2022,21,3,2022,reads,2658,no,2.91572611,Lithodesmium undulatum.3,,2.91572611
Alaria,Pabay_21_3_22_2,Pabay,21_3_2022,21,3,2022,reads,2658,no,1.918735892,Urodasys sp. 114a.6,,1.918735892
Saccharina,Pabay_21_3_22_2,Pabay,21_3_2022,21,3,2022,reads,2658,no,2.91572611,Lithodesmium undulatum.3,,2.91572611
Saccharina,Pabay_21_3_22_2,Pabay,21_3_2022,21,3,2022,reads,2658,no,1.918735892,Urodasys sp. 114a.6,,1.918735892
Alaria,Pabay_21_3_22_3,Pabay,21_3_2022,21,3,2022,reads,2908.5,Hydrozoa,4.813477738,Maresearsia praeclara,,4.813477738
Saccharina,Pabay_21_3_22_3,Pabay,21_3_2022,21,3,2022,reads,2908.5,Hydrozoa,4.813477738,Maresearsia praeclara,,4.813477738
Alaria,Pabay_21_3_22_3,Pabay,21_3_2022,21,3,2022,reads,2908.5,no,0.53292075,Skeletonema marinoi,,0.53292075
Alaria,Pabay_21_3_22_3,Pabay,21_3_2022,21,3,2022,reads,2908.5,no,0.154718927,Skeletonema menzelii.3,,0.154718927
Alaria,Pabay_21_3_22_3,Pabay,21_3_2022,21,3,2022,reads,2908.5,no,0.257864879,Thalassionema nitzschioides,,0.257864879
Alaria,Pabay_21_3_22_3,Pabay,21_3_2022,21,3,2022,reads,2908.5,no,0.240673887,Ditylum brightwellii.4,,0.240673887
Alaria,Pabay_21_3_22_3,Pabay,21_3_2022,21,3,2022,reads,2908.5,no,0.309437855,Cassiopea xamachana,,0.309437855
Alaria,Pabay_21_3_22_3,Pabay,21_3_2022,21,3,2022,reads,2908.5,no,0.395392814,Urodasys sp. 114a.1,,0.395392814
Alaria,Pabay_21_3_22_3,Pabay,21_3_2022,21,3,2022,reads,2908.5,no,0.80797662,Urodasys sp. 114a.6,,0.80797662
Alaria,Pabay_21_3_22_3,Pabay,21_3_2022,21,3,2022,reads,2908.5,no,0.464156782,Urodasys sp. 114a.11,,0.464156782
Alaria,Pabay_21_3_22_3,Pabay,21_3_2022,21,3,2022,reads,2908.5,no,0.36101083,Urodasys sp. 114a.12,,0.36101083
Alaria,Pabay_21_3_22_3,Pabay,21_3_2022,21,3,2022,reads,2908.5,no,0.292246863,Urodasys sp. 114a.14,,0.292246863
Alaria,Pabay_21_3_22_3,Pabay,21_3_2022,21,3,2022,reads,2908.5,no,0.068763968,Urodasys sp. 114a.25,,0.068763968
Alaria,Pabay_21_3_22_3,Pabay,21_3_2022,21,3,2022,reads,2908.5,no,0.051572976,Monostilifera sp..6,,0.051572976
Alaria,Pabay_21_3_22_3,Pabay,21_3_2022,21,3,2022,reads,2908.5,no,25.04727523,invertebrate environmental sample,,25.04727523
Saccharina,Pabay_21_3_22_3,Pabay,21_3_2022,21,3,2022,reads,2908.5,no,0.53292075,Skeletonema marinoi,,0.53292075
Saccharina,Pabay_21_3_22_3,Pabay,21_3_2022,21,3,2022,reads,2908.5,no,0.154718927,Skeletonema menzelii.3,,0.154718927
Saccharina,Pabay_21_3_22_3,Pabay,21_3_2022,21,3,2022,reads,2908.5,no,0.257864879,Thalassionema nitzschioides,,0.257864879
Saccharina,Pabay_21_3_22_3,Pabay,21_3_2022,21,3,2022,reads,2908.5,no,0.240673887,Ditylum brightwellii.4,,0.240673887
Saccharina,Pabay_21_3_22_3,Pabay,21_3_2022,21,3,2022,reads,2908.5,no,0.309437855,Cassiopea xamachana,,0.309437855
Saccharina,Pabay_21_3_22_3,Pabay,21_3_2022,21,3,2022,reads,2908.5,no,0.395392814,Urodasys sp. 114a.1,,0.395392814
Saccharina,Pabay_21_3_22_3,Pabay,21_3_2022,21,3,2022,reads,2908.5,no,0.80797662,Urodasys sp. 114a.6,,0.80797662
Saccharina,Pabay_21_3_22_3,Pabay,21_3_2022,21,3,2022,reads,2908.5,no,0.464156782,Urodasys sp. 114a.11,,0.464156782
Saccharina,Pabay_21_3_22_3,Pabay,21_3_2022,21,3,2022,reads,2908.5,no,0.36101083,Urodasys sp. 114a.12,,0.36101083
Saccharina,Pabay_21_3_22_3,Pabay,21_3_2022,21,3,2022,reads,2908.5,no,0.292246863,Urodasys sp. 114a.14,,0.292246863
Saccharina,Pabay_21_3_22_3,Pabay,21_3_2022,21,3,2022,reads,2908.5,no,0.068763968,Urodasys sp. 114a.25,,0.068763968
Saccharina,Pabay_21_3_22_3,Pabay,21_3_2022,21,3,2022,reads,2908.5,no,0.051572976,Monostilifera sp..6,,0.051572976
Saccharina,Pabay_21_3_22_3,Pabay,21_3_2022,21,3,2022,reads,2908.5,no,25.04727523,invertebrate environmental sample,,25.04727523
Alaria,Pabay_22_5_22_1,Pabay,22_5_2022,22,5,2022,reads,5717,no,0.026237537,Thalassiosira rotula.8,,0.026237537
Alaria,Pabay_22_5_22_1,Pabay,22_5_2022,22,5,2022,reads,5717,no,0.008745846,Thalassiosira rotula.10,,0.008745846
Alaria,Pabay_22_5_22_1,Pabay,22_5_2022,22,5,2022,reads,5717,no,2.273919888,invertebrate environmental sample,,2.273919888
Saccharina,Pabay_22_5_22_1,Pabay,22_5_2022,22,5,2022,reads,5717,no,0.026237537,Thalassiosira rotula.8,,0.026237537
Saccharina,Pabay_22_5_22_1,Pabay,22_5_2022,22,5,2022,reads,5717,no,0.008745846,Thalassiosira rotula.10,,0.008745846
Saccharina,Pabay_22_5_22_1,Pabay,22_5_2022,22,5,2022,reads,5717,no,2.273919888,invertebrate environmental sample,,2.273919888
Alaria,Pabay_22_5_22_2,Pabay,22_5_2022,22,5,2022,reads,46114.5,Bivalvia,0.043370307,Kurtiella bidentata,,0.043370307
Saccharina,Pabay_22_5_22_2,Pabay,22_5_2022,22,5,2022,reads,46114.5,Bivalvia,0.043370307,Kurtiella bidentata,,0.043370307
Alaria,Pabay_22_5_22_2,Pabay,22_5_2022,22,5,2022,reads,46114.5,Copepoda,0.206008956,Pseudocalanus elongatus,,0.206008956
Alaria,Pabay_22_5_22_2,Pabay,22_5_2022,22,5,2022,reads,46114.5,Copepoda,0.103004478,Temora sp..1,,0.103004478
Saccharina,Pabay_22_5_22_2,Pabay,22_5_2022,22,5,2022,reads,46114.5,Copepoda,0.206008956,Pseudocalanus elongatus,,0.206008956
Saccharina,Pabay_22_5_22_2,Pabay,22_5_2022,22,5,2022,reads,46114.5,Copepoda,0.103004478,Temora sp..1,,0.103004478
Alaria,Pabay_22_5_22_2,Pabay,22_5_2022,22,5,2022,reads,46114.5,Gastropoda,0.053128625,Assiminea grayana,,0.053128625
Saccharina,Pabay_22_5_22_2,Pabay,22_5_2022,22,5,2022,reads,46114.5,Gastropoda,0.053128625,Assiminea grayana,,0.053128625
Alaria,Pabay_22_5_22_2,Pabay,22_5_2022,22,5,2022,reads,46114.5,Hydrozoa,0.304676403,Clytia sp. 2 AFC-2016,,0.304676403
Alaria,Pabay_22_5_22_2,Pabay,22_5_2022,22,5,2022,reads,46114.5,Hydrozoa,0.224441336,Apolemia sp.,,0.224441336
Alaria,Pabay_22_5_22_2,Pabay,22_5_2022,22,5,2022,reads,46114.5,Hydrozoa,0.165891422,Obelia dichotoma,,0.165891422
Alaria,Pabay_22_5_22_2,Pabay,22_5_2022,22,5,2022,reads,46114.5,Hydrozoa,0.123605374,Pennaria disticha,,0.123605374
Alaria,Pabay_22_5_22_2,Pabay,22_5_2022,22,5,2022,reads,46114.5,Hydrozoa,0.004337031,Clytia sp. 2 AFC-2016.2,,0.004337031
Alaria,Pabay_22_5_22_2,Pabay,22_5_2022,22,5,2022,reads,46114.5,Hydrozoa,0.026022184,Sarsia tubulosa,,0.026022184
Alaria,Pabay_22_5_22_2,Pabay,22_5_2022,22,5,2022,reads,46114.5,Hydrozoa,0.007589804,Clytia sp. 1 SL-2013.2,,0.007589804
Alaria,Pabay_22_5_22_2,Pabay,22_5_2022,22,5,2022,reads,46114.5,Hydrozoa,0.005421288,Bougainvillia muscus.7,,0.005421288
Alaria,Pabay_22_5_22_2,Pabay,22_5_2022,22,5,2022,reads,46114.5,Hydrozoa,0.005421288,Clytia sp. 1 SL-2013.4,,0.005421288
Saccharina,Pabay_22_5_22_2,Pabay,22_5_2022,22,5,2022,reads,46114.5,Hydrozoa,0.304676403,Clytia sp. 2 AFC-2016,,0.304676403
Saccharina,Pabay_22_5_22_2,Pabay,22_5_2022,22,5,2022,reads,46114.5,Hydrozoa,0.224441336,Apolemia sp.,,0.224441336
Saccharina,Pabay_22_5_22_2,Pabay,22_5_2022,22,5,2022,reads,46114.5,Hydrozoa,0.165891422,Obelia dichotoma,,0.165891422
Saccharina,Pabay_22_5_22_2,Pabay,22_5_2022,22,5,2022,reads,46114.5,Hydrozoa,0.123605374,Pennaria disticha,,0.123605374
Saccharina,Pabay_22_5_22_2,Pabay,22_5_2022,22,5,2022,reads,46114.5,Hydrozoa,0.004337031,Clytia sp. 2 AFC-2016.2,,0.004337031
Saccharina,Pabay_22_5_22_2,Pabay,22_5_2022,22,5,2022,reads,46114.5,Hydrozoa,0.026022184,Sarsia tubulosa,,0.026022184
Saccharina,Pabay_22_5_22_2,Pabay,22_5_2022,22,5,2022,reads,46114.5,Hydrozoa,0.007589804,Clytia sp. 1 SL-2013.2,,0.007589804
Saccharina,Pabay_22_5_22_2,Pabay,22_5_2022,22,5,2022,reads,46114.5,Hydrozoa,0.005421288,Bougainvillia muscus.7,,0.005421288
Saccharina,Pabay_22_5_22_2,Pabay,22_5_2022,22,5,2022,reads,46114.5,Hydrozoa,0.005421288,Clytia sp. 1 SL-2013.4,,0.005421288
Alaria,Pabay_22_5_22_2,Pabay,22_5_2022,22,5,2022,reads,46114.5,Malacostraca,0.172396968,Jassa herdmani.2,,0.172396968
Saccharina,Pabay_22_5_22_2,Pabay,22_5_2022,22,5,2022,reads,46114.5,Malacostraca,0.172396968,Jassa herdmani.2,,0.172396968
Alaria,Pabay_22_5_22_2,Pabay,22_5_2022,22,5,2022,reads,46114.5,no,0.003252773,Hemiaulus sinensis.2,,0.003252773
Alaria,Pabay_22_5_22_2,Pabay,22_5_2022,22,5,2022,reads,46114.5,no,0.053128625,Chrysochromulina tobinii.1,,0.053128625
Alaria,Pabay_22_5_22_2,Pabay,22_5_2022,22,5,2022,reads,46114.5,no,0.011926834,Phaeocystis globosa,,0.011926834
Alaria,Pabay_22_5_22_2,Pabay,22_5_2022,22,5,2022,reads,46114.5,no,0.221188563,Skeletonema menzelii,,0.221188563
Alaria,Pabay_22_5_22_2,Pabay,22_5_2022,22,5,2022,reads,46114.5,no,0.06505546,Pedospumella sinomuralis.1,,0.06505546
Alaria,Pabay_22_5_22_2,Pabay,22_5_2022,22,5,2022,reads,46114.5,no,1.683852151,Chaetoceros tenuissimus,,1.683852151
Alaria,Pabay_22_5_22_2,Pabay,22_5_2022,22,5,2022,reads,46114.5,no,0.190829349,Guinardia delicatula,,0.190829349
Alaria,Pabay_22_5_22_2,Pabay,22_5_2022,22,5,2022,reads,46114.5,no,0.112762797,Guinardia delicatula.1,,0.112762797
Alaria,Pabay_22_5_22_2,Pabay,22_5_2022,22,5,2022,reads,46114.5,no,0.01409535,Aureococcus anophagefferens,,0.01409535
Alaria,Pabay_22_5_22_2,Pabay,22_5_2022,22,5,2022,reads,46114.5,no,0.210345987,Guinardia delicatula.2,,0.210345987
Alaria,Pabay_22_5_22_2,Pabay,22_5_2022,22,5,2022,reads,46114.5,no,0.011926834,Skeletonema marinoi,,0.011926834
Alaria,Pabay_22_5_22_2,Pabay,22_5_2022,22,5,2022,reads,46114.5,no,0.173481226,Chaetoceros socialis,,0.173481226
Alaria,Pabay_22_5_22_2,Pabay,22_5_2022,22,5,2022,reads,46114.5,no,0.168059938,Chaetoceros tenuissimus.1,,0.168059938
Alaria,Pabay_22_5_22_2,Pabay,22_5_2022,22,5,2022,reads,46114.5,no,0.044454564,Guinardia striata,,0.044454564
Alaria,Pabay_22_5_22_2,Pabay,22_5_2022,22,5,2022,reads,46114.5,no,0.119268343,Guinardia striata.1,,0.119268343
Alaria,Pabay_22_5_22_2,Pabay,22_5_2022,22,5,2022,reads,46114.5,no,0.085656355,Guinardia delicatula.4,,0.085656355
Alaria,Pabay_22_5_22_2,Pabay,22_5_2022,22,5,2022,reads,46114.5,no,8.76405469,Thalassionema nitzschioides,,8.76405469
Alaria,Pabay_22_5_22_2,Pabay,22_5_2022,22,5,2022,reads,46114.5,no,0.222272821,Thalassionema nitzschioides.1,,0.222272821
Alaria,Pabay_22_5_22_2,Pabay,22_5_2022,22,5,2022,reads,46114.5,no,0.686335101,Ditylum brightwellii.3,,0.686335101
Alaria,Pabay_22_5_22_2,Pabay,22_5_2022,22,5,2022,reads,46114.5,no,0.10192022,Lithodesmium undulatum.4,,0.10192022
Alaria,Pabay_22_5_22_2,Pabay,22_5_2022,22,5,2022,reads,46114.5,no,0.25046352,Psathyrometra cf. fragilis,,0.25046352
Alaria,Pabay_22_5_22_2,Pabay,22_5_2022,22,5,2022,reads,46114.5,no,0.361057802,Urodasys sp. 114a,,0.361057802
Alaria,Pabay_22_5_22_2,Pabay,22_5_2022,22,5,2022,reads,46114.5,no,0.095414674,Urodasys sp. 114a.3,,0.095414674
Alaria,Pabay_22_5_22_2,Pabay,22_5_2022,22,5,2022,reads,46114.5,no,0.200587668,Urodasys sp. 114a.5,,0.200587668
Alaria,Pabay_22_5_22_2,Pabay,22_5_2022,22,5,2022,reads,46114.5,no,0.200587668,Chromadoridae sp. 09PROBE-01551,,0.200587668
Alaria,Pabay_22_5_22_2,Pabay,22_5_2022,22,5,2022,reads,46114.5,no,0.762233137,Monostilifera sp.,,0.762233137
Alaria,Pabay_22_5_22_2,Pabay,22_5_2022,22,5,2022,reads,46114.5,no,0.701514708,Monostilifera sp..1,,0.701514708
Alaria,Pabay_22_5_22_2,Pabay,22_5_2022,22,5,2022,reads,46114.5,no,0.13444795,Monostilifera sp..2,,0.13444795
Alaria,Pabay_22_5_22_2,Pabay,22_5_2022,22,5,2022,reads,46114.5,no,0.200587668,Monostilifera sp..3,,0.200587668
Alaria,Pabay_22_5_22_2,Pabay,22_5_2022,22,5,2022,reads,46114.5,no,0.313350465,Asplanchna sieboldii.1,,0.313350465
Alaria,Pabay_22_5_22_2,Pabay,22_5_2022,22,5,2022,reads,46114.5,no,0.027106442,Euchlanis dilatata.3,,0.027106442
Alaria,Pabay_22_5_22_2,Pabay,22_5_2022,22,5,2022,reads,46114.5,no,0.092161901,invertebrate environmental sample,,0.092161901
Alaria,Pabay_22_5_22_2,Pabay,22_5_2022,22,5,2022,reads,46114.5,no,0.274317189,invertebrate environmental sample.3,,0.274317189
Alaria,Pabay_22_5_22_2,Pabay,22_5_2022,22,5,2022,reads,46114.5,no,0.031443472,Parasagitta setosa,,0.031443472
Alaria,Pabay_22_5_22_2,Pabay,22_5_2022,22,5,2022,reads,46114.5,no,0.577909334,Chaetognatha environmental sample,,0.577909334
Saccharina,Pabay_22_5_22_2,Pabay,22_5_2022,22,5,2022,reads,46114.5,no,0.003252773,Hemiaulus sinensis.2,,0.003252773
Saccharina,Pabay_22_5_22_2,Pabay,22_5_2022,22,5,2022,reads,46114.5,no,0.053128625,Chrysochromulina tobinii.1,,0.053128625
Saccharina,Pabay_22_5_22_2,Pabay,22_5_2022,22,5,2022,reads,46114.5,no,0.011926834,Phaeocystis globosa,,0.011926834
Saccharina,Pabay_22_5_22_2,Pabay,22_5_2022,22,5,2022,reads,46114.5,no,0.221188563,Skeletonema menzelii,,0.221188563
Saccharina,Pabay_22_5_22_2,Pabay,22_5_2022,22,5,2022,reads,46114.5,no,0.06505546,Pedospumella sinomuralis.1,,0.06505546
Saccharina,Pabay_22_5_22_2,Pabay,22_5_2022,22,5,2022,reads,46114.5,no,1.683852151,Chaetoceros tenuissimus,,1.683852151
Saccharina,Pabay_22_5_22_2,Pabay,22_5_2022,22,5,2022,reads,46114.5,no,0.190829349,Guinardia delicatula,,0.190829349
Saccharina,Pabay_22_5_22_2,Pabay,22_5_2022,22,5,2022,reads,46114.5,no,0.112762797,Guinardia delicatula.1,,0.112762797
Saccharina,Pabay_22_5_22_2,Pabay,22_5_2022,22,5,2022,reads,46114.5,no,0.01409535,Aureococcus anophagefferens,,0.01409535
Saccharina,Pabay_22_5_22_2,Pabay,22_5_2022,22,5,2022,reads,46114.5,no,0.210345987,Guinardia delicatula.2,,0.210345987
Saccharina,Pabay_22_5_22_2,Pabay,22_5_2022,22,5,2022,reads,46114.5,no,0.011926834,Skeletonema marinoi,,0.011926834
Saccharina,Pabay_22_5_22_2,Pabay,22_5_2022,22,5,2022,reads,46114.5,no,0.173481226,Chaetoceros socialis,,0.173481226
Saccharina,Pabay_22_5_22_2,Pabay,22_5_2022,22,5,2022,reads,46114.5,no,0.168059938,Chaetoceros tenuissimus.1,,0.168059938
Saccharina,Pabay_22_5_22_2,Pabay,22_5_2022,22,5,2022,reads,46114.5,no,0.044454564,Guinardia striata,,0.044454564
Saccharina,Pabay_22_5_22_2,Pabay,22_5_2022,22,5,2022,reads,46114.5,no,0.119268343,Guinardia striata.1,,0.119268343
Saccharina,Pabay_22_5_22_2,Pabay,22_5_2022,22,5,2022,reads,46114.5,no,0.085656355,Guinardia delicatula.4,,0.085656355
Saccharina,Pabay_22_5_22_2,Pabay,22_5_2022,22,5,2022,reads,46114.5,no,8.76405469,Thalassionema nitzschioides,,8.76405469
Saccharina,Pabay_22_5_22_2,Pabay,22_5_2022,22,5,2022,reads,46114.5,no,0.222272821,Thalassionema nitzschioides.1,,0.222272821
Saccharina,Pabay_22_5_22_2,Pabay,22_5_2022,22,5,2022,reads,46114.5,no,0.686335101,Ditylum brightwellii.3,,0.686335101
Saccharina,Pabay_22_5_22_2,Pabay,22_5_2022,22,5,2022,reads,46114.5,no,0.10192022,Lithodesmium undulatum.4,,0.10192022
Saccharina,Pabay_22_5_22_2,Pabay,22_5_2022,22,5,2022,reads,46114.5,no,0.25046352,Psathyrometra cf. fragilis,,0.25046352
Saccharina,Pabay_22_5_22_2,Pabay,22_5_2022,22,5,2022,reads,46114.5,no,0.361057802,Urodasys sp. 114a,,0.361057802
Saccharina,Pabay_22_5_22_2,Pabay,22_5_2022,22,5,2022,reads,46114.5,no,0.095414674,Urodasys sp. 114a.3,,0.095414674
Saccharina,Pabay_22_5_22_2,Pabay,22_5_2022,22,5,2022,reads,46114.5,no,0.200587668,Urodasys sp. 114a.5,,0.200587668
Saccharina,Pabay_22_5_22_2,Pabay,22_5_2022,22,5,2022,reads,46114.5,no,0.200587668,Chromadoridae sp. 09PROBE-01551,,0.200587668
Saccharina,Pabay_22_5_22_2,Pabay,22_5_2022,22,5,2022,reads,46114.5,no,0.762233137,Monostilifera sp.,,0.762233137
Saccharina,Pabay_22_5_22_2,Pabay,22_5_2022,22,5,2022,reads,46114.5,no,0.701514708,Monostilifera sp..1,,0.701514708
Saccharina,Pabay_22_5_22_2,Pabay,22_5_2022,22,5,2022,reads,46114.5,no,0.13444795,Monostilifera sp..2,,0.13444795
Saccharina,Pabay_22_5_22_2,Pabay,22_5_2022,22,5,2022,reads,46114.5,no,0.200587668,Monostilifera sp..3,,0.200587668
Saccharina,Pabay_22_5_22_2,Pabay,22_5_2022,22,5,2022,reads,46114.5,no,0.313350465,Asplanchna sieboldii.1,,0.313350465
Saccharina,Pabay_22_5_22_2,Pabay,22_5_2022,22,5,2022,reads,46114.5,no,0.027106442,Euchlanis dilatata.3,,0.027106442
Saccharina,Pabay_22_5_22_2,Pabay,22_5_2022,22,5,2022,reads,46114.5,no,0.092161901,invertebrate environmental sample,,0.092161901
Saccharina,Pabay_22_5_22_2,Pabay,22_5_2022,22,5,2022,reads,46114.5,no,0.274317189,invertebrate environmental sample.3,,0.274317189
Saccharina,Pabay_22_5_22_2,Pabay,22_5_2022,22,5,2022,reads,46114.5,no,0.031443472,Parasagitta setosa,,0.031443472
Saccharina,Pabay_22_5_22_2,Pabay,22_5_2022,22,5,2022,reads,46114.5,no,0.577909334,Chaetognatha environmental sample,,0.577909334
Alaria,Pabay_22_5_22_3,Pabay,22_5_2022,22,5,2022,reads,3883.5,Hydrozoa,0.308999614,Clytia sp. 2 AFC-2016,,0.308999614
Saccharina,Pabay_22_5_22_3,Pabay,22_5_2022,22,5,2022,reads,3883.5,Hydrozoa,0.308999614,Clytia sp. 2 AFC-2016,,0.308999614
Alaria,Pabay_22_5_22_3,Pabay,22_5_2022,22,5,2022,reads,3883.5,no,0.29612463,Chaetoceros tenuissimus.3,,0.29612463
Alaria,Pabay_22_5_22_3,Pabay,22_5_2022,22,5,2022,reads,3883.5,no,0.386249517,Thalassionema nitzschioides,,0.386249517
Alaria,Pabay_22_5_22_3,Pabay,22_5_2022,22,5,2022,reads,3883.5,no,0.141624823,Monostilifera sp.,,0.141624823
Saccharina,Pabay_22_5_22_3,Pabay,22_5_2022,22,5,2022,reads,3883.5,no,0.29612463,Chaetoceros tenuissimus.3,,0.29612463
Saccharina,Pabay_22_5_22_3,Pabay,22_5_2022,22,5,2022,reads,3883.5,no,0.386249517,Thalassionema nitzschioides,,0.386249517
Saccharina,Pabay_22_5_22_3,Pabay,22_5_2022,22,5,2022,reads,3883.5,no,0.141624823,Monostilifera sp.,,0.141624823
Alaria,Pabay_25_2_22_1,Pabay,25_2_2022,25,2,2022,reads,7907,Gastropoda,0.145440749,Ercolania sp. KH-2011,,0.145440749
Saccharina,Pabay_25_2_22_1,Pabay,25_2_2022,25,2,2022,reads,7907,Gastropoda,0.145440749,Ercolania sp. KH-2011,,0.145440749
Alaria,Pabay_25_2_22_1,Pabay,25_2_2022,25,2,2022,reads,7907,Hydrozoa,0.031617554,Maresearsia praeclara,,0.031617554
Saccharina,Pabay_25_2_22_1,Pabay,25_2_2022,25,2,2022,reads,7907,Hydrozoa,0.031617554,Maresearsia praeclara,,0.031617554
Alaria,Pabay_25_2_22_1,Pabay,25_2_2022,25,2,2022,reads,7907,no,6.06424687,Skeletonema menzelii,,6.06424687
Alaria,Pabay_25_2_22_1,Pabay,25_2_2022,25,2,2022,reads,7907,no,0.031617554,Skeletonema potamos,,0.031617554
Alaria,Pabay_25_2_22_1,Pabay,25_2_2022,25,2,2022,reads,7907,no,9.554824839,invertebrate environmental sample,,9.554824839
Saccharina,Pabay_25_2_22_1,Pabay,25_2_2022,25,2,2022,reads,7907,no,6.06424687,Skeletonema menzelii,,6.06424687
Saccharina,Pabay_25_2_22_1,Pabay,25_2_2022,25,2,2022,reads,7907,no,0.031617554,Skeletonema potamos,,0.031617554
Saccharina,Pabay_25_2_22_1,Pabay,25_2_2022,25,2,2022,reads,7907,no,9.554824839,invertebrate environmental sample,,9.554824839
Alaria,Pabay_25_2_22_2,Pabay,25_2_2022,25,2,2022,reads,12847.5,Copepoda,0.416423429,Temora sp.,,0.416423429
Saccharina,Pabay_25_2_22_2,Pabay,25_2_2022,25,2,2022,reads,12847.5,Copepoda,0.416423429,Temora sp.,,0.416423429
Alaria,Pabay_25_2_22_2,Pabay,25_2_2022,25,2,2022,reads,12847.5,Hydrozoa,0.023350846,Siphonophorae sp. NHM_339.2,,0.023350846
Saccharina,Pabay_25_2_22_2,Pabay,25_2_2022,25,2,2022,reads,12847.5,Hydrozoa,0.023350846,Siphonophorae sp. NHM_339.2,,0.023350846
Alaria,Pabay_25_2_22_2,Pabay,25_2_2022,25,2,2022,reads,12847.5,no,0.015567231,Lithodesmium intricatum.2,,0.015567231
Alaria,Pabay_25_2_22_2,Pabay,25_2_2022,25,2,2022,reads,12847.5,no,0.019459039,Emiliania huxleyi,,0.019459039
Alaria,Pabay_25_2_22_2,Pabay,25_2_2022,25,2,2022,reads,12847.5,no,0.179023156,Skeletonema menzelii,,0.179023156
Alaria,Pabay_25_2_22_2,Pabay,25_2_2022,25,2,2022,reads,12847.5,no,0.015567231,Phaeocystis globosa.3,,0.015567231
Alaria,Pabay_25_2_22_2,Pabay,25_2_2022,25,2,2022,reads,12847.5,no,0.058377116,Minutocellus polymorphus.8,,0.058377116
Alaria,Pabay_25_2_22_2,Pabay,25_2_2022,25,2,2022,reads,12847.5,no,0.848414088,Lithodesmium intricatum.3,,0.848414088
Alaria,Pabay_25_2_22_2,Pabay,25_2_2022,25,2,2022,reads,12847.5,no,0.315236427,Lithodesmium intricatum.4,,0.315236427
Saccharina,Pabay_25_2_22_2,Pabay,25_2_2022,25,2,2022,reads,12847.5,no,0.015567231,Lithodesmium intricatum.2,,0.015567231
Saccharina,Pabay_25_2_22_2,Pabay,25_2_2022,25,2,2022,reads,12847.5,no,0.019459039,Emiliania huxleyi,,0.019459039
Saccharina,Pabay_25_2_22_2,Pabay,25_2_2022,25,2,2022,reads,12847.5,no,0.179023156,Skeletonema menzelii,,0.179023156
Saccharina,Pabay_25_2_22_2,Pabay,25_2_2022,25,2,2022,reads,12847.5,no,0.015567231,Phaeocystis globosa.3,,0.015567231
Saccharina,Pabay_25_2_22_2,Pabay,25_2_2022,25,2,2022,reads,12847.5,no,0.058377116,Minutocellus polymorphus.8,,0.058377116
Saccharina,Pabay_25_2_22_2,Pabay,25_2_2022,25,2,2022,reads,12847.5,no,0.848414088,Lithodesmium intricatum.3,,0.848414088
Saccharina,Pabay_25_2_22_2,Pabay,25_2_2022,25,2,2022,reads,12847.5,no,0.315236427,Lithodesmium intricatum.4,,0.315236427
Alaria,Pabay_25_2_22_3,Pabay,25_2_2022,25,2,2022,reads,6863.5,Hydrozoa,0.029139652,Clytia sp. 2 AFC-2016,,0.029139652
Alaria,Pabay_25_2_22_3,Pabay,25_2_2022,25,2,2022,reads,6863.5,Hydrozoa,0.058279304,Maresearsia praeclara,,0.058279304
Saccharina,Pabay_25_2_22_3,Pabay,25_2_2022,25,2,2022,reads,6863.5,Hydrozoa,0.029139652,Clytia sp. 2 AFC-2016,,0.029139652
Saccharina,Pabay_25_2_22_3,Pabay,25_2_2022,25,2,2022,reads,6863.5,Hydrozoa,0.058279304,Maresearsia praeclara,,0.058279304
Alaria,Pabay_25_2_22_3,Pabay,25_2_2022,25,2,2022,reads,6863.5,no,1.005317986,Skeletonema menzelii,,1.005317986
Alaria,Pabay_25_2_22_3,Pabay,25_2_2022,25,2,2022,reads,6863.5,no,0.080134042,Monostilifera sp.,,0.080134042
Alaria,Pabay_25_2_22_3,Pabay,25_2_2022,25,2,2022,reads,6863.5,no,0.036424565,Asplanchna sieboldii.4,,0.036424565
Alaria,Pabay_25_2_22_3,Pabay,25_2_2022,25,2,2022,reads,6863.5,no,0.131128433,invertebrate environmental sample,,0.131128433
Saccharina,Pabay_25_2_22_3,Pabay,25_2_2022,25,2,2022,reads,6863.5,no,1.005317986,Skeletonema menzelii,,1.005317986
Saccharina,Pabay_25_2_22_3,Pabay,25_2_2022,25,2,2022,reads,6863.5,no,0.080134042,Monostilifera sp.,,0.080134042
Saccharina,Pabay_25_2_22_3,Pabay,25_2_2022,25,2,2022,reads,6863.5,no,0.036424565,Asplanchna sieboldii.4,,0.036424565
Saccharina,Pabay_25_2_22_3,Pabay,25_2_2022,25,2,2022,reads,6863.5,no,0.131128433,invertebrate environmental sample,,0.131128433
Alaria,Pabay_29_11_21_1,Pabay,29_11_2021,29,11,2021,reads,10058.75,Bivalvia,0.042251771,Montacutona sigalionidcola,,0.042251771
Saccharina,Pabay_29_11_21_1,Pabay,29_11_2021,29,11,2021,reads,10058.75,Bivalvia,0.042251771,Montacutona sigalionidcola,,0.042251771
Alaria,Pabay_29_11_21_1,Pabay,29_11_2021,29,11,2021,reads,10058.75,Bryozoa,0.201317261,Electra pilosa,,0.201317261
Alaria,Pabay_29_11_21_1,Pabay,29_11_2021,29,11,2021,reads,10058.75,Bryozoa,0.268423015,Electra pilosa.1,,0.268423015
Alaria,Pabay_29_11_21_1,Pabay,29_11_2021,29,11,2021,reads,10058.75,Bryozoa,0.052193364,Electra pilosa.2,,0.052193364
Alaria,Pabay_29_11_21_1,Pabay,29_11_2021,29,11,2021,reads,10058.75,Bryozoa,0.022368585,Electra pilosa.3,,0.022368585
Saccharina,Pabay_29_11_21_1,Pabay,29_11_2021,29,11,2021,reads,10058.75,Bryozoa,0.201317261,Electra pilosa,,0.201317261
Saccharina,Pabay_29_11_21_1,Pabay,29_11_2021,29,11,2021,reads,10058.75,Bryozoa,0.268423015,Electra pilosa.1,,0.268423015
Saccharina,Pabay_29_11_21_1,Pabay,29_11_2021,29,11,2021,reads,10058.75,Bryozoa,0.052193364,Electra pilosa.2,,0.052193364
Saccharina,Pabay_29_11_21_1,Pabay,29_11_2021,29,11,2021,reads,10058.75,Bryozoa,0.022368585,Electra pilosa.3,,0.022368585
Alaria,Pabay_29_11_21_1,Pabay,29_11_2021,29,11,2021,reads,10058.75,Copepoda,0.541816826,Temora sp.,,0.541816826
Alaria,Pabay_29_11_21_1,Pabay,29_11_2021,29,11,2021,reads,10058.75,Copepoda,0.037280974,Centropages hamatus,,0.037280974
Saccharina,Pabay_29_11_21_1,Pabay,29_11_2021,29,11,2021,reads,10058.75,Copepoda,0.541816826,Temora sp.,,0.541816826
Saccharina,Pabay_29_11_21_1,Pabay,29_11_2021,29,11,2021,reads,10058.75,Copepoda,0.037280974,Centropages hamatus,,0.037280974
Alaria,Pabay_29_11_21_1,Pabay,29_11_2021,29,11,2021,reads,10058.75,Gastropoda,0.037280974,Segmentina nitida,,0.037280974
Saccharina,Pabay_29_11_21_1,Pabay,29_11_2021,29,11,2021,reads,10058.75,Gastropoda,0.037280974,Segmentina nitida,,0.037280974
Alaria,Pabay_29_11_21_1,Pabay,29_11_2021,29,11,2021,reads,10058.75,Hydrozoa,0.357897353,Clytia sp. 2 AFC-2016,,0.357897353
Alaria,Pabay_29_11_21_1,Pabay,29_11_2021,29,11,2021,reads,10058.75,Hydrozoa,0.012426991,Maresearsia praeclara,,0.012426991
Alaria,Pabay_29_11_21_1,Pabay,29_11_2021,29,11,2021,reads,10058.75,Hydrozoa,0.193861066,Obelia bidentata,,0.193861066
Alaria,Pabay_29_11_21_1,Pabay,29_11_2021,29,11,2021,reads,10058.75,Hydrozoa,0.121784516,Orthopyxis crenata,,0.121784516
Alaria,Pabay_29_11_21_1,Pabay,29_11_2021,29,11,2021,reads,10058.75,Hydrozoa,0.089474338,Siphonophorae sp. NHM_339.2,,0.089474338
Alaria,Pabay_29_11_21_1,Pabay,29_11_2021,29,11,2021,reads,10058.75,Hydrozoa,0.044737169,Bougainvillia muscus.5,,0.044737169
Alaria,Pabay_29_11_21_1,Pabay,29_11_2021,29,11,2021,reads,10058.75,Hydrozoa,0.044737169,Dynamena pumila,,0.044737169
Alaria,Pabay_29_11_21_1,Pabay,29_11_2021,29,11,2021,reads,10058.75,Hydrozoa,0.007456195,Coryne pintneri.1,,0.007456195
Alaria,Pabay_29_11_21_1,Pabay,29_11_2021,29,11,2021,reads,10058.75,Hydrozoa,0.007456195,Eucheilota maculata,,0.007456195
Alaria,Pabay_29_11_21_1,Pabay,29_11_2021,29,11,2021,reads,10058.75,Hydrozoa,0.004970797,Apolemia sp. 3 CWD-2005,,0.004970797
Saccharina,Pabay_29_11_21_1,Pabay,29_11_2021,29,11,2021,reads,10058.75,Hydrozoa,0.357897353,Clytia sp. 2 AFC-2016,,0.357897353
Saccharina,Pabay_29_11_21_1,Pabay,29_11_2021,29,11,2021,reads,10058.75,Hydrozoa,0.012426991,Maresearsia praeclara,,0.012426991
Saccharina,Pabay_29_11_21_1,Pabay,29_11_2021,29,11,2021,reads,10058.75,Hydrozoa,0.193861066,Obelia bidentata,,0.193861066
Saccharina,Pabay_29_11_21_1,Pabay,29_11_2021,29,11,2021,reads,10058.75,Hydrozoa,0.121784516,Orthopyxis crenata,,0.121784516
Saccharina,Pabay_29_11_21_1,Pabay,29_11_2021,29,11,2021,reads,10058.75,Hydrozoa,0.089474338,Siphonophorae sp. NHM_339.2,,0.089474338
Saccharina,Pabay_29_11_21_1,Pabay,29_11_2021,29,11,2021,reads,10058.75,Hydrozoa,0.044737169,Bougainvillia muscus.5,,0.044737169
Saccharina,Pabay_29_11_21_1,Pabay,29_11_2021,29,11,2021,reads,10058.75,Hydrozoa,0.044737169,Dynamena pumila,,0.044737169
Saccharina,Pabay_29_11_21_1,Pabay,29_11_2021,29,11,2021,reads,10058.75,Hydrozoa,0.007456195,Coryne pintneri.1,,0.007456195
Saccharina,Pabay_29_11_21_1,Pabay,29_11_2021,29,11,2021,reads,10058.75,Hydrozoa,0.007456195,Eucheilota maculata,,0.007456195
Saccharina,Pabay_29_11_21_1,Pabay,29_11_2021,29,11,2021,reads,10058.75,Hydrozoa,0.004970797,Apolemia sp. 3 CWD-2005,,0.004970797
Alaria,Pabay_29_11_21_1,Pabay,29_11_2021,29,11,2021,reads,10058.75,Malacostraca,0.069591152,Pagurus longicarpus,,0.069591152
Saccharina,Pabay_29_11_21_1,Pabay,29_11_2021,29,11,2021,reads,10058.75,Malacostraca,0.069591152,Pagurus longicarpus,,0.069591152
Alaria,Pabay_29_11_21_1,Pabay,29_11_2021,29,11,2021,reads,10058.75,no,0.029824779,Dimeregramma acutum.1,,0.029824779
Alaria,Pabay_29_11_21_1,Pabay,29_11_2021,29,11,2021,reads,10058.75,no,0.019883186,Lithodesmium intricatum,,0.019883186
Alaria,Pabay_29_11_21_1,Pabay,29_11_2021,29,11,2021,reads,10058.75,no,0.134211507,Emiliania huxleyi,,0.134211507
Alaria,Pabay_29_11_21_1,Pabay,29_11_2021,29,11,2021,reads,10058.75,no,5.293898347,Skeletonema menzelii,,5.293898347
Alaria,Pabay_29_11_21_1,Pabay,29_11_2021,29,11,2021,reads,10058.75,no,0.027339381,Pedospumella sinomuralis.1,,0.027339381
Alaria,Pabay_29_11_21_1,Pabay,29_11_2021,29,11,2021,reads,10058.75,no,0.062134957,Pedospumella sp. JBM19,,0.062134957
Alaria,Pabay_29_11_21_1,Pabay,29_11_2021,29,11,2021,reads,10058.75,no,0.019883186,Pedospumella sinomuralis.2,,0.019883186
Alaria,Pabay_29_11_21_1,Pabay,29_11_2021,29,11,2021,reads,10058.75,no,0.07207655,Chaetoceros tenuissimus,,0.07207655
Alaria,Pabay_29_11_21_1,Pabay,29_11_2021,29,11,2021,reads,10058.75,no,0.079532745,Pseudochattonella verruculosa,,0.079532745
Alaria,Pabay_29_11_21_1,Pabay,29_11_2021,29,11,2021,reads,10058.75,no,0.037280974,uncultured dinoflagellate,,0.037280974
Alaria,Pabay_29_11_21_1,Pabay,29_11_2021,29,11,2021,reads,10058.75,no,0.074561949,Ministeria vibrans,,0.074561949
Alaria,Pabay_29_11_21_1,Pabay,29_11_2021,29,11,2021,reads,10058.75,no,0.104386728,Skeletonema potamos,,0.104386728
Alaria,Pabay_29_11_21_1,Pabay,29_11_2021,29,11,2021,reads,10058.75,no,0.390207531,Cyclotella cryptica,,0.390207531
Alaria,Pabay_29_11_21_1,Pabay,29_11_2021,29,11,2021,reads,10058.75,no,0.084503542,Thalassiosira rotula.1,,0.084503542
Alaria,Pabay_29_11_21_1,Pabay,29_11_2021,29,11,2021,reads,10058.75,no,0.074561949,Thalassiosira punctigera.1,,0.074561949
Alaria,Pabay_29_11_21_1,Pabay,29_11_2021,29,11,2021,reads,10058.75,no,0.059649559,Pleurosigma inscriptura.2,,0.059649559
Alaria,Pabay_29_11_21_1,Pabay,29_11_2021,29,11,2021,reads,10058.75,no,0.027339381,Skeletonema subsalsum,,0.027339381
Alaria,Pabay_29_11_21_1,Pabay,29_11_2021,29,11,2021,reads,10058.75,no,0.208773456,Thalassionema nitzschioides,,0.208773456
Alaria,Pabay_29_11_21_1,Pabay,29_11_2021,29,11,2021,reads,10058.75,no,2.430719523,Minutocellus polymorphus.7,,2.430719523
Alaria,Pabay_29_11_21_1,Pabay,29_11_2021,29,11,2021,reads,10058.75,no,0.382751336,Minutocellus polymorphus.8,,0.382751336
Alaria,Pabay_29_11_21_1,Pabay,29_11_2021,29,11,2021,reads,10058.75,no,0.810239841,Minutocellus polymorphus.9,,0.810239841
Alaria,Pabay_29_11_21_1,Pabay,29_11_2021,29,11,2021,reads,10058.75,no,0.221200447,Minutocellus polymorphus.11,,0.221200447
Alaria,Pabay_29_11_21_1,Pabay,29_11_2021,29,11,2021,reads,10058.75,no,0.820181434,Minutocellus polymorphus.12,,0.820181434
Alaria,Pabay_29_11_21_1,Pabay,29_11_2021,29,11,2021,reads,10058.75,no,0.288306201,Minutocellus polymorphus.14,,0.288306201
Alaria,Pabay_29_11_21_1,Pabay,29_11_2021,29,11,2021,reads,10058.75,no,0.415061514,Ditylum brightwellii.4,,0.415061514
Alaria,Pabay_29_11_21_1,Pabay,29_11_2021,29,11,2021,reads,10058.75,no,0.084503542,Dimeregramma acutum.2,,0.084503542
Alaria,Pabay_29_11_21_1,Pabay,29_11_2021,29,11,2021,reads,10058.75,no,0.062134957,Minutocellus polymorphus.21,,0.062134957
Alaria,Pabay_29_11_21_1,Pabay,29_11_2021,29,11,2021,reads,10058.75,no,0.057164161,Hemiaulus sinensis.3,,0.057164161
Alaria,Pabay_29_11_21_1,Pabay,29_11_2021,29,11,2021,reads,10058.75,no,11.53970424,Cassiopea xamachana,,11.53970424
Alaria,Pabay_29_11_21_1,Pabay,29_11_2021,29,11,2021,reads,10058.75,no,0.042251771,Aurelia sp. 11 sensu Dawson et al. (2005),,0.042251771
Alaria,Pabay_29_11_21_1,Pabay,29_11_2021,29,11,2021,reads,10058.75,no,0.047222567,Aurelia aurita,,0.047222567
Alaria,Pabay_29_11_21_1,Pabay,29_11_2021,29,11,2021,reads,10058.75,no,0.017397788,Cassiopea sp. PGNIMCP,,0.017397788
Alaria,Pabay_29_11_21_1,Pabay,29_11_2021,29,11,2021,reads,10058.75,no,0.019883186,Aurelia sp. 11 sensu Dawson et al. (2005).1,,0.019883186
Alaria,Pabay_29_11_21_1,Pabay,29_11_2021,29,11,2021,reads,10058.75,no,0.01491239,Asterias rubens.3,,0.01491239
Alaria,Pabay_29_11_21_1,Pabay,29_11_2021,29,11,2021,reads,10058.75,no,0.049707966,Endoxocrinus parrae,,0.049707966
Alaria,Pabay_29_11_21_1,Pabay,29_11_2021,29,11,2021,reads,10058.75,no,0.032310178,Ophiothrix fragilis,,0.032310178
Alaria,Pabay_29_11_21_1,Pabay,29_11_2021,29,11,2021,reads,10058.75,no,0.71082391,Urodasys sp. 114a.1,,0.71082391
Alaria,Pabay_29_11_21_1,Pabay,29_11_2021,29,11,2021,reads,10058.75,no,0.069591152,Urodasys sp. 114a.2,,0.069591152
Alaria,Pabay_29_11_21_1,Pabay,29_11_2021,29,11,2021,reads,10058.75,no,0.166521685,Urodasys sp. 114a.3,,0.166521685
Alaria,Pabay_29_11_21_1,Pabay,29_11_2021,29,11,2021,reads,10058.75,no,0.151609295,Urodasys sp. 114a.7,,0.151609295
Alaria,Pabay_29_11_21_1,Pabay,29_11_2021,29,11,2021,reads,10058.75,no,0.313160184,Urodasys sp. 114a.8,,0.313160184
Alaria,Pabay_29_11_21_1,Pabay,29_11_2021,29,11,2021,reads,10058.75,no,0.032310178,Urodasys sp. 114a.16,,0.032310178
Alaria,Pabay_29_11_21_1,Pabay,29_11_2021,29,11,2021,reads,10058.75,no,0.032310178,Urodasys sp. 114a.17,,0.032310178
Alaria,Pabay_29_11_21_1,Pabay,29_11_2021,29,11,2021,reads,10058.75,no,0.009941593,Urodasys sp. 114a.24,,0.009941593
Alaria,Pabay_29_11_21_1,Pabay,29_11_2021,29,11,2021,reads,10058.75,no,0.169007083,Hyleoglomeris sp.,,0.169007083
Alaria,Pabay_29_11_21_1,Pabay,29_11_2021,29,11,2021,reads,10058.75,no,0.10190133,Bursaphelenchus cocophilus,,0.10190133
Alaria,Pabay_29_11_21_1,Pabay,29_11_2021,29,11,2021,reads,10058.75,no,0.146638499,Monostilifera sp.,,0.146638499
Alaria,Pabay_29_11_21_1,Pabay,29_11_2021,29,11,2021,reads,10058.75,no,0.131726109,Monostilifera sp..1,,0.131726109
Alaria,Pabay_29_11_21_1,Pabay,29_11_2021,29,11,2021,reads,10058.75,no,0.022368585,Scopalina ruetzleri,,0.022368585
Alaria,Pabay_29_11_21_1,Pabay,29_11_2021,29,11,2021,reads,10058.75,no,0.01491239,Echinodictyum mesenterinum,,0.01491239
Alaria,Pabay_29_11_21_1,Pabay,29_11_2021,29,11,2021,reads,10058.75,no,0.009941593,Hymedesmia hibernica,,0.009941593
Alaria,Pabay_29_11_21_1,Pabay,29_11_2021,29,11,2021,reads,10058.75,no,0.064620355,Asplanchna sieboldii.3,,0.064620355
Alaria,Pabay_29_11_21_1,Pabay,29_11_2021,29,11,2021,reads,10058.75,no,0.146638499,Tubificoides sp. CED,,0.146638499
Alaria,Pabay_29_11_21_1,Pabay,29_11_2021,29,11,2021,reads,10058.75,no,0.017397788,Tripleuchlanis plicata.1,,0.017397788
Alaria,Pabay_29_11_21_1,Pabay,29_11_2021,29,11,2021,reads,10058.75,no,0.019883186,invertebrate environmental sample,,0.019883186
Alaria,Pabay_29_11_21_1,Pabay,29_11_2021,29,11,2021,reads,10058.75,no,0.062134957,invertebrate environmental sample.2,,0.062134957
Alaria,Pabay_29_11_21_1,Pabay,29_11_2021,29,11,2021,reads,10058.75,no,0.154094694,invertebrate environmental sample.4,,0.154094694
Alaria,Pabay_29_11_21_1,Pabay,29_11_2021,29,11,2021,reads,10058.75,no,0.017397788,invertebrate environmental sample.6,,0.017397788
Alaria,Pabay_29_11_21_1,Pabay,29_11_2021,29,11,2021,reads,10058.75,no,0.039766373,invertebrate environmental sample.17,,0.039766373
Alaria,Pabay_29_11_21_1,Pabay,29_11_2021,29,11,2021,reads,10058.75,no,0.116813719,Tubificoides benedii,,0.116813719
Alaria,Pabay_29_11_21_1,Pabay,29_11_2021,29,11,2021,reads,10058.75,no,0.07207655,Hormogaster redii,,0.07207655
Alaria,Pabay_29_11_21_1,Pabay,29_11_2021,29,11,2021,reads,10058.75,no,0.044737169,Enchytraeus albidus,,0.044737169
Saccharina,Pabay_29_11_21_1,Pabay,29_11_2021,29,11,2021,reads,10058.75,no,0.029824779,Dimeregramma acutum.1,,0.029824779
Saccharina,Pabay_29_11_21_1,Pabay,29_11_2021,29,11,2021,reads,10058.75,no,0.019883186,Lithodesmium intricatum,,0.019883186
Saccharina,Pabay_29_11_21_1,Pabay,29_11_2021,29,11,2021,reads,10058.75,no,0.134211507,Emiliania huxleyi,,0.134211507
Saccharina,Pabay_29_11_21_1,Pabay,29_11_2021,29,11,2021,reads,10058.75,no,5.293898347,Skeletonema menzelii,,5.293898347
Saccharina,Pabay_29_11_21_1,Pabay,29_11_2021,29,11,2021,reads,10058.75,no,0.027339381,Pedospumella sinomuralis.1,,0.027339381
Saccharina,Pabay_29_11_21_1,Pabay,29_11_2021,29,11,2021,reads,10058.75,no,0.062134957,Pedospumella sp. JBM19,,0.062134957
Saccharina,Pabay_29_11_21_1,Pabay,29_11_2021,29,11,2021,reads,10058.75,no,0.019883186,Pedospumella sinomuralis.2,,0.019883186
Saccharina,Pabay_29_11_21_1,Pabay,29_11_2021,29,11,2021,reads,10058.75,no,0.07207655,Chaetoceros tenuissimus,,0.07207655
Saccharina,Pabay_29_11_21_1,Pabay,29_11_2021,29,11,2021,reads,10058.75,no,0.079532745,Pseudochattonella verruculosa,,0.079532745
Saccharina,Pabay_29_11_21_1,Pabay,29_11_2021,29,11,2021,reads,10058.75,no,0.037280974,uncultured dinoflagellate,,0.037280974
Saccharina,Pabay_29_11_21_1,Pabay,29_11_2021,29,11,2021,reads,10058.75,no,0.074561949,Ministeria vibrans,,0.074561949
Saccharina,Pabay_29_11_21_1,Pabay,29_11_2021,29,11,2021,reads,10058.75,no,0.104386728,Skeletonema potamos,,0.104386728
Saccharina,Pabay_29_11_21_1,Pabay,29_11_2021,29,11,2021,reads,10058.75,no,0.390207531,Cyclotella cryptica,,0.390207531
Saccharina,Pabay_29_11_21_1,Pabay,29_11_2021,29,11,2021,reads,10058.75,no,0.084503542,Thalassiosira rotula.1,,0.084503542
Saccharina,Pabay_29_11_21_1,Pabay,29_11_2021,29,11,2021,reads,10058.75,no,0.074561949,Thalassiosira punctigera.1,,0.074561949
Saccharina,Pabay_29_11_21_1,Pabay,29_11_2021,29,11,2021,reads,10058.75,no,0.059649559,Pleurosigma inscriptura.2,,0.059649559
Saccharina,Pabay_29_11_21_1,Pabay,29_11_2021,29,11,2021,reads,10058.75,no,0.027339381,Skeletonema subsalsum,,0.027339381
Saccharina,Pabay_29_11_21_1,Pabay,29_11_2021,29,11,2021,reads,10058.75,no,0.208773456,Thalassionema nitzschioides,,0.208773456
Saccharina,Pabay_29_11_21_1,Pabay,29_11_2021,29,11,2021,reads,10058.75,no,2.430719523,Minutocellus polymorphus.7,,2.430719523
Saccharina,Pabay_29_11_21_1,Pabay,29_11_2021,29,11,2021,reads,10058.75,no,0.382751336,Minutocellus polymorphus.8,,0.382751336
Saccharina,Pabay_29_11_21_1,Pabay,29_11_2021,29,11,2021,reads,10058.75,no,0.810239841,Minutocellus polymorphus.9,,0.810239841
Saccharina,Pabay_29_11_21_1,Pabay,29_11_2021,29,11,2021,reads,10058.75,no,0.221200447,Minutocellus polymorphus.11,,0.221200447
Saccharina,Pabay_29_11_21_1,Pabay,29_11_2021,29,11,2021,reads,10058.75,no,0.820181434,Minutocellus polymorphus.12,,0.820181434
Saccharina,Pabay_29_11_21_1,Pabay,29_11_2021,29,11,2021,reads,10058.75,no,0.288306201,Minutocellus polymorphus.14,,0.288306201
Saccharina,Pabay_29_11_21_1,Pabay,29_11_2021,29,11,2021,reads,10058.75,no,0.415061514,Ditylum brightwellii.4,,0.415061514
Saccharina,Pabay_29_11_21_1,Pabay,29_11_2021,29,11,2021,reads,10058.75,no,0.084503542,Dimeregramma acutum.2,,0.084503542
Saccharina,Pabay_29_11_21_1,Pabay,29_11_2021,29,11,2021,reads,10058.75,no,0.062134957,Minutocellus polymorphus.21,,0.062134957
Saccharina,Pabay_29_11_21_1,Pabay,29_11_2021,29,11,2021,reads,10058.75,no,0.057164161,Hemiaulus sinensis.3,,0.057164161
Saccharina,Pabay_29_11_21_1,Pabay,29_11_2021,29,11,2021,reads,10058.75,no,11.53970424,Cassiopea xamachana,,11.53970424
Saccharina,Pabay_29_11_21_1,Pabay,29_11_2021,29,11,2021,reads,10058.75,no,0.042251771,Aurelia sp. 11 sensu Dawson et al. (2005),,0.042251771
Saccharina,Pabay_29_11_21_1,Pabay,29_11_2021,29,11,2021,reads,10058.75,no,0.047222567,Aurelia aurita,,0.047222567
Saccharina,Pabay_29_11_21_1,Pabay,29_11_2021,29,11,2021,reads,10058.75,no,0.017397788,Cassiopea sp. PGNIMCP,,0.017397788
Saccharina,Pabay_29_11_21_1,Pabay,29_11_2021,29,11,2021,reads,10058.75,no,0.019883186,Aurelia sp. 11 sensu Dawson et al. (2005).1,,0.019883186
Saccharina,Pabay_29_11_21_1,Pabay,29_11_2021,29,11,2021,reads,10058.75,no,0.01491239,Asterias rubens.3,,0.01491239
Saccharina,Pabay_29_11_21_1,Pabay,29_11_2021,29,11,2021,reads,10058.75,no,0.049707966,Endoxocrinus parrae,,0.049707966
Saccharina,Pabay_29_11_21_1,Pabay,29_11_2021,29,11,2021,reads,10058.75,no,0.032310178,Ophiothrix fragilis,,0.032310178
Saccharina,Pabay_29_11_21_1,Pabay,29_11_2021,29,11,2021,reads,10058.75,no,0.71082391,Urodasys sp. 114a.1,,0.71082391
Saccharina,Pabay_29_11_21_1,Pabay,29_11_2021,29,11,2021,reads,10058.75,no,0.069591152,Urodasys sp. 114a.2,,0.069591152
Saccharina,Pabay_29_11_21_1,Pabay,29_11_2021,29,11,2021,reads,10058.75,no,0.166521685,Urodasys sp. 114a.3,,0.166521685
Saccharina,Pabay_29_11_21_1,Pabay,29_11_2021,29,11,2021,reads,10058.75,no,0.151609295,Urodasys sp. 114a.7,,0.151609295
Saccharina,Pabay_29_11_21_1,Pabay,29_11_2021,29,11,2021,reads,10058.75,no,0.313160184,Urodasys sp. 114a.8,,0.313160184
Saccharina,Pabay_29_11_21_1,Pabay,29_11_2021,29,11,2021,reads,10058.75,no,0.032310178,Urodasys sp. 114a.16,,0.032310178
Saccharina,Pabay_29_11_21_1,Pabay,29_11_2021,29,11,2021,reads,10058.75,no,0.032310178,Urodasys sp. 114a.17,,0.032310178
Saccharina,Pabay_29_11_21_1,Pabay,29_11_2021,29,11,2021,reads,10058.75,no,0.009941593,Urodasys sp. 114a.24,,0.009941593
Saccharina,Pabay_29_11_21_1,Pabay,29_11_2021,29,11,2021,reads,10058.75,no,0.169007083,Hyleoglomeris sp.,,0.169007083
Saccharina,Pabay_29_11_21_1,Pabay,29_11_2021,29,11,2021,reads,10058.75,no,0.10190133,Bursaphelenchus cocophilus,,0.10190133
Saccharina,Pabay_29_11_21_1,Pabay,29_11_2021,29,11,2021,reads,10058.75,no,0.146638499,Monostilifera sp.,,0.146638499
Saccharina,Pabay_29_11_21_1,Pabay,29_11_2021,29,11,2021,reads,10058.75,no,0.131726109,Monostilifera sp..1,,0.131726109
Saccharina,Pabay_29_11_21_1,Pabay,29_11_2021,29,11,2021,reads,10058.75,no,0.022368585,Scopalina ruetzleri,,0.022368585
Saccharina,Pabay_29_11_21_1,Pabay,29_11_2021,29,11,2021,reads,10058.75,no,0.01491239,Echinodictyum mesenterinum,,0.01491239
Saccharina,Pabay_29_11_21_1,Pabay,29_11_2021,29,11,2021,reads,10058.75,no,0.009941593,Hymedesmia hibernica,,0.009941593
Saccharina,Pabay_29_11_21_1,Pabay,29_11_2021,29,11,2021,reads,10058.75,no,0.064620355,Asplanchna sieboldii.3,,0.064620355
Saccharina,Pabay_29_11_21_1,Pabay,29_11_2021,29,11,2021,reads,10058.75,no,0.146638499,Tubificoides sp. CED,,0.146638499
Saccharina,Pabay_29_11_21_1,Pabay,29_11_2021,29,11,2021,reads,10058.75,no,0.017397788,Tripleuchlanis plicata.1,,0.017397788
Saccharina,Pabay_29_11_21_1,Pabay,29_11_2021,29,11,2021,reads,10058.75,no,0.019883186,invertebrate environmental sample,,0.019883186
Saccharina,Pabay_29_11_21_1,Pabay,29_11_2021,29,11,2021,reads,10058.75,no,0.062134957,invertebrate environmental sample.2,,0.062134957
Saccharina,Pabay_29_11_21_1,Pabay,29_11_2021,29,11,2021,reads,10058.75,no,0.154094694,invertebrate environmental sample.4,,0.154094694
Saccharina,Pabay_29_11_21_1,Pabay,29_11_2021,29,11,2021,reads,10058.75,no,0.017397788,invertebrate environmental sample.6,,0.017397788
Saccharina,Pabay_29_11_21_1,Pabay,29_11_2021,29,11,2021,reads,10058.75,no,0.039766373,invertebrate environmental sample.17,,0.039766373
Saccharina,Pabay_29_11_21_1,Pabay,29_11_2021,29,11,2021,reads,10058.75,no,0.116813719,Tubificoides benedii,,0.116813719
Saccharina,Pabay_29_11_21_1,Pabay,29_11_2021,29,11,2021,reads,10058.75,no,0.07207655,Hormogaster redii,,0.07207655
Saccharina,Pabay_29_11_21_1,Pabay,29_11_2021,29,11,2021,reads,10058.75,no,0.044737169,Enchytraeus albidus,,0.044737169
Alaria,Pabay_29_11_21_1,Pabay,29_11_2021,29,11,2021,reads,10058.75,Polychaeta,0.109357525,Trichobranchus glacialis,,0.109357525
Saccharina,Pabay_29_11_21_1,Pabay,29_11_2021,29,11,2021,reads,10058.75,Polychaeta,0.109357525,Trichobranchus glacialis,,0.109357525
Alaria,Pabay_29_11_21_2,Pabay,29_11_2021,29,11,2021,reads,4580,Bivalvia,0.18558952,Montacutona sigalionidcola,,0.18558952
Saccharina,Pabay_29_11_21_2,Pabay,29_11_2021,29,11,2021,reads,4580,Bivalvia,0.18558952,Montacutona sigalionidcola,,0.18558952
Alaria,Pabay_29_11_21_2,Pabay,29_11_2021,29,11,2021,reads,4580,Bryozoa,0.884279476,Electra pilosa,,0.884279476
Alaria,Pabay_29_11_21_2,Pabay,29_11_2021,29,11,2021,reads,4580,Bryozoa,0.098253275,Electra pilosa.3,,0.098253275
Saccharina,Pabay_29_11_21_2,Pabay,29_11_2021,29,11,2021,reads,4580,Bryozoa,0.884279476,Electra pilosa,,0.884279476
Saccharina,Pabay_29_11_21_2,Pabay,29_11_2021,29,11,2021,reads,4580,Bryozoa,0.098253275,Electra pilosa.3,,0.098253275
Alaria,Pabay_29_11_21_2,Pabay,29_11_2021,29,11,2021,reads,4580,Copepoda,0.895196507,Temora sp.,,0.895196507
Saccharina,Pabay_29_11_21_2,Pabay,29_11_2021,29,11,2021,reads,4580,Copepoda,0.895196507,Temora sp.,,0.895196507
Alaria,Pabay_29_11_21_2,Pabay,29_11_2021,29,11,2021,reads,4580,Hydrozoa,0.458515284,Clytia sp. 2 AFC-2016,,0.458515284
Alaria,Pabay_29_11_21_2,Pabay,29_11_2021,29,11,2021,reads,4580,Hydrozoa,0.054585153,Maresearsia praeclara,,0.054585153
Alaria,Pabay_29_11_21_2,Pabay,29_11_2021,29,11,2021,reads,4580,Hydrozoa,0.19650655,Dynamena pumila,,0.19650655
Alaria,Pabay_29_11_21_2,Pabay,29_11_2021,29,11,2021,reads,4580,Hydrozoa,0.032751092,Eucheilota maculata,,0.032751092
Saccharina,Pabay_29_11_21_2,Pabay,29_11_2021,29,11,2021,reads,4580,Hydrozoa,0.458515284,Clytia sp. 2 AFC-2016,,0.458515284
Saccharina,Pabay_29_11_21_2,Pabay,29_11_2021,29,11,2021,reads,4580,Hydrozoa,0.054585153,Maresearsia praeclara,,0.054585153
Saccharina,Pabay_29_11_21_2,Pabay,29_11_2021,29,11,2021,reads,4580,Hydrozoa,0.19650655,Dynamena pumila,,0.19650655
Saccharina,Pabay_29_11_21_2,Pabay,29_11_2021,29,11,2021,reads,4580,Hydrozoa,0.032751092,Eucheilota maculata,,0.032751092
Alaria,Pabay_29_11_21_2,Pabay,29_11_2021,29,11,2021,reads,4580,Malacostraca,0.305676856,Pagurus longicarpus,,0.305676856
Saccharina,Pabay_29_11_21_2,Pabay,29_11_2021,29,11,2021,reads,4580,Malacostraca,0.305676856,Pagurus longicarpus,,0.305676856
Alaria,Pabay_29_11_21_2,Pabay,29_11_2021,29,11,2021,reads,4580,no,0.131004367,Dimeregramma acutum.1,,0.131004367
Alaria,Pabay_29_11_21_2,Pabay,29_11_2021,29,11,2021,reads,4580,no,3.024017467,Skeletonema menzelii,,3.024017467
Alaria,Pabay_29_11_21_2,Pabay,29_11_2021,29,11,2021,reads,4580,no,0.120087336,Pedospumella sinomuralis.1,,0.120087336
Alaria,Pabay_29_11_21_2,Pabay,29_11_2021,29,11,2021,reads,4580,no,0.327510917,Ministeria vibrans,,0.327510917
Alaria,Pabay_29_11_21_2,Pabay,29_11_2021,29,11,2021,reads,4580,no,0.087336245,Skeletonema potamos,,0.087336245
Alaria,Pabay_29_11_21_2,Pabay,29_11_2021,29,11,2021,reads,4580,no,0.163755459,Cyclotella cryptica,,0.163755459
Alaria,Pabay_29_11_21_2,Pabay,29_11_2021,29,11,2021,reads,4580,no,0.262008734,Pleurosigma inscriptura.2,,0.262008734
Alaria,Pabay_29_11_21_2,Pabay,29_11_2021,29,11,2021,reads,4580,no,3.613537118,Minutocellus polymorphus.7,,3.613537118
Alaria,Pabay_29_11_21_2,Pabay,29_11_2021,29,11,2021,reads,4580,no,0.600436681,Minutocellus polymorphus.11,,0.600436681
Alaria,Pabay_29_11_21_2,Pabay,29_11_2021,29,11,2021,reads,4580,no,1.080786026,Minutocellus polymorphus.12,,1.080786026
Alaria,Pabay_29_11_21_2,Pabay,29_11_2021,29,11,2021,reads,4580,no,0.796943231,Minutocellus polymorphus.14,,0.796943231
Alaria,Pabay_29_11_21_2,Pabay,29_11_2021,29,11,2021,reads,4580,no,1.244541485,Ditylum brightwellii.4,,1.244541485
Alaria,Pabay_29_11_21_2,Pabay,29_11_2021,29,11,2021,reads,4580,no,3.515283843,Cassiopea xamachana,,3.515283843
Alaria,Pabay_29_11_21_2,Pabay,29_11_2021,29,11,2021,reads,4580,no,0.207423581,Aurelia aurita,,0.207423581
Alaria,Pabay_29_11_21_2,Pabay,29_11_2021,29,11,2021,reads,4580,no,0.032751092,Cassiopea sp. PGNIMCP,,0.032751092
Alaria,Pabay_29_11_21_2,Pabay,29_11_2021,29,11,2021,reads,4580,no,0.305676856,Urodasys sp. 114a.2,,0.305676856
Alaria,Pabay_29_11_21_2,Pabay,29_11_2021,29,11,2021,reads,4580,no,0.109170306,Urodasys sp. 114a.3,,0.109170306
Alaria,Pabay_29_11_21_2,Pabay,29_11_2021,29,11,2021,reads,4580,no,0.403930131,Urodasys sp. 114a.7,,0.403930131
Alaria,Pabay_29_11_21_2,Pabay,29_11_2021,29,11,2021,reads,4580,no,0.141921397,Urodasys sp. 114a.16,,0.141921397
Alaria,Pabay_29_11_21_2,Pabay,29_11_2021,29,11,2021,reads,4580,no,0.141921397,Urodasys sp. 114a.17,,0.141921397
Alaria,Pabay_29_11_21_2,Pabay,29_11_2021,29,11,2021,reads,4580,no,0.447598253,Bursaphelenchus cocophilus,,0.447598253
Alaria,Pabay_29_11_21_2,Pabay,29_11_2021,29,11,2021,reads,4580,no,0.57860262,Monostilifera sp..1,,0.57860262
Alaria,Pabay_29_11_21_2,Pabay,29_11_2021,29,11,2021,reads,4580,no,0.043668122,Hymedesmia hibernica,,0.043668122
Alaria,Pabay_29_11_21_2,Pabay,29_11_2021,29,11,2021,reads,4580,no,0.087336245,invertebrate environmental sample,,0.087336245
Alaria,Pabay_29_11_21_2,Pabay,29_11_2021,29,11,2021,reads,4580,no,0.272925764,invertebrate environmental sample.2,,0.272925764
Alaria,Pabay_29_11_21_2,Pabay,29_11_2021,29,11,2021,reads,4580,no,0.131004367,invertebrate environmental sample.4,,0.131004367
Alaria,Pabay_29_11_21_2,Pabay,29_11_2021,29,11,2021,reads,4580,no,0.076419214,invertebrate environmental sample.6,,0.076419214
Alaria,Pabay_29_11_21_2,Pabay,29_11_2021,29,11,2021,reads,4580,no,0.316593886,Hormogaster redii,,0.316593886
Saccharina,Pabay_29_11_21_2,Pabay,29_11_2021,29,11,2021,reads,4580,no,0.131004367,Dimeregramma acutum.1,,0.131004367
Saccharina,Pabay_29_11_21_2,Pabay,29_11_2021,29,11,2021,reads,4580,no,3.024017467,Skeletonema menzelii,,3.024017467
Saccharina,Pabay_29_11_21_2,Pabay,29_11_2021,29,11,2021,reads,4580,no,0.120087336,Pedospumella sinomuralis.1,,0.120087336
Saccharina,Pabay_29_11_21_2,Pabay,29_11_2021,29,11,2021,reads,4580,no,0.327510917,Ministeria vibrans,,0.327510917
Saccharina,Pabay_29_11_21_2,Pabay,29_11_2021,29,11,2021,reads,4580,no,0.087336245,Skeletonema potamos,,0.087336245
Saccharina,Pabay_29_11_21_2,Pabay,29_11_2021,29,11,2021,reads,4580,no,0.163755459,Cyclotella cryptica,,0.163755459
Saccharina,Pabay_29_11_21_2,Pabay,29_11_2021,29,11,2021,reads,4580,no,0.262008734,Pleurosigma inscriptura.2,,0.262008734
Saccharina,Pabay_29_11_21_2,Pabay,29_11_2021,29,11,2021,reads,4580,no,3.613537118,Minutocellus polymorphus.7,,3.613537118
Saccharina,Pabay_29_11_21_2,Pabay,29_11_2021,29,11,2021,reads,4580,no,0.600436681,Minutocellus polymorphus.11,,0.600436681
Saccharina,Pabay_29_11_21_2,Pabay,29_11_2021,29,11,2021,reads,4580,no,1.080786026,Minutocellus polymorphus.12,,1.080786026
Saccharina,Pabay_29_11_21_2,Pabay,29_11_2021,29,11,2021,reads,4580,no,0.796943231,Minutocellus polymorphus.14,,0.796943231
Saccharina,Pabay_29_11_21_2,Pabay,29_11_2021,29,11,2021,reads,4580,no,1.244541485,Ditylum brightwellii.4,,1.244541485
Saccharina,Pabay_29_11_21_2,Pabay,29_11_2021,29,11,2021,reads,4580,no,3.515283843,Cassiopea xamachana,,3.515283843
Saccharina,Pabay_29_11_21_2,Pabay,29_11_2021,29,11,2021,reads,4580,no,0.207423581,Aurelia aurita,,0.207423581
Saccharina,Pabay_29_11_21_2,Pabay,29_11_2021,29,11,2021,reads,4580,no,0.032751092,Cassiopea sp. PGNIMCP,,0.032751092
Saccharina,Pabay_29_11_21_2,Pabay,29_11_2021,29,11,2021,reads,4580,no,0.305676856,Urodasys sp. 114a.2,,0.305676856
Saccharina,Pabay_29_11_21_2,Pabay,29_11_2021,29,11,2021,reads,4580,no,0.109170306,Urodasys sp. 114a.3,,0.109170306
Saccharina,Pabay_29_11_21_2,Pabay,29_11_2021,29,11,2021,reads,4580,no,0.403930131,Urodasys sp. 114a.7,,0.403930131
Saccharina,Pabay_29_11_21_2,Pabay,29_11_2021,29,11,2021,reads,4580,no,0.141921397,Urodasys sp. 114a.16,,0.141921397
Saccharina,Pabay_29_11_21_2,Pabay,29_11_2021,29,11,2021,reads,4580,no,0.141921397,Urodasys sp. 114a.17,,0.141921397
Saccharina,Pabay_29_11_21_2,Pabay,29_11_2021,29,11,2021,reads,4580,no,0.447598253,Bursaphelenchus cocophilus,,0.447598253
Saccharina,Pabay_29_11_21_2,Pabay,29_11_2021,29,11,2021,reads,4580,no,0.57860262,Monostilifera sp..1,,0.57860262
Saccharina,Pabay_29_11_21_2,Pabay,29_11_2021,29,11,2021,reads,4580,no,0.043668122,Hymedesmia hibernica,,0.043668122
Saccharina,Pabay_29_11_21_2,Pabay,29_11_2021,29,11,2021,reads,4580,no,0.087336245,invertebrate environmental sample,,0.087336245
Saccharina,Pabay_29_11_21_2,Pabay,29_11_2021,29,11,2021,reads,4580,no,0.272925764,invertebrate environmental sample.2,,0.272925764
Saccharina,Pabay_29_11_21_2,Pabay,29_11_2021,29,11,2021,reads,4580,no,0.131004367,invertebrate environmental sample.4,,0.131004367
Saccharina,Pabay_29_11_21_2,Pabay,29_11_2021,29,11,2021,reads,4580,no,0.076419214,invertebrate environmental sample.6,,0.076419214
Saccharina,Pabay_29_11_21_2,Pabay,29_11_2021,29,11,2021,reads,4580,no,0.316593886,Hormogaster redii,,0.316593886
Alaria,Pabay_29_11_21_3,Pabay,29_11_2021,29,11,2021,reads,15537.5,Bryozoa,0.347546259,Electra pilosa.1,,0.347546259
Alaria,Pabay_29_11_21_3,Pabay,29_11_2021,29,11,2021,reads,15537.5,Bryozoa,0.067578439,Electra pilosa.2,,0.067578439
Saccharina,Pabay_29_11_21_3,Pabay,29_11_2021,29,11,2021,reads,15537.5,Bryozoa,0.347546259,Electra pilosa.1,,0.347546259
Saccharina,Pabay_29_11_21_3,Pabay,29_11_2021,29,11,2021,reads,15537.5,Bryozoa,0.067578439,Electra pilosa.2,,0.067578439
Alaria,Pabay_29_11_21_3,Pabay,29_11_2021,29,11,2021,reads,15537.5,Copepoda,0.437650845,Temora sp.,,0.437650845
Alaria,Pabay_29_11_21_3,Pabay,29_11_2021,29,11,2021,reads,15537.5,Copepoda,0.048270314,Centropages hamatus,,0.048270314
Saccharina,Pabay_29_11_21_3,Pabay,29_11_2021,29,11,2021,reads,15537.5,Copepoda,0.437650845,Temora sp.,,0.437650845
Saccharina,Pabay_29_11_21_3,Pabay,29_11_2021,29,11,2021,reads,15537.5,Copepoda,0.048270314,Centropages hamatus,,0.048270314
Alaria,Pabay_29_11_21_3,Pabay,29_11_2021,29,11,2021,reads,15537.5,Gastropoda,0.048270314,Segmentina nitida,,0.048270314
Saccharina,Pabay_29_11_21_3,Pabay,29_11_2021,29,11,2021,reads,15537.5,Gastropoda,0.048270314,Segmentina nitida,,0.048270314
Alaria,Pabay_29_11_21_3,Pabay,29_11_2021,29,11,2021,reads,15537.5,Hydrozoa,0.328238134,Clytia sp. 2 AFC-2016,,0.328238134
Alaria,Pabay_29_11_21_3,Pabay,29_11_2021,29,11,2021,reads,15537.5,Hydrozoa,0.251005632,Obelia bidentata,,0.251005632
Alaria,Pabay_29_11_21_3,Pabay,29_11_2021,29,11,2021,reads,15537.5,Hydrozoa,0.157683025,Orthopyxis crenata,,0.157683025
Alaria,Pabay_29_11_21_3,Pabay,29_11_2021,29,11,2021,reads,15537.5,Hydrozoa,0.115848753,Siphonophorae sp. NHM_339.2,,0.115848753
Alaria,Pabay_29_11_21_3,Pabay,29_11_2021,29,11,2021,reads,15537.5,Hydrozoa,0.057924377,Bougainvillia muscus.5,,0.057924377
Alaria,Pabay_29_11_21_3,Pabay,29_11_2021,29,11,2021,reads,15537.5,Hydrozoa,0.009654063,Coryne pintneri.1,,0.009654063
Alaria,Pabay_29_11_21_3,Pabay,29_11_2021,29,11,2021,reads,15537.5,Hydrozoa,0.006436042,Apolemia sp. 3 CWD-2005,,0.006436042
Saccharina,Pabay_29_11_21_3,Pabay,29_11_2021,29,11,2021,reads,15537.5,Hydrozoa,0.328238134,Clytia sp. 2 AFC-2016,,0.328238134
Saccharina,Pabay_29_11_21_3,Pabay,29_11_2021,29,11,2021,reads,15537.5,Hydrozoa,0.251005632,Obelia bidentata,,0.251005632
Saccharina,Pabay_29_11_21_3,Pabay,29_11_2021,29,11,2021,reads,15537.5,Hydrozoa,0.157683025,Orthopyxis crenata,,0.157683025
Saccharina,Pabay_29_11_21_3,Pabay,29_11_2021,29,11,2021,reads,15537.5,Hydrozoa,0.115848753,Siphonophorae sp. NHM_339.2,,0.115848753
Saccharina,Pabay_29_11_21_3,Pabay,29_11_2021,29,11,2021,reads,15537.5,Hydrozoa,0.057924377,Bougainvillia muscus.5,,0.057924377
Saccharina,Pabay_29_11_21_3,Pabay,29_11_2021,29,11,2021,reads,15537.5,Hydrozoa,0.009654063,Coryne pintneri.1,,0.009654063
Saccharina,Pabay_29_11_21_3,Pabay,29_11_2021,29,11,2021,reads,15537.5,Hydrozoa,0.006436042,Apolemia sp. 3 CWD-2005,,0.006436042
Alaria,Pabay_29_11_21_3,Pabay,29_11_2021,29,11,2021,reads,15537.5,no,0.025744167,Lithodesmium intricatum,,0.025744167
Alaria,Pabay_29_11_21_3,Pabay,29_11_2021,29,11,2021,reads,15537.5,no,0.17377313,Emiliania huxleyi,,0.17377313
Alaria,Pabay_29_11_21_3,Pabay,29_11_2021,29,11,2021,reads,15537.5,no,5.962992759,Skeletonema menzelii,,5.962992759
Alaria,Pabay_29_11_21_3,Pabay,29_11_2021,29,11,2021,reads,15537.5,no,0.080450523,Pedospumella sp. JBM19,,0.080450523
Alaria,Pabay_29_11_21_3,Pabay,29_11_2021,29,11,2021,reads,15537.5,no,0.025744167,Pedospumella sinomuralis.2,,0.025744167
Alaria,Pabay_29_11_21_3,Pabay,29_11_2021,29,11,2021,reads,15537.5,no,0.093322607,Chaetoceros tenuissimus,,0.093322607
Alaria,Pabay_29_11_21_3,Pabay,29_11_2021,29,11,2021,reads,15537.5,no,0.102976669,Pseudochattonella verruculosa,,0.102976669
Alaria,Pabay_29_11_21_3,Pabay,29_11_2021,29,11,2021,reads,15537.5,no,0.048270314,uncultured dinoflagellate,,0.048270314
Alaria,Pabay_29_11_21_3,Pabay,29_11_2021,29,11,2021,reads,15537.5,no,0.109412711,Skeletonema potamos,,0.109412711
Alaria,Pabay_29_11_21_3,Pabay,29_11_2021,29,11,2021,reads,15537.5,no,0.45695897,Cyclotella cryptica,,0.45695897
Alaria,Pabay_29_11_21_3,Pabay,29_11_2021,29,11,2021,reads,15537.5,no,0.109412711,Thalassiosira rotula.1,,0.109412711
Alaria,Pabay_29_11_21_3,Pabay,29_11_2021,29,11,2021,reads,15537.5,no,0.096540628,Thalassiosira punctigera.1,,0.096540628
Alaria,Pabay_29_11_21_3,Pabay,29_11_2021,29,11,2021,reads,15537.5,no,0.03539823,Skeletonema subsalsum,,0.03539823
Alaria,Pabay_29_11_21_3,Pabay,29_11_2021,29,11,2021,reads,15537.5,no,0.270313757,Thalassionema nitzschioides,,0.270313757
Alaria,Pabay_29_11_21_3,Pabay,29_11_2021,29,11,2021,reads,15537.5,no,2.082059533,Minutocellus polymorphus.7,,2.082059533
Alaria,Pabay_29_11_21_3,Pabay,29_11_2021,29,11,2021,reads,15537.5,no,0.495575221,Minutocellus polymorphus.8,,0.495575221
Alaria,Pabay_29_11_21_3,Pabay,29_11_2021,29,11,2021,reads,15537.5,no,1.049074819,Minutocellus polymorphus.9,,1.049074819
Alaria,Pabay_29_11_21_3,Pabay,29_11_2021,29,11,2021,reads,15537.5,no,0.109412711,Minutocellus polymorphus.11,,0.109412711
Alaria,Pabay_29_11_21_3,Pabay,29_11_2021,29,11,2021,reads,15537.5,no,0.743362832,Minutocellus polymorphus.12,,0.743362832
Alaria,Pabay_29_11_21_3,Pabay,29_11_2021,29,11,2021,reads,15537.5,no,0.138374899,Minutocellus polymorphus.14,,0.138374899
Alaria,Pabay_29_11_21_3,Pabay,29_11_2021,29,11,2021,reads,15537.5,no,0.170555109,Ditylum brightwellii.4,,0.170555109
Alaria,Pabay_29_11_21_3,Pabay,29_11_2021,29,11,2021,reads,15537.5,no,0.109412711,Dimeregramma acutum.2,,0.109412711
Alaria,Pabay_29_11_21_3,Pabay,29_11_2021,29,11,2021,reads,15537.5,no,0.080450523,Minutocellus polymorphus.21,,0.080450523
Alaria,Pabay_29_11_21_3,Pabay,29_11_2021,29,11,2021,reads,15537.5,no,0.074014481,Hemiaulus sinensis.3,,0.074014481
Alaria,Pabay_29_11_21_3,Pabay,29_11_2021,29,11,2021,reads,15537.5,no,13.90506838,Cassiopea xamachana,,13.90506838
Alaria,Pabay_29_11_21_3,Pabay,29_11_2021,29,11,2021,reads,15537.5,no,0.054706356,Aurelia sp. 11 sensu Dawson et al. (2005),,0.054706356
Alaria,Pabay_29_11_21_3,Pabay,29_11_2021,29,11,2021,reads,15537.5,no,0.012872084,Cassiopea sp. PGNIMCP,,0.012872084
Alaria,Pabay_29_11_21_3,Pabay,29_11_2021,29,11,2021,reads,15537.5,no,0.025744167,Aurelia sp. 11 sensu Dawson et al. (2005).1,,0.025744167
Alaria,Pabay_29_11_21_3,Pabay,29_11_2021,29,11,2021,reads,15537.5,no,0.019308126,Asterias rubens.3,,0.019308126
Alaria,Pabay_29_11_21_3,Pabay,29_11_2021,29,11,2021,reads,15537.5,no,0.064360418,Endoxocrinus parrae,,0.064360418
Alaria,Pabay_29_11_21_3,Pabay,29_11_2021,29,11,2021,reads,15537.5,no,0.041834272,Ophiothrix fragilis,,0.041834272
Alaria,Pabay_29_11_21_3,Pabay,29_11_2021,29,11,2021,reads,15537.5,no,0.920353982,Urodasys sp. 114a.1,,0.920353982
Alaria,Pabay_29_11_21_3,Pabay,29_11_2021,29,11,2021,reads,15537.5,no,0.183427192,Urodasys sp. 114a.3,,0.183427192
Alaria,Pabay_29_11_21_3,Pabay,29_11_2021,29,11,2021,reads,15537.5,no,0.077232502,Urodasys sp. 114a.7,,0.077232502
Alaria,Pabay_29_11_21_3,Pabay,29_11_2021,29,11,2021,reads,15537.5,no,0.405470636,Urodasys sp. 114a.8,,0.405470636
Alaria,Pabay_29_11_21_3,Pabay,29_11_2021,29,11,2021,reads,15537.5,no,0.012872084,Urodasys sp. 114a.24,,0.012872084
Alaria,Pabay_29_11_21_3,Pabay,29_11_2021,29,11,2021,reads,15537.5,no,0.218825422,Hyleoglomeris sp.,,0.218825422
Alaria,Pabay_29_11_21_3,Pabay,29_11_2021,29,11,2021,reads,15537.5,no,0.189863234,Monostilifera sp.,,0.189863234
Alaria,Pabay_29_11_21_3,Pabay,29_11_2021,29,11,2021,reads,15537.5,no,0.028962188,Scopalina ruetzleri,,0.028962188
Alaria,Pabay_29_11_21_3,Pabay,29_11_2021,29,11,2021,reads,15537.5,no,0.019308126,Echinodictyum mesenterinum,,0.019308126
Alaria,Pabay_29_11_21_3,Pabay,29_11_2021,29,11,2021,reads,15537.5,no,0.083668544,Asplanchna sieboldii.3,,0.083668544
Alaria,Pabay_29_11_21_3,Pabay,29_11_2021,29,11,2021,reads,15537.5,no,0.189863234,Tubificoides sp. CED,,0.189863234
Alaria,Pabay_29_11_21_3,Pabay,29_11_2021,29,11,2021,reads,15537.5,no,0.022526146,Tripleuchlanis plicata.1,,0.022526146
Alaria,Pabay_29_11_21_3,Pabay,29_11_2021,29,11,2021,reads,15537.5,no,0.160901046,invertebrate environmental sample.4,,0.160901046
Alaria,Pabay_29_11_21_3,Pabay,29_11_2021,29,11,2021,reads,15537.5,no,0.051488335,invertebrate environmental sample.17,,0.051488335
Alaria,Pabay_29_11_21_3,Pabay,29_11_2021,29,11,2021,reads,15537.5,no,0.151246983,Tubificoides benedii,,0.151246983
Alaria,Pabay_29_11_21_3,Pabay,29_11_2021,29,11,2021,reads,15537.5,no,0.057924377,Enchytraeus albidus,,0.057924377
Saccharina,Pabay_29_11_21_3,Pabay,29_11_2021,29,11,2021,reads,15537.5,no,0.025744167,Lithodesmium intricatum,,0.025744167
Saccharina,Pabay_29_11_21_3,Pabay,29_11_2021,29,11,2021,reads,15537.5,no,0.17377313,Emiliania huxleyi,,0.17377313
Saccharina,Pabay_29_11_21_3,Pabay,29_11_2021,29,11,2021,reads,15537.5,no,5.962992759,Skeletonema menzelii,,5.962992759
Saccharina,Pabay_29_11_21_3,Pabay,29_11_2021,29,11,2021,reads,15537.5,no,0.080450523,Pedospumella sp. JBM19,,0.080450523
Saccharina,Pabay_29_11_21_3,Pabay,29_11_2021,29,11,2021,reads,15537.5,no,0.025744167,Pedospumella sinomuralis.2,,0.025744167
Saccharina,Pabay_29_11_21_3,Pabay,29_11_2021,29,11,2021,reads,15537.5,no,0.093322607,Chaetoceros tenuissimus,,0.093322607
Saccharina,Pabay_29_11_21_3,Pabay,29_11_2021,29,11,2021,reads,15537.5,no,0.102976669,Pseudochattonella verruculosa,,0.102976669
Saccharina,Pabay_29_11_21_3,Pabay,29_11_2021,29,11,2021,reads,15537.5,no,0.048270314,uncultured dinoflagellate,,0.048270314
Saccharina,Pabay_29_11_21_3,Pabay,29_11_2021,29,11,2021,reads,15537.5,no,0.109412711,Skeletonema potamos,,0.109412711
Saccharina,Pabay_29_11_21_3,Pabay,29_11_2021,29,11,2021,reads,15537.5,no,0.45695897,Cyclotella cryptica,,0.45695897
Saccharina,Pabay_29_11_21_3,Pabay,29_11_2021,29,11,2021,reads,15537.5,no,0.109412711,Thalassiosira rotula.1,,0.109412711
Saccharina,Pabay_29_11_21_3,Pabay,29_11_2021,29,11,2021,reads,15537.5,no,0.096540628,Thalassiosira punctigera.1,,0.096540628
Saccharina,Pabay_29_11_21_3,Pabay,29_11_2021,29,11,2021,reads,15537.5,no,0.03539823,Skeletonema subsalsum,,0.03539823
Saccharina,Pabay_29_11_21_3,Pabay,29_11_2021,29,11,2021,reads,15537.5,no,0.270313757,Thalassionema nitzschioides,,0.270313757
Saccharina,Pabay_29_11_21_3,Pabay,29_11_2021,29,11,2021,reads,15537.5,no,2.082059533,Minutocellus polymorphus.7,,2.082059533
Saccharina,Pabay_29_11_21_3,Pabay,29_11_2021,29,11,2021,reads,15537.5,no,0.495575221,Minutocellus polymorphus.8,,0.495575221
Saccharina,Pabay_29_11_21_3,Pabay,29_11_2021,29,11,2021,reads,15537.5,no,1.049074819,Minutocellus polymorphus.9,,1.049074819
Saccharina,Pabay_29_11_21_3,Pabay,29_11_2021,29,11,2021,reads,15537.5,no,0.109412711,Minutocellus polymorphus.11,,0.109412711
Saccharina,Pabay_29_11_21_3,Pabay,29_11_2021,29,11,2021,reads,15537.5,no,0.743362832,Minutocellus polymorphus.12,,0.743362832
Saccharina,Pabay_29_11_21_3,Pabay,29_11_2021,29,11,2021,reads,15537.5,no,0.138374899,Minutocellus polymorphus.14,,0.138374899
Saccharina,Pabay_29_11_21_3,Pabay,29_11_2021,29,11,2021,reads,15537.5,no,0.170555109,Ditylum brightwellii.4,,0.170555109
Saccharina,Pabay_29_11_21_3,Pabay,29_11_2021,29,11,2021,reads,15537.5,no,0.109412711,Dimeregramma acutum.2,,0.109412711
Saccharina,Pabay_29_11_21_3,Pabay,29_11_2021,29,11,2021,reads,15537.5,no,0.080450523,Minutocellus polymorphus.21,,0.080450523
Saccharina,Pabay_29_11_21_3,Pabay,29_11_2021,29,11,2021,reads,15537.5,no,0.074014481,Hemiaulus sinensis.3,,0.074014481
Saccharina,Pabay_29_11_21_3,Pabay,29_11_2021,29,11,2021,reads,15537.5,no,13.90506838,Cassiopea xamachana,,13.90506838
Saccharina,Pabay_29_11_21_3,Pabay,29_11_2021,29,11,2021,reads,15537.5,no,0.054706356,Aurelia sp. 11 sensu Dawson et al. (2005),,0.054706356
Saccharina,Pabay_29_11_21_3,Pabay,29_11_2021,29,11,2021,reads,15537.5,no,0.012872084,Cassiopea sp. PGNIMCP,,0.012872084
Saccharina,Pabay_29_11_21_3,Pabay,29_11_2021,29,11,2021,reads,15537.5,no,0.025744167,Aurelia sp. 11 sensu Dawson et al. (2005).1,,0.025744167
Saccharina,Pabay_29_11_21_3,Pabay,29_11_2021,29,11,2021,reads,15537.5,no,0.019308126,Asterias rubens.3,,0.019308126
Saccharina,Pabay_29_11_21_3,Pabay,29_11_2021,29,11,2021,reads,15537.5,no,0.064360418,Endoxocrinus parrae,,0.064360418
Saccharina,Pabay_29_11_21_3,Pabay,29_11_2021,29,11,2021,reads,15537.5,no,0.041834272,Ophiothrix fragilis,,0.041834272
Saccharina,Pabay_29_11_21_3,Pabay,29_11_2021,29,11,2021,reads,15537.5,no,0.920353982,Urodasys sp. 114a.1,,0.920353982
Saccharina,Pabay_29_11_21_3,Pabay,29_11_2021,29,11,2021,reads,15537.5,no,0.183427192,Urodasys sp. 114a.3,,0.183427192
Saccharina,Pabay_29_11_21_3,Pabay,29_11_2021,29,11,2021,reads,15537.5,no,0.077232502,Urodasys sp. 114a.7,,0.077232502
Saccharina,Pabay_29_11_21_3,Pabay,29_11_2021,29,11,2021,reads,15537.5,no,0.405470636,Urodasys sp. 114a.8,,0.405470636
Saccharina,Pabay_29_11_21_3,Pabay,29_11_2021,29,11,2021,reads,15537.5,no,0.012872084,Urodasys sp. 114a.24,,0.012872084
Saccharina,Pabay_29_11_21_3,Pabay,29_11_2021,29,11,2021,reads,15537.5,no,0.218825422,Hyleoglomeris sp.,,0.218825422
Saccharina,Pabay_29_11_21_3,Pabay,29_11_2021,29,11,2021,reads,15537.5,no,0.189863234,Monostilifera sp.,,0.189863234
Saccharina,Pabay_29_11_21_3,Pabay,29_11_2021,29,11,2021,reads,15537.5,no,0.028962188,Scopalina ruetzleri,,0.028962188
Saccharina,Pabay_29_11_21_3,Pabay,29_11_2021,29,11,2021,reads,15537.5,no,0.019308126,Echinodictyum mesenterinum,,0.019308126
Saccharina,Pabay_29_11_21_3,Pabay,29_11_2021,29,11,2021,reads,15537.5,no,0.083668544,Asplanchna sieboldii.3,,0.083668544
Saccharina,Pabay_29_11_21_3,Pabay,29_11_2021,29,11,2021,reads,15537.5,no,0.189863234,Tubificoides sp. CED,,0.189863234
Saccharina,Pabay_29_11_21_3,Pabay,29_11_2021,29,11,2021,reads,15537.5,no,0.022526146,Tripleuchlanis plicata.1,,0.022526146
Saccharina,Pabay_29_11_21_3,Pabay,29_11_2021,29,11,2021,reads,15537.5,no,0.160901046,invertebrate environmental sample.4,,0.160901046
Saccharina,Pabay_29_11_21_3,Pabay,29_11_2021,29,11,2021,reads,15537.5,no,0.051488335,invertebrate environmental sample.17,,0.051488335
Saccharina,Pabay_29_11_21_3,Pabay,29_11_2021,29,11,2021,reads,15537.5,no,0.151246983,Tubificoides benedii,,0.151246983
Saccharina,Pabay_29_11_21_3,Pabay,29_11_2021,29,11,2021,reads,15537.5,no,0.057924377,Enchytraeus albidus,,0.057924377
Alaria,Pabay_29_11_21_3,Pabay,29_11_2021,29,11,2021,reads,15537.5,Polychaeta,0.14159292,Trichobranchus glacialis,,0.14159292
Saccharina,Pabay_29_11_21_3,Pabay,29_11_2021,29,11,2021,reads,15537.5,Polychaeta,0.14159292,Trichobranchus glacialis,,0.14159292
Alaria,Pabay_30_10_21_1,Pabay,30_10_2021,30,10,2021,reads,491,Bryozoa,2.138492872,Electra pilosa,,2.138492872
Saccharina,Pabay_30_10_21_1,Pabay,30_10_2021,30,10,2021,reads,491,Bryozoa,2.138492872,Electra pilosa,,2.138492872
Alaria,Pabay_30_10_21_1,Pabay,30_10_2021,30,10,2021,reads,491,no,1.120162933,Ditylum brightwellii,,1.120162933
Alaria,Pabay_30_10_21_1,Pabay,30_10_2021,30,10,2021,reads,491,no,1.221995927,Guinardia delicatula.7,,1.221995927
Alaria,Pabay_30_10_21_1,Pabay,30_10_2021,30,10,2021,reads,491,no,1.018329939,Chaetoceros socialis.2,,1.018329939
Alaria,Pabay_30_10_21_1,Pabay,30_10_2021,30,10,2021,reads,491,no,0.814663951,Minutocellus polymorphus.7,,0.814663951
Alaria,Pabay_30_10_21_1,Pabay,30_10_2021,30,10,2021,reads,491,no,0.916496945,Cassiopea xamachana.3,,0.916496945
Alaria,Pabay_30_10_21_1,Pabay,30_10_2021,30,10,2021,reads,491,no,4.582484725,Urodasys sp. 114a.2,,4.582484725
Alaria,Pabay_30_10_21_1,Pabay,30_10_2021,30,10,2021,reads,491,no,3.054989817,Monostilifera sp.,,3.054989817
Alaria,Pabay_30_10_21_1,Pabay,30_10_2021,30,10,2021,reads,491,no,1.120162933,Monogononta sp. R35_CoastL,,1.120162933
Alaria,Pabay_30_10_21_1,Pabay,30_10_2021,30,10,2021,reads,491,no,1.018329939,Tripleuchlanis plicata,,1.018329939
Saccharina,Pabay_30_10_21_1,Pabay,30_10_2021,30,10,2021,reads,491,no,1.120162933,Ditylum brightwellii,,1.120162933
Saccharina,Pabay_30_10_21_1,Pabay,30_10_2021,30,10,2021,reads,491,no,1.221995927,Guinardia delicatula.7,,1.221995927
Saccharina,Pabay_30_10_21_1,Pabay,30_10_2021,30,10,2021,reads,491,no,1.018329939,Chaetoceros socialis.2,,1.018329939
Saccharina,Pabay_30_10_21_1,Pabay,30_10_2021,30,10,2021,reads,491,no,0.814663951,Minutocellus polymorphus.7,,0.814663951
Saccharina,Pabay_30_10_21_1,Pabay,30_10_2021,30,10,2021,reads,491,no,0.916496945,Cassiopea xamachana.3,,0.916496945
Saccharina,Pabay_30_10_21_1,Pabay,30_10_2021,30,10,2021,reads,491,no,4.582484725,Urodasys sp. 114a.2,,4.582484725
Saccharina,Pabay_30_10_21_1,Pabay,30_10_2021,30,10,2021,reads,491,no,3.054989817,Monostilifera sp.,,3.054989817
Saccharina,Pabay_30_10_21_1,Pabay,30_10_2021,30,10,2021,reads,491,no,1.120162933,Monogononta sp. R35_CoastL,,1.120162933
Saccharina,Pabay_30_10_21_1,Pabay,30_10_2021,30,10,2021,reads,491,no,1.018329939,Tripleuchlanis plicata,,1.018329939
Alaria,Pabay_30_10_21_3,Pabay,30_10_2021,30,10,2021,reads,11803.5,Bivalvia,0.033888253,Montacutona sigalionidcola.1,,0.033888253
Saccharina,Pabay_30_10_21_3,Pabay,30_10_2021,30,10,2021,reads,11803.5,Bivalvia,0.033888253,Montacutona sigalionidcola.1,,0.033888253
Alaria,Pabay_30_10_21_3,Pabay,30_10_2021,30,10,2021,reads,11803.5,Copepoda,0.097428729,Oithona nana,,0.097428729
Saccharina,Pabay_30_10_21_3,Pabay,30_10_2021,30,10,2021,reads,11803.5,Copepoda,0.097428729,Oithona nana,,0.097428729
Alaria,Pabay_30_10_21_3,Pabay,30_10_2021,30,10,2021,reads,11803.5,Hydrozoa,0.012708095,Tiaropsis multicirrata,,0.012708095
Saccharina,Pabay_30_10_21_3,Pabay,30_10_2021,30,10,2021,reads,11803.5,Hydrozoa,0.012708095,Tiaropsis multicirrata,,0.012708095
Alaria,Pabay_30_10_21_3,Pabay,30_10_2021,30,10,2021,reads,11803.5,Malacostraca,0.173677299,Caridea sp. LPdivOTU7,,0.173677299
Saccharina,Pabay_30_10_21_3,Pabay,30_10_2021,30,10,2021,reads,11803.5,Malacostraca,0.173677299,Caridea sp. LPdivOTU7,,0.173677299
Alaria,Pabay_30_10_21_3,Pabay,30_10_2021,30,10,2021,reads,11803.5,no,0.008472063,Chaetoceros tenuissimus.5,,0.008472063
Alaria,Pabay_30_10_21_3,Pabay,30_10_2021,30,10,2021,reads,11803.5,no,0.059304444,Minutocellus polymorphus.7,,0.059304444
Alaria,Pabay_30_10_21_3,Pabay,30_10_2021,30,10,2021,reads,11803.5,no,0.029652222,Asterias rubens.2,,0.029652222
Alaria,Pabay_30_10_21_3,Pabay,30_10_2021,30,10,2021,reads,11803.5,no,0.059304444,Urodasys sp. 114a.3,,0.059304444
Alaria,Pabay_30_10_21_3,Pabay,30_10_2021,30,10,2021,reads,11803.5,no,0.055068412,Urodasys sp. 114a.15,,0.055068412
Alaria,Pabay_30_10_21_3,Pabay,30_10_2021,30,10,2021,reads,11803.5,no,0.021180158,Urodasys sp. 114a.23,,0.021180158
Alaria,Pabay_30_10_21_3,Pabay,30_10_2021,30,10,2021,reads,11803.5,no,0.097428729,Monostilifera sp..5,,0.097428729
Alaria,Pabay_30_10_21_3,Pabay,30_10_2021,30,10,2021,reads,11803.5,no,0.033888253,Synchaeta vorax,,0.033888253
Alaria,Pabay_30_10_21_3,Pabay,30_10_2021,30,10,2021,reads,11803.5,no,0.012708095,Brachionus rubens,,0.012708095
Alaria,Pabay_30_10_21_3,Pabay,30_10_2021,30,10,2021,reads,11803.5,no,0.008472063,Crustacea environmental sample,,0.008472063
Saccharina,Pabay_30_10_21_3,Pabay,30_10_2021,30,10,2021,reads,11803.5,no,0.008472063,Chaetoceros tenuissimus.5,,0.008472063
Saccharina,Pabay_30_10_21_3,Pabay,30_10_2021,30,10,2021,reads,11803.5,no,0.059304444,Minutocellus polymorphus.7,,0.059304444
Saccharina,Pabay_30_10_21_3,Pabay,30_10_2021,30,10,2021,reads,11803.5,no,0.029652222,Asterias rubens.2,,0.029652222
Saccharina,Pabay_30_10_21_3,Pabay,30_10_2021,30,10,2021,reads,11803.5,no,0.059304444,Urodasys sp. 114a.3,,0.059304444
Saccharina,Pabay_30_10_21_3,Pabay,30_10_2021,30,10,2021,reads,11803.5,no,0.055068412,Urodasys sp. 114a.15,,0.055068412
Saccharina,Pabay_30_10_21_3,Pabay,30_10_2021,30,10,2021,reads,11803.5,no,0.021180158,Urodasys sp. 114a.23,,0.021180158
Saccharina,Pabay_30_10_21_3,Pabay,30_10_2021,30,10,2021,reads,11803.5,no,0.097428729,Monostilifera sp..5,,0.097428729
Saccharina,Pabay_30_10_21_3,Pabay,30_10_2021,30,10,2021,reads,11803.5,no,0.033888253,Synchaeta vorax,,0.033888253
Saccharina,Pabay_30_10_21_3,Pabay,30_10_2021,30,10,2021,reads,11803.5,no,0.012708095,Brachionus rubens,,0.012708095
Saccharina,Pabay_30_10_21_3,Pabay,30_10_2021,30,10,2021,reads,11803.5,no,0.008472063,Crustacea environmental sample,,0.008472063
Alaria,Pabay_30_6_22_1,Pabay,30_6_2022,30,6,2022,reads,60441.5,Bivalvia,0.248173854,Dosinia exoleta,,0.248173854
Alaria,Pabay_30_6_22_1,Pabay,30_6_2022,30,6,2022,reads,60441.5,Bivalvia,0.003308985,Musculus sp. CROBB104.1,,0.003308985
Saccharina,Pabay_30_6_22_1,Pabay,30_6_2022,30,6,2022,reads,60441.5,Bivalvia,0.248173854,Dosinia exoleta,,0.248173854
Saccharina,Pabay_30_6_22_1,Pabay,30_6_2022,30,6,2022,reads,60441.5,Bivalvia,0.003308985,Musculus sp. CROBB104.1,,0.003308985
Alaria,Pabay_30_6_22_1,Pabay,30_6_2022,30,6,2022,reads,60441.5,Branchiopoda,0.057907233,Evadne sp.,,0.057907233
Saccharina,Pabay_30_6_22_1,Pabay,30_6_2022,30,6,2022,reads,60441.5,Branchiopoda,0.057907233,Evadne sp.,,0.057907233
Alaria,Pabay_30_6_22_1,Pabay,30_6_2022,30,6,2022,reads,60441.5,Copepoda,0.023990139,Temora sp.,,0.023990139
Alaria,Pabay_30_6_22_1,Pabay,30_6_2022,30,6,2022,reads,60441.5,Copepoda,0.032262601,Temora sp..2,,0.032262601
Saccharina,Pabay_30_6_22_1,Pabay,30_6_2022,30,6,2022,reads,60441.5,Copepoda,0.023990139,Temora sp.,,0.023990139
Saccharina,Pabay_30_6_22_1,Pabay,30_6_2022,30,6,2022,reads,60441.5,Copepoda,0.032262601,Temora sp..2,,0.032262601
Alaria,Pabay_30_6_22_1,Pabay,30_6_2022,30,6,2022,reads,60441.5,Gastropoda,0.011581447,Rissoa guernei,,0.011581447
Alaria,Pabay_30_6_22_1,Pabay,30_6_2022,30,6,2022,reads,60441.5,Gastropoda,0.032262601,Atlanta ariejansseni,,0.032262601
Alaria,Pabay_30_6_22_1,Pabay,30_6_2022,30,6,2022,reads,60441.5,Gastropoda,0.027299124,Placida dendritica,,0.027299124
Alaria,Pabay_30_6_22_1,Pabay,30_6_2022,30,6,2022,reads,60441.5,Gastropoda,0.014890431,Mitrella moleculina.1,,0.014890431
Saccharina,Pabay_30_6_22_1,Pabay,30_6_2022,30,6,2022,reads,60441.5,Gastropoda,0.011581447,Rissoa guernei,,0.011581447
Saccharina,Pabay_30_6_22_1,Pabay,30_6_2022,30,6,2022,reads,60441.5,Gastropoda,0.032262601,Atlanta ariejansseni,,0.032262601
Saccharina,Pabay_30_6_22_1,Pabay,30_6_2022,30,6,2022,reads,60441.5,Gastropoda,0.027299124,Placida dendritica,,0.027299124
Saccharina,Pabay_30_6_22_1,Pabay,30_6_2022,30,6,2022,reads,60441.5,Gastropoda,0.014890431,Mitrella moleculina.1,,0.014890431
Alaria,Pabay_30_6_22_1,Pabay,30_6_2022,30,6,2022,reads,60441.5,Hydrozoa,1.484079647,Clytia sp. 2 AFC-2016,,1.484079647
Alaria,Pabay_30_6_22_1,Pabay,30_6_2022,30,6,2022,reads,60441.5,Hydrozoa,0.013235939,Obelia dichotoma.3,,0.013235939
Alaria,Pabay_30_6_22_1,Pabay,30_6_2022,30,6,2022,reads,60441.5,Hydrozoa,0.004136231,Clytia sp. 1 SL-2013.3,,0.004136231
Saccharina,Pabay_30_6_22_1,Pabay,30_6_2022,30,6,2022,reads,60441.5,Hydrozoa,1.484079647,Clytia sp. 2 AFC-2016,,1.484079647
Saccharina,Pabay_30_6_22_1,Pabay,30_6_2022,30,6,2022,reads,60441.5,Hydrozoa,0.013235939,Obelia dichotoma.3,,0.013235939
Saccharina,Pabay_30_6_22_1,Pabay,30_6_2022,30,6,2022,reads,60441.5,Hydrozoa,0.004136231,Clytia sp. 1 SL-2013.3,,0.004136231
Alaria,Pabay_30_6_22_1,Pabay,30_6_2022,30,6,2022,reads,60441.5,Malacostraca,0.013235939,Jassa herdmani,,0.013235939
Saccharina,Pabay_30_6_22_1,Pabay,30_6_2022,30,6,2022,reads,60441.5,Malacostraca,0.013235939,Jassa herdmani,,0.013235939
Alaria,Pabay_30_6_22_1,Pabay,30_6_2022,30,6,2022,reads,60441.5,no,0.002481739,Ditylum brightwellii.1,,0.002481739
Alaria,Pabay_30_6_22_1,Pabay,30_6_2022,30,6,2022,reads,60441.5,no,0.001654492,Pinnularia subanglica,,0.001654492
Alaria,Pabay_30_6_22_1,Pabay,30_6_2022,30,6,2022,reads,60441.5,no,0.091824326,Emiliania huxleyi,,0.091824326
Alaria,Pabay_30_6_22_1,Pabay,30_6_2022,30,6,2022,reads,60441.5,no,0.658487959,Skeletonema menzelii,,0.658487959
Alaria,Pabay_30_6_22_1,Pabay,30_6_2022,30,6,2022,reads,60441.5,no,0.002481739,Dinobryon cylindricollarium,,0.002481739
Alaria,Pabay_30_6_22_1,Pabay,30_6_2022,30,6,2022,reads,60441.5,no,0.009099708,Skeletonema potamos,,0.009099708
Alaria,Pabay_30_6_22_1,Pabay,30_6_2022,30,6,2022,reads,60441.5,no,0.004136231,Skeletonema marinoi,,0.004136231
Alaria,Pabay_30_6_22_1,Pabay,30_6_2022,30,6,2022,reads,60441.5,no,0.008272462,Thalassiosira punctigera,,0.008272462
Alaria,Pabay_30_6_22_1,Pabay,30_6_2022,30,6,2022,reads,60441.5,no,0.004963477,Skeletonema menzelii.3,,0.004963477
Alaria,Pabay_30_6_22_1,Pabay,30_6_2022,30,6,2022,reads,60441.5,no,0.059561725,Thalassionema nitzschioides,,0.059561725
Alaria,Pabay_30_6_22_1,Pabay,30_6_2022,30,6,2022,reads,60441.5,no,0.675860129,Ditylum brightwellii.3,,0.675860129
Alaria,Pabay_30_6_22_1,Pabay,30_6_2022,30,6,2022,reads,60441.5,no,0.508756401,Cassiopea xamachana,,0.508756401
Alaria,Pabay_30_6_22_1,Pabay,30_6_2022,30,6,2022,reads,60441.5,no,0.011581447,Urodasys sp. 114a.2,,0.011581447
Alaria,Pabay_30_6_22_1,Pabay,30_6_2022,30,6,2022,reads,60441.5,no,0.031435355,Microstomum compositum,,0.031435355
Alaria,Pabay_30_6_22_1,Pabay,30_6_2022,30,6,2022,reads,60441.5,no,0.055425494,Trichocerca capucina,,0.055425494
Alaria,Pabay_30_6_22_1,Pabay,30_6_2022,30,6,2022,reads,60441.5,no,0.004963477,Monogononta sp. R35_CoastL.2,,0.004963477
Alaria,Pabay_30_6_22_1,Pabay,30_6_2022,30,6,2022,reads,60441.5,no,0.470703077,invertebrate environmental sample,,0.470703077
Alaria,Pabay_30_6_22_1,Pabay,30_6_2022,30,6,2022,reads,60441.5,no,0.006617969,invertebrate environmental sample.26,,0.006617969
Saccharina,Pabay_30_6_22_1,Pabay,30_6_2022,30,6,2022,reads,60441.5,no,0.002481739,Ditylum brightwellii.1,,0.002481739
Saccharina,Pabay_30_6_22_1,Pabay,30_6_2022,30,6,2022,reads,60441.5,no,0.001654492,Pinnularia subanglica,,0.001654492
Saccharina,Pabay_30_6_22_1,Pabay,30_6_2022,30,6,2022,reads,60441.5,no,0.091824326,Emiliania huxleyi,,0.091824326
Saccharina,Pabay_30_6_22_1,Pabay,30_6_2022,30,6,2022,reads,60441.5,no,0.658487959,Skeletonema menzelii,,0.658487959
Saccharina,Pabay_30_6_22_1,Pabay,30_6_2022,30,6,2022,reads,60441.5,no,0.002481739,Dinobryon cylindricollarium,,0.002481739
Saccharina,Pabay_30_6_22_1,Pabay,30_6_2022,30,6,2022,reads,60441.5,no,0.009099708,Skeletonema potamos,,0.009099708
Saccharina,Pabay_30_6_22_1,Pabay,30_6_2022,30,6,2022,reads,60441.5,no,0.004136231,Skeletonema marinoi,,0.004136231
Saccharina,Pabay_30_6_22_1,Pabay,30_6_2022,30,6,2022,reads,60441.5,no,0.008272462,Thalassiosira punctigera,,0.008272462
Saccharina,Pabay_30_6_22_1,Pabay,30_6_2022,30,6,2022,reads,60441.5,no,0.004963477,Skeletonema menzelii.3,,0.004963477
Saccharina,Pabay_30_6_22_1,Pabay,30_6_2022,30,6,2022,reads,60441.5,no,0.059561725,Thalassionema nitzschioides,,0.059561725
Saccharina,Pabay_30_6_22_1,Pabay,30_6_2022,30,6,2022,reads,60441.5,no,0.675860129,Ditylum brightwellii.3,,0.675860129
Saccharina,Pabay_30_6_22_1,Pabay,30_6_2022,30,6,2022,reads,60441.5,no,0.508756401,Cassiopea xamachana,,0.508756401
Saccharina,Pabay_30_6_22_1,Pabay,30_6_2022,30,6,2022,reads,60441.5,no,0.011581447,Urodasys sp. 114a.2,,0.011581447
Saccharina,Pabay_30_6_22_1,Pabay,30_6_2022,30,6,2022,reads,60441.5,no,0.031435355,Microstomum compositum,,0.031435355
Saccharina,Pabay_30_6_22_1,Pabay,30_6_2022,30,6,2022,reads,60441.5,no,0.055425494,Trichocerca capucina,,0.055425494
Saccharina,Pabay_30_6_22_1,Pabay,30_6_2022,30,6,2022,reads,60441.5,no,0.004963477,Monogononta sp. R35_CoastL.2,,0.004963477
Saccharina,Pabay_30_6_22_1,Pabay,30_6_2022,30,6,2022,reads,60441.5,no,0.470703077,invertebrate environmental sample,,0.470703077
Saccharina,Pabay_30_6_22_1,Pabay,30_6_2022,30,6,2022,reads,60441.5,no,0.006617969,invertebrate environmental sample.26,,0.006617969
Alaria,Pabay_30_6_22_2,Pabay,30_6_2022,30,6,2022,reads,1495,Hydrozoa,1.10367893,Aglaophenia tubulifera.2,,1.10367893
Alaria,Pabay_30_6_22_2,Pabay,30_6_2022,30,6,2022,reads,1495,Hydrozoa,0.568561873,Forskalia tholoides,,0.568561873
Saccharina,Pabay_30_6_22_2,Pabay,30_6_2022,30,6,2022,reads,1495,Hydrozoa,1.10367893,Aglaophenia tubulifera.2,,1.10367893
Saccharina,Pabay_30_6_22_2,Pabay,30_6_2022,30,6,2022,reads,1495,Hydrozoa,0.568561873,Forskalia tholoides,,0.568561873
Alaria,Pabay_30_7_22_2,Pabay,30_7_2022,30,7,2022,reads,22251,no,0.0224709,Minutocellus polymorphus.9,,0.0224709
Alaria,Pabay_30_7_22_2,Pabay,30_7_2022,30,7,2022,reads,22251,no,0.05168307,Dimeregramma acutum.2,,0.05168307
Alaria,Pabay_30_7_22_2,Pabay,30_7_2022,30,7,2022,reads,22251,no,0.01348254,Cassiopea xamachana,,0.01348254
Alaria,Pabay_30_7_22_2,Pabay,30_7_2022,30,7,2022,reads,22251,no,0.01348254,Urodasys sp. 114a.21,,0.01348254
Alaria,Pabay_30_7_22_2,Pabay,30_7_2022,30,7,2022,reads,22251,no,0.00449418,Urodasys sp. 114a.27,,0.00449418
Alaria,Pabay_30_7_22_2,Pabay,30_7_2022,30,7,2022,reads,22251,no,5.244708103,invertebrate environmental sample,,5.244708103
Alaria,Pabay_30_7_22_2,Pabay,30_7_2022,30,7,2022,reads,22251,no,0.087636511,invertebrate environmental sample.1,,0.087636511
Saccharina,Pabay_30_7_22_2,Pabay,30_7_2022,30,7,2022,reads,22251,no,0.0224709,Minutocellus polymorphus.9,,0.0224709
Saccharina,Pabay_30_7_22_2,Pabay,30_7_2022,30,7,2022,reads,22251,no,0.05168307,Dimeregramma acutum.2,,0.05168307
Saccharina,Pabay_30_7_22_2,Pabay,30_7_2022,30,7,2022,reads,22251,no,0.01348254,Cassiopea xamachana,,0.01348254
Saccharina,Pabay_30_7_22_2,Pabay,30_7_2022,30,7,2022,reads,22251,no,0.01348254,Urodasys sp. 114a.21,,0.01348254
Saccharina,Pabay_30_7_22_2,Pabay,30_7_2022,30,7,2022,reads,22251,no,0.00449418,Urodasys sp. 114a.27,,0.00449418
Saccharina,Pabay_30_7_22_2,Pabay,30_7_2022,30,7,2022,reads,22251,no,5.244708103,invertebrate environmental sample,,5.244708103
Saccharina,Pabay_30_7_22_2,Pabay,30_7_2022,30,7,2022,reads,22251,no,0.087636511,invertebrate environmental sample.1,,0.087636511
Alaria,Pabay_30_7_22_3,Pabay,30_7_2022,30,7,2022,reads,39995,Branchiopoda,0.162520315,Evadne sp..1,,0.162520315
Alaria,Pabay_30_7_22_3,Pabay,30_7_2022,30,7,2022,reads,39995,Branchiopoda,0.08376047,Evadne sp..2,,0.08376047
Saccharina,Pabay_30_7_22_3,Pabay,30_7_2022,30,7,2022,reads,39995,Branchiopoda,0.162520315,Evadne sp..1,,0.162520315
Saccharina,Pabay_30_7_22_3,Pabay,30_7_2022,30,7,2022,reads,39995,Branchiopoda,0.08376047,Evadne sp..2,,0.08376047
Alaria,Pabay_30_7_22_3,Pabay,30_7_2022,30,7,2022,reads,39995,Hydrozoa,0.048756095,Clytia sp. 2 AFC-2016,,0.048756095
Alaria,Pabay_30_7_22_3,Pabay,30_7_2022,30,7,2022,reads,39995,Hydrozoa,0.118764846,Garveia annulata,,0.118764846
Alaria,Pabay_30_7_22_3,Pabay,30_7_2022,30,7,2022,reads,39995,Hydrozoa,0.051256407,Aglaophenia tubulifera.1,,0.051256407
Alaria,Pabay_30_7_22_3,Pabay,30_7_2022,30,7,2022,reads,39995,Hydrozoa,0.001250156,Clytia sp. 2 AFC-2016.7,,0.001250156
Saccharina,Pabay_30_7_22_3,Pabay,30_7_2022,30,7,2022,reads,39995,Hydrozoa,0.048756095,Clytia sp. 2 AFC-2016,,0.048756095
Saccharina,Pabay_30_7_22_3,Pabay,30_7_2022,30,7,2022,reads,39995,Hydrozoa,0.118764846,Garveia annulata,,0.118764846
Saccharina,Pabay_30_7_22_3,Pabay,30_7_2022,30,7,2022,reads,39995,Hydrozoa,0.051256407,Aglaophenia tubulifera.1,,0.051256407
Saccharina,Pabay_30_7_22_3,Pabay,30_7_2022,30,7,2022,reads,39995,Hydrozoa,0.001250156,Clytia sp. 2 AFC-2016.7,,0.001250156
Alaria,Pabay_30_7_22_3,Pabay,30_7_2022,30,7,2022,reads,39995,no,0.008751094,Phaeocystis globosa.2,,0.008751094
Alaria,Pabay_30_7_22_3,Pabay,30_7_2022,30,7,2022,reads,39995,no,3.207900988,Skeletonema menzelii,,3.207900988
Alaria,Pabay_30_7_22_3,Pabay,30_7_2022,30,7,2022,reads,39995,no,0.141267658,Cyclotella cryptica.1,,0.141267658
Alaria,Pabay_30_7_22_3,Pabay,30_7_2022,30,7,2022,reads,39995,no,0.005000625,Thalassiosira nordenskioeldii,,0.005000625
Alaria,Pabay_30_7_22_3,Pabay,30_7_2022,30,7,2022,reads,39995,no,0.056257032,Cyclotella cryptica.2,,0.056257032
Alaria,Pabay_30_7_22_3,Pabay,30_7_2022,30,7,2022,reads,39995,no,0.011251406,Skeletonema potamos.1,,0.011251406
Alaria,Pabay_30_7_22_3,Pabay,30_7_2022,30,7,2022,reads,39995,no,3.680460058,Minutocellus polymorphus.7,,3.680460058
Alaria,Pabay_30_7_22_3,Pabay,30_7_2022,30,7,2022,reads,39995,no,0.301287661,Ditylum brightwellii.3,,0.301287661
Alaria,Pabay_30_7_22_3,Pabay,30_7_2022,30,7,2022,reads,39995,no,1.512689086,Minutocellus polymorphus.8,,1.512689086
Alaria,Pabay_30_7_22_3,Pabay,30_7_2022,30,7,2022,reads,39995,no,0.758844856,Minutocellus polymorphus.10,,0.758844856
Alaria,Pabay_30_7_22_3,Pabay,30_7_2022,30,7,2022,reads,39995,no,0.283785473,Minutocellus polymorphus.11,,0.283785473
Alaria,Pabay_30_7_22_3,Pabay,30_7_2022,30,7,2022,reads,39995,no,0.688836105,Minutocellus polymorphus.12,,0.688836105
Alaria,Pabay_30_7_22_3,Pabay,30_7_2022,30,7,2022,reads,39995,no,0.198774847,Minutocellus polymorphus.15,,0.198774847
Alaria,Pabay_30_7_22_3,Pabay,30_7_2022,30,7,2022,reads,39995,no,0.128766096,invertebrate environmental sample,,0.128766096
Alaria,Pabay_30_7_22_3,Pabay,30_7_2022,30,7,2022,reads,39995,no,9.82247781,invertebrate environmental sample.1,,9.82247781
Alaria,Pabay_30_7_22_3,Pabay,30_7_2022,30,7,2022,reads,39995,no,0.008751094,invertebrate environmental sample.6,,0.008751094
Alaria,Pabay_30_7_22_3,Pabay,30_7_2022,30,7,2022,reads,39995,no,0.036254532,invertebrate environmental sample.10,,0.036254532
Saccharina,Pabay_30_7_22_3,Pabay,30_7_2022,30,7,2022,reads,39995,no,0.008751094,Phaeocystis globosa.2,,0.008751094
Saccharina,Pabay_30_7_22_3,Pabay,30_7_2022,30,7,2022,reads,39995,no,3.207900988,Skeletonema menzelii,,3.207900988
Saccharina,Pabay_30_7_22_3,Pabay,30_7_2022,30,7,2022,reads,39995,no,0.141267658,Cyclotella cryptica.1,,0.141267658
Saccharina,Pabay_30_7_22_3,Pabay,30_7_2022,30,7,2022,reads,39995,no,0.005000625,Thalassiosira nordenskioeldii,,0.005000625
Saccharina,Pabay_30_7_22_3,Pabay,30_7_2022,30,7,2022,reads,39995,no,0.056257032,Cyclotella cryptica.2,,0.056257032
Saccharina,Pabay_30_7_22_3,Pabay,30_7_2022,30,7,2022,reads,39995,no,0.011251406,Skeletonema potamos.1,,0.011251406
Saccharina,Pabay_30_7_22_3,Pabay,30_7_2022,30,7,2022,reads,39995,no,3.680460058,Minutocellus polymorphus.7,,3.680460058
Saccharina,Pabay_30_7_22_3,Pabay,30_7_2022,30,7,2022,reads,39995,no,0.301287661,Ditylum brightwellii.3,,0.301287661
Saccharina,Pabay_30_7_22_3,Pabay,30_7_2022,30,7,2022,reads,39995,no,1.512689086,Minutocellus polymorphus.8,,1.512689086
Saccharina,Pabay_30_7_22_3,Pabay,30_7_2022,30,7,2022,reads,39995,no,0.758844856,Minutocellus polymorphus.10,,0.758844856
Saccharina,Pabay_30_7_22_3,Pabay,30_7_2022,30,7,2022,reads,39995,no,0.283785473,Minutocellus polymorphus.11,,0.283785473
Saccharina,Pabay_30_7_22_3,Pabay,30_7_2022,30,7,2022,reads,39995,no,0.688836105,Minutocellus polymorphus.12,,0.688836105
Saccharina,Pabay_30_7_22_3,Pabay,30_7_2022,30,7,2022,reads,39995,no,0.198774847,Minutocellus polymorphus.15,,0.198774847
Saccharina,Pabay_30_7_22_3,Pabay,30_7_2022,30,7,2022,reads,39995,no,0.128766096,invertebrate environmental sample,,0.128766096
Saccharina,Pabay_30_7_22_3,Pabay,30_7_2022,30,7,2022,reads,39995,no,9.82247781,invertebrate environmental sample.1,,9.82247781
Saccharina,Pabay_30_7_22_3,Pabay,30_7_2022,30,7,2022,reads,39995,no,0.008751094,invertebrate environmental sample.6,,0.008751094
Saccharina,Pabay_30_7_22_3,Pabay,30_7_2022,30,7,2022,reads,39995,no,0.036254532,invertebrate environmental sample.10,,0.036254532
Alaria,Pabay_7_5_22_1,Pabay,7_5_2022,7,5,2022,reads,16931.5,Copepoda,0.076779966,Ectinosomatidae sp. SR-2019,,0.076779966
Saccharina,Pabay_7_5_22_1,Pabay,7_5_2022,7,5,2022,reads,16931.5,Copepoda,0.076779966,Ectinosomatidae sp. SR-2019,,0.076779966
Alaria,Pabay_7_5_22_1,Pabay,7_5_2022,7,5,2022,reads,16931.5,Gastropoda,0.212621445,Burnupia sp. UGSB 25228,,0.212621445
Saccharina,Pabay_7_5_22_1,Pabay,7_5_2022,7,5,2022,reads,16931.5,Gastropoda,0.212621445,Burnupia sp. UGSB 25228,,0.212621445
Alaria,Pabay_7_5_22_1,Pabay,7_5_2022,7,5,2022,reads,16931.5,Hydrozoa,0.410477512,Clytia sp. 2 AFC-2016,,0.410477512
Alaria,Pabay_7_5_22_1,Pabay,7_5_2022,7,5,2022,reads,16931.5,Hydrozoa,0.197856067,Apatizanclea divergens,,0.197856067
Alaria,Pabay_7_5_22_1,Pabay,7_5_2022,7,5,2022,reads,16931.5,Hydrozoa,0.067920739,Obelia dichotoma.2,,0.067920739
Saccharina,Pabay_7_5_22_1,Pabay,7_5_2022,7,5,2022,reads,16931.5,Hydrozoa,0.410477512,Clytia sp. 2 AFC-2016,,0.410477512
Saccharina,Pabay_7_5_22_1,Pabay,7_5_2022,7,5,2022,reads,16931.5,Hydrozoa,0.197856067,Apatizanclea divergens,,0.197856067
Saccharina,Pabay_7_5_22_1,Pabay,7_5_2022,7,5,2022,reads,16931.5,Hydrozoa,0.067920739,Obelia dichotoma.2,,0.067920739
Alaria,Pabay_7_5_22_1,Pabay,7_5_2022,7,5,2022,reads,16931.5,Malacostraca,0.044296134,Jassa herdmani,,0.044296134
Alaria,Pabay_7_5_22_1,Pabay,7_5_2022,7,5,2022,reads,16931.5,Malacostraca,0.191949916,Aora gracilis,,0.191949916
Saccharina,Pabay_7_5_22_1,Pabay,7_5_2022,7,5,2022,reads,16931.5,Malacostraca,0.044296134,Jassa herdmani,,0.044296134
Saccharina,Pabay_7_5_22_1,Pabay,7_5_2022,7,5,2022,reads,16931.5,Malacostraca,0.191949916,Aora gracilis,,0.191949916
Alaria,Pabay_7_5_22_1,Pabay,7_5_2022,7,5,2022,reads,16931.5,no,0.044296134,Emiliania huxleyi.1,,0.044296134
Alaria,Pabay_7_5_22_1,Pabay,7_5_2022,7,5,2022,reads,16931.5,no,0.307119865,Chaetoceros tenuissimus,,0.307119865
Alaria,Pabay_7_5_22_1,Pabay,7_5_2022,7,5,2022,reads,16931.5,no,0.171278386,Guinardia delicatula,,0.171278386
Alaria,Pabay_7_5_22_1,Pabay,7_5_2022,7,5,2022,reads,16931.5,no,0.109263798,Guinardia delicatula.2,,0.109263798
Alaria,Pabay_7_5_22_1,Pabay,7_5_2022,7,5,2022,reads,16931.5,no,0.109263798,Guinardia striata,,0.109263798
Alaria,Pabay_7_5_22_1,Pabay,7_5_2022,7,5,2022,reads,16931.5,no,0.005906151,Guinardia striata.2,,0.005906151
Alaria,Pabay_7_5_22_1,Pabay,7_5_2022,7,5,2022,reads,16931.5,no,0.017718454,Ditylum brightwellii.3,,0.017718454
Alaria,Pabay_7_5_22_1,Pabay,7_5_2022,7,5,2022,reads,16931.5,no,0.564037445,Cassiopea xamachana,,0.564037445
Alaria,Pabay_7_5_22_1,Pabay,7_5_2022,7,5,2022,reads,16931.5,no,0.313026017,Cassiopea xamachana.1,,0.313026017
Alaria,Pabay_7_5_22_1,Pabay,7_5_2022,7,5,2022,reads,16931.5,no,3.363553141,Asplanchna sieboldii,,3.363553141
Alaria,Pabay_7_5_22_1,Pabay,7_5_2022,7,5,2022,reads,16931.5,no,0.026577681,Monogononta sp. R35_CoastL.1,,0.026577681
Alaria,Pabay_7_5_22_1,Pabay,7_5_2022,7,5,2022,reads,16931.5,no,10.08770635,invertebrate environmental sample,,10.08770635
Saccharina,Pabay_7_5_22_1,Pabay,7_5_2022,7,5,2022,reads,16931.5,no,0.044296134,Emiliania huxleyi.1,,0.044296134
Saccharina,Pabay_7_5_22_1,Pabay,7_5_2022,7,5,2022,reads,16931.5,no,0.307119865,Chaetoceros tenuissimus,,0.307119865
Saccharina,Pabay_7_5_22_1,Pabay,7_5_2022,7,5,2022,reads,16931.5,no,0.171278386,Guinardia delicatula,,0.171278386
Saccharina,Pabay_7_5_22_1,Pabay,7_5_2022,7,5,2022,reads,16931.5,no,0.109263798,Guinardia delicatula.2,,0.109263798
Saccharina,Pabay_7_5_22_1,Pabay,7_5_2022,7,5,2022,reads,16931.5,no,0.109263798,Guinardia striata,,0.109263798
Saccharina,Pabay_7_5_22_1,Pabay,7_5_2022,7,5,2022,reads,16931.5,no,0.005906151,Guinardia striata.2,,0.005906151
Saccharina,Pabay_7_5_22_1,Pabay,7_5_2022,7,5,2022,reads,16931.5,no,0.017718454,Ditylum brightwellii.3,,0.017718454
Saccharina,Pabay_7_5_22_1,Pabay,7_5_2022,7,5,2022,reads,16931.5,no,0.564037445,Cassiopea xamachana,,0.564037445
Saccharina,Pabay_7_5_22_1,Pabay,7_5_2022,7,5,2022,reads,16931.5,no,0.313026017,Cassiopea xamachana.1,,0.313026017
Saccharina,Pabay_7_5_22_1,Pabay,7_5_2022,7,5,2022,reads,16931.5,no,3.363553141,Asplanchna sieboldii,,3.363553141
Saccharina,Pabay_7_5_22_1,Pabay,7_5_2022,7,5,2022,reads,16931.5,no,0.026577681,Monogononta sp. R35_CoastL.1,,0.026577681
Saccharina,Pabay_7_5_22_1,Pabay,7_5_2022,7,5,2022,reads,16931.5,no,10.08770635,invertebrate environmental sample,,10.08770635
Alaria,Pabay_7_5_22_2,Pabay,7_5_2022,7,5,2022,reads,9577.5,Bivalvia,0.292351866,Kurtiella bidentata,,0.292351866
Saccharina,Pabay_7_5_22_2,Pabay,7_5_2022,7,5,2022,reads,9577.5,Bivalvia,0.292351866,Kurtiella bidentata,,0.292351866
Alaria,Pabay_7_5_22_2,Pabay,7_5_2022,7,5,2022,reads,9577.5,Hydrozoa,0.125293657,Clytia sp. 2 AFC-2016,,0.125293657
Saccharina,Pabay_7_5_22_2,Pabay,7_5_2022,7,5,2022,reads,9577.5,Hydrozoa,0.125293657,Clytia sp. 2 AFC-2016,,0.125293657
Alaria,Pabay_7_5_22_2,Pabay,7_5_2022,7,5,2022,reads,9577.5,no,0.078308536,Dimeregramma acutum,,0.078308536
Alaria,Pabay_7_5_22_2,Pabay,7_5_2022,7,5,2022,reads,9577.5,no,0.078308536,Minutocellus polymorphus,,0.078308536
Alaria,Pabay_7_5_22_2,Pabay,7_5_2022,7,5,2022,reads,9577.5,no,0.041764552,Minutocellus polymorphus.4,,0.041764552
Alaria,Pabay_7_5_22_2,Pabay,7_5_2022,7,5,2022,reads,9577.5,no,0.015661707,Chaetoceros tenuissimus,,0.015661707
Alaria,Pabay_7_5_22_2,Pabay,7_5_2022,7,5,2022,reads,9577.5,no,0.031323414,Guinardia delicatula.1,,0.031323414
Alaria,Pabay_7_5_22_2,Pabay,7_5_2022,7,5,2022,reads,9577.5,no,0.015661707,Stephanodiscus cf. minutulus.1,,0.015661707
Alaria,Pabay_7_5_22_2,Pabay,7_5_2022,7,5,2022,reads,9577.5,no,0.031323414,Lithodesmium intricatum.3,,0.031323414
Alaria,Pabay_7_5_22_2,Pabay,7_5_2022,7,5,2022,reads,9577.5,no,0.245366745,Ceriantharia gen. n. sp. n. US-2023,,0.245366745
Alaria,Pabay_7_5_22_2,Pabay,7_5_2022,7,5,2022,reads,9577.5,no,0.083529105,Cassiopea xamachana,,0.083529105
Alaria,Pabay_7_5_22_2,Pabay,7_5_2022,7,5,2022,reads,9577.5,no,0.046985121,Urodasys sp. 114a.19,,0.046985121
Alaria,Pabay_7_5_22_2,Pabay,7_5_2022,7,5,2022,reads,9577.5,no,0.495954059,Monostilifera sp.,,0.495954059
Alaria,Pabay_7_5_22_2,Pabay,7_5_2022,7,5,2022,reads,9577.5,no,0.589924302,Monostilifera sp..1,,0.589924302
Alaria,Pabay_7_5_22_2,Pabay,7_5_2022,7,5,2022,reads,9577.5,no,0.589924302,Monostilifera sp..4,,0.589924302
Alaria,Pabay_7_5_22_2,Pabay,7_5_2022,7,5,2022,reads,9577.5,no,0.020882276,Svenzea sp. 1 PRT-2020,,0.020882276
Alaria,Pabay_7_5_22_2,Pabay,7_5_2022,7,5,2022,reads,9577.5,no,0.041764552,Polyarthra dolichoptera complex sp. UO-2013,,0.041764552
Saccharina,Pabay_7_5_22_2,Pabay,7_5_2022,7,5,2022,reads,9577.5,no,0.078308536,Dimeregramma acutum,,0.078308536
Saccharina,Pabay_7_5_22_2,Pabay,7_5_2022,7,5,2022,reads,9577.5,no,0.078308536,Minutocellus polymorphus,,0.078308536
Saccharina,Pabay_7_5_22_2,Pabay,7_5_2022,7,5,2022,reads,9577.5,no,0.041764552,Minutocellus polymorphus.4,,0.041764552
Saccharina,Pabay_7_5_22_2,Pabay,7_5_2022,7,5,2022,reads,9577.5,no,0.015661707,Chaetoceros tenuissimus,,0.015661707
Saccharina,Pabay_7_5_22_2,Pabay,7_5_2022,7,5,2022,reads,9577.5,no,0.031323414,Guinardia delicatula.1,,0.031323414
Saccharina,Pabay_7_5_22_2,Pabay,7_5_2022,7,5,2022,reads,9577.5,no,0.015661707,Stephanodiscus cf. minutulus.1,,0.015661707
Saccharina,Pabay_7_5_22_2,Pabay,7_5_2022,7,5,2022,reads,9577.5,no,0.031323414,Lithodesmium intricatum.3,,0.031323414
Saccharina,Pabay_7_5_22_2,Pabay,7_5_2022,7,5,2022,reads,9577.5,no,0.245366745,Ceriantharia gen. n. sp. n. US-2023,,0.245366745
Saccharina,Pabay_7_5_22_2,Pabay,7_5_2022,7,5,2022,reads,9577.5,no,0.083529105,Cassiopea xamachana,,0.083529105
Saccharina,Pabay_7_5_22_2,Pabay,7_5_2022,7,5,2022,reads,9577.5,no,0.046985121,Urodasys sp. 114a.19,,0.046985121
Saccharina,Pabay_7_5_22_2,Pabay,7_5_2022,7,5,2022,reads,9577.5,no,0.495954059,Monostilifera sp.,,0.495954059
Saccharina,Pabay_7_5_22_2,Pabay,7_5_2022,7,5,2022,reads,9577.5,no,0.589924302,Monostilifera sp..1,,0.589924302
Saccharina,Pabay_7_5_22_2,Pabay,7_5_2022,7,5,2022,reads,9577.5,no,0.589924302,Monostilifera sp..4,,0.589924302
Saccharina,Pabay_7_5_22_2,Pabay,7_5_2022,7,5,2022,reads,9577.5,no,0.020882276,Svenzea sp. 1 PRT-2020,,0.020882276
Saccharina,Pabay_7_5_22_2,Pabay,7_5_2022,7,5,2022,reads,9577.5,no,0.041764552,Polyarthra dolichoptera complex sp. UO-2013,,0.041764552
Alaria,Pabay_8_2_22_1,Pabay,8_2_2022,8,2,2022,reads,8453,Copepoda,0.023660239,Temora sp.,,0.023660239
Alaria,Pabay_8_2_22_1,Pabay,8_2_2022,8,2,2022,reads,8453,Copepoda,0.112386135,Harpacticus flexus.1,,0.112386135
Saccharina,Pabay_8_2_22_1,Pabay,8_2_2022,8,2,2022,reads,8453,Copepoda,0.023660239,Temora sp.,,0.023660239
Saccharina,Pabay_8_2_22_1,Pabay,8_2_2022,8,2,2022,reads,8453,Copepoda,0.112386135,Harpacticus flexus.1,,0.112386135
Alaria,Pabay_8_2_22_1,Pabay,8_2_2022,8,2,2022,reads,8453,Gastropoda,0.053235538,Neritina canalis,,0.053235538
Saccharina,Pabay_8_2_22_1,Pabay,8_2_2022,8,2,2022,reads,8453,Gastropoda,0.053235538,Neritina canalis,,0.053235538
Alaria,Pabay_8_2_22_1,Pabay,8_2_2022,8,2,2022,reads,8453,Hydrozoa,25.7127647,Clytia sp. 2 AFC-2016,,25.7127647
Alaria,Pabay_8_2_22_1,Pabay,8_2_2022,8,2,2022,reads,8453,Hydrozoa,0.047320478,Aglaophenia tubulifera,,0.047320478
Alaria,Pabay_8_2_22_1,Pabay,8_2_2022,8,2,2022,reads,8453,Hydrozoa,0.017745179,Obelia bidentata,,0.017745179
Saccharina,Pabay_8_2_22_1,Pabay,8_2_2022,8,2,2022,reads,8453,Hydrozoa,25.7127647,Clytia sp. 2 AFC-2016,,25.7127647
Saccharina,Pabay_8_2_22_1,Pabay,8_2_2022,8,2,2022,reads,8453,Hydrozoa,0.047320478,Aglaophenia tubulifera,,0.047320478
Saccharina,Pabay_8_2_22_1,Pabay,8_2_2022,8,2,2022,reads,8453,Hydrozoa,0.017745179,Obelia bidentata,,0.017745179
Alaria,Pabay_8_2_22_1,Pabay,8_2_2022,8,2,2022,reads,8453,no,0.053235538,Minutocellus polymorphus.2,,0.053235538
Alaria,Pabay_8_2_22_1,Pabay,8_2_2022,8,2,2022,reads,8453,no,0.46728972,Skeletonema menzelii,,0.46728972
Alaria,Pabay_8_2_22_1,Pabay,8_2_2022,8,2,2022,reads,8453,no,7.435230096,Thalassionema nitzschioides,,7.435230096
Alaria,Pabay_8_2_22_1,Pabay,8_2_2022,8,2,2022,reads,8453,no,0.153791553,Minutocellus polymorphus.7,,0.153791553
Alaria,Pabay_8_2_22_1,Pabay,8_2_2022,8,2,2022,reads,8453,no,0.289837927,Minutocellus polymorphus.14,,0.289837927
Alaria,Pabay_8_2_22_1,Pabay,8_2_2022,8,2,2022,reads,8453,no,3.288773217,Monostilifera sp.,,3.288773217
Alaria,Pabay_8_2_22_1,Pabay,8_2_2022,8,2,2022,reads,8453,no,0.703892109,Asplanchna sieboldii,,0.703892109
Alaria,Pabay_8_2_22_1,Pabay,8_2_2022,8,2,2022,reads,8453,no,0.035490358,invertebrate environmental sample,,0.035490358
Alaria,Pabay_8_2_22_1,Pabay,8_2_2022,8,2,2022,reads,8453,no,0.011830119,invertebrate environmental sample.30,,0.011830119
Alaria,Pabay_8_2_22_1,Pabay,8_2_2022,8,2,2022,reads,8453,no,5.335383887,Crustacea environmental sample,,5.335383887
Saccharina,Pabay_8_2_22_1,Pabay,8_2_2022,8,2,2022,reads,8453,no,0.053235538,Minutocellus polymorphus.2,,0.053235538
Saccharina,Pabay_8_2_22_1,Pabay,8_2_2022,8,2,2022,reads,8453,no,0.46728972,Skeletonema menzelii,,0.46728972
Saccharina,Pabay_8_2_22_1,Pabay,8_2_2022,8,2,2022,reads,8453,no,7.435230096,Thalassionema nitzschioides,,7.435230096
Saccharina,Pabay_8_2_22_1,Pabay,8_2_2022,8,2,2022,reads,8453,no,0.153791553,Minutocellus polymorphus.7,,0.153791553
Saccharina,Pabay_8_2_22_1,Pabay,8_2_2022,8,2,2022,reads,8453,no,0.289837927,Minutocellus polymorphus.14,,0.289837927
Saccharina,Pabay_8_2_22_1,Pabay,8_2_2022,8,2,2022,reads,8453,no,3.288773217,Monostilifera sp.,,3.288773217
Saccharina,Pabay_8_2_22_1,Pabay,8_2_2022,8,2,2022,reads,8453,no,0.703892109,Asplanchna sieboldii,,0.703892109
Saccharina,Pabay_8_2_22_1,Pabay,8_2_2022,8,2,2022,reads,8453,no,0.035490358,invertebrate environmental sample,,0.035490358
Saccharina,Pabay_8_2_22_1,Pabay,8_2_2022,8,2,2022,reads,8453,no,0.011830119,invertebrate environmental sample.30,,0.011830119
Saccharina,Pabay_8_2_22_1,Pabay,8_2_2022,8,2,2022,reads,8453,no,5.335383887,Crustacea environmental sample,,5.335383887
Alaria,Pabay_8_2_22_2,Pabay,8_2_2022,8,2,2022,reads,3594.5,Copepoda,0.111281124,Temora sp.,,0.111281124
Saccharina,Pabay_8_2_22_2,Pabay,8_2_2022,8,2,2022,reads,3594.5,Copepoda,0.111281124,Temora sp.,,0.111281124
Alaria,Pabay_8_2_22_2,Pabay,8_2_2022,8,2,2022,reads,3594.5,Gastropoda,0.180831826,Therasia thaisa,,0.180831826
Saccharina,Pabay_8_2_22_2,Pabay,8_2_2022,8,2,2022,reads,3594.5,Gastropoda,0.180831826,Therasia thaisa,,0.180831826
Alaria,Pabay_8_2_22_2,Pabay,8_2_2022,8,2,2022,reads,3594.5,Hydrozoa,13.71539853,Clytia sp. 2 AFC-2016,,13.71539853
Alaria,Pabay_8_2_22_2,Pabay,8_2_2022,8,2,2022,reads,3594.5,Hydrozoa,0.041730421,Maresearsia praeclara,,0.041730421
Alaria,Pabay_8_2_22_2,Pabay,8_2_2022,8,2,2022,reads,3594.5,Hydrozoa,0.250382529,Aglaophenia tubulifera,,0.250382529
Alaria,Pabay_8_2_22_2,Pabay,8_2_2022,8,2,2022,reads,3594.5,Hydrozoa,0.069550702,Clytia sp. 2 AFC-2016.5,,0.069550702
Saccharina,Pabay_8_2_22_2,Pabay,8_2_2022,8,2,2022,reads,3594.5,Hydrozoa,13.71539853,Clytia sp. 2 AFC-2016,,13.71539853
Saccharina,Pabay_8_2_22_2,Pabay,8_2_2022,8,2,2022,reads,3594.5,Hydrozoa,0.041730421,Maresearsia praeclara,,0.041730421
Saccharina,Pabay_8_2_22_2,Pabay,8_2_2022,8,2,2022,reads,3594.5,Hydrozoa,0.250382529,Aglaophenia tubulifera,,0.250382529
Saccharina,Pabay_8_2_22_2,Pabay,8_2_2022,8,2,2022,reads,3594.5,Hydrozoa,0.069550702,Clytia sp. 2 AFC-2016.5,,0.069550702
Alaria,Pabay_8_2_22_2,Pabay,8_2_2022,8,2,2022,reads,3594.5,no,0.417304215,Thalassiosira rotula,,0.417304215
Alaria,Pabay_8_2_22_2,Pabay,8_2_2022,8,2,2022,reads,3594.5,no,0.27820281,Thalassiosira rotula.2,,0.27820281
Alaria,Pabay_8_2_22_2,Pabay,8_2_2022,8,2,2022,reads,3594.5,no,0.041730421,Thalassiosira rotula.9,,0.041730421
Alaria,Pabay_8_2_22_2,Pabay,8_2_2022,8,2,2022,reads,3594.5,no,0.598136041,Thalassionema nitzschioides,,0.598136041
Alaria,Pabay_8_2_22_2,Pabay,8_2_2022,8,2,2022,reads,3594.5,no,0.083460843,Monostilifera sp.,,0.083460843
Alaria,Pabay_8_2_22_2,Pabay,8_2_2022,8,2,2022,reads,3594.5,no,2.225622479,Crustacea environmental sample,,2.225622479
Saccharina,Pabay_8_2_22_2,Pabay,8_2_2022,8,2,2022,reads,3594.5,no,0.417304215,Thalassiosira rotula,,0.417304215
Saccharina,Pabay_8_2_22_2,Pabay,8_2_2022,8,2,2022,reads,3594.5,no,0.27820281,Thalassiosira rotula.2,,0.27820281
Saccharina,Pabay_8_2_22_2,Pabay,8_2_2022,8,2,2022,reads,3594.5,no,0.041730421,Thalassiosira rotula.9,,0.041730421
Saccharina,Pabay_8_2_22_2,Pabay,8_2_2022,8,2,2022,reads,3594.5,no,0.598136041,Thalassionema nitzschioides,,0.598136041
Saccharina,Pabay_8_2_22_2,Pabay,8_2_2022,8,2,2022,reads,3594.5,no,0.083460843,Monostilifera sp.,,0.083460843
Saccharina,Pabay_8_2_22_2,Pabay,8_2_2022,8,2,2022,reads,3594.5,no,2.225622479,Crustacea environmental sample,,2.225622479
Alaria,Pabay_8_2_22_3,Pabay,8_2_2022,8,2,2022,reads,5686,Copepoda,0.061554696,Temora sp..5,,0.061554696
Alaria,Pabay_8_2_22_3,Pabay,8_2_2022,8,2,2022,reads,5686,Copepoda,0.035174112,Temora sp..7,,0.035174112
Alaria,Pabay_8_2_22_3,Pabay,8_2_2022,8,2,2022,reads,5686,Copepoda,0.017587056,Paraeuchaeta sp. KJ753,,0.017587056
Saccharina,Pabay_8_2_22_3,Pabay,8_2_2022,8,2,2022,reads,5686,Copepoda,0.061554696,Temora sp..5,,0.061554696
Saccharina,Pabay_8_2_22_3,Pabay,8_2_2022,8,2,2022,reads,5686,Copepoda,0.035174112,Temora sp..7,,0.035174112
Saccharina,Pabay_8_2_22_3,Pabay,8_2_2022,8,2,2022,reads,5686,Copepoda,0.017587056,Paraeuchaeta sp. KJ753,,0.017587056
Alaria,Pabay_8_2_22_3,Pabay,8_2_2022,8,2,2022,reads,5686,Hydrozoa,24.63946535,Clytia sp. 2 AFC-2016,,24.63946535
Alaria,Pabay_8_2_22_3,Pabay,8_2_2022,8,2,2022,reads,5686,Hydrozoa,0.395708758,Clytia sp. 2 AFC-2016.3,,0.395708758
Saccharina,Pabay_8_2_22_3,Pabay,8_2_2022,8,2,2022,reads,5686,Hydrozoa,24.63946535,Clytia sp. 2 AFC-2016,,24.63946535
Saccharina,Pabay_8_2_22_3,Pabay,8_2_2022,8,2,2022,reads,5686,Hydrozoa,0.395708758,Clytia sp. 2 AFC-2016.3,,0.395708758
Alaria,Pabay_8_2_22_3,Pabay,8_2_2022,8,2,2022,reads,5686,no,0.589166374,Skeletonema menzelii,,0.589166374
Alaria,Pabay_8_2_22_3,Pabay,8_2_2022,8,2,2022,reads,5686,no,0.105522336,Thalassiosira rotula.5,,0.105522336
Alaria,Pabay_8_2_22_3,Pabay,8_2_2022,8,2,2022,reads,5686,no,6.8237777,Thalassionema nitzschioides,,6.8237777
Alaria,Pabay_8_2_22_3,Pabay,8_2_2022,8,2,2022,reads,5686,no,0.43088287,Minutocellus polymorphus.7,,0.43088287
Alaria,Pabay_8_2_22_3,Pabay,8_2_2022,8,2,2022,reads,5686,no,0.307773479,Minutocellus polymorphus.20,,0.307773479
Alaria,Pabay_8_2_22_3,Pabay,8_2_2022,8,2,2022,reads,5686,no,0.940907492,Monostilifera sp.,,0.940907492
Alaria,Pabay_8_2_22_3,Pabay,8_2_2022,8,2,2022,reads,5686,no,0.932113964,Asplanchna sieboldii,,0.932113964
Alaria,Pabay_8_2_22_3,Pabay,8_2_2022,8,2,2022,reads,5686,no,1.55645445,Crustacea environmental sample,,1.55645445
Saccharina,Pabay_8_2_22_3,Pabay,8_2_2022,8,2,2022,reads,5686,no,0.589166374,Skeletonema menzelii,,0.589166374
Saccharina,Pabay_8_2_22_3,Pabay,8_2_2022,8,2,2022,reads,5686,no,0.105522336,Thalassiosira rotula.5,,0.105522336
Saccharina,Pabay_8_2_22_3,Pabay,8_2_2022,8,2,2022,reads,5686,no,6.8237777,Thalassionema nitzschioides,,6.8237777
Saccharina,Pabay_8_2_22_3,Pabay,8_2_2022,8,2,2022,reads,5686,no,0.43088287,Minutocellus polymorphus.7,,0.43088287
Saccharina,Pabay_8_2_22_3,Pabay,8_2_2022,8,2,2022,reads,5686,no,0.307773479,Minutocellus polymorphus.20,,0.307773479
Saccharina,Pabay_8_2_22_3,Pabay,8_2_2022,8,2,2022,reads,5686,no,0.940907492,Monostilifera sp.,,0.940907492
Saccharina,Pabay_8_2_22_3,Pabay,8_2_2022,8,2,2022,reads,5686,no,0.932113964,Asplanchna sieboldii,,0.932113964
Saccharina,Pabay_8_2_22_3,Pabay,8_2_2022,8,2,2022,reads,5686,no,1.55645445,Crustacea environmental sample,,1.55645445
Alaria,Pabay_8_3_22_1,Pabay,8_3_2022,8,3,2022,reads,18127.5,Balanidae,1.677010068,Semibalanus balanoides,,1.677010068
Saccharina,Pabay_8_3_22_1,Pabay,8_3_2022,8,3,2022,reads,18127.5,Balanidae,1.677010068,Semibalanus balanoides,,1.677010068
Alaria,Pabay_8_3_22_1,Pabay,8_3_2022,8,3,2022,reads,18127.5,Bryozoa,0.612329334,Celleporella hyalina,,0.612329334
Alaria,Pabay_8_3_22_1,Pabay,8_3_2022,8,3,2022,reads,18127.5,Bryozoa,0.264791063,Celleporella hyalina.1,,0.264791063
Saccharina,Pabay_8_3_22_1,Pabay,8_3_2022,8,3,2022,reads,18127.5,Bryozoa,0.612329334,Celleporella hyalina,,0.612329334
Saccharina,Pabay_8_3_22_1,Pabay,8_3_2022,8,3,2022,reads,18127.5,Bryozoa,0.264791063,Celleporella hyalina.1,,0.264791063
Alaria,Pabay_8_3_22_1,Pabay,8_3_2022,8,3,2022,reads,18127.5,Copepoda,1.177768584,Temora sp.,,1.177768584
Saccharina,Pabay_8_3_22_1,Pabay,8_3_2022,8,3,2022,reads,18127.5,Copepoda,1.177768584,Temora sp.,,1.177768584
Alaria,Pabay_8_3_22_1,Pabay,8_3_2022,8,3,2022,reads,18127.5,Gastropoda,0.096538408,Lacuna vincta.1,,0.096538408
Alaria,Pabay_8_3_22_1,Pabay,8_3_2022,8,3,2022,reads,18127.5,Gastropoda,0.082747207,Lacuna vincta.2,,0.082747207
Alaria,Pabay_8_3_22_1,Pabay,8_3_2022,8,3,2022,reads,18127.5,Gastropoda,0.052406565,Doto coronata.1,,0.052406565
Alaria,Pabay_8_3_22_1,Pabay,8_3_2022,8,3,2022,reads,18127.5,Gastropoda,0.046890084,Doto coronata.2,,0.046890084
Saccharina,Pabay_8_3_22_1,Pabay,8_3_2022,8,3,2022,reads,18127.5,Gastropoda,0.096538408,Lacuna vincta.1,,0.096538408
Saccharina,Pabay_8_3_22_1,Pabay,8_3_2022,8,3,2022,reads,18127.5,Gastropoda,0.082747207,Lacuna vincta.2,,0.082747207
Saccharina,Pabay_8_3_22_1,Pabay,8_3_2022,8,3,2022,reads,18127.5,Gastropoda,0.052406565,Doto coronata.1,,0.052406565
Saccharina,Pabay_8_3_22_1,Pabay,8_3_2022,8,3,2022,reads,18127.5,Gastropoda,0.046890084,Doto coronata.2,,0.046890084
Alaria,Pabay_8_3_22_1,Pabay,8_3_2022,8,3,2022,reads,18127.5,Hydrozoa,1.199834506,Clytia sp. 2 AFC-2016,,1.199834506
Alaria,Pabay_8_3_22_1,Pabay,8_3_2022,8,3,2022,reads,18127.5,Hydrozoa,1.572196938,Bougainvillia muscus,,1.572196938
Alaria,Pabay_8_3_22_1,Pabay,8_3_2022,8,3,2022,reads,18127.5,Hydrozoa,0.388911874,Obelia bidentata,,0.388911874
Alaria,Pabay_8_3_22_1,Pabay,8_3_2022,8,3,2022,reads,18127.5,Hydrozoa,0.204109778,Ectopleura larynx,,0.204109778
Alaria,Pabay_8_3_22_1,Pabay,8_3_2022,8,3,2022,reads,18127.5,Hydrozoa,0.046890084,Clytia sp. 2 AFC-2016.2,,0.046890084
Alaria,Pabay_8_3_22_1,Pabay,8_3_2022,8,3,2022,reads,18127.5,Hydrozoa,0.063439526,Obelia bidentata.2,,0.063439526
Alaria,Pabay_8_3_22_1,Pabay,8_3_2022,8,3,2022,reads,18127.5,Hydrozoa,0.11308785,Obelia sp. MZUSP 3356,,0.11308785
Alaria,Pabay_8_3_22_1,Pabay,8_3_2022,8,3,2022,reads,18127.5,Hydrozoa,0.102054889,Halecium sp. BMOO-08734,,0.102054889
Alaria,Pabay_8_3_22_1,Pabay,8_3_2022,8,3,2022,reads,18127.5,Hydrozoa,0.057923045,Eutima mira,,0.057923045
Alaria,Pabay_8_3_22_1,Pabay,8_3_2022,8,3,2022,reads,18127.5,Hydrozoa,0.055164805,Aglaophenia pluma.1,,0.055164805
Saccharina,Pabay_8_3_22_1,Pabay,8_3_2022,8,3,2022,reads,18127.5,Hydrozoa,1.199834506,Clytia sp. 2 AFC-2016,,1.199834506
Saccharina,Pabay_8_3_22_1,Pabay,8_3_2022,8,3,2022,reads,18127.5,Hydrozoa,1.572196938,Bougainvillia muscus,,1.572196938
Saccharina,Pabay_8_3_22_1,Pabay,8_3_2022,8,3,2022,reads,18127.5,Hydrozoa,0.388911874,Obelia bidentata,,0.388911874
Saccharina,Pabay_8_3_22_1,Pabay,8_3_2022,8,3,2022,reads,18127.5,Hydrozoa,0.204109778,Ectopleura larynx,,0.204109778
Saccharina,Pabay_8_3_22_1,Pabay,8_3_2022,8,3,2022,reads,18127.5,Hydrozoa,0.046890084,Clytia sp. 2 AFC-2016.2,,0.046890084
Saccharina,Pabay_8_3_22_1,Pabay,8_3_2022,8,3,2022,reads,18127.5,Hydrozoa,0.063439526,Obelia bidentata.2,,0.063439526
Saccharina,Pabay_8_3_22_1,Pabay,8_3_2022,8,3,2022,reads,18127.5,Hydrozoa,0.11308785,Obelia sp. MZUSP 3356,,0.11308785
Saccharina,Pabay_8_3_22_1,Pabay,8_3_2022,8,3,2022,reads,18127.5,Hydrozoa,0.102054889,Halecium sp. BMOO-08734,,0.102054889
Saccharina,Pabay_8_3_22_1,Pabay,8_3_2022,8,3,2022,reads,18127.5,Hydrozoa,0.057923045,Eutima mira,,0.057923045
Saccharina,Pabay_8_3_22_1,Pabay,8_3_2022,8,3,2022,reads,18127.5,Hydrozoa,0.055164805,Aglaophenia pluma.1,,0.055164805
Alaria,Pabay_8_3_22_1,Pabay,8_3_2022,8,3,2022,reads,18127.5,Malacostraca,0.44959316,Jassa herdmani,,0.44959316
Saccharina,Pabay_8_3_22_1,Pabay,8_3_2022,8,3,2022,reads,18127.5,Malacostraca,0.44959316,Jassa herdmani,,0.44959316
Alaria,Pabay_8_3_22_1,Pabay,8_3_2022,8,3,2022,reads,18127.5,no,0.551648049,Pleurosigma inscriptura,,0.551648049
Alaria,Pabay_8_3_22_1,Pabay,8_3_2022,8,3,2022,reads,18127.5,no,0.289615225,Skeletonema menzelii,,0.289615225
Alaria,Pabay_8_3_22_1,Pabay,8_3_2022,8,3,2022,reads,18127.5,no,0.060681285,Pedospumella sinomuralis,,0.060681285
Alaria,Pabay_8_3_22_1,Pabay,8_3_2022,8,3,2022,reads,18127.5,no,0.085505448,uncultured Kareniaceae,,0.085505448
Alaria,Pabay_8_3_22_1,Pabay,8_3_2022,8,3,2022,reads,18127.5,no,0.157219694,Rhizosolenia setigera,,0.157219694
Alaria,Pabay_8_3_22_1,Pabay,8_3_2022,8,3,2022,reads,18127.5,no,0.038615363,Haslea ostrearia,,0.038615363
Alaria,Pabay_8_3_22_1,Pabay,8_3_2022,8,3,2022,reads,18127.5,no,1.514273893,Minutocellus polymorphus.11,,1.514273893
Alaria,Pabay_8_3_22_1,Pabay,8_3_2022,8,3,2022,reads,18127.5,no,0.049648324,Lithodesmium intricatum.3,,0.049648324
Alaria,Pabay_8_3_22_1,Pabay,8_3_2022,8,3,2022,reads,18127.5,no,0.035857123,Cassiopea xamachana,,0.035857123
Alaria,Pabay_8_3_22_1,Pabay,8_3_2022,8,3,2022,reads,18127.5,no,0.157219694,Hyleoglomeris sp.,,0.157219694
Alaria,Pabay_8_3_22_1,Pabay,8_3_2022,8,3,2022,reads,18127.5,no,0.198593297,Monostilifera sp.,,0.198593297
Alaria,Pabay_8_3_22_1,Pabay,8_3_2022,8,3,2022,reads,18127.5,no,0.220659219,invertebrate environmental sample,,0.220659219
Saccharina,Pabay_8_3_22_1,Pabay,8_3_2022,8,3,2022,reads,18127.5,no,0.551648049,Pleurosigma inscriptura,,0.551648049
Saccharina,Pabay_8_3_22_1,Pabay,8_3_2022,8,3,2022,reads,18127.5,no,0.289615225,Skeletonema menzelii,,0.289615225
Saccharina,Pabay_8_3_22_1,Pabay,8_3_2022,8,3,2022,reads,18127.5,no,0.060681285,Pedospumella sinomuralis,,0.060681285
Saccharina,Pabay_8_3_22_1,Pabay,8_3_2022,8,3,2022,reads,18127.5,no,0.085505448,uncultured Kareniaceae,,0.085505448
Saccharina,Pabay_8_3_22_1,Pabay,8_3_2022,8,3,2022,reads,18127.5,no,0.157219694,Rhizosolenia setigera,,0.157219694
Saccharina,Pabay_8_3_22_1,Pabay,8_3_2022,8,3,2022,reads,18127.5,no,0.038615363,Haslea ostrearia,,0.038615363
Saccharina,Pabay_8_3_22_1,Pabay,8_3_2022,8,3,2022,reads,18127.5,no,1.514273893,Minutocellus polymorphus.11,,1.514273893
Saccharina,Pabay_8_3_22_1,Pabay,8_3_2022,8,3,2022,reads,18127.5,no,0.049648324,Lithodesmium intricatum.3,,0.049648324
Saccharina,Pabay_8_3_22_1,Pabay,8_3_2022,8,3,2022,reads,18127.5,no,0.035857123,Cassiopea xamachana,,0.035857123
Saccharina,Pabay_8_3_22_1,Pabay,8_3_2022,8,3,2022,reads,18127.5,no,0.157219694,Hyleoglomeris sp.,,0.157219694
Saccharina,Pabay_8_3_22_1,Pabay,8_3_2022,8,3,2022,reads,18127.5,no,0.198593297,Monostilifera sp.,,0.198593297
Saccharina,Pabay_8_3_22_1,Pabay,8_3_2022,8,3,2022,reads,18127.5,no,0.220659219,invertebrate environmental sample,,0.220659219
Alaria,Pabay_8_3_22_1,Pabay,8_3_2022,8,3,2022,reads,18127.5,Polychaeta,0.044131844,Rhizorhagium arenosum,,0.044131844
Saccharina,Pabay_8_3_22_1,Pabay,8_3_2022,8,3,2022,reads,18127.5,Polychaeta,0.044131844,Rhizorhagium arenosum,,0.044131844
Alaria,Pabay_8_3_22_2,Pabay,8_3_2022,8,3,2022,reads,12718,Balanidae,0.086491587,Semibalanus balanoides.5,,0.086491587
Saccharina,Pabay_8_3_22_2,Pabay,8_3_2022,8,3,2022,reads,12718,Balanidae,0.086491587,Semibalanus balanoides.5,,0.086491587
Alaria,Pabay_8_3_22_2,Pabay,8_3_2022,8,3,2022,reads,12718,Hydrozoa,0.098285894,Clytia sp. 2 AFC-2016,,0.098285894
Alaria,Pabay_8_3_22_2,Pabay,8_3_2022,8,3,2022,reads,12718,Hydrozoa,0.165120302,Maresearsia praeclara,,0.165120302
Alaria,Pabay_8_3_22_2,Pabay,8_3_2022,8,3,2022,reads,12718,Hydrozoa,0.904230225,Aglaophenia pluma,,0.904230225
Alaria,Pabay_8_3_22_2,Pabay,8_3_2022,8,3,2022,reads,12718,Hydrozoa,0.12973738,Garveia annulata.1,,0.12973738
Alaria,Pabay_8_3_22_2,Pabay,8_3_2022,8,3,2022,reads,12718,Hydrozoa,0.007862872,Praya dubia,,0.007862872
Saccharina,Pabay_8_3_22_2,Pabay,8_3_2022,8,3,2022,reads,12718,Hydrozoa,0.098285894,Clytia sp. 2 AFC-2016,,0.098285894
Saccharina,Pabay_8_3_22_2,Pabay,8_3_2022,8,3,2022,reads,12718,Hydrozoa,0.165120302,Maresearsia praeclara,,0.165120302
Saccharina,Pabay_8_3_22_2,Pabay,8_3_2022,8,3,2022,reads,12718,Hydrozoa,0.904230225,Aglaophenia pluma,,0.904230225
Saccharina,Pabay_8_3_22_2,Pabay,8_3_2022,8,3,2022,reads,12718,Hydrozoa,0.12973738,Garveia annulata.1,,0.12973738
Saccharina,Pabay_8_3_22_2,Pabay,8_3_2022,8,3,2022,reads,12718,Hydrozoa,0.007862872,Praya dubia,,0.007862872
Alaria,Pabay_8_3_22_2,Pabay,8_3_2022,8,3,2022,reads,12718,no,2.087592389,Skeletonema menzelii,,2.087592389
Alaria,Pabay_8_3_22_2,Pabay,8_3_2022,8,3,2022,reads,12718,no,0.023588615,Minutocellus polymorphus.10,,0.023588615
Alaria,Pabay_8_3_22_2,Pabay,8_3_2022,8,3,2022,reads,12718,no,0.015725743,Minutocellus polymorphus.11,,0.015725743
Alaria,Pabay_8_3_22_2,Pabay,8_3_2022,8,3,2022,reads,12718,no,0.047177229,Ditylum brightwellii.4,,0.047177229
Alaria,Pabay_8_3_22_2,Pabay,8_3_2022,8,3,2022,reads,12718,no,0.043245793,Cassiopea xamachana,,0.043245793
Alaria,Pabay_8_3_22_2,Pabay,8_3_2022,8,3,2022,reads,12718,no,0.007862872,Cassiopea sp. PGNIMCP,,0.007862872
Alaria,Pabay_8_3_22_2,Pabay,8_3_2022,8,3,2022,reads,12718,no,0.420663626,Urodasys sp. 114a.9,,0.420663626
Alaria,Pabay_8_3_22_2,Pabay,8_3_2022,8,3,2022,reads,12718,no,0.047177229,Antichiropus sp. DIP147,,0.047177229
Alaria,Pabay_8_3_22_2,Pabay,8_3_2022,8,3,2022,reads,12718,no,0.058971536,Monostilifera sp.,,0.058971536
Alaria,Pabay_8_3_22_2,Pabay,8_3_2022,8,3,2022,reads,12718,no,0.121874509,Monostilifera sp..1,,0.121874509
Alaria,Pabay_8_3_22_2,Pabay,8_3_2022,8,3,2022,reads,12718,no,9.172039629,invertebrate environmental sample,,9.172039629
Alaria,Pabay_8_3_22_2,Pabay,8_3_2022,8,3,2022,reads,12718,no,0.062902972,Cernosvitoviella minor.1,,0.062902972
Alaria,Pabay_8_3_22_2,Pabay,8_3_2022,8,3,2022,reads,12718,no,0.023588615,Cernosvitoviella pusilla,,0.023588615
Saccharina,Pabay_8_3_22_2,Pabay,8_3_2022,8,3,2022,reads,12718,no,2.087592389,Skeletonema menzelii,,2.087592389
Saccharina,Pabay_8_3_22_2,Pabay,8_3_2022,8,3,2022,reads,12718,no,0.023588615,Minutocellus polymorphus.10,,0.023588615
Saccharina,Pabay_8_3_22_2,Pabay,8_3_2022,8,3,2022,reads,12718,no,0.015725743,Minutocellus polymorphus.11,,0.015725743
Saccharina,Pabay_8_3_22_2,Pabay,8_3_2022,8,3,2022,reads,12718,no,0.047177229,Ditylum brightwellii.4,,0.047177229
Saccharina,Pabay_8_3_22_2,Pabay,8_3_2022,8,3,2022,reads,12718,no,0.043245793,Cassiopea xamachana,,0.043245793
Saccharina,Pabay_8_3_22_2,Pabay,8_3_2022,8,3,2022,reads,12718,no,0.007862872,Cassiopea sp. PGNIMCP,,0.007862872
Saccharina,Pabay_8_3_22_2,Pabay,8_3_2022,8,3,2022,reads,12718,no,0.420663626,Urodasys sp. 114a.9,,0.420663626
Saccharina,Pabay_8_3_22_2,Pabay,8_3_2022,8,3,2022,reads,12718,no,0.047177229,Antichiropus sp. DIP147,,0.047177229
Saccharina,Pabay_8_3_22_2,Pabay,8_3_2022,8,3,2022,reads,12718,no,0.058971536,Monostilifera sp.,,0.058971536
Saccharina,Pabay_8_3_22_2,Pabay,8_3_2022,8,3,2022,reads,12718,no,0.121874509,Monostilifera sp..1,,0.121874509
Saccharina,Pabay_8_3_22_2,Pabay,8_3_2022,8,3,2022,reads,12718,no,9.172039629,invertebrate environmental sample,,9.172039629
Saccharina,Pabay_8_3_22_2,Pabay,8_3_2022,8,3,2022,reads,12718,no,0.062902972,Cernosvitoviella minor.1,,0.062902972
Saccharina,Pabay_8_3_22_2,Pabay,8_3_2022,8,3,2022,reads,12718,no,0.023588615,Cernosvitoviella pusilla,,0.023588615
Alaria,Pabay_8_3_22_2,Pabay,8_3_2022,8,3,2022,reads,12718,Polychaeta,0.538606699,Lanice conchilega,,0.538606699
Alaria,Pabay_8_3_22_2,Pabay,8_3_2022,8,3,2022,reads,12718,Polychaeta,0.243749017,Lanice conchilega.3,,0.243749017
Saccharina,Pabay_8_3_22_2,Pabay,8_3_2022,8,3,2022,reads,12718,Polychaeta,0.538606699,Lanice conchilega,,0.538606699
Saccharina,Pabay_8_3_22_2,Pabay,8_3_2022,8,3,2022,reads,12718,Polychaeta,0.243749017,Lanice conchilega.3,,0.243749017
Alaria,Pabay_8_3_22_3,Pabay,8_3_2022,8,3,2022,reads,27323,Balanidae,11.3622223,Semibalanus balanoides,,11.3622223
Alaria,Pabay_8_3_22_3,Pabay,8_3_2022,8,3,2022,reads,27323,Balanidae,0.064048604,Semibalanus balanoides.1,,0.064048604
Alaria,Pabay_8_3_22_3,Pabay,8_3_2022,8,3,2022,reads,27323,Balanidae,0.058558723,Semibalanus balanoides.2,,0.058558723
Alaria,Pabay_8_3_22_3,Pabay,8_3_2022,8,3,2022,reads,27323,Balanidae,0.053068843,Semibalanus balanoides.3,,0.053068843
Alaria,Pabay_8_3_22_3,Pabay,8_3_2022,8,3,2022,reads,27323,Balanidae,0.053068843,Semibalanus balanoides.4,,0.053068843
Alaria,Pabay_8_3_22_3,Pabay,8_3_2022,8,3,2022,reads,27323,Balanidae,0.036599202,Semibalanus balanoides.6,,0.036599202
Alaria,Pabay_8_3_22_3,Pabay,8_3_2022,8,3,2022,reads,27323,Balanidae,0.034769242,Semibalanus balanoides.7,,0.034769242
Alaria,Pabay_8_3_22_3,Pabay,8_3_2022,8,3,2022,reads,27323,Balanidae,0.032939282,Semibalanus balanoides.8,,0.032939282
Alaria,Pabay_8_3_22_3,Pabay,8_3_2022,8,3,2022,reads,27323,Balanidae,0.032939282,Semibalanus balanoides.9,,0.032939282
Alaria,Pabay_8_3_22_3,Pabay,8_3_2022,8,3,2022,reads,27323,Balanidae,0.032939282,Semibalanus balanoides.10,,0.032939282
Alaria,Pabay_8_3_22_3,Pabay,8_3_2022,8,3,2022,reads,27323,Balanidae,0.025619441,Semibalanus balanoides.11,,0.025619441
Alaria,Pabay_8_3_22_3,Pabay,8_3_2022,8,3,2022,reads,27323,Balanidae,0.023789481,Semibalanus balanoides.12,,0.023789481
Alaria,Pabay_8_3_22_3,Pabay,8_3_2022,8,3,2022,reads,27323,Balanidae,0.021959521,Semibalanus balanoides.13,,0.021959521
Alaria,Pabay_8_3_22_3,Pabay,8_3_2022,8,3,2022,reads,27323,Balanidae,0.018299601,Semibalanus balanoides.14,,0.018299601
Alaria,Pabay_8_3_22_3,Pabay,8_3_2022,8,3,2022,reads,27323,Balanidae,0.016469641,Balanus crenatus.2,,0.016469641
Alaria,Pabay_8_3_22_3,Pabay,8_3_2022,8,3,2022,reads,27323,Balanidae,0.00731984,Semibalanus balanoides.15,,0.00731984
Alaria,Pabay_8_3_22_3,Pabay,8_3_2022,8,3,2022,reads,27323,Balanidae,0.00365992,Semibalanus balanoides.16,,0.00365992
Alaria,Pabay_8_3_22_3,Pabay,8_3_2022,8,3,2022,reads,27323,Balanidae,0.00182996,Semibalanus balanoides.17,,0.00182996
Alaria,Pabay_8_3_22_3,Pabay,8_3_2022,8,3,2022,reads,27323,Balanidae,0.00182996,Semibalanus balanoides.18,,0.00182996
Alaria,Pabay_8_3_22_3,Pabay,8_3_2022,8,3,2022,reads,27323,Balanidae,0.00182996,Semibalanus balanoides.19,,0.00182996
Alaria,Pabay_8_3_22_3,Pabay,8_3_2022,8,3,2022,reads,27323,Balanidae,0.00182996,Semibalanus balanoides.20,,0.00182996
Alaria,Pabay_8_3_22_3,Pabay,8_3_2022,8,3,2022,reads,27323,Balanidae,0.00182996,Semibalanus balanoides.21,,0.00182996
Saccharina,Pabay_8_3_22_3,Pabay,8_3_2022,8,3,2022,reads,27323,Balanidae,11.3622223,Semibalanus balanoides,,11.3622223
Saccharina,Pabay_8_3_22_3,Pabay,8_3_2022,8,3,2022,reads,27323,Balanidae,0.064048604,Semibalanus balanoides.1,,0.064048604
Saccharina,Pabay_8_3_22_3,Pabay,8_3_2022,8,3,2022,reads,27323,Balanidae,0.058558723,Semibalanus balanoides.2,,0.058558723
Saccharina,Pabay_8_3_22_3,Pabay,8_3_2022,8,3,2022,reads,27323,Balanidae,0.053068843,Semibalanus balanoides.3,,0.053068843
Saccharina,Pabay_8_3_22_3,Pabay,8_3_2022,8,3,2022,reads,27323,Balanidae,0.053068843,Semibalanus balanoides.4,,0.053068843
Saccharina,Pabay_8_3_22_3,Pabay,8_3_2022,8,3,2022,reads,27323,Balanidae,0.036599202,Semibalanus balanoides.6,,0.036599202
Saccharina,Pabay_8_3_22_3,Pabay,8_3_2022,8,3,2022,reads,27323,Balanidae,0.034769242,Semibalanus balanoides.7,,0.034769242
Saccharina,Pabay_8_3_22_3,Pabay,8_3_2022,8,3,2022,reads,27323,Balanidae,0.032939282,Semibalanus balanoides.8,,0.032939282
Saccharina,Pabay_8_3_22_3,Pabay,8_3_2022,8,3,2022,reads,27323,Balanidae,0.032939282,Semibalanus balanoides.9,,0.032939282
Saccharina,Pabay_8_3_22_3,Pabay,8_3_2022,8,3,2022,reads,27323,Balanidae,0.032939282,Semibalanus balanoides.10,,0.032939282
Saccharina,Pabay_8_3_22_3,Pabay,8_3_2022,8,3,2022,reads,27323,Balanidae,0.025619441,Semibalanus balanoides.11,,0.025619441
Saccharina,Pabay_8_3_22_3,Pabay,8_3_2022,8,3,2022,reads,27323,Balanidae,0.023789481,Semibalanus balanoides.12,,0.023789481
Saccharina,Pabay_8_3_22_3,Pabay,8_3_2022,8,3,2022,reads,27323,Balanidae,0.021959521,Semibalanus balanoides.13,,0.021959521
Saccharina,Pabay_8_3_22_3,Pabay,8_3_2022,8,3,2022,reads,27323,Balanidae,0.018299601,Semibalanus balanoides.14,,0.018299601
Saccharina,Pabay_8_3_22_3,Pabay,8_3_2022,8,3,2022,reads,27323,Balanidae,0.016469641,Balanus crenatus.2,,0.016469641
Saccharina,Pabay_8_3_22_3,Pabay,8_3_2022,8,3,2022,reads,27323,Balanidae,0.00731984,Semibalanus balanoides.15,,0.00731984
Saccharina,Pabay_8_3_22_3,Pabay,8_3_2022,8,3,2022,reads,27323,Balanidae,0.00365992,Semibalanus balanoides.16,,0.00365992
Saccharina,Pabay_8_3_22_3,Pabay,8_3_2022,8,3,2022,reads,27323,Balanidae,0.00182996,Semibalanus balanoides.17,,0.00182996
Saccharina,Pabay_8_3_22_3,Pabay,8_3_2022,8,3,2022,reads,27323,Balanidae,0.00182996,Semibalanus balanoides.18,,0.00182996
Saccharina,Pabay_8_3_22_3,Pabay,8_3_2022,8,3,2022,reads,27323,Balanidae,0.00182996,Semibalanus balanoides.19,,0.00182996
Saccharina,Pabay_8_3_22_3,Pabay,8_3_2022,8,3,2022,reads,27323,Balanidae,0.00182996,Semibalanus balanoides.20,,0.00182996
Saccharina,Pabay_8_3_22_3,Pabay,8_3_2022,8,3,2022,reads,27323,Balanidae,0.00182996,Semibalanus balanoides.21,,0.00182996
Alaria,Pabay_8_3_22_3,Pabay,8_3_2022,8,3,2022,reads,27323,Bryozoa,0.018299601,Celleporella hyalina,,0.018299601
Saccharina,Pabay_8_3_22_3,Pabay,8_3_2022,8,3,2022,reads,27323,Bryozoa,0.018299601,Celleporella hyalina,,0.018299601
Alaria,Pabay_8_3_22_3,Pabay,8_3_2022,8,3,2022,reads,27323,Gastropoda,0.075028364,Glyptophysa sp. 11 PGA-2018,,0.075028364
Alaria,Pabay_8_3_22_3,Pabay,8_3_2022,8,3,2022,reads,27323,Gastropoda,0.029279362,Mitrella moleculina.2,,0.029279362
Saccharina,Pabay_8_3_22_3,Pabay,8_3_2022,8,3,2022,reads,27323,Gastropoda,0.075028364,Glyptophysa sp. 11 PGA-2018,,0.075028364
Saccharina,Pabay_8_3_22_3,Pabay,8_3_2022,8,3,2022,reads,27323,Gastropoda,0.029279362,Mitrella moleculina.2,,0.029279362
Alaria,Pabay_8_3_22_3,Pabay,8_3_2022,8,3,2022,reads,27323,Hydrozoa,0.248874575,Clytia sp. 2 AFC-2016,,0.248874575
Alaria,Pabay_8_3_22_3,Pabay,8_3_2022,8,3,2022,reads,27323,Hydrozoa,1.050397101,Bougainvillia muscus,,1.050397101
Alaria,Pabay_8_3_22_3,Pabay,8_3_2022,8,3,2022,reads,27323,Hydrozoa,0.106137686,Maresearsia praeclara,,0.106137686
Alaria,Pabay_8_3_22_3,Pabay,8_3_2022,8,3,2022,reads,27323,Hydrozoa,0.060388684,Bougainvillia muscus.4,,0.060388684
Alaria,Pabay_8_3_22_3,Pabay,8_3_2022,8,3,2022,reads,27323,Hydrozoa,0.040259122,Sarsia tubulosa.1,,0.040259122
Alaria,Pabay_8_3_22_3,Pabay,8_3_2022,8,3,2022,reads,27323,Hydrozoa,0.029279362,Bougainvillia muscus.6,,0.029279362
Alaria,Pabay_8_3_22_3,Pabay,8_3_2022,8,3,2022,reads,27323,Hydrozoa,0.018299601,Clytia sp. 1 SL-2013.1,,0.018299601
Saccharina,Pabay_8_3_22_3,Pabay,8_3_2022,8,3,2022,reads,27323,Hydrozoa,0.248874575,Clytia sp. 2 AFC-2016,,0.248874575
Saccharina,Pabay_8_3_22_3,Pabay,8_3_2022,8,3,2022,reads,27323,Hydrozoa,1.050397101,Bougainvillia muscus,,1.050397101
Saccharina,Pabay_8_3_22_3,Pabay,8_3_2022,8,3,2022,reads,27323,Hydrozoa,0.106137686,Maresearsia praeclara,,0.106137686
Saccharina,Pabay_8_3_22_3,Pabay,8_3_2022,8,3,2022,reads,27323,Hydrozoa,0.060388684,Bougainvillia muscus.4,,0.060388684
Saccharina,Pabay_8_3_22_3,Pabay,8_3_2022,8,3,2022,reads,27323,Hydrozoa,0.040259122,Sarsia tubulosa.1,,0.040259122
Saccharina,Pabay_8_3_22_3,Pabay,8_3_2022,8,3,2022,reads,27323,Hydrozoa,0.029279362,Bougainvillia muscus.6,,0.029279362
Saccharina,Pabay_8_3_22_3,Pabay,8_3_2022,8,3,2022,reads,27323,Hydrozoa,0.018299601,Clytia sp. 1 SL-2013.1,,0.018299601
Alaria,Pabay_8_3_22_3,Pabay,8_3_2022,8,3,2022,reads,27323,Malacostraca,1.414559163,Jassa herdmani,,1.414559163
Alaria,Pabay_8_3_22_3,Pabay,8_3_2022,8,3,2022,reads,27323,Malacostraca,0.17933609,Jassa herdmani.5,,0.17933609
Alaria,Pabay_8_3_22_3,Pabay,8_3_2022,8,3,2022,reads,27323,Malacostraca,0.124437287,Jassa herdmani.6,,0.124437287
Saccharina,Pabay_8_3_22_3,Pabay,8_3_2022,8,3,2022,reads,27323,Malacostraca,1.414559163,Jassa herdmani,,1.414559163
Saccharina,Pabay_8_3_22_3,Pabay,8_3_2022,8,3,2022,reads,27323,Malacostraca,0.17933609,Jassa herdmani.5,,0.17933609
Saccharina,Pabay_8_3_22_3,Pabay,8_3_2022,8,3,2022,reads,27323,Malacostraca,0.124437287,Jassa herdmani.6,,0.124437287
Alaria,Pabay_8_3_22_3,Pabay,8_3_2022,8,3,2022,reads,27323,no,0.025619441,Hemiaulus sinensis,,0.025619441
Alaria,Pabay_8_3_22_3,Pabay,8_3_2022,8,3,2022,reads,27323,no,0.014639681,Lithodesmium intricatum.1,,0.014639681
Alaria,Pabay_8_3_22_3,Pabay,8_3_2022,8,3,2022,reads,27323,no,0.010979761,Hemiaulus sinensis.1,,0.010979761
Alaria,Pabay_8_3_22_3,Pabay,8_3_2022,8,3,2022,reads,27323,no,4.099110639,Skeletonema menzelii,,4.099110639
Alaria,Pabay_8_3_22_3,Pabay,8_3_2022,8,3,2022,reads,27323,no,0.133587088,Pedospumella sinomuralis,,0.133587088
Alaria,Pabay_8_3_22_3,Pabay,8_3_2022,8,3,2022,reads,27323,no,0.034769242,Pedospumella sp.,,0.034769242
Alaria,Pabay_8_3_22_3,Pabay,8_3_2022,8,3,2022,reads,27323,no,0.031109322,Pedospumella sp..1,,0.031109322
Alaria,Pabay_8_3_22_3,Pabay,8_3_2022,8,3,2022,reads,27323,no,0.029279362,Pedospumella sp..2,,0.029279362
Alaria,Pabay_8_3_22_3,Pabay,8_3_2022,8,3,2022,reads,27323,no,0.023789481,Pedospumella sp..3,,0.023789481
Alaria,Pabay_8_3_22_3,Pabay,8_3_2022,8,3,2022,reads,27323,no,0.00182996,Pedospumella sp..4,,0.00182996
Alaria,Pabay_8_3_22_3,Pabay,8_3_2022,8,3,2022,reads,27323,no,0.00182996,Pedospumella sp..5,,0.00182996
Alaria,Pabay_8_3_22_3,Pabay,8_3_2022,8,3,2022,reads,27323,no,0.192145811,Skeletonema potamos,,0.192145811
Alaria,Pabay_8_3_22_3,Pabay,8_3_2022,8,3,2022,reads,27323,no,0.020129561,Skeletonema marinoi,,0.020129561
Alaria,Pabay_8_3_22_3,Pabay,8_3_2022,8,3,2022,reads,27323,no,0.064048604,Pleurosigma inscriptura.1,,0.064048604
Alaria,Pabay_8_3_22_3,Pabay,8_3_2022,8,3,2022,reads,27323,no,0.060388684,Pleurosigma sp. mgcode 4,,0.060388684
Alaria,Pabay_8_3_22_3,Pabay,8_3_2022,8,3,2022,reads,27323,no,0.058558723,Skeletonema menzelii.2,,0.058558723
Alaria,Pabay_8_3_22_3,Pabay,8_3_2022,8,3,2022,reads,27323,no,0.034769242,Cyclotella cryptica.3,,0.034769242
Alaria,Pabay_8_3_22_3,Pabay,8_3_2022,8,3,2022,reads,27323,no,0.016469641,Skeletonema menzelii.4,,0.016469641
Alaria,Pabay_8_3_22_3,Pabay,8_3_2022,8,3,2022,reads,27323,no,0.00182996,Skeletonema menzelii.6,,0.00182996
Alaria,Pabay_8_3_22_3,Pabay,8_3_2022,8,3,2022,reads,27323,no,0.053068843,Minutocellus polymorphus.7,,0.053068843
Alaria,Pabay_8_3_22_3,Pabay,8_3_2022,8,3,2022,reads,27323,no,0.042089082,Ditylum brightwellii.3,,0.042089082
Alaria,Pabay_8_3_22_3,Pabay,8_3_2022,8,3,2022,reads,27323,no,0.161036489,Minutocellus polymorphus.10,,0.161036489
Alaria,Pabay_8_3_22_3,Pabay,8_3_2022,8,3,2022,reads,27323,no,0.144566848,Minutocellus polymorphus.11,,0.144566848
Alaria,Pabay_8_3_22_3,Pabay,8_3_2022,8,3,2022,reads,27323,no,0.056728763,Minutocellus polymorphus.14,,0.056728763
Alaria,Pabay_8_3_22_3,Pabay,8_3_2022,8,3,2022,reads,27323,no,0.060388684,Cassiopea xamachana,,0.060388684
Alaria,Pabay_8_3_22_3,Pabay,8_3_2022,8,3,2022,reads,27323,no,0.274494016,Cassiopea xamachana.1,,0.274494016
Alaria,Pabay_8_3_22_3,Pabay,8_3_2022,8,3,2022,reads,27323,no,0.036599202,Urodasys sp. 114a.2,,0.036599202
Alaria,Pabay_8_3_22_3,Pabay,8_3_2022,8,3,2022,reads,27323,no,0.020129561,Urodasys sp. 114a.3,,0.020129561
Alaria,Pabay_8_3_22_3,Pabay,8_3_2022,8,3,2022,reads,27323,no,0.089668045,Urodasys sp. 114a.10,,0.089668045
Alaria,Pabay_8_3_22_3,Pabay,8_3_2022,8,3,2022,reads,27323,no,0.254364455,Chromadoridae sp. 09PROBE-01551,,0.254364455
Alaria,Pabay_8_3_22_3,Pabay,8_3_2022,8,3,2022,reads,27323,no,0.666105479,Monostilifera sp..1,,0.666105479
Alaria,Pabay_8_3_22_3,Pabay,8_3_2022,8,3,2022,reads,27323,no,0.075028364,Euchlanis dilatata.1,,0.075028364
Alaria,Pabay_8_3_22_3,Pabay,8_3_2022,8,3,2022,reads,27323,no,18.82845954,invertebrate environmental sample,,18.82845954
Alaria,Pabay_8_3_22_3,Pabay,8_3_2022,8,3,2022,reads,27323,no,0.161036489,invertebrate environmental sample.5,,0.161036489
Alaria,Pabay_8_3_22_3,Pabay,8_3_2022,8,3,2022,reads,27323,no,0.093327965,invertebrate environmental sample.7,,0.093327965
Alaria,Pabay_8_3_22_3,Pabay,8_3_2022,8,3,2022,reads,27323,no,0.087838085,invertebrate environmental sample.8,,0.087838085
Alaria,Pabay_8_3_22_3,Pabay,8_3_2022,8,3,2022,reads,27323,no,0.049408923,invertebrate environmental sample.11,,0.049408923
Alaria,Pabay_8_3_22_3,Pabay,8_3_2022,8,3,2022,reads,27323,no,0.047578963,invertebrate environmental sample.12,,0.047578963
Alaria,Pabay_8_3_22_3,Pabay,8_3_2022,8,3,2022,reads,27323,no,0.047578963,invertebrate environmental sample.13,,0.047578963
Alaria,Pabay_8_3_22_3,Pabay,8_3_2022,8,3,2022,reads,27323,no,0.040259122,invertebrate environmental sample.15,,0.040259122
Alaria,Pabay_8_3_22_3,Pabay,8_3_2022,8,3,2022,reads,27323,no,0.031109322,invertebrate environmental sample.16,,0.031109322
Alaria,Pabay_8_3_22_3,Pabay,8_3_2022,8,3,2022,reads,27323,no,0.029279362,invertebrate environmental sample.18,,0.029279362
Alaria,Pabay_8_3_22_3,Pabay,8_3_2022,8,3,2022,reads,27323,no,0.021959521,invertebrate environmental sample.21,,0.021959521
Alaria,Pabay_8_3_22_3,Pabay,8_3_2022,8,3,2022,reads,27323,no,0.020129561,invertebrate environmental sample.22,,0.020129561
Alaria,Pabay_8_3_22_3,Pabay,8_3_2022,8,3,2022,reads,27323,no,0.016469641,invertebrate environmental sample.24,,0.016469641
Alaria,Pabay_8_3_22_3,Pabay,8_3_2022,8,3,2022,reads,27323,no,0.016469641,invertebrate environmental sample.25,,0.016469641
Alaria,Pabay_8_3_22_3,Pabay,8_3_2022,8,3,2022,reads,27323,no,0.009149801,invertebrate environmental sample.29,,0.009149801
Alaria,Pabay_8_3_22_3,Pabay,8_3_2022,8,3,2022,reads,27323,no,0.00365992,invertebrate environmental sample.31,,0.00365992
Alaria,Pabay_8_3_22_3,Pabay,8_3_2022,8,3,2022,reads,27323,no,0.00182996,invertebrate environmental sample.32,,0.00182996
Alaria,Pabay_8_3_22_3,Pabay,8_3_2022,8,3,2022,reads,27323,no,0.00182996,invertebrate environmental sample.33,,0.00182996
Alaria,Pabay_8_3_22_3,Pabay,8_3_2022,8,3,2022,reads,27323,no,0.00182996,invertebrate environmental sample.34,,0.00182996
Alaria,Pabay_8_3_22_3,Pabay,8_3_2022,8,3,2022,reads,27323,no,0.00182996,invertebrate environmental sample.35,,0.00182996
Alaria,Pabay_8_3_22_3,Pabay,8_3_2022,8,3,2022,reads,27323,no,0.00182996,invertebrate environmental sample.36,,0.00182996
Alaria,Pabay_8_3_22_3,Pabay,8_3_2022,8,3,2022,reads,27323,no,0.00182996,invertebrate environmental sample.37,,0.00182996
Alaria,Pabay_8_3_22_3,Pabay,8_3_2022,8,3,2022,reads,27323,no,0.00182996,invertebrate environmental sample.38,,0.00182996
Alaria,Pabay_8_3_22_3,Pabay,8_3_2022,8,3,2022,reads,27323,no,0.00182996,invertebrate environmental sample.39,,0.00182996
Saccharina,Pabay_8_3_22_3,Pabay,8_3_2022,8,3,2022,reads,27323,no,0.025619441,Hemiaulus sinensis,,0.025619441
Saccharina,Pabay_8_3_22_3,Pabay,8_3_2022,8,3,2022,reads,27323,no,0.014639681,Lithodesmium intricatum.1,,0.014639681
Saccharina,Pabay_8_3_22_3,Pabay,8_3_2022,8,3,2022,reads,27323,no,0.010979761,Hemiaulus sinensis.1,,0.010979761
Saccharina,Pabay_8_3_22_3,Pabay,8_3_2022,8,3,2022,reads,27323,no,4.099110639,Skeletonema menzelii,,4.099110639
Saccharina,Pabay_8_3_22_3,Pabay,8_3_2022,8,3,2022,reads,27323,no,0.133587088,Pedospumella sinomuralis,,0.133587088
Saccharina,Pabay_8_3_22_3,Pabay,8_3_2022,8,3,2022,reads,27323,no,0.034769242,Pedospumella sp.,,0.034769242
Saccharina,Pabay_8_3_22_3,Pabay,8_3_2022,8,3,2022,reads,27323,no,0.031109322,Pedospumella sp..1,,0.031109322
Saccharina,Pabay_8_3_22_3,Pabay,8_3_2022,8,3,2022,reads,27323,no,0.029279362,Pedospumella sp..2,,0.029279362
Saccharina,Pabay_8_3_22_3,Pabay,8_3_2022,8,3,2022,reads,27323,no,0.023789481,Pedospumella sp..3,,0.023789481
Saccharina,Pabay_8_3_22_3,Pabay,8_3_2022,8,3,2022,reads,27323,no,0.00182996,Pedospumella sp..4,,0.00182996
Saccharina,Pabay_8_3_22_3,Pabay,8_3_2022,8,3,2022,reads,27323,no,0.00182996,Pedospumella sp..5,,0.00182996
Saccharina,Pabay_8_3_22_3,Pabay,8_3_2022,8,3,2022,reads,27323,no,0.192145811,Skeletonema potamos,,0.192145811
Saccharina,Pabay_8_3_22_3,Pabay,8_3_2022,8,3,2022,reads,27323,no,0.020129561,Skeletonema marinoi,,0.020129561
Saccharina,Pabay_8_3_22_3,Pabay,8_3_2022,8,3,2022,reads,27323,no,0.064048604,Pleurosigma inscriptura.1,,0.064048604
Saccharina,Pabay_8_3_22_3,Pabay,8_3_2022,8,3,2022,reads,27323,no,0.060388684,Pleurosigma sp. mgcode 4,,0.060388684
Saccharina,Pabay_8_3_22_3,Pabay,8_3_2022,8,3,2022,reads,27323,no,0.058558723,Skeletonema menzelii.2,,0.058558723
Saccharina,Pabay_8_3_22_3,Pabay,8_3_2022,8,3,2022,reads,27323,no,0.034769242,Cyclotella cryptica.3,,0.034769242
Saccharina,Pabay_8_3_22_3,Pabay,8_3_2022,8,3,2022,reads,27323,no,0.016469641,Skeletonema menzelii.4,,0.016469641
Saccharina,Pabay_8_3_22_3,Pabay,8_3_2022,8,3,2022,reads,27323,no,0.00182996,Skeletonema menzelii.6,,0.00182996
Saccharina,Pabay_8_3_22_3,Pabay,8_3_2022,8,3,2022,reads,27323,no,0.053068843,Minutocellus polymorphus.7,,0.053068843
Saccharina,Pabay_8_3_22_3,Pabay,8_3_2022,8,3,2022,reads,27323,no,0.042089082,Ditylum brightwellii.3,,0.042089082
Saccharina,Pabay_8_3_22_3,Pabay,8_3_2022,8,3,2022,reads,27323,no,0.161036489,Minutocellus polymorphus.10,,0.161036489
Saccharina,Pabay_8_3_22_3,Pabay,8_3_2022,8,3,2022,reads,27323,no,0.144566848,Minutocellus polymorphus.11,,0.144566848
Saccharina,Pabay_8_3_22_3,Pabay,8_3_2022,8,3,2022,reads,27323,no,0.056728763,Minutocellus polymorphus.14,,0.056728763
Saccharina,Pabay_8_3_22_3,Pabay,8_3_2022,8,3,2022,reads,27323,no,0.060388684,Cassiopea xamachana,,0.060388684
Saccharina,Pabay_8_3_22_3,Pabay,8_3_2022,8,3,2022,reads,27323,no,0.274494016,Cassiopea xamachana.1,,0.274494016
Saccharina,Pabay_8_3_22_3,Pabay,8_3_2022,8,3,2022,reads,27323,no,0.036599202,Urodasys sp. 114a.2,,0.036599202
Saccharina,Pabay_8_3_22_3,Pabay,8_3_2022,8,3,2022,reads,27323,no,0.020129561,Urodasys sp. 114a.3,,0.020129561
Saccharina,Pabay_8_3_22_3,Pabay,8_3_2022,8,3,2022,reads,27323,no,0.089668045,Urodasys sp. 114a.10,,0.089668045
Saccharina,Pabay_8_3_22_3,Pabay,8_3_2022,8,3,2022,reads,27323,no,0.254364455,Chromadoridae sp. 09PROBE-01551,,0.254364455
Saccharina,Pabay_8_3_22_3,Pabay,8_3_2022,8,3,2022,reads,27323,no,0.666105479,Monostilifera sp..1,,0.666105479
Saccharina,Pabay_8_3_22_3,Pabay,8_3_2022,8,3,2022,reads,27323,no,0.075028364,Euchlanis dilatata.1,,0.075028364
Saccharina,Pabay_8_3_22_3,Pabay,8_3_2022,8,3,2022,reads,27323,no,18.82845954,invertebrate environmental sample,,18.82845954
Saccharina,Pabay_8_3_22_3,Pabay,8_3_2022,8,3,2022,reads,27323,no,0.161036489,invertebrate environmental sample.5,,0.161036489
Saccharina,Pabay_8_3_22_3,Pabay,8_3_2022,8,3,2022,reads,27323,no,0.093327965,invertebrate environmental sample.7,,0.093327965
Saccharina,Pabay_8_3_22_3,Pabay,8_3_2022,8,3,2022,reads,27323,no,0.087838085,invertebrate environmental sample.8,,0.087838085
Saccharina,Pabay_8_3_22_3,Pabay,8_3_2022,8,3,2022,reads,27323,no,0.049408923,invertebrate environmental sample.11,,0.049408923
Saccharina,Pabay_8_3_22_3,Pabay,8_3_2022,8,3,2022,reads,27323,no,0.047578963,invertebrate environmental sample.12,,0.047578963
Saccharina,Pabay_8_3_22_3,Pabay,8_3_2022,8,3,2022,reads,27323,no,0.047578963,invertebrate environmental sample.13,,0.047578963
Saccharina,Pabay_8_3_22_3,Pabay,8_3_2022,8,3,2022,reads,27323,no,0.040259122,invertebrate environmental sample.15,,0.040259122
Saccharina,Pabay_8_3_22_3,Pabay,8_3_2022,8,3,2022,reads,27323,no,0.031109322,invertebrate environmental sample.16,,0.031109322
Saccharina,Pabay_8_3_22_3,Pabay,8_3_2022,8,3,2022,reads,27323,no,0.029279362,invertebrate environmental sample.18,,0.029279362
Saccharina,Pabay_8_3_22_3,Pabay,8_3_2022,8,3,2022,reads,27323,no,0.021959521,invertebrate environmental sample.21,,0.021959521
Saccharina,Pabay_8_3_22_3,Pabay,8_3_2022,8,3,2022,reads,27323,no,0.020129561,invertebrate environmental sample.22,,0.020129561
Saccharina,Pabay_8_3_22_3,Pabay,8_3_2022,8,3,2022,reads,27323,no,0.016469641,invertebrate environmental sample.24,,0.016469641
Saccharina,Pabay_8_3_22_3,Pabay,8_3_2022,8,3,2022,reads,27323,no,0.016469641,invertebrate environmental sample.25,,0.016469641
Saccharina,Pabay_8_3_22_3,Pabay,8_3_2022,8,3,2022,reads,27323,no,0.009149801,invertebrate environmental sample.29,,0.009149801
Saccharina,Pabay_8_3_22_3,Pabay,8_3_2022,8,3,2022,reads,27323,no,0.00365992,invertebrate environmental sample.31,,0.00365992
Saccharina,Pabay_8_3_22_3,Pabay,8_3_2022,8,3,2022,reads,27323,no,0.00182996,invertebrate environmental sample.32,,0.00182996
Saccharina,Pabay_8_3_22_3,Pabay,8_3_2022,8,3,2022,reads,27323,no,0.00182996,invertebrate environmental sample.33,,0.00182996
Saccharina,Pabay_8_3_22_3,Pabay,8_3_2022,8,3,2022,reads,27323,no,0.00182996,invertebrate environmental sample.34,,0.00182996
Saccharina,Pabay_8_3_22_3,Pabay,8_3_2022,8,3,2022,reads,27323,no,0.00182996,invertebrate environmental sample.35,,0.00182996
Saccharina,Pabay_8_3_22_3,Pabay,8_3_2022,8,3,2022,reads,27323,no,0.00182996,invertebrate environmental sample.36,,0.00182996
Saccharina,Pabay_8_3_22_3,Pabay,8_3_2022,8,3,2022,reads,27323,no,0.00182996,invertebrate environmental sample.37,,0.00182996
Saccharina,Pabay_8_3_22_3,Pabay,8_3_2022,8,3,2022,reads,27323,no,0.00182996,invertebrate environmental sample.38,,0.00182996
Saccharina,Pabay_8_3_22_3,Pabay,8_3_2022,8,3,2022,reads,27323,no,0.00182996,invertebrate environmental sample.39,,0.00182996
Alaria,Pabay_8_3_22_3,Pabay,8_3_2022,8,3,2022,reads,27323,Polychaeta,0.17933609,Lanice conchilega.1,,0.17933609
Alaria,Pabay_8_3_22_3,Pabay,8_3_2022,8,3,2022,reads,27323,Polychaeta,0.133587088,Lanice conchilega.2,,0.133587088
Alaria,Pabay_8_3_22_3,Pabay,8_3_2022,8,3,2022,reads,27323,Polychaeta,0.069538484,Lanice conchilega.4,,0.069538484
Saccharina,Pabay_8_3_22_3,Pabay,8_3_2022,8,3,2022,reads,27323,Polychaeta,0.17933609,Lanice conchilega.1,,0.17933609
Saccharina,Pabay_8_3_22_3,Pabay,8_3_2022,8,3,2022,reads,27323,Polychaeta,0.133587088,Lanice conchilega.2,,0.133587088
Saccharina,Pabay_8_3_22_3,Pabay,8_3_2022,8,3,2022,reads,27323,Polychaeta,0.069538484,Lanice conchilega.4,,0.069538484
Alaria,Scalpay_15_6_21_1,Scalpay,15_6_2021,15,6,2021,reads,9594,no,2.418178028,Emiliania huxleyi,,2.418178028
Alaria,Scalpay_15_6_21_1,Scalpay,15_6_2021,15,6,2021,reads,9594,no,0.317907025,Emiliania huxleyi.1,,0.317907025
Saccharina,Scalpay_15_6_21_1,Scalpay,15_6_2021,15,6,2021,reads,9594,no,2.418178028,Emiliania huxleyi,,2.418178028
Saccharina,Scalpay_15_6_21_1,Scalpay,15_6_2021,15,6,2021,reads,9594,no,0.317907025,Emiliania huxleyi.1,,0.317907025
Alaria,Scalpay_15_6_21_1,Scalpay,15_6_2021,15,6,2021,reads,9594,Polychaeta,0.135501355,Malacoceros cf. fuliginosus ZMBN 130837,,0.135501355
Saccharina,Scalpay_15_6_21_1,Scalpay,15_6_2021,15,6,2021,reads,9594,Polychaeta,0.135501355,Malacoceros cf. fuliginosus ZMBN 130837,,0.135501355
Alaria,Scalpay_15_6_21_2,Scalpay,15_6_2021,15,6,2021,reads,36623,no,0.189771455,Emiliania huxleyi,,0.189771455
Alaria,Scalpay_15_6_21_2,Scalpay,15_6_2021,15,6,2021,reads,36623,no,0.034131557,Chaetoceros tenuissimus,,0.034131557
Alaria,Scalpay_15_6_21_2,Scalpay,15_6_2021,15,6,2021,reads,36623,no,0.002730525,Durinskia baltica,,0.002730525
Alaria,Scalpay_15_6_21_2,Scalpay,15_6_2021,15,6,2021,reads,36623,no,0.006826311,Guinardia delicatula.1,,0.006826311
Alaria,Scalpay_15_6_21_2,Scalpay,15_6_2021,15,6,2021,reads,36623,no,0.013652623,Psammechinus miliaris,,0.013652623
Saccharina,Scalpay_15_6_21_2,Scalpay,15_6_2021,15,6,2021,reads,36623,no,0.189771455,Emiliania huxleyi,,0.189771455
Saccharina,Scalpay_15_6_21_2,Scalpay,15_6_2021,15,6,2021,reads,36623,no,0.034131557,Chaetoceros tenuissimus,,0.034131557
Saccharina,Scalpay_15_6_21_2,Scalpay,15_6_2021,15,6,2021,reads,36623,no,0.002730525,Durinskia baltica,,0.002730525
Saccharina,Scalpay_15_6_21_2,Scalpay,15_6_2021,15,6,2021,reads,36623,no,0.006826311,Guinardia delicatula.1,,0.006826311
Saccharina,Scalpay_15_6_21_2,Scalpay,15_6_2021,15,6,2021,reads,36623,no,0.013652623,Psammechinus miliaris,,0.013652623
Alaria,Scalpay_15_6_21_2,Scalpay,15_6_2021,15,6,2021,reads,36623,Polychaeta,0.232094585,Dasybranchus sp. DH1,,0.232094585
Saccharina,Scalpay_15_6_21_2,Scalpay,15_6_2021,15,6,2021,reads,36623,Polychaeta,0.232094585,Dasybranchus sp. DH1,,0.232094585
Alaria,Scalpay_15_6_21_3,Scalpay,15_6_2021,15,6,2021,reads,30199,Bivalvia,0.013245472,Dosinia lupinus,,0.013245472
Saccharina,Scalpay_15_6_21_3,Scalpay,15_6_2021,15,6,2021,reads,30199,Bivalvia,0.013245472,Dosinia lupinus,,0.013245472
Alaria,Scalpay_15_6_21_3,Scalpay,15_6_2021,15,6,2021,reads,30199,no,0.003311368,Minutocellus polymorphus.6,,0.003311368
Alaria,Scalpay_15_6_21_3,Scalpay,15_6_2021,15,6,2021,reads,30199,no,2.731878539,Emiliania huxleyi,,2.731878539
Alaria,Scalpay_15_6_21_3,Scalpay,15_6_2021,15,6,2021,reads,30199,no,0.432133514,Emiliania huxleyi.1,,0.432133514
Alaria,Scalpay_15_6_21_3,Scalpay,15_6_2021,15,6,2021,reads,30199,no,0.009934104,Phaeocystis antarctica,,0.009934104
Alaria,Scalpay_15_6_21_3,Scalpay,15_6_2021,15,6,2021,reads,30199,no,0.508294977,Chaetoceros tenuissimus,,0.508294977
Alaria,Scalpay_15_6_21_3,Scalpay,15_6_2021,15,6,2021,reads,30199,no,0.139077453,Guinardia delicatula.1,,0.139077453
Alaria,Scalpay_15_6_21_3,Scalpay,15_6_2021,15,6,2021,reads,30199,no,0.038080731,Guinardia striata,,0.038080731
Alaria,Scalpay_15_6_21_3,Scalpay,15_6_2021,15,6,2021,reads,30199,no,0.105963774,Guinardia delicatula.5,,0.105963774
Alaria,Scalpay_15_6_21_3,Scalpay,15_6_2021,15,6,2021,reads,30199,no,0.00827842,Chaetoceros tenuissimus.4,,0.00827842
Alaria,Scalpay_15_6_21_3,Scalpay,15_6_2021,15,6,2021,reads,30199,no,0.004967052,Guinardia delicatula.8,,0.004967052
Alaria,Scalpay_15_6_21_3,Scalpay,15_6_2021,15,6,2021,reads,30199,no,0.013245472,Minutocellus polymorphus.8,,0.013245472
Alaria,Scalpay_15_6_21_3,Scalpay,15_6_2021,15,6,2021,reads,30199,no,0.152322925,Minutocellus polymorphus.9,,0.152322925
Alaria,Scalpay_15_6_21_3,Scalpay,15_6_2021,15,6,2021,reads,30199,no,0.139077453,Minutocellus polymorphus.19,,0.139077453
Alaria,Scalpay_15_6_21_3,Scalpay,15_6_2021,15,6,2021,reads,30199,no,0.018212524,Hyleoglomeris sp.,,0.018212524
Saccharina,Scalpay_15_6_21_3,Scalpay,15_6_2021,15,6,2021,reads,30199,no,0.003311368,Minutocellus polymorphus.6,,0.003311368
Saccharina,Scalpay_15_6_21_3,Scalpay,15_6_2021,15,6,2021,reads,30199,no,2.731878539,Emiliania huxleyi,,2.731878539
Saccharina,Scalpay_15_6_21_3,Scalpay,15_6_2021,15,6,2021,reads,30199,no,0.432133514,Emiliania huxleyi.1,,0.432133514
Saccharina,Scalpay_15_6_21_3,Scalpay,15_6_2021,15,6,2021,reads,30199,no,0.009934104,Phaeocystis antarctica,,0.009934104
Saccharina,Scalpay_15_6_21_3,Scalpay,15_6_2021,15,6,2021,reads,30199,no,0.508294977,Chaetoceros tenuissimus,,0.508294977
Saccharina,Scalpay_15_6_21_3,Scalpay,15_6_2021,15,6,2021,reads,30199,no,0.139077453,Guinardia delicatula.1,,0.139077453
Saccharina,Scalpay_15_6_21_3,Scalpay,15_6_2021,15,6,2021,reads,30199,no,0.038080731,Guinardia striata,,0.038080731
Saccharina,Scalpay_15_6_21_3,Scalpay,15_6_2021,15,6,2021,reads,30199,no,0.105963774,Guinardia delicatula.5,,0.105963774
Saccharina,Scalpay_15_6_21_3,Scalpay,15_6_2021,15,6,2021,reads,30199,no,0.00827842,Chaetoceros tenuissimus.4,,0.00827842
Saccharina,Scalpay_15_6_21_3,Scalpay,15_6_2021,15,6,2021,reads,30199,no,0.004967052,Guinardia delicatula.8,,0.004967052
Saccharina,Scalpay_15_6_21_3,Scalpay,15_6_2021,15,6,2021,reads,30199,no,0.013245472,Minutocellus polymorphus.8,,0.013245472
Saccharina,Scalpay_15_6_21_3,Scalpay,15_6_2021,15,6,2021,reads,30199,no,0.152322925,Minutocellus polymorphus.9,,0.152322925
Saccharina,Scalpay_15_6_21_3,Scalpay,15_6_2021,15,6,2021,reads,30199,no,0.139077453,Minutocellus polymorphus.19,,0.139077453
Saccharina,Scalpay_15_6_21_3,Scalpay,15_6_2021,15,6,2021,reads,30199,no,0.018212524,Hyleoglomeris sp.,,0.018212524
Alaria,Scalpay_15_6_21_4,Scalpay,15_6_2021,15,6,2021,reads,11373.5,Bivalvia,0.225064864,Musculus sp. CROBB104,,0.225064864
Saccharina,Scalpay_15_6_21_4,Scalpay,15_6_2021,15,6,2021,reads,11373.5,Bivalvia,0.225064864,Musculus sp. CROBB104,,0.225064864
Alaria,Scalpay_15_6_21_4,Scalpay,15_6_2021,15,6,2021,reads,11373.5,Gastropoda,0.003266135,Lacuna vincta,,0.003266135
Alaria,Scalpay_15_6_21_4,Scalpay,15_6_2021,15,6,2021,reads,11373.5,Gastropoda,0.001525301,Mitrella moleculina,,0.001525301
Saccharina,Scalpay_15_6_21_4,Scalpay,15_6_2021,15,6,2021,reads,11373.5,Gastropoda,0.003266135,Lacuna vincta,,0.003266135
Saccharina,Scalpay_15_6_21_4,Scalpay,15_6_2021,15,6,2021,reads,11373.5,Gastropoda,0.001525301,Mitrella moleculina,,0.001525301
Alaria,Scalpay_15_6_21_4,Scalpay,15_6_2021,15,6,2021,reads,11373.5,Hydrozoa,0.001525301,Laodicea sp. HAW02,,0.001525301
Alaria,Scalpay_15_6_21_4,Scalpay,15_6_2021,15,6,2021,reads,11373.5,Hydrozoa,0.001243452,Obelia dichotoma.1,,0.001243452
Alaria,Scalpay_15_6_21_4,Scalpay,15_6_2021,15,6,2021,reads,11373.5,Hydrozoa,0.000547119,Obelia bidentata.2,,0.000547119
Saccharina,Scalpay_15_6_21_4,Scalpay,15_6_2021,15,6,2021,reads,11373.5,Hydrozoa,0.001525301,Laodicea sp. HAW02,,0.001525301
Saccharina,Scalpay_15_6_21_4,Scalpay,15_6_2021,15,6,2021,reads,11373.5,Hydrozoa,0.001243452,Obelia dichotoma.1,,0.001243452
Saccharina,Scalpay_15_6_21_4,Scalpay,15_6_2021,15,6,2021,reads,11373.5,Hydrozoa,0.000547119,Obelia bidentata.2,,0.000547119
Alaria,Scalpay_15_6_21_4,Scalpay,15_6_2021,15,6,2021,reads,11373.5,no,0.106675606,Emiliania huxleyi,,0.106675606
Alaria,Scalpay_15_6_21_4,Scalpay,15_6_2021,15,6,2021,reads,11373.5,no,0.001458984,Emiliania huxleyi.2,,0.001458984
Alaria,Scalpay_15_6_21_4,Scalpay,15_6_2021,15,6,2021,reads,11373.5,no,0.00364746,Chrysophyceae sp.,,0.00364746
Alaria,Scalpay_15_6_21_4,Scalpay,15_6_2021,15,6,2021,reads,11373.5,no,0.000198952,uncultured Kareniaceae.1,,0.000198952
Alaria,Scalpay_15_6_21_4,Scalpay,15_6_2021,15,6,2021,reads,11373.5,no,0.000812389,Chaetoceros tenuissimus.2,,0.000812389
Alaria,Scalpay_15_6_21_4,Scalpay,15_6_2021,15,6,2021,reads,11373.5,no,0.001691095,Lithodesmium intricatum.3,,0.001691095
Alaria,Scalpay_15_6_21_4,Scalpay,15_6_2021,15,6,2021,reads,11373.5,no,0.001359508,Lithodesmium intricatum.4,,0.001359508
Alaria,Scalpay_15_6_21_4,Scalpay,15_6_2021,15,6,2021,reads,11373.5,no,0.259374863,Amynthas sp. EWBC-3,,0.259374863
Alaria,Scalpay_15_6_21_4,Scalpay,15_6_2021,15,6,2021,reads,11373.5,no,0.115058132,Synchaeta vorax,,0.115058132
Alaria,Scalpay_15_6_21_4,Scalpay,15_6_2021,15,6,2021,reads,11373.5,no,0.001409246,Synchaeta vorax.1,,0.001409246
Saccharina,Scalpay_15_6_21_4,Scalpay,15_6_2021,15,6,2021,reads,11373.5,no,0.106675606,Emiliania huxleyi,,0.106675606
Saccharina,Scalpay_15_6_21_4,Scalpay,15_6_2021,15,6,2021,reads,11373.5,no,0.001458984,Emiliania huxleyi.2,,0.001458984
Saccharina,Scalpay_15_6_21_4,Scalpay,15_6_2021,15,6,2021,reads,11373.5,no,0.00364746,Chrysophyceae sp.,,0.00364746
Saccharina,Scalpay_15_6_21_4,Scalpay,15_6_2021,15,6,2021,reads,11373.5,no,0.000198952,uncultured Kareniaceae.1,,0.000198952
Saccharina,Scalpay_15_6_21_4,Scalpay,15_6_2021,15,6,2021,reads,11373.5,no,0.000812389,Chaetoceros tenuissimus.2,,0.000812389
Saccharina,Scalpay_15_6_21_4,Scalpay,15_6_2021,15,6,2021,reads,11373.5,no,0.001691095,Lithodesmium intricatum.3,,0.001691095
Saccharina,Scalpay_15_6_21_4,Scalpay,15_6_2021,15,6,2021,reads,11373.5,no,0.001359508,Lithodesmium intricatum.4,,0.001359508
Saccharina,Scalpay_15_6_21_4,Scalpay,15_6_2021,15,6,2021,reads,11373.5,no,0.259374863,Amynthas sp. EWBC-3,,0.259374863
Saccharina,Scalpay_15_6_21_4,Scalpay,15_6_2021,15,6,2021,reads,11373.5,no,0.115058132,Synchaeta vorax,,0.115058132
Saccharina,Scalpay_15_6_21_4,Scalpay,15_6_2021,15,6,2021,reads,11373.5,no,0.001409246,Synchaeta vorax.1,,0.001409246
Alaria,Scalpay_15_6_21_5,Scalpay,15_6_2021,15,6,2021,reads,62.5,no,0.51037182,Emiliania huxleyi,,0.51037182
Saccharina,Scalpay_15_6_21_5,Scalpay,15_6_2021,15,6,2021,reads,62.5,no,0.51037182,Emiliania huxleyi,,0.51037182
Alaria,Scalpay_15_6_21_5,Scalpay,15_6_2021,15,6,2021,reads,62.5,Polychaeta,0.025048924,Nonparahalosydna pleiolepis,,0.025048924
Saccharina,Scalpay_15_6_21_5,Scalpay,15_6_2021,15,6,2021,reads,62.5,Polychaeta,0.025048924,Nonparahalosydna pleiolepis,,0.025048924
Alaria,Scalpay_21_12_21_1,Scalpay,21_12_2021,21,12,2021,reads,1740,Copepoda,0.229885057,Temora sp..6,,0.229885057
Saccharina,Scalpay_21_12_21_1,Scalpay,21_12_2021,21,12,2021,reads,1740,Copepoda,0.229885057,Temora sp..6,,0.229885057
Alaria,Scalpay_21_12_21_1,Scalpay,21_12_2021,21,12,2021,reads,1740,no,1.954022989,Thalassiosira rotula,,1.954022989
Alaria,Scalpay_21_12_21_1,Scalpay,21_12_2021,21,12,2021,reads,1740,no,0.172413793,invertebrate environmental sample,,0.172413793
Saccharina,Scalpay_21_12_21_1,Scalpay,21_12_2021,21,12,2021,reads,1740,no,1.954022989,Thalassiosira rotula,,1.954022989
Saccharina,Scalpay_21_12_21_1,Scalpay,21_12_2021,21,12,2021,reads,1740,no,0.172413793,invertebrate environmental sample,,0.172413793
Alaria,Scalpay_21_12_21_2,Scalpay,21_12_2021,21,12,2021,reads,5846.5,Hydrozoa,0.83810827,Clytia sp. 2 AFC-2016,,0.83810827
Alaria,Scalpay_21_12_21_2,Scalpay,21_12_2021,21,12,2021,reads,5846.5,Hydrozoa,0.051312751,Clytia sp. 2 AFC-2016.2,,0.051312751
Alaria,Scalpay_21_12_21_2,Scalpay,21_12_2021,21,12,2021,reads,5846.5,Hydrozoa,0.076969127,Clytia sp. 2 AFC-2016.4,,0.076969127
Saccharina,Scalpay_21_12_21_2,Scalpay,21_12_2021,21,12,2021,reads,5846.5,Hydrozoa,0.83810827,Clytia sp. 2 AFC-2016,,0.83810827
Saccharina,Scalpay_21_12_21_2,Scalpay,21_12_2021,21,12,2021,reads,5846.5,Hydrozoa,0.051312751,Clytia sp. 2 AFC-2016.2,,0.051312751
Saccharina,Scalpay_21_12_21_2,Scalpay,21_12_2021,21,12,2021,reads,5846.5,Hydrozoa,0.076969127,Clytia sp. 2 AFC-2016.4,,0.076969127
Alaria,Scalpay_21_12_21_2,Scalpay,21_12_2021,21,12,2021,reads,5846.5,no,0.461814761,Skeletonema menzelii,,0.461814761
Alaria,Scalpay_21_12_21_2,Scalpay,21_12_2021,21,12,2021,reads,5846.5,no,0.41050201,Thalassionema nitzschioides,,0.41050201
Alaria,Scalpay_21_12_21_2,Scalpay,21_12_2021,21,12,2021,reads,5846.5,no,0.068417002,Minutocellus polymorphus.7,,0.068417002
Alaria,Scalpay_21_12_21_2,Scalpay,21_12_2021,21,12,2021,reads,5846.5,no,0.102625502,Cassiopea xamachana,,0.102625502
Alaria,Scalpay_21_12_21_2,Scalpay,21_12_2021,21,12,2021,reads,5846.5,no,0.01710425,Urodasys sp. 114a.28,,0.01710425
Alaria,Scalpay_21_12_21_2,Scalpay,21_12_2021,21,12,2021,reads,5846.5,no,0.051312751,Monostilifera sp.,,0.051312751
Saccharina,Scalpay_21_12_21_2,Scalpay,21_12_2021,21,12,2021,reads,5846.5,no,0.461814761,Skeletonema menzelii,,0.461814761
Saccharina,Scalpay_21_12_21_2,Scalpay,21_12_2021,21,12,2021,reads,5846.5,no,0.41050201,Thalassionema nitzschioides,,0.41050201
Saccharina,Scalpay_21_12_21_2,Scalpay,21_12_2021,21,12,2021,reads,5846.5,no,0.068417002,Minutocellus polymorphus.7,,0.068417002
Saccharina,Scalpay_21_12_21_2,Scalpay,21_12_2021,21,12,2021,reads,5846.5,no,0.102625502,Cassiopea xamachana,,0.102625502
Saccharina,Scalpay_21_12_21_2,Scalpay,21_12_2021,21,12,2021,reads,5846.5,no,0.01710425,Urodasys sp. 114a.28,,0.01710425
Saccharina,Scalpay_21_12_21_2,Scalpay,21_12_2021,21,12,2021,reads,5846.5,no,0.051312751,Monostilifera sp.,,0.051312751
Alaria,Scalpay_21_12_21_3,Scalpay,21_12_2021,21,12,2021,reads,11647,no,0.008585902,Ditylum brightwellii.2,,0.008585902
Alaria,Scalpay_21_12_21_3,Scalpay,21_12_2021,21,12,2021,reads,11647,no,0.163132137,Thalassionema nitzschioides,,0.163132137
Alaria,Scalpay_21_12_21_3,Scalpay,21_12_2021,21,12,2021,reads,11647,no,0.012878853,Urodasys sp. 114a.26,,0.012878853
Saccharina,Scalpay_21_12_21_3,Scalpay,21_12_2021,21,12,2021,reads,11647,no,0.008585902,Ditylum brightwellii.2,,0.008585902
Saccharina,Scalpay_21_12_21_3,Scalpay,21_12_2021,21,12,2021,reads,11647,no,0.163132137,Thalassionema nitzschioides,,0.163132137
Saccharina,Scalpay_21_12_21_3,Scalpay,21_12_2021,21,12,2021,reads,11647,no,0.012878853,Urodasys sp. 114a.26,,0.012878853
